Debtor,Tuition fees up to date,1st_sem_enrolled,1st_sem_evaluations,1st_sem_approved,1st_sem_grade,1st_sem_without_evaluations,1st_sem_failed,1st_sem_pass_rate,2nd_sem_enrolled,2nd_sem_evaluations,2nd_sem_approved,2nd_sem_grade,2nd_sem_without_evaluations,2nd_sem_failed,2nd_sem_pass_rate,total_failed,avg_grade,Target
0,1,6,9,5,6.75,0,1,0.5556,6,6,6,7.0,0,0,1.0,1,6.875,Graduate
0,1,6,7,6,6.833333333333333,0,0,0.8571,6,7,6,6.083333333333333,1,0,0.8571,0,6.4583,Graduate
0,1,7,9,6,6.35,0,1,0.6667,8,8,7,6.785714285714286,0,1,0.875,2,6.5679,Graduate
0,1,6,6,6,6.583333333333333,0,0,1.0,6,6,6,6.916666666666667,0,0,1.0,0,6.75,Graduate
0,1,8,14,4,5.6625,1,4,0.2857,8,14,4,5.6625,1,4,0.2857,8,5.6625,Dropout
0,1,6,8,4,5.75,0,2,0.5,6,7,5,5.5,0,1,0.7143,3,5.625,Dropout
0,0,7,13,3,6.0,0,4,0.2308,7,15,1,6.5,1,6,0.0667,10,6.25,Dropout
1,1,5,14,1,8.5,0,4,0.0714,5,10,2,5.5,0,3,0.2,7,7.0,Enrolled
0,1,5,5,5,8.2,0,0,1.0,5,5,5,7.3,0,0,1.0,0,7.75,Graduate
0,0,5,7,3,5.333333333333333,0,2,0.4286,5,10,3,6.142857142857143,0,2,0.3,4,5.7381,Dropout
0,0,5,5,0,0.0,0,5,0.0,5,5,0,0.0,0,5,0.0,10,0.0,Dropout
0,1,6,8,6,7.416666666666667,0,0,0.75,6,10,5,6.916666666666667,0,1,0.5,1,7.1667,Graduate
0,1,6,7,6,5.5,0,0,0.8571,6,6,5,6.1,0,1,0.8333,1,5.8,Dropout
0,1,6,7,6,7.714285714285714,0,0,0.8571,6,7,6,6.75,0,0,0.8571,0,7.2321,Graduate
0,1,5,6,5,6.4,1,0,0.8333,5,7,4,5.625,0,1,0.5714,1,6.0125,Graduate
0,1,6,7,5,5.4,1,1,0.7143,6,6,0,0.0,0,6,0.0,7,2.7,Dropout
1,0,6,11,5,5.916666666666667,0,1,0.4545,6,11,4,5.75,0,2,0.3636,3,5.8333,Dropout
0,1,6,8,5,5.5,0,1,0.625,6,10,3,5.333333333333333,0,3,0.3,4,5.4167,Dropout
0,1,5,12,1,5.0,2,4,0.0833,5,5,0,0.0,0,5,0.0,9,2.5,Dropout
0,1,5,6,4,5.75,0,1,0.6667,5,5,4,5.375,0,1,0.8,2,5.5625,Graduate
0,1,5,7,2,5.0,0,3,0.2857,5,11,2,7.0,0,3,0.1818,6,6.0,Dropout
0,1,0,0,0,0.0,0,0,0.0,0,0,0,0.0,0,0,0.0,0,0.0,Graduate
1,0,6,13,3,5.333333333333333,0,3,0.2308,6,6,4,6.125,0,2,0.6667,5,5.7292,Dropout
0,1,6,16,3,5.166666666666667,0,3,0.1875,6,16,1,5.5,0,5,0.0625,8,5.3333,Dropout
0,1,10,20,6,5.75,0,4,0.3,10,17,5,6.2,0,5,0.2941,9,5.975,Dropout
0,1,8,8,7,6.807142857142857,0,1,0.875,8,8,7,6.807142857142857,0,1,0.875,2,6.8071,Graduate
0,1,8,8,7,6.328571428571428,0,1,0.875,8,8,7,6.328571428571428,0,1,0.875,2,6.3286,Graduate
0,1,9,11,9,6.333333333333333,0,0,0.8182,7,7,7,6.071428571428571,0,0,1.0,0,6.2024,Graduate
0,1,6,16,5,6.9,0,1,0.3125,6,7,5,6.2,0,1,0.7143,2,6.55,Enrolled
0,1,6,6,5,6.0,0,1,0.8333,6,6,6,6.416666666666667,0,0,1.0,1,6.2083,Graduate
0,1,6,14,4,5.75,0,2,0.2857,6,17,3,6.875,0,3,0.1765,5,6.3125,Enrolled
0,1,6,9,6,5.583333333333333,0,0,0.6667,6,11,5,6.2,0,1,0.4545,1,5.8917,Graduate
0,1,6,8,6,6.5625,0,0,0.75,6,10,6,6.6,0,0,0.6,0,6.5812,Graduate
0,1,5,5,0,0.0,0,5,0.0,5,0,0,0.0,0,5,0.0,10,0.0,Dropout
0,1,6,6,4,6.625,0,2,0.6667,6,6,0,0.0,0,6,0.0,8,3.3125,Enrolled
0,1,6,8,6,6.083333333333333,0,0,0.75,6,7,5,6.5,0,1,0.7143,1,6.2917,Graduate
0,1,6,8,5,6.0,0,1,0.625,6,8,5,6.2,0,1,0.625,2,6.1,Graduate
0,0,5,5,0,0.0,0,5,0.0,5,5,0,0.0,0,5,0.0,10,0.0,Dropout
0,1,5,9,4,5.1,0,1,0.4444,5,6,3,5.5,0,2,0.5,3,5.3,Enrolled
1,1,8,8,7,6.571428571428571,0,1,0.875,6,8,6,5.916666666666667,0,0,0.75,1,6.244,Enrolled
0,1,6,6,6,6.75,0,0,1.0,6,9,6,6.833333333333333,0,0,0.6667,0,6.7917,Graduate
0,1,6,6,6,5.666666666666667,0,0,1.0,6,8,5,6.5,0,1,0.625,1,6.0833,Graduate
0,1,6,8,6,5.833333333333333,0,0,0.75,6,6,6,6.5,0,0,1.0,0,6.1667,Graduate
0,1,6,8,6,6.5,1,0,0.75,6,9,5,6.428571428571429,0,1,0.5556,1,6.4643,Graduate
0,1,7,15,7,5.785714285714286,0,0,0.4667,6,14,2,5.5,0,4,0.1429,4,5.6429,Dropout
0,1,6,0,0,0.0,0,6,0.0,6,0,0,0.0,0,6,0.0,12,0.0,Dropout
0,1,7,7,7,6.72142857142857,0,0,1.0,8,8,7,6.885714285714286,0,1,0.875,1,6.8036,Dropout
0,1,0,0,0,0.0,0,0,0.0,0,0,0,0.0,0,0,0.0,0,0.0,Enrolled
0,1,6,8,6,5.916666666666667,0,0,0.75,6,11,3,6.5,0,3,0.2727,3,6.2083,Graduate
0,1,7,0,0,0.0,0,7,0.0,8,0,0,0.0,0,8,0.0,15,0.0,Dropout
1,1,6,6,6,6.5,0,0,1.0,6,7,5,5.9,0,1,0.7143,1,6.2,Dropout
0,1,6,6,0,0.0,0,6,0.0,5,5,0,0.0,0,5,0.0,11,0.0,Dropout
0,0,6,10,5,6.6,0,1,0.5,6,21,3,6.0,0,3,0.1429,4,6.3,Enrolled
0,1,5,9,4,5.625,0,1,0.4444,5,6,4,5.5,0,1,0.6667,2,5.5625,Graduate
0,1,6,8,5,6.5,0,1,0.625,6,7,5,6.3,0,1,0.7143,2,6.4,Enrolled
0,1,5,6,5,7.3,0,0,0.8333,5,5,5,7.6,0,0,1.0,0,7.45,Dropout
0,1,5,11,4,7.125,0,1,0.3636,5,7,4,6.25,0,1,0.5714,2,6.6875,Graduate
0,1,7,7,7,7.15,0,0,1.0,8,9,8,7.027777777777778,0,0,0.8889,0,7.0889,Graduate
0,1,15,15,11,5.727272727272728,0,4,0.7333,13,16,11,5.772727272727272,0,2,0.6875,6,5.75,Dropout
0,1,5,9,5,6.142857142857143,0,0,0.5556,5,8,5,6.0625,0,0,0.625,0,6.1027,Enrolled
0,1,7,8,7,7.348125,0,0,0.875,8,9,8,7.311111111111112,0,0,0.8889,0,7.3296,Graduate
0,1,5,7,2,5.0,0,3,0.2857,5,6,4,6.0,0,1,0.6667,4,5.5,Dropout
0,1,6,9,6,6.666666666666667,0,0,0.6667,6,9,4,5.75,0,2,0.4444,2,6.2083,Graduate
0,1,6,7,6,7.857142857142857,0,0,0.8571,6,7,6,7.75,0,0,0.8571,0,7.8036,Graduate
0,0,5,5,0,0.0,0,5,0.0,5,5,0,0.0,0,5,0.0,10,0.0,Dropout
0,1,6,6,6,7.083333333333333,0,0,1.0,6,8,5,6.5,0,1,0.625,1,6.7917,Graduate
0,1,6,8,4,5.875,0,2,0.5,6,12,0,0.0,0,6,0.0,8,2.9375,Dropout
0,1,5,5,0,0.0,0,5,0.0,5,5,0,0.0,0,5,0.0,10,0.0,Dropout
0,1,6,12,3,5.5,0,3,0.25,6,12,2,5.5,0,4,0.1667,7,5.5,Dropout
0,1,10,15,8,5.5,0,2,0.5333,7,16,5,5.6,0,2,0.3125,4,5.55,Enrolled
1,1,6,6,0,0.0,0,6,0.0,6,8,0,0.0,0,6,0.0,12,0.0,Dropout
0,1,6,8,6,5.583333333333333,0,0,0.75,6,7,4,6.7,0,2,0.5714,2,6.1417,Graduate
0,1,5,10,4,5.875,0,1,0.4,5,6,5,5.8,0,0,0.8333,1,5.8375,Graduate
0,1,7,7,7,6.928571428571429,0,0,1.0,7,7,7,7.142857142857143,0,0,1.0,0,7.0357,Graduate
0,1,6,7,6,7.071428571428571,0,0,0.8571,6,6,6,7.5,0,0,1.0,0,7.2857,Graduate
0,1,8,8,7,6.575714285714286,0,1,0.875,8,8,7,6.575714285714286,0,1,0.875,2,6.5757,Graduate
0,1,5,9,4,6.5,0,1,0.4444,5,8,5,6.571428571428571,0,0,0.625,1,6.5357,Graduate
0,1,6,6,6,6.333333333333333,0,0,1.0,6,6,6,6.083333333333333,0,0,1.0,0,6.2083,Graduate
0,1,7,0,0,0.0,0,7,0.0,8,0,0,0.0,0,8,0.0,15,0.0,Dropout
1,0,6,6,6,6.333333333333333,0,0,1.0,6,8,5,5.9,0,1,0.625,1,6.1167,Dropout
0,1,5,9,3,5.5,0,2,0.3333,5,8,4,6.25,1,1,0.5,3,5.875,Enrolled
1,1,5,5,0,0.0,0,5,0.0,5,5,0,0.0,5,5,0.0,10,0.0,Dropout
0,1,7,11,5,6.083333333333333,0,2,0.4545,8,14,5,7.4,0,3,0.3571,5,6.7417,Dropout
0,1,8,8,8,7.035625,0,0,1.0,8,8,8,7.035625,0,0,1.0,0,7.0356,Graduate
0,0,5,5,0,0.0,0,5,0.0,5,10,0,0.0,0,5,0.0,10,0.0,Dropout
0,1,8,8,8,6.536875,0,0,1.0,8,8,8,6.536875,0,0,1.0,0,6.5369,Graduate
0,1,6,6,6,6.333333333333333,0,0,1.0,6,6,6,5.75,0,0,1.0,0,6.0417,Graduate
0,1,6,8,5,7.7,0,1,0.625,6,7,5,6.1,0,1,0.7143,2,6.9,Graduate
0,1,7,7,6,7.016666666666666,0,1,0.8571,7,7,6,7.016666666666666,0,1,0.8571,2,7.0167,Graduate
0,1,5,8,3,5.5,0,2,0.375,5,12,4,6.6875,0,1,0.3333,3,6.0938,Enrolled
0,1,6,7,6,6.5,0,0,0.8571,6,6,6,6.833333333333333,0,0,1.0,0,6.6667,Graduate
0,1,6,7,6,7.0,0,0,0.8571,6,6,6,7.5,0,0,1.0,0,7.25,Graduate
0,1,8,8,7,7.1,0,1,0.875,8,8,7,7.1,0,1,0.875,2,7.1,Graduate
0,1,6,6,6,7.333333333333333,0,0,1.0,6,6,6,7.583333333333333,0,0,1.0,0,7.4583,Graduate
0,1,5,6,4,5.625,0,1,0.6667,5,10,3,5.857142857142857,0,2,0.3,3,5.7411,Enrolled
0,1,7,7,6,6.525,0,1,0.8571,7,7,6,6.525,0,1,0.8571,2,6.525,Graduate
0,1,6,6,5,6.3,0,1,0.8333,6,6,6,6.5,0,0,1.0,1,6.4,Graduate
0,1,7,14,5,6.439285714285715,0,2,0.3571,8,15,7,5.928125,0,1,0.4667,3,6.1837,Graduate
0,1,5,6,4,5.75,0,1,0.6667,5,12,2,5.166666666666667,0,3,0.1667,4,5.4583,Enrolled
0,1,5,5,5,6.9,0,0,1.0,5,6,5,6.0,0,0,0.8333,0,6.45,Graduate
0,1,7,18,0,0.0,0,7,0.0,7,7,0,0.0,0,7,0.0,14,0.0,Dropout
0,1,8,8,8,7.055,0,0,1.0,8,8,8,7.055,0,0,1.0,0,7.055,Graduate
0,1,8,8,8,6.713749999999999,0,0,1.0,8,8,8,6.713749999999999,0,0,1.0,0,6.7137,Graduate
0,1,6,7,6,6.666666666666667,0,0,0.8571,6,7,6,6.75,0,0,0.8571,0,6.7083,Graduate
0,1,7,8,7,6.067857142857143,0,0,0.875,8,10,7,6.664285714285714,0,1,0.7,1,6.3661,Graduate
0,1,5,5,5,6.3,0,0,1.0,5,5,5,7.0,0,0,1.0,0,6.65,Graduate
0,1,6,8,6,5.916666666666667,0,0,0.75,6,9,5,5.2,0,1,0.5556,1,5.5583,Enrolled
0,1,6,8,6,6.0,0,0,0.75,7,8,7,6.714285714285714,0,0,0.875,0,6.3571,Enrolled
0,1,7,9,7,6.65,0,0,0.7778,8,8,8,7.1725,0,0,1.0,0,6.9113,Graduate
0,1,5,8,5,6.0,0,0,0.625,5,12,2,5.25,0,3,0.1667,3,5.625,Enrolled
0,1,6,7,6,7.357142857142857,0,0,0.8571,6,7,6,7.083333333333333,0,0,0.8571,0,7.2202,Graduate
1,0,6,12,0,0.0,0,6,0.0,6,9,0,0.0,0,6,0.0,12,0.0,Dropout
0,1,6,12,4,5.75,0,2,0.3333,6,10,5,6.3,0,1,0.5,3,6.025,Graduate
0,1,5,8,3,6.0,0,2,0.375,5,9,2,5.5,1,3,0.2222,5,5.75,Enrolled
0,1,7,9,6,6.391666666666666,0,1,0.6667,8,11,0,0.0,0,8,0.0,9,3.1958,Dropout
0,1,6,6,6,6.916666666666667,0,0,1.0,6,6,6,7.5,0,0,1.0,0,7.2083,Graduate
0,0,5,8,4,6.25,1,1,0.5,5,8,5,5.9,0,0,0.625,1,6.075,Dropout
0,1,7,7,7,7.364285714285714,0,0,1.0,8,11,8,8.163636363636364,0,0,0.7273,0,7.764,Graduate
0,1,5,6,5,6.0,0,0,0.8333,5,8,5,6.071428571428571,0,0,0.625,0,6.0357,Graduate
0,1,5,7,3,6.0,0,2,0.4286,5,7,5,6.6,0,0,0.7143,2,6.3,Graduate
0,1,7,8,5,5.6,0,2,0.625,7,8,5,5.6,0,2,0.625,4,5.6,Enrolled
0,1,6,7,6,6.571428571428571,0,0,0.8571,6,8,6,7.083333333333333,0,0,0.75,0,6.8274,Graduate
0,1,6,8,6,7.6875,0,0,0.75,6,7,6,8.214285714285714,0,0,0.8571,0,7.9509,Graduate
0,1,5,10,5,5.583333333333333,0,0,0.5,5,10,3,5.4,0,2,0.3,2,5.4917,Enrolled
0,1,11,12,11,5.863636363636364,0,0,0.9167,11,14,11,6.0,0,0,0.7857,0,5.9318,Graduate
0,1,5,5,5,7.2,0,0,1.0,5,5,5,7.7,0,0,1.0,0,7.45,Graduate
0,1,5,5,0,0.0,0,5,0.0,5,9,3,6.666666666666667,2,2,0.3333,7,3.3333,Enrolled
0,1,6,9,6,5.6875,0,0,0.6667,6,6,5,6.9,0,1,0.8333,1,6.2938,Enrolled
0,1,6,6,6,6.0,0,0,1.0,6,6,6,5.916666666666667,0,0,1.0,0,5.9583,Graduate
0,1,6,7,5,7.1,0,1,0.7143,6,7,6,7.285714285714286,0,0,0.8571,1,7.1929,Graduate
1,1,6,6,0,0.0,0,6,0.0,6,6,0,0.0,0,6,0.0,12,0.0,Dropout
0,1,6,13,3,5.666666666666667,0,3,0.2308,6,12,5,5.7,0,1,0.4167,4,5.6833,Dropout
1,1,11,12,10,6.05,0,1,0.8333,8,9,8,6.666666666666667,0,0,0.8889,1,6.3583,Graduate
0,1,7,7,7,6.222142857142857,0,0,1.0,8,11,7,5.673571428571429,0,1,0.6364,1,5.9479,Graduate
0,1,7,7,5,6.53,0,2,0.7143,7,9,0,0.0,0,7,0.0,9,3.265,Enrolled
0,1,5,5,0,0.0,0,5,0.0,5,5,0,0.0,0,5,0.0,10,0.0,Dropout
0,1,5,7,3,5.666666666666667,0,2,0.4286,5,7,4,5.5,0,1,0.5714,3,5.5833,Enrolled
0,1,6,8,6,6.125,0,0,0.75,6,8,6,6.0,0,0,0.75,0,6.0625,Graduate
0,1,5,13,3,5.666666666666667,2,2,0.2308,5,12,2,5.25,1,3,0.1667,5,5.4583,Enrolled
1,0,5,5,5,6.4,0,0,1.0,5,5,4,6.0,0,1,0.8,1,6.2,Enrolled
0,1,5,5,0,0.0,0,5,0.0,5,5,0,0.0,0,5,0.0,10,0.0,Dropout
0,1,8,11,7,6.642857142857143,0,1,0.6364,7,13,5,5.8,0,2,0.3846,3,6.2214,Dropout
0,1,6,7,6,7.333333333333333,0,0,0.8571,6,12,6,6.916666666666667,0,0,0.5,0,7.125,Graduate
0,1,5,8,3,5.666666666666667,1,2,0.375,5,8,3,6.666666666666667,0,2,0.375,4,6.1667,Enrolled
0,0,0,0,0,0.0,0,0,0.0,0,0,0,0.0,0,0,0.0,0,0.0,Dropout
0,1,5,9,2,6.0,0,3,0.2222,5,9,3,5.5,0,2,0.3333,5,5.75,Dropout
0,1,6,13,5,5.7,0,1,0.3846,6,14,4,5.875,0,2,0.2857,3,5.7875,Dropout
0,1,7,7,6,6.991666666666667,0,1,0.8571,7,7,6,6.991666666666667,0,1,0.8571,2,6.9917,Graduate
0,1,6,6,6,7.25,0,0,1.0,6,6,6,6.416666666666667,0,0,1.0,0,6.8333,Graduate
0,1,6,7,6,7.0,0,0,0.8571,6,7,6,7.0,0,0,0.8571,0,7.0,Graduate
0,1,6,8,6,6.5,0,0,0.75,6,10,6,6.3125,0,0,0.6,0,6.4062,Graduate
0,1,6,15,3,5.833333333333333,0,3,0.2,6,14,2,6.25,0,4,0.1429,7,6.0417,Dropout
0,1,6,6,6,5.833333333333333,0,0,1.0,6,8,6,5.583333333333333,0,0,0.75,0,5.7083,Graduate
0,1,6,9,4,6.125,0,2,0.4444,6,8,5,5.8,0,1,0.625,3,5.9625,Enrolled
0,0,8,14,8,7.5625,0,0,0.5714,6,12,6,6.833333333333333,0,0,0.5,0,7.1979,Enrolled
0,1,6,7,5,6.6,0,1,0.7143,6,7,5,6.8,0,1,0.7143,2,6.7,Graduate
0,1,8,8,7,7.1,0,1,0.875,8,8,7,7.1,0,1,0.875,2,7.1,Graduate
0,1,5,13,4,5.625,1,1,0.3077,5,11,4,5.25,0,1,0.3636,2,5.4375,Enrolled
0,1,5,13,3,6.0,2,2,0.2308,5,8,4,5.875,0,1,0.5,3,5.9375,Enrolled
1,0,7,8,3,6.333333333333333,0,4,0.375,5,5,0,0.0,0,5,0.0,9,3.1667,Dropout
0,1,5,9,4,7.125,0,1,0.4444,5,8,5,6.357142857142857,0,0,0.625,1,6.7411,Enrolled
1,1,0,0,0,0.0,0,0,0.0,0,0,0,0.0,0,0,0.0,0,0.0,Dropout
1,0,5,5,0,0.0,0,5,0.0,5,5,0,0.0,0,5,0.0,10,0.0,Dropout
0,1,8,8,7,7.402857142857143,0,1,0.875,8,8,7,7.402857142857143,0,1,0.875,2,7.4029,Graduate
1,1,6,8,5,5.8,0,1,0.625,6,12,4,5.5,0,2,0.3333,3,5.65,Enrolled
0,1,5,5,5,5.9,0,0,1.0,5,5,5,6.2,0,0,1.0,0,6.05,Graduate
1,1,5,5,0,0.0,0,5,0.0,5,5,0,0.0,0,5,0.0,10,0.0,Dropout
0,0,6,12,4,6.375,0,2,0.3333,6,15,2,5.0,0,4,0.1333,6,5.6875,Enrolled
0,1,6,9,4,5.625,1,2,0.4444,6,10,0,0.0,4,6,0.0,8,2.8125,Dropout
0,1,7,10,7,5.5,0,0,0.7,8,8,8,6.5625,0,0,1.0,0,6.0312,Graduate
0,1,0,0,0,0.0,0,0,0.0,0,0,0,0.0,0,0,0.0,0,0.0,Enrolled
0,1,9,13,8,6.666666666666667,0,1,0.6154,10,12,9,6.555555555555555,0,1,0.75,2,6.6111,Enrolled
0,1,7,11,5,5.7,0,2,0.4545,7,9,6,6.666666666666667,0,1,0.6667,3,6.1833,Enrolled
0,1,6,6,0,0.0,0,6,0.0,5,5,0,0.0,0,5,0.0,11,0.0,Dropout
1,0,5,5,0,0.0,1,5,0.0,5,5,0,0.0,5,5,0.0,10,0.0,Dropout
0,1,6,9,6,6.333333333333333,0,0,0.6667,6,10,4,5.75,0,2,0.4,2,6.0417,Enrolled
0,1,6,6,0,0.0,0,6,0.0,6,7,0,0.0,0,6,0.0,12,0.0,Dropout
0,1,7,7,7,6.733571428571428,0,0,1.0,8,9,8,7.505555555555556,0,0,0.8889,0,7.1196,Graduate
0,1,5,6,5,5.9,1,0,0.8333,5,8,5,5.8,0,0,0.625,0,5.85,Graduate
0,1,6,6,6,6.333333333333333,0,0,1.0,6,6,6,6.0,0,0,1.0,0,6.1667,Graduate
0,1,6,6,6,6.833333333333333,0,0,1.0,6,6,6,6.666666666666667,0,0,1.0,0,6.75,Graduate
0,1,6,14,0,0.0,0,6,0.0,6,9,4,5.5,0,2,0.4444,8,2.75,Enrolled
0,0,5,10,0,0.0,0,5,0.0,5,5,0,0.0,0,5,0.0,10,0.0,Dropout
0,1,7,8,6,7.175,0,1,0.75,8,10,6,7.291666666666667,0,2,0.6,3,7.2333,Dropout
0,1,5,8,5,6.3,0,0,0.625,5,9,4,5.8,0,1,0.4444,1,6.05,Graduate
0,1,6,0,0,0.0,0,6,0.0,6,0,0,0.0,0,6,0.0,12,0.0,Dropout
0,1,6,7,6,6.916666666666667,0,0,0.8571,6,10,6,6.857142857142857,0,0,0.6,0,6.8869,Graduate
0,1,6,6,6,6.333333333333333,0,0,1.0,6,6,6,5.916666666666667,0,0,1.0,0,6.125,Dropout
0,1,26,27,26,7.53888888888889,0,0,0.963,17,17,17,7.511764705882352,0,0,1.0,0,7.5253,Graduate
0,1,6,8,5,6.3,0,1,0.625,6,10,6,6.214285714285714,0,0,0.6,1,6.2571,Enrolled
1,0,6,8,0,0.0,0,6,0.0,6,10,0,0.0,0,6,0.0,12,0.0,Dropout
0,1,6,7,6,6.75,0,0,0.8571,6,9,5,7.0,0,1,0.5556,1,6.875,Graduate
1,1,12,13,12,7.269230769230769,0,0,0.9231,12,14,12,7.230769230769231,0,0,0.8571,0,7.25,Graduate
0,1,5,7,4,6.0,0,1,0.5714,5,5,5,6.1,0,0,1.0,1,6.05,Graduate
1,1,6,10,6,6.083333333333333,0,0,0.6,6,8,5,5.833333333333333,0,1,0.625,1,5.9583,Dropout
0,1,7,9,7,6.427777777777778,0,0,0.7778,8,8,8,6.95625,0,0,1.0,0,6.692,Graduate
1,0,5,6,2,6.25,0,3,0.3333,5,6,4,5.125,0,1,0.6667,4,5.6875,Dropout
0,1,5,7,4,7.0,0,1,0.5714,5,5,5,7.1,0,0,1.0,1,7.05,Graduate
0,1,6,8,6,6.166666666666667,0,0,0.75,6,7,5,6.2,0,1,0.7143,1,6.1833,Dropout
1,1,5,8,4,6.125,0,1,0.5,5,7,4,6.375,2,1,0.5714,2,6.25,Graduate
0,1,7,8,7,8.5625,0,0,0.875,8,8,8,8.79375,0,0,1.0,0,8.6781,Graduate
0,1,6,17,0,0.0,2,6,0.0,6,8,0,0.0,0,6,0.0,12,0.0,Dropout
0,1,6,8,6,6.928571428571429,0,0,0.75,6,15,6,6.55,0,0,0.4,0,6.7393,Graduate
0,1,6,14,5,6.833333333333333,0,1,0.3571,6,10,5,6.5,0,1,0.5,2,6.6667,Graduate
0,1,6,13,2,5.0,0,4,0.1538,6,12,4,5.375,0,2,0.3333,6,5.1875,Enrolled
0,0,5,14,4,6.75,2,1,0.2857,5,10,4,7.125,0,1,0.4,2,6.9375,Dropout
0,1,5,5,0,0.0,5,5,0.0,5,7,4,7.375,1,1,0.5714,6,3.6875,Enrolled
0,1,9,15,9,5.833333333333333,0,0,0.6,7,8,7,5.857142857142857,0,0,0.875,0,5.8452,Graduate
0,1,5,11,5,5.75,0,0,0.4545,5,9,2,5.333333333333333,0,3,0.2222,3,5.5417,Enrolled
0,1,5,7,5,6.25,0,0,0.7143,5,8,5,6.357142857142857,0,0,0.625,0,6.3036,Graduate
0,1,6,15,5,6.666666666666667,0,1,0.3333,6,15,5,6.2,0,1,0.3333,2,6.4333,Graduate
0,1,5,6,5,6.916666666666667,0,0,0.8333,5,7,5,7.7,0,0,0.7143,0,7.3083,Graduate
0,1,6,10,6,6.75,0,0,0.6,6,12,6,6.0,0,0,0.5,0,6.375,Graduate
0,1,7,10,6,5.807142857142857,0,1,0.6,8,8,8,7.01875,0,0,1.0,1,6.4129,Graduate
0,1,6,6,6,6.166666666666667,0,0,1.0,6,7,6,6.833333333333333,0,0,0.8571,0,6.5,Graduate
0,1,6,11,6,7.0625,0,0,0.5455,6,10,5,6.3,0,1,0.5,1,6.6813,Graduate
0,1,5,5,5,7.3,0,0,1.0,5,6,5,7.166666666666667,0,0,0.8333,0,7.2333,Graduate
0,1,5,10,5,7.166666666666667,2,0,0.5,5,8,5,6.5,1,0,0.625,0,6.8333,Graduate
0,1,6,9,5,5.5,0,1,0.5556,6,9,4,5.625,0,2,0.4444,3,5.5625,Dropout
0,1,6,6,6,6.75,0,0,1.0,6,7,6,6.714285714285714,0,0,0.8571,0,6.7321,Graduate
0,1,5,5,5,5.6,0,0,1.0,5,5,5,5.9,0,0,1.0,0,5.75,Graduate
0,1,7,9,7,5.838888888888888,0,0,0.7778,8,8,8,6.9,0,0,1.0,0,6.3694,Graduate
0,0,4,8,0,0.0,0,4,0.0,4,8,0,0.0,0,4,0.0,8,0.0,Dropout
0,1,7,8,7,6.5,0,0,0.875,5,5,5,6.7,0,0,1.0,0,6.6,Graduate
0,1,6,7,6,6.083333333333333,0,0,0.8571,6,6,6,6.083333333333333,0,0,1.0,0,6.0833,Graduate
0,1,7,8,6,6.625,0,1,0.75,8,8,8,6.91875,0,0,1.0,1,6.7719,Enrolled
0,1,0,0,0,0.0,0,0,0.0,0,0,0,0.0,0,0,0.0,0,0.0,Graduate
0,1,6,12,0,0.0,0,6,0.0,5,10,0,0.0,0,5,0.0,11,0.0,Dropout
0,1,7,7,7,7.214285714285714,0,0,1.0,8,9,8,7.255555555555556,0,0,0.8889,0,7.2349,Graduate
0,0,6,6,0,0.0,0,6,0.0,6,8,0,0.0,0,6,0.0,12,0.0,Dropout
0,1,7,7,7,6.685714285714286,0,0,1.0,8,9,8,6.833333333333333,0,0,0.8889,0,6.7595,Graduate
0,1,6,13,4,6.875,0,2,0.3077,6,8,5,5.6,0,1,0.625,3,6.2375,Enrolled
0,1,6,7,5,5.9,0,1,0.7143,6,9,4,6.0,0,2,0.4444,3,5.95,Enrolled
0,1,6,11,5,5.571428571428571,0,1,0.4545,6,8,6,6.142857142857143,0,0,0.75,1,5.8571,Graduate
0,1,6,6,6,6.0,0,0,1.0,6,7,6,6.428571428571429,0,0,0.8571,0,6.2143,Graduate
0,1,5,6,5,6.7,0,0,0.8333,5,5,5,6.2,0,0,1.0,0,6.45,Graduate
0,0,7,0,0,0.0,0,7,0.0,8,0,0,0.0,0,8,0.0,15,0.0,Dropout
0,1,7,7,6,6.666666666666667,0,1,0.8571,7,7,6,6.666666666666667,0,1,0.8571,2,6.6667,Graduate
0,1,5,5,5,6.4,0,0,1.0,5,10,5,5.722222222222222,0,0,0.5,0,6.0611,Graduate
1,0,5,11,1,5.0,0,4,0.0909,5,14,1,5.5,0,4,0.0714,8,5.25,Dropout
0,1,6,6,6,6.25,0,0,1.0,6,6,6,6.166666666666667,0,0,1.0,0,6.2083,Graduate
0,1,6,6,6,6.583333333333333,0,0,1.0,6,6,6,6.333333333333333,0,0,1.0,0,6.4583,Graduate
0,1,0,0,0,0.0,0,0,0.0,0,0,0,0.0,0,0,0.0,0,0.0,Enrolled
0,1,12,17,11,7.363636363636364,0,1,0.6471,9,10,7,7.071428571428571,0,2,0.7,3,7.2175,Graduate
0,1,5,11,5,5.857142857142857,2,0,0.4545,5,6,5,6.3,0,0,0.8333,0,6.0786,Graduate
1,0,5,13,4,6.75,1,1,0.3077,5,12,3,5.833333333333333,1,2,0.25,3,6.2917,Dropout
0,1,6,0,0,0.0,0,6,0.0,6,0,0,0.0,0,6,0.0,12,0.0,Dropout
0,1,10,12,10,6.9,0,0,0.8333,10,10,10,6.4,0,0,1.0,0,6.65,Graduate
0,1,5,10,4,5.625,1,1,0.4,5,10,3,5.166666666666667,0,2,0.3,3,5.3958,Graduate
0,1,7,11,5,6.67,0,2,0.4545,7,9,5,5.42,0,2,0.5556,4,6.045,Enrolled
0,1,6,6,6,7.5,0,0,1.0,6,7,6,7.0,0,0,0.8571,0,7.25,Enrolled
1,0,6,8,0,0.0,0,6,0.0,5,6,0,0.0,0,5,0.0,11,0.0,Dropout
0,1,6,8,6,7.75,0,0,0.75,6,9,4,7.75,0,2,0.4444,2,7.75,Dropout
0,0,6,10,5,7.6,0,1,0.5,6,9,1,5.5,0,5,0.1111,6,6.55,Dropout
0,1,5,10,3,5.333333333333333,0,2,0.3,5,5,4,6.125,0,1,0.8,3,5.7292,Graduate
0,1,6,7,6,6.714285714285714,0,0,0.8571,6,10,6,6.75,0,0,0.6,0,6.7321,Graduate
1,1,6,9,4,5.5,0,2,0.4444,6,12,3,5.666666666666667,0,3,0.25,5,5.5833,Dropout
0,1,0,0,0,0.0,0,0,0.0,0,0,0,0.0,0,0,0.0,0,0.0,Enrolled
0,1,8,8,7,6.840714285714285,0,1,0.875,8,8,7,6.840714285714285,0,1,0.875,2,6.8407,Enrolled
0,1,0,0,0,0.0,0,0,0.0,0,0,0,0.0,0,0,0.0,0,0.0,Graduate
0,1,7,10,7,6.515,0,0,0.7,8,8,8,6.609375,0,0,1.0,0,6.5622,Graduate
0,0,12,12,12,6.5,0,0,1.0,11,14,11,6.625,0,0,0.7857,0,6.5625,Graduate
0,1,6,7,6,6.285714285714286,0,0,0.8571,6,7,6,6.642857142857143,0,0,0.8571,0,6.4643,Graduate
0,1,6,12,2,6.5,0,4,0.1667,6,8,5,5.8,0,1,0.625,5,6.15,Graduate
0,1,5,5,5,6.7,0,0,1.0,5,6,5,6.1,0,0,0.8333,0,6.4,Graduate
0,1,11,20,9,6.11111111111111,0,2,0.45,9,16,9,5.8,0,0,0.5625,2,5.9556,Enrolled
0,1,6,6,6,6.166666666666667,0,0,1.0,6,6,6,5.333333333333333,0,0,1.0,0,5.75,Graduate
0,1,8,8,7,6.577142857142858,0,1,0.875,8,8,7,6.577142857142858,0,1,0.875,2,6.5771,Enrolled
0,1,12,13,12,6.166666666666667,0,0,0.9231,11,12,10,6.363636363636364,0,1,0.8333,1,6.2652,Dropout
0,0,12,12,8,5.625,0,4,0.6667,8,8,3,5.666666666666667,0,5,0.375,9,5.6458,Dropout
0,1,6,6,5,5.9,0,1,0.8333,6,9,0,0.0,0,6,0.0,7,2.95,Dropout
1,0,8,11,7,5.664285714285714,0,1,0.6364,8,11,7,5.664285714285714,0,1,0.6364,2,5.6643,Dropout
0,0,6,0,0,0.0,0,6,0.0,6,0,0,0.0,0,6,0.0,12,0.0,Dropout
0,1,5,8,2,5.75,0,3,0.25,5,10,3,5.428571428571429,0,2,0.3,5,5.5893,Enrolled
1,0,5,5,0,0.0,0,5,0.0,5,5,0,0.0,0,5,0.0,10,0.0,Dropout
0,1,6,7,4,6.875,0,2,0.5714,6,10,6,5.777777777777778,0,0,0.6,2,6.3264,Graduate
0,1,6,6,6,6.916666666666667,0,0,1.0,6,6,6,5.916666666666667,0,0,1.0,0,6.4167,Graduate
0,1,5,7,3,6.166666666666667,0,2,0.4286,5,5,4,5.625,0,1,0.8,3,5.8958,Dropout
0,1,6,7,6,6.714285714285714,0,0,0.8571,6,6,4,7.0,0,2,0.6667,2,6.8571,Enrolled
0,1,6,9,5,6.7,0,1,0.5556,6,16,2,6.75,0,4,0.125,5,6.725,Enrolled
0,0,6,8,6,5.5,0,0,0.75,6,10,4,6.0,0,2,0.4,2,5.75,Enrolled
0,1,7,8,7,6.81875,0,0,0.875,8,8,8,7.19375,0,0,1.0,0,7.0062,Graduate
0,0,0,0,0,0.0,0,0,0.0,0,0,0,0.0,0,0,0.0,0,0.0,Dropout
0,1,1,1,0,0.0,1,1,0.0,6,0,0,0.0,0,6,0.0,7,0.0,Dropout
0,1,10,14,4,5.625,0,6,0.2857,11,11,4,6.0,0,7,0.3636,13,5.8125,Dropout
1,0,9,16,7,5.777777777777778,4,2,0.4375,7,12,5,6.6,2,2,0.4167,4,6.1889,Dropout
0,1,5,5,5,5.1,0,0,1.0,5,9,4,5.625,0,1,0.4444,1,5.3625,Enrolled
0,1,16,24,13,6.923076923076924,0,3,0.5417,11,15,9,6.277777777777778,0,2,0.6,5,6.6004,Dropout
0,1,6,6,6,6.166666666666667,0,0,1.0,6,6,6,6.5,0,0,1.0,0,6.3333,Graduate
0,1,0,0,0,0.0,0,0,0.0,0,0,0,0.0,0,0,0.0,0,0.0,Dropout
0,1,6,6,6,7.916666666666667,0,0,1.0,6,8,6,7.75,0,0,0.75,0,7.8333,Graduate
0,0,5,13,0,0.0,3,5,0.0,5,5,0,0.0,5,5,0.0,10,0.0,Dropout
0,1,5,8,4,5.5,0,1,0.5,5,8,5,6.0,0,0,0.625,1,5.75,Enrolled
0,1,6,7,5,5.7,0,1,0.7143,6,8,5,6.4,0,1,0.625,2,6.05,Graduate
1,0,5,7,0,0.0,0,5,0.0,5,7,0,0.0,0,5,0.0,10,0.0,Dropout
0,1,6,0,0,0.0,0,6,0.0,6,0,0,0.0,0,6,0.0,12,0.0,Dropout
0,1,6,8,6,6.928571428571429,0,0,0.75,6,6,6,7.5,0,0,1.0,0,7.2143,Graduate
0,1,8,8,7,7.481428571428572,0,1,0.875,8,8,7,7.481428571428572,0,1,0.875,2,7.4814,Graduate
0,1,7,8,7,7.45625,0,0,0.875,8,9,1,6.75,0,7,0.1111,7,7.1031,Dropout
0,1,7,8,7,6.142857142857143,0,0,0.875,8,10,8,5.86875,0,0,0.8,0,6.0058,Graduate
0,1,8,8,8,6.414375,0,0,1.0,8,8,8,6.414375,0,0,1.0,0,6.4144,Graduate
0,0,5,7,2,6.5,0,3,0.2857,5,5,0,0.0,0,5,0.0,8,3.25,Dropout
0,1,6,13,6,7.653846153846154,0,0,0.4615,6,9,6,7.0,0,0,0.6667,0,7.3269,Graduate
0,1,5,10,4,5.875,0,1,0.4,5,10,3,5.5,0,2,0.3,3,5.6875,Enrolled
0,1,8,8,8,7.076875,0,0,1.0,8,8,8,7.076875,0,0,1.0,0,7.0769,Graduate
0,1,8,8,7,7.899285714285713,0,1,0.875,8,8,7,7.899285714285713,0,1,0.875,2,7.8993,Graduate
0,1,7,7,7,6.714285714285714,0,0,1.0,7,7,7,7.428571428571429,0,0,1.0,0,7.0714,Graduate
0,1,7,9,5,6.925,0,2,0.5556,8,9,7,6.09642857142857,0,1,0.7778,3,6.5107,Graduate
0,1,5,8,5,5.6,0,0,0.625,5,5,3,5.5,0,2,0.6,2,5.55,Graduate
0,0,7,0,0,0.0,0,7,0.0,8,0,0,0.0,0,8,0.0,15,0.0,Dropout
0,1,6,11,3,5.166666666666667,0,3,0.2727,6,10,5,5.9,0,1,0.5,4,5.5333,Enrolled
0,1,5,7,4,6.375,0,1,0.5714,5,7,5,7.166666666666667,0,0,0.7143,1,6.7708,Enrolled
0,1,5,5,0,0.0,0,5,0.0,5,5,0,0.0,0,5,0.0,10,0.0,Dropout
0,1,5,7,0,0.0,0,5,0.0,5,7,0,0.0,0,5,0.0,10,0.0,Dropout
0,1,6,8,6,7.083333333333333,0,0,0.75,6,9,6,7.5,0,0,0.6667,0,7.2917,Graduate
1,1,0,0,0,0.0,0,0,0.0,0,0,0,0.0,0,0,0.0,0,0.0,Graduate
0,1,6,6,6,6.833333333333333,0,0,1.0,6,9,6,6.166666666666667,0,0,0.6667,0,6.5,Graduate
0,1,0,0,0,0.0,0,0,0.0,0,0,0,0.0,0,0,0.0,0,0.0,Dropout
0,1,8,12,7,5.860714285714286,0,1,0.5833,8,12,7,5.860714285714286,0,1,0.5833,2,5.8607,Graduate
1,1,5,11,0,0.0,0,5,0.0,5,5,0,0.0,0,5,0.0,10,0.0,Dropout
1,0,6,7,3,7.0,0,3,0.4286,6,9,2,7.25,0,4,0.2222,7,7.125,Dropout
0,1,7,16,4,6.8125,0,3,0.25,7,8,7,6.31875,0,0,0.875,3,6.5656,Enrolled
0,1,6,6,6,6.25,0,0,1.0,6,6,6,6.5,0,0,1.0,0,6.375,Dropout
0,1,6,6,6,7.666666666666667,0,0,1.0,6,9,6,7.916666666666667,0,0,0.6667,0,7.7917,Graduate
0,1,0,0,0,0.0,0,0,0.0,0,0,0,0.0,0,0,0.0,0,0.0,Graduate
1,1,7,7,7,6.200714285714286,0,0,1.0,8,10,6,5.904166666666666,0,2,0.6,2,6.0524,Enrolled
0,1,11,19,9,6.722222222222222,1,2,0.4737,7,7,7,7.357142857142857,0,0,1.0,2,7.0397,Dropout
0,1,8,8,8,7.33125,0,0,1.0,8,8,8,7.33125,0,0,1.0,0,7.3312,Graduate
0,1,6,8,6,7.25,0,0,0.75,6,10,6,7.65,0,0,0.6,0,7.45,Graduate
0,1,6,6,6,7.166666666666667,0,0,1.0,6,7,6,7.071428571428571,0,0,0.8571,0,7.119,Graduate
0,1,7,14,0,0.0,0,7,0.0,6,6,0,0.0,0,6,0.0,13,0.0,Dropout
0,1,8,11,7,6.385714285714286,0,1,0.6364,8,11,7,6.385714285714286,0,1,0.6364,2,6.3857,Graduate
0,1,6,9,6,6.285714285714286,0,0,0.6667,6,10,5,6.416666666666667,0,1,0.5,1,6.3512,Dropout
0,0,6,9,3,5.833333333333333,0,3,0.3333,6,15,1,5.0,0,5,0.0667,8,5.4167,Dropout
0,1,6,8,6,6.333333333333333,0,0,0.75,6,8,5,6.7,0,1,0.625,1,6.5167,Graduate
0,1,5,7,5,5.9,0,0,0.7143,5,9,3,6.0,0,2,0.3333,2,5.95,Enrolled
0,1,6,14,5,5.857142857142857,0,1,0.3571,6,15,5,6.0,0,1,0.3333,2,5.9286,Graduate
0,1,6,9,4,5.75,0,2,0.4444,6,12,3,5.5,0,3,0.25,5,5.625,Dropout
0,1,6,9,5,6.0,0,1,0.5556,6,8,5,5.6,0,1,0.625,2,5.8,Dropout
0,1,7,11,6,6.20625,0,1,0.5455,8,12,7,5.63125,0,1,0.5833,2,5.9187,Graduate
0,1,7,7,0,0.0,7,7,0.0,7,7,0,0.0,7,7,0.0,14,0.0,Dropout
0,1,6,10,0,0.0,4,6,0.0,6,0,0,0.0,0,6,0.0,12,0.0,Dropout
0,1,6,16,1,5.0,0,5,0.0625,6,12,0,0.0,0,6,0.0,11,2.5,Dropout
0,1,5,7,5,7.2,0,0,0.7143,5,5,5,6.9,0,0,1.0,0,7.05,Graduate
1,1,5,6,5,5.4,0,0,0.8333,5,7,5,6.0,2,0,0.7143,0,5.7,Dropout
1,0,6,12,1,5.5,0,5,0.0833,6,9,2,5.25,0,4,0.2222,9,5.375,Dropout
0,1,7,7,6,5.833333333333333,0,1,0.8571,7,8,6,6.75,0,1,0.75,2,6.2917,Enrolled
0,0,11,11,11,5.863636363636364,0,0,1.0,8,8,8,6.0,0,0,1.0,0,5.9318,Dropout
0,1,6,8,4,5.5,0,2,0.5,6,9,4,5.5,0,2,0.4444,4,5.5,Enrolled
0,0,5,5,0,0.0,0,5,0.0,4,4,0,0.0,0,4,0.0,9,0.0,Dropout
0,1,5,7,0,0.0,0,5,0.0,5,8,0,0.0,0,5,0.0,10,0.0,Dropout
0,1,9,13,8,5.5,0,1,0.6154,7,10,6,5.416666666666667,0,1,0.6,2,5.4583,Enrolled
0,1,11,14,10,6.2,0,1,0.7143,10,13,10,5.9,0,0,0.7692,1,6.05,Graduate
0,1,5,6,5,6.0,0,0,0.8333,5,5,5,6.5,0,0,1.0,0,6.25,Graduate
0,1,6,11,3,6.333333333333333,0,3,0.2727,6,7,0,0.0,0,6,0.0,9,3.1667,Dropout
0,1,6,6,6,5.666666666666667,0,0,1.0,6,7,6,6.142857142857143,0,0,0.8571,0,5.9048,Graduate
0,1,6,7,6,6.0,0,0,0.8571,6,8,5,5.4,0,1,0.625,1,5.7,Enrolled
0,1,6,9,6,5.9375,0,0,0.6667,6,7,6,7.214285714285714,0,0,0.8571,0,6.5759,Graduate
0,1,6,6,6,7.583333333333333,0,0,1.0,6,6,6,6.166666666666667,0,0,1.0,0,6.875,Graduate
0,1,6,8,6,7.0625,0,0,0.75,6,10,5,7.25,0,1,0.5,1,7.1562,Graduate
0,1,6,8,6,6.714285714285714,0,0,0.75,6,10,5,6.2,0,1,0.5,1,6.4571,Graduate
0,1,6,9,6,6.5,0,0,0.6667,6,18,3,6.333333333333333,0,3,0.1667,3,6.4167,Graduate
0,1,7,8,7,6.84375,0,0,0.875,8,9,8,7.811111111111111,0,0,0.8889,0,7.3274,Dropout
0,1,6,10,3,6.333333333333333,0,3,0.3,6,12,3,5.0,0,3,0.25,6,5.6667,Dropout
0,1,6,10,6,6.285714285714286,0,0,0.6,6,11,6,6.285714285714286,0,0,0.5455,0,6.2857,Enrolled
0,0,6,12,3,6.0,0,3,0.25,6,15,0,0.0,0,6,0.0,9,3.0,Dropout
0,1,9,9,9,7.11111111111111,0,0,1.0,5,5,5,6.4,0,0,1.0,0,6.7556,Dropout
0,1,5,5,5,7.5,0,0,1.0,5,5,5,7.6,0,0,1.0,0,7.55,Graduate
0,1,18,23,14,6.392857142857143,2,4,0.6087,17,18,16,6.9375,0,1,0.8889,5,6.6652,Dropout
0,1,5,11,4,5.5,0,1,0.3636,5,8,4,6.125,0,1,0.5,2,5.8125,Dropout
0,1,5,10,0,0.0,0,5,0.0,5,7,1,5.0,0,4,0.1429,9,2.5,Enrolled
0,0,9,9,5,5.7,0,4,0.5556,4,4,4,5.5,0,0,1.0,4,5.6,Dropout
0,1,5,10,5,7.428571428571429,2,0,0.5,5,7,5,7.571428571428571,0,0,0.7143,0,7.5,Enrolled
0,1,13,17,10,5.75,0,3,0.5882,13,18,9,5.222222222222222,0,4,0.5,7,5.4861,Dropout
0,1,7,8,6,6.931666666666668,0,1,0.75,8,9,7,7.089285714285714,0,1,0.7778,2,7.0105,Graduate
0,1,6,8,5,5.9,0,1,0.625,6,8,6,6.166666666666667,0,0,0.75,1,6.0333,Graduate
0,0,5,5,0,0.0,0,5,0.0,5,9,0,0.0,0,5,0.0,10,0.0,Dropout
0,1,6,7,6,6.666666666666667,0,0,0.8571,6,16,5,6.6875,0,1,0.3125,1,6.6771,Graduate
0,0,6,6,6,6.5,0,0,1.0,6,8,6,6.5,0,0,0.75,0,6.5,Graduate
1,1,5,9,0,0.0,0,5,0.0,5,5,0,0.0,0,5,0.0,10,0.0,Enrolled
0,1,6,9,6,6.785714285714286,0,0,0.6667,6,6,6,6.083333333333333,0,0,1.0,0,6.4345,Graduate
1,0,7,9,0,0.0,0,7,0.0,6,6,0,0.0,0,6,0.0,13,0.0,Dropout
0,1,8,8,8,6.881875,0,0,1.0,8,8,8,6.881875,0,0,1.0,0,6.8819,Graduate
0,1,7,0,0,0.0,0,7,0.0,8,0,0,0.0,0,8,0.0,15,0.0,Dropout
0,1,6,8,6,6.333333333333333,0,0,0.75,6,6,6,6.75,0,0,1.0,0,6.5417,Graduate
0,1,7,7,7,7.035714285714286,0,0,1.0,8,8,8,7.58125,0,0,1.0,0,7.3085,Graduate
1,0,4,4,0,0.0,0,4,0.0,4,4,0,0.0,0,4,0.0,8,0.0,Dropout
1,0,10,15,8,6.875,0,2,0.5333,9,17,5,6.6,0,4,0.2941,6,6.7375,Dropout
0,1,6,8,5,6.8,0,1,0.625,6,8,5,5.8,0,1,0.625,2,6.3,Enrolled
0,1,6,7,6,6.857142857142857,0,0,0.8571,6,6,6,6.583333333333333,0,0,1.0,0,6.7202,Graduate
0,1,5,5,5,6.7,0,0,1.0,5,5,5,7.0,0,0,1.0,0,6.85,Graduate
0,1,6,8,6,7.0,0,0,0.75,6,7,6,6.571428571428571,0,0,0.8571,0,6.7857,Graduate
0,1,7,7,6,6.633333333333333,0,1,0.8571,7,7,6,6.633333333333333,0,1,0.8571,2,6.6333,Graduate
0,1,0,0,0,0.0,0,0,0.0,0,0,0,0.0,0,0,0.0,0,0.0,Graduate
0,1,13,19,12,6.708333333333333,0,1,0.6316,10,10,10,7.25,0,0,1.0,1,6.9792,Graduate
0,1,6,11,3,6.833333333333333,0,3,0.2727,6,13,4,5.125,0,2,0.3077,5,5.9792,Enrolled
0,1,8,11,7,6.645,3,1,0.6364,8,11,7,6.645,3,1,0.6364,2,6.645,Enrolled
0,1,6,8,6,6.285714285714286,0,0,0.75,6,7,6,6.214285714285714,0,0,0.8571,0,6.25,Graduate
0,0,0,0,0,0.0,0,0,0.0,0,0,0,0.0,0,0,0.0,0,0.0,Dropout
0,1,6,8,6,6.583333333333333,0,0,0.75,6,7,6,6.583333333333333,0,0,0.8571,0,6.5833,Dropout
0,1,5,10,5,6.857142857142857,0,0,0.5,5,7,5,7.2,0,0,0.7143,0,7.0286,Graduate
0,1,6,8,6,6.0,0,0,0.75,6,6,6,5.833333333333333,0,0,1.0,0,5.9167,Graduate
0,1,6,7,6,6.166666666666667,0,0,0.8571,6,10,5,6.6,0,1,0.5,1,6.3833,Graduate
0,1,5,5,4,5.375,0,1,0.8,5,6,4,6.125,0,1,0.6667,2,5.75,Enrolled
0,1,10,21,5,5.7,1,5,0.2381,7,13,6,5.833333333333333,0,1,0.4615,6,5.7667,Dropout
0,1,10,10,9,5.722222222222222,0,1,0.9,11,11,5,5.4,0,6,0.4545,7,5.5611,Dropout
0,1,6,8,5,5.9,0,1,0.625,6,7,5,5.2,1,1,0.7143,2,5.55,Graduate
0,1,6,14,6,5.666666666666667,0,0,0.4286,6,11,5,6.2,0,1,0.4545,1,5.9333,Dropout
0,1,6,10,4,5.875,0,2,0.4,6,13,4,5.0,0,2,0.3077,4,5.4375,Dropout
0,1,0,0,0,0.0,0,0,0.0,0,0,0,0.0,0,0,0.0,0,0.0,Dropout
1,0,5,5,0,0.0,0,5,0.0,5,5,0,0.0,0,5,0.0,10,0.0,Dropout
1,1,6,6,6,6.916666666666667,0,0,1.0,6,7,6,7.285714285714286,0,0,0.8571,0,7.1012,Graduate
0,1,6,0,0,0.0,0,6,0.0,6,0,0,0.0,0,6,0.0,12,0.0,Dropout
0,1,9,11,9,6.0,0,0,0.8182,7,8,6,6.0,0,1,0.75,1,6.0,Graduate
0,1,5,7,4,5.75,0,1,0.5714,5,6,4,5.875,0,1,0.6667,2,5.8125,Graduate
0,1,18,22,18,5.944444444444445,1,0,0.8182,13,13,13,5.730769230769231,0,0,1.0,0,5.8376,Graduate
0,1,6,6,6,6.5,0,0,1.0,6,6,6,6.583333333333333,0,0,1.0,0,6.5417,Graduate
0,1,6,8,5,7.0,0,1,0.625,6,8,6,6.5,0,0,0.75,1,6.75,Graduate
0,0,5,8,5,6.25,0,0,0.625,5,7,5,6.785714285714286,0,0,0.7143,0,6.5179,Dropout
0,0,5,9,3,6.0,1,2,0.3333,5,7,3,5.5,0,2,0.4286,4,5.75,Dropout
0,1,6,8,6,6.928571428571429,0,0,0.75,6,8,5,6.5,0,1,0.625,1,6.7143,Graduate
0,1,7,15,3,6.5,2,4,0.2,5,12,5,6.642857142857143,1,0,0.4167,4,6.5714,Graduate
0,1,5,5,5,6.2,0,0,1.0,5,6,5,6.416666666666667,0,0,0.8333,0,6.3083,Graduate
0,0,4,4,0,0.0,0,4,0.0,5,0,0,0.0,0,5,0.0,9,0.0,Dropout
0,1,6,11,5,6.5,0,1,0.4545,6,12,1,6.0,0,5,0.0833,6,6.25,Dropout
0,1,6,6,6,7.25,0,0,1.0,6,8,6,7.333333333333333,0,0,0.75,0,7.2917,Graduate
0,1,8,11,7,6.43,0,1,0.6364,8,11,7,6.43,0,1,0.6364,2,6.43,Graduate
0,0,5,10,0,0.0,0,5,0.0,5,5,0,0.0,0,5,0.0,10,0.0,Dropout
0,1,6,6,6,8.0,0,0,1.0,6,7,6,7.166666666666667,0,0,0.8571,0,7.5833,Graduate
0,1,6,6,6,7.583333333333333,0,0,1.0,6,9,6,7.0,0,0,0.6667,0,7.2917,Graduate
0,1,6,7,6,7.357142857142857,0,0,0.8571,6,6,6,7.5,0,0,1.0,0,7.4286,Graduate
0,1,5,14,2,5.0,0,3,0.1429,5,7,3,5.666666666666667,0,2,0.4286,5,5.3333,Enrolled
1,0,6,13,3,5.833333333333333,0,3,0.2308,6,11,3,6.0,0,3,0.2727,6,5.9167,Dropout
0,1,6,11,1,5.5,1,5,0.0909,6,11,4,5.5,4,2,0.3636,7,5.5,Enrolled
0,1,8,8,0,0.0,3,8,0.0,8,8,0,0.0,3,8,0.0,16,0.0,Dropout
0,1,6,9,5,5.8,0,1,0.5556,6,9,3,5.5,0,3,0.3333,4,5.65,Dropout
0,1,8,12,7,6.235714285714286,0,1,0.5833,8,12,7,6.235714285714286,0,1,0.5833,2,6.2357,Graduate
0,0,7,14,3,5.75,0,4,0.2143,7,9,2,5.25,0,5,0.2222,9,5.5,Dropout
0,1,5,12,4,6.25,0,1,0.3333,5,10,4,5.5,0,1,0.4,2,5.875,Enrolled
0,1,13,13,13,7.153846153846154,0,0,1.0,12,15,12,7.615384615384615,0,0,0.8,0,7.3846,Graduate
0,1,5,5,5,7.4,0,0,1.0,5,5,5,7.2,0,0,1.0,0,7.3,Graduate
0,1,8,10,5,6.429,3,3,0.5,8,10,5,6.429,3,3,0.5,6,6.429,Enrolled
0,1,6,6,6,7.583333333333333,0,0,1.0,6,7,6,7.142857142857143,0,0,0.8571,0,7.3631,Graduate
0,1,5,10,4,5.75,0,1,0.4,5,11,5,5.642857142857143,0,0,0.4545,1,5.6964,Graduate
0,1,6,9,4,5.625,0,2,0.4444,6,13,2,6.25,0,4,0.1538,6,5.9375,Dropout
1,0,6,7,4,6.75,0,2,0.5714,6,6,0,0.0,6,6,0.0,8,3.375,Dropout
0,1,5,5,5,6.3,0,0,1.0,5,6,4,7.25,1,1,0.6667,1,6.775,Graduate
0,1,16,19,15,6.133333333333334,0,1,0.7895,13,14,13,6.035714285714286,0,0,0.9286,1,6.0845,Graduate
0,1,5,7,3,5.833333333333333,0,2,0.4286,5,8,1,5.5,0,4,0.125,6,5.6667,Dropout
0,1,18,19,18,7.31578947368421,0,0,0.9474,13,14,13,7.115384615384615,1,0,0.9286,0,7.2156,Graduate
0,1,6,6,6,6.416666666666667,0,0,1.0,6,6,6,6.916666666666667,0,0,1.0,0,6.6667,Graduate
0,1,5,13,5,7.0,2,0,0.3846,5,10,3,6.0,1,2,0.3,2,6.5,Graduate
1,0,7,9,5,5.8,0,2,0.5556,9,9,5,5.0,0,4,0.5556,6,5.4,Dropout
0,1,0,0,0,0.0,0,0,0.0,0,0,0,0.0,0,0,0.0,0,0.0,Graduate
0,1,5,7,4,7.125,0,1,0.5714,5,7,4,7.375,0,1,0.5714,2,7.25,Graduate
0,1,6,15,3,6.625,0,3,0.2,6,9,1,6.0,0,5,0.1111,8,6.3125,Dropout
0,1,6,6,6,7.25,0,0,1.0,6,8,6,6.833333333333333,0,0,0.75,0,7.0417,Graduate
0,1,6,7,6,8.428571428571429,0,0,0.8571,6,6,6,8.25,0,0,1.0,0,8.3393,Graduate
0,1,18,45,18,5.916666666666667,10,0,0.4,13,27,13,6.230769230769231,5,0,0.4815,0,6.0737,Graduate
0,1,8,11,6,6.3375,0,2,0.5455,8,11,6,6.3375,0,2,0.5455,4,6.3375,Graduate
0,1,6,0,0,0.0,0,6,0.0,6,0,0,0.0,0,6,0.0,12,0.0,Dropout
0,1,6,13,3,5.875,0,3,0.2308,6,13,5,6.166666666666667,0,1,0.3846,4,6.0208,Enrolled
0,1,7,0,0,0.0,0,7,0.0,7,0,0,0.0,0,7,0.0,14,0.0,Dropout
0,1,13,15,9,5.5,0,4,0.6,11,12,7,5.785714285714286,0,4,0.5833,8,5.6429,Enrolled
1,1,6,9,4,5.5,0,2,0.4444,6,13,3,5.333333333333333,0,3,0.2308,5,5.4167,Dropout
1,1,6,6,6,6.416666666666667,0,0,1.0,6,6,6,6.333333333333333,0,0,1.0,0,6.375,Graduate
0,1,6,9,6,6.071428571428571,0,0,0.6667,6,6,0,0.0,0,6,0.0,6,3.0357,Dropout
1,0,6,6,0,0.0,0,6,0.0,6,7,0,0.0,0,6,0.0,12,0.0,Dropout
0,1,5,7,2,5.0,0,3,0.2857,1,1,0,0.0,0,1,0.0,4,2.5,Dropout
1,1,5,7,5,6.8,0,0,0.7143,5,11,5,6.416666666666667,5,0,0.4545,0,6.6083,Graduate
0,1,6,15,3,5.625,0,3,0.2,6,9,0,0.0,0,6,0.0,9,2.8125,Enrolled
0,1,5,14,1,5.5,0,4,0.0714,5,11,2,6.333333333333333,4,3,0.1818,7,5.9167,Dropout
0,1,7,9,5,7.03,0,2,0.5556,7,9,7,5.621428571428571,0,0,0.7778,2,6.3257,Enrolled
0,1,6,8,6,6.333333333333333,0,0,0.75,6,10,5,6.1,0,1,0.5,1,6.2167,Enrolled
0,0,6,9,5,5.6,0,1,0.5556,6,14,2,5.0,0,4,0.1429,5,5.3,Dropout
0,1,5,8,5,6.875,0,0,0.625,5,6,5,6.083333333333333,0,0,0.8333,0,6.4792,Graduate
1,0,9,9,3,6.666666666666667,0,6,0.3333,6,6,2,6.25,0,4,0.3333,10,6.4583,Dropout
0,1,15,17,15,5.6,0,0,0.8824,14,15,14,6.214285714285714,0,0,0.9333,0,5.9071,Graduate
0,0,4,8,0,0.0,1,4,0.0,6,0,0,0.0,0,6,0.0,10,0.0,Dropout
0,1,6,7,5,5.4,0,1,0.7143,6,9,6,5.083333333333333,0,0,0.6667,1,5.2417,Graduate
1,0,6,12,0,0.0,0,6,0.0,6,12,0,0.0,0,6,0.0,12,0.0,Dropout
0,1,0,0,0,0.0,0,0,0.0,0,0,0,0.0,0,0,0.0,0,0.0,Graduate
0,1,6,6,6,6.583333333333333,0,0,1.0,6,6,6,6.5,0,0,1.0,0,6.5417,Graduate
0,0,5,6,5,7.5,0,0,0.8333,5,6,5,7.1,0,0,0.8333,0,7.3,Enrolled
0,1,6,7,6,6.785714285714286,0,0,0.8571,6,9,6,6.357142857142857,0,0,0.6667,0,6.5714,Graduate
0,1,6,10,4,5.75,0,2,0.4,6,10,2,5.25,0,4,0.2,6,5.5,Dropout
0,1,0,0,0,0.0,0,0,0.0,0,0,0,0.0,0,0,0.0,0,0.0,Graduate
0,1,8,11,7,6.871428571428572,0,1,0.6364,8,11,7,6.871428571428572,0,1,0.6364,2,6.8714,Graduate
0,1,7,11,6,5.878571428571428,0,1,0.5455,8,12,6,6.541666666666667,0,2,0.5,3,6.2101,Enrolled
0,1,7,10,6,5.575,0,1,0.6,7,7,7,6.407142857142858,0,0,1.0,1,5.9911,Enrolled
0,0,6,6,6,6.166666666666667,0,0,1.0,6,8,5,6.8,0,1,0.625,1,6.4833,Graduate
0,1,6,11,4,5.5,0,2,0.3636,6,11,3,5.833333333333333,0,3,0.2727,5,5.6667,Enrolled
1,0,6,6,0,0.0,0,6,0.0,6,0,0,0.0,0,6,0.0,12,0.0,Dropout
0,1,6,6,6,6.916666666666667,0,0,1.0,6,6,6,6.25,0,0,1.0,0,6.5833,Graduate
0,0,5,6,5,6.1,0,0,0.8333,5,8,4,6.0,0,1,0.5,1,6.05,Enrolled
0,1,6,6,6,7.416666666666667,0,0,1.0,6,6,6,7.333333333333333,0,0,1.0,0,7.375,Graduate
0,1,10,13,9,6.1,0,1,0.6923,10,12,10,6.4,0,0,0.8333,1,6.25,Graduate
0,1,6,6,6,7.416666666666667,0,0,1.0,6,6,6,6.75,0,0,1.0,0,7.0833,Graduate
1,1,6,6,6,6.083333333333333,0,0,1.0,6,7,6,5.833333333333333,0,0,0.8571,0,5.9583,Graduate
1,1,11,18,8,6.3125,0,3,0.4444,10,10,3,5.5,0,7,0.3,10,5.9062,Enrolled
0,0,6,6,6,7.0,0,0,1.0,6,6,6,6.75,0,0,1.0,0,6.875,Graduate
0,1,7,8,7,7.075,0,0,0.875,8,8,8,7.255625,0,0,1.0,0,7.1653,Graduate
0,1,6,7,6,6.416666666666667,0,0,0.8571,6,8,6,6.0,0,0,0.75,0,6.2083,Graduate
0,1,7,9,7,6.166666666666667,0,0,0.7778,8,8,8,6.3125,0,0,1.0,0,6.2396,Enrolled
0,1,6,6,6,6.5,0,0,1.0,6,7,6,5.833333333333333,0,0,0.8571,0,6.1667,Graduate
0,1,5,10,2,5.5,0,3,0.2,6,10,0,0.0,0,6,0.0,9,2.75,Dropout
0,1,6,12,4,6.125,0,2,0.3333,6,9,6,5.5,0,0,0.6667,2,5.8125,Graduate
0,1,5,12,2,5.75,0,3,0.1667,5,12,3,5.9,2,2,0.25,5,5.825,Enrolled
1,1,6,9,6,6.666666666666667,0,0,0.6667,6,10,6,7.333333333333333,0,0,0.6,0,7.0,Graduate
0,0,5,9,0,0.0,1,5,0.0,5,5,0,0.0,0,5,0.0,10,0.0,Dropout
0,1,7,7,7,7.567857142857143,0,0,1.0,8,8,8,7.643749999999999,0,0,1.0,0,7.6058,Graduate
0,0,5,12,0,0.0,4,5,0.0,5,8,0,0.0,1,5,0.0,10,0.0,Dropout
0,1,8,8,7,6.962857142857142,0,1,0.875,8,8,7,6.962857142857142,0,1,0.875,2,6.9629,Graduate
1,0,6,7,0,0.0,0,6,0.0,6,0,0,0.0,0,6,0.0,12,0.0,Dropout
0,1,5,5,5,6.4,0,0,1.0,5,8,5,5.8,0,0,0.625,0,6.1,Graduate
0,1,5,11,4,5.625,0,1,0.3636,5,10,4,5.416666666666667,0,1,0.4,2,5.5208,Enrolled
0,1,5,5,5,5.9,0,0,1.0,5,5,5,6.6,0,0,1.0,0,6.25,Graduate
0,1,6,13,3,5.833333333333333,0,3,0.2308,6,14,2,5.666666666666667,0,4,0.1429,7,5.75,Enrolled
0,1,5,5,5,5.5,0,0,1.0,5,11,3,5.714285714285714,0,2,0.2727,2,5.6071,Enrolled
0,1,5,14,3,6.2,0,2,0.2143,5,8,5,5.416666666666667,0,0,0.625,2,5.8083,Enrolled
0,1,6,12,0,0.0,0,6,0.0,6,11,0,0.0,1,6,0.0,12,0.0,Dropout
0,1,7,9,7,6.06875,0,0,0.7778,8,9,8,6.455555555555555,0,0,0.8889,0,6.2622,Graduate
0,1,7,18,0,0.0,0,7,0.0,7,7,0,0.0,0,7,0.0,14,0.0,Dropout
0,1,6,6,6,6.5,0,0,1.0,6,6,6,6.25,0,0,1.0,0,6.375,Graduate
0,1,6,6,6,6.166666666666667,0,0,1.0,6,7,6,5.916666666666667,0,0,0.8571,0,6.0417,Graduate
1,0,6,6,1,5.5,0,5,0.1667,6,0,0,0.0,0,6,0.0,11,2.75,Dropout
0,0,5,6,0,0.0,0,5,0.0,5,5,0,0.0,0,5,0.0,10,0.0,Dropout
1,1,6,6,6,7.833333333333333,0,0,1.0,6,6,6,6.916666666666667,0,0,1.0,0,7.375,Graduate
0,1,6,6,6,6.666666666666667,0,0,1.0,6,6,6,6.666666666666667,0,0,1.0,0,6.6667,Graduate
0,1,6,7,6,7.0,0,0,0.8571,6,7,5,7.4,0,1,0.7143,1,7.2,Graduate
0,1,6,8,6,8.0,0,0,0.75,6,10,6,7.3125,0,0,0.6,0,7.6562,Dropout
0,1,5,10,4,6.6,0,1,0.4,5,7,4,7.125,2,1,0.5714,2,6.8625,Enrolled
0,1,6,8,6,7.0,0,0,0.75,6,9,6,6.666666666666667,0,0,0.6667,0,6.8333,Graduate
0,1,5,13,3,5.375,0,2,0.2308,5,9,3,5.166666666666667,0,2,0.3333,4,5.2708,Dropout
0,1,6,7,0,0.0,0,6,0.0,6,11,1,5.0,0,5,0.0909,11,2.5,Enrolled
0,1,11,13,11,7.307692307692308,0,0,0.8462,9,11,9,6.85,0,0,0.8182,0,7.0788,Graduate
1,0,6,7,6,6.083333333333333,0,0,0.8571,6,10,2,5.166666666666667,0,4,0.2,4,5.625,Dropout
0,1,7,11,5,5.6,0,2,0.4545,8,13,5,6.07,0,3,0.3846,5,5.835,Enrolled
0,1,8,8,8,6.529375,0,0,1.0,8,8,8,6.529375,0,0,1.0,0,6.5294,Graduate
0,1,5,10,3,6.5,0,2,0.3,5,11,3,5.666666666666667,0,2,0.2727,4,6.0833,Dropout
1,1,7,21,0,0.0,3,7,0.0,7,7,0,0.0,0,7,0.0,14,0.0,Dropout
0,1,6,8,5,5.7,0,1,0.625,6,8,5,5.9,0,1,0.625,2,5.8,Dropout
0,1,5,12,3,5.0,0,2,0.25,5,12,1,6.5,0,4,0.0833,6,5.75,Enrolled
0,1,7,8,7,6.692857142857143,0,0,0.875,8,8,8,6.69375,0,0,1.0,0,6.6933,Graduate
0,1,5,5,5,7.6,0,0,1.0,5,6,5,7.0,0,0,0.8333,0,7.3,Enrolled
0,1,6,7,6,6.142857142857143,0,0,0.8571,6,7,6,6.416666666666667,0,0,0.8571,0,6.2798,Graduate
0,1,6,8,6,7.125,0,0,0.75,6,8,6,5.5,0,0,0.75,0,6.3125,Graduate
0,1,12,12,12,7.666666666666667,0,0,1.0,11,15,11,7.5,0,0,0.7333,0,7.5833,Graduate
1,0,10,16,6,5.916666666666667,0,4,0.375,7,8,2,6.5,0,5,0.25,9,6.2083,Dropout
0,1,5,8,2,5.0,0,3,0.25,5,7,1,5.0,0,4,0.1429,7,5.0,Dropout
0,1,6,9,5,6.2,0,1,0.5556,6,11,1,5.5,0,5,0.0909,6,5.85,Dropout
0,1,6,13,2,6.75,0,4,0.1538,6,6,0,0.0,0,6,0.0,10,3.375,Dropout
0,1,5,8,3,6.0,1,2,0.375,5,9,3,6.333333333333333,0,2,0.3333,4,6.1667,Enrolled
0,1,7,14,6,5.372222222222222,1,1,0.4286,8,10,8,5.91875,0,0,0.8,1,5.6455,Enrolled
0,1,8,8,7,6.792857142857142,0,1,0.875,8,8,7,6.792857142857142,0,1,0.875,2,6.7929,Graduate
0,1,0,0,0,0.0,0,0,0.0,0,0,0,0.0,0,0,0.0,0,0.0,Graduate
0,1,8,8,7,6.162142857142856,0,1,0.875,8,8,7,6.162142857142856,0,1,0.875,2,6.1621,Graduate
0,0,5,14,1,6.0,2,4,0.0714,5,11,2,5.25,1,3,0.1818,7,5.625,Dropout
0,1,6,6,6,7.916666666666667,0,0,1.0,6,6,6,7.666666666666667,0,0,1.0,0,7.7917,Graduate
0,1,12,13,5,6.6,0,7,0.3846,12,12,4,6.75,0,8,0.3333,15,6.675,Dropout
1,1,5,5,5,7.2,0,0,1.0,5,5,5,7.0,0,0,1.0,0,7.1,Dropout
0,1,6,9,0,0.0,0,6,0.0,6,8,1,5.0,1,5,0.125,11,2.5,Dropout
0,1,7,7,7,6.071428571428571,0,0,1.0,7,7,7,6.428571428571429,0,0,1.0,0,6.25,Graduate
0,1,7,10,7,5.944444444444445,0,0,0.7,8,10,8,5.978125,0,0,0.8,0,5.9613,Graduate
0,1,12,20,10,6.35,0,2,0.5,12,14,11,6.090909090909091,0,1,0.7857,3,6.2205,Graduate
0,1,5,13,1,5.5,0,4,0.0769,5,11,1,5.0,0,4,0.0909,8,5.25,Enrolled
0,1,5,5,4,6.25,0,1,0.8,5,5,4,7.125,0,1,0.8,2,6.6875,Graduate
1,0,6,6,0,0.0,0,6,0.0,6,6,0,0.0,0,6,0.0,12,0.0,Dropout
0,1,6,0,0,0.0,0,6,0.0,6,0,0,0.0,0,6,0.0,12,0.0,Dropout
0,1,12,12,12,6.625,0,0,1.0,11,14,11,7.166666666666667,0,0,0.7857,0,6.8958,Graduate
0,1,14,24,8,6.25,2,6,0.3333,13,23,10,5.8,0,3,0.4348,9,6.025,Dropout
0,1,5,5,0,0.0,0,5,0.0,5,5,0,0.0,0,5,0.0,10,0.0,Dropout
0,1,6,9,5,6.6,0,1,0.5556,6,8,5,5.5,0,1,0.625,2,6.05,Graduate
1,1,6,10,6,5.928571428571429,0,0,0.6,6,9,5,5.5,0,1,0.5556,1,5.7143,Graduate
0,1,6,0,0,0.0,0,6,0.0,6,0,0,0.0,0,6,0.0,12,0.0,Dropout
0,1,6,8,5,5.5,0,1,0.625,6,9,5,5.7,0,1,0.5556,2,5.6,Graduate
0,1,6,11,5,5.3,0,1,0.4545,6,9,5,5.583333333333333,0,1,0.5556,2,5.4417,Enrolled
0,1,5,7,3,6.166666666666667,0,2,0.4286,5,7,4,5.125,0,1,0.5714,3,5.6458,Enrolled
0,1,6,6,6,6.916666666666667,0,0,1.0,6,7,0,0.0,0,6,0.0,6,3.4583,Dropout
0,1,6,6,6,6.083333333333333,0,0,1.0,6,8,6,6.333333333333333,0,0,0.75,0,6.2083,Graduate
0,1,10,19,8,5.8125,1,2,0.4211,10,16,10,5.590909090909091,3,0,0.625,2,5.7017,Graduate
0,1,0,0,0,0.0,0,0,0.0,0,0,0,0.0,0,0,0.0,0,0.0,Dropout
0,1,7,7,7,7.242857142857143,0,0,1.0,8,9,8,7.294444444444445,0,0,0.8889,0,7.2687,Graduate
0,1,15,16,14,5.464285714285714,0,1,0.875,14,16,12,5.916666666666667,0,2,0.75,3,5.6905,Dropout
0,1,7,9,7,5.928571428571429,0,0,0.7778,7,7,7,5.928571428571429,0,0,1.0,0,5.9286,Graduate
0,1,6,10,6,6.5,0,0,0.6,6,8,5,6.1,0,1,0.625,1,6.3,Graduate
0,1,7,10,5,6.31,0,2,0.5,7,8,6,6.25,0,1,0.75,3,6.28,Enrolled
0,1,6,7,6,6.583333333333333,0,0,0.8571,6,6,6,6.833333333333333,0,0,1.0,0,6.7083,Graduate
0,1,6,10,4,6.0,0,2,0.4,6,7,5,5.9,0,1,0.7143,3,5.95,Dropout
0,1,6,12,4,6.25,0,2,0.3333,6,13,2,6.333333333333333,0,4,0.1538,6,6.2917,Enrolled
0,1,8,8,7,6.382142857142857,0,1,0.875,8,8,7,6.382142857142857,0,1,0.875,2,6.3821,Graduate
0,1,6,11,4,6.625,0,2,0.3636,6,10,4,5.125,0,2,0.4,4,5.875,Dropout
0,1,6,6,6,6.833333333333333,0,0,1.0,6,6,6,6.0,0,0,1.0,0,6.4167,Graduate
0,1,6,14,5,5.833333333333333,0,1,0.3571,6,11,4,6.0,0,2,0.3636,3,5.9167,Enrolled
0,1,6,15,1,6.5,0,5,0.0667,6,8,4,5.625,0,2,0.5,7,6.0625,Enrolled
1,0,6,9,3,5.333333333333333,0,3,0.3333,6,12,0,0.0,0,6,0.0,9,2.6667,Dropout
0,1,6,8,5,5.7,1,1,0.625,6,7,4,5.375,0,2,0.5714,3,5.5375,Enrolled
1,1,6,8,6,5.785714285714286,0,0,0.75,6,9,6,5.785714285714286,0,0,0.6667,0,5.7857,Dropout
0,1,7,7,7,7.642857142857143,0,0,1.0,8,8,8,8.0375,0,0,1.0,0,7.8402,Graduate
0,1,8,8,8,6.25375,0,0,1.0,8,8,8,6.25375,0,0,1.0,0,6.2538,Graduate
0,1,0,0,0,0.0,0,0,0.0,0,0,0,0.0,0,0,0.0,0,0.0,Dropout
0,1,7,9,7,6.522222222222222,0,0,0.7778,8,10,8,6.7975,0,0,0.8,0,6.6599,Graduate
0,1,6,6,6,6.75,0,0,1.0,6,9,5,6.6,0,1,0.5556,1,6.675,Graduate
0,0,6,10,2,5.5,0,4,0.2,6,12,0,0.0,0,6,0.0,10,2.75,Dropout
0,1,6,6,6,5.5,0,0,1.0,6,8,4,6.375,0,2,0.5,2,5.9375,Graduate
0,1,6,7,6,8.285714285714286,0,0,0.8571,6,6,6,7.833333333333333,0,0,1.0,0,8.0595,Graduate
0,1,6,8,6,5.714285714285714,0,0,0.75,6,11,5,5.6,0,1,0.4545,1,5.6571,Graduate
0,1,7,9,6,6.166666666666667,0,1,0.6667,7,7,6,6.333333333333333,0,1,0.8571,2,6.25,Graduate
0,1,6,7,6,6.5,0,0,0.8571,6,6,6,6.5,0,0,1.0,0,6.5,Graduate
0,1,8,12,5,6.563,1,3,0.4167,8,12,5,6.563,1,3,0.4167,6,6.563,Enrolled
0,0,6,0,0,0.0,0,6,0.0,6,0,0,0.0,0,6,0.0,12,0.0,Dropout
0,1,6,9,1,5.0,0,5,0.1111,6,6,0,0.0,0,6,0.0,11,2.5,Dropout
0,1,6,8,6,6.142857142857143,0,0,0.75,6,6,6,6.5,0,0,1.0,0,6.3214,Graduate
0,1,6,6,6,6.833333333333333,0,0,1.0,6,6,6,7.25,0,0,1.0,0,7.0417,Graduate
0,1,16,24,13,5.346153846153846,1,3,0.5417,13,19,9,6.153846153846154,0,4,0.4737,7,5.75,Enrolled
0,0,6,12,4,5.625,0,2,0.3333,6,12,3,5.666666666666667,0,3,0.25,5,5.6458,Dropout
0,1,10,18,6,5.583333333333333,2,4,0.3333,10,16,7,5.285714285714286,0,3,0.4375,7,5.4345,Enrolled
0,1,7,7,6,6.558333333333334,0,1,0.8571,7,7,6,6.558333333333334,0,1,0.8571,2,6.5583,Graduate
0,1,15,26,14,5.233333333333334,0,1,0.5385,12,16,12,5.461538461538462,0,0,0.75,1,5.3474,Graduate
0,1,7,8,6,6.635714285714286,0,1,0.75,8,8,7,7.235714285714286,0,1,0.875,2,6.9357,Graduate
0,1,6,8,6,6.357142857142857,0,0,0.75,6,9,6,6.75,0,0,0.6667,0,6.5536,Graduate
0,1,0,0,0,0.0,0,0,0.0,0,0,0,0.0,0,0,0.0,0,0.0,Dropout
0,1,5,5,5,6.6,0,0,1.0,5,6,5,7.416666666666667,0,0,0.8333,0,7.0083,Graduate
0,1,5,13,3,5.666666666666667,2,2,0.2308,5,8,5,6.3,0,0,0.625,2,5.9833,Enrolled
0,1,6,9,6,7.38888888888889,0,0,0.6667,6,11,5,6.1,0,1,0.4545,1,6.7444,Graduate
0,1,7,7,7,6.72142857142857,0,0,1.0,8,9,8,6.872222222222222,0,0,0.8889,0,6.7968,Graduate
1,1,12,17,6,6.083333333333333,0,6,0.3529,12,14,10,6.65,0,2,0.7143,8,6.3667,Dropout
0,1,5,9,4,5.5,0,1,0.4444,5,8,3,5.333333333333333,0,2,0.375,3,5.4167,Enrolled
0,1,6,10,6,6.166666666666667,0,0,0.6,6,9,4,6.5,0,2,0.4444,2,6.3333,Graduate
0,1,6,6,6,6.75,0,0,1.0,6,6,6,7.083333333333333,0,0,1.0,0,6.9167,Graduate
0,1,0,0,0,0.0,0,0,0.0,0,0,0,0.0,0,0,0.0,0,0.0,Graduate
0,1,7,7,7,7.378571428571428,0,0,1.0,8,9,8,7.683333333333334,0,0,0.8889,0,7.531,Graduate
0,1,16,17,16,7.0625,0,0,0.9412,11,14,10,6.5,0,1,0.7143,1,6.7812,Graduate
0,1,5,5,5,7.9,0,0,1.0,5,5,5,7.4,0,0,1.0,0,7.65,Graduate
0,1,7,7,7,7.007142857142857,0,0,1.0,8,8,8,7.675,0,0,1.0,0,7.3411,Graduate
0,1,5,7,4,5.75,0,1,0.5714,5,5,5,6.2,0,0,1.0,1,5.975,Graduate
1,1,6,6,6,5.833333333333333,0,0,1.0,6,6,6,6.166666666666667,0,0,1.0,0,6.0,Graduate
1,1,5,10,1,5.5,0,4,0.1,5,10,1,5.0,0,4,0.1,8,5.25,Enrolled
0,1,6,7,6,7.785714285714286,0,0,0.8571,6,6,6,8.583333333333334,0,0,1.0,0,8.1845,Graduate
0,1,6,6,5,6.3,0,1,0.8333,6,8,6,6.0,0,0,0.75,1,6.15,Graduate
0,1,7,9,7,6.285714285714286,0,0,0.7778,7,8,7,7.214285714285714,0,0,0.875,0,6.75,Graduate
0,1,6,6,6,6.5,0,0,1.0,6,7,6,6.571428571428571,0,0,0.8571,0,6.5357,Dropout
0,1,10,11,9,6.333333333333333,0,1,0.8182,7,7,7,6.214285714285714,1,0,1.0,1,6.2738,Graduate
0,1,17,19,11,6.454545454545454,0,6,0.5789,13,15,9,6.777777777777778,0,4,0.6,10,6.6162,Enrolled
0,1,6,11,4,5.875,0,2,0.3636,6,9,5,5.2,0,1,0.5556,3,5.5375,Graduate
0,1,7,13,6,5.428571428571429,0,1,0.4615,7,7,7,5.928571428571429,0,0,1.0,1,5.6786,Enrolled
0,1,5,7,4,5.7,0,1,0.5714,5,5,4,5.625,0,1,0.8,2,5.6625,Graduate
0,1,7,7,7,7.6,0,0,1.0,8,8,8,8.2875,0,0,1.0,0,7.9437,Graduate
0,1,7,7,7,7.15357142857143,0,0,1.0,8,8,8,7.50625,0,0,1.0,0,7.3299,Graduate
0,1,12,18,11,6.5,0,1,0.6111,13,22,8,5.9375,0,5,0.3636,6,6.2188,Dropout
0,1,5,11,2,5.25,2,3,0.1818,5,9,0,0.0,3,5,0.0,8,2.625,Dropout
0,1,5,0,0,0.0,0,5,0.0,5,0,0,0.0,0,5,0.0,10,0.0,Dropout
0,0,6,6,6,7.25,0,0,1.0,6,6,6,7.583333333333333,0,0,1.0,0,7.4167,Graduate
0,1,6,9,2,6.0,0,4,0.2222,6,10,3,6.333333333333333,0,3,0.3,7,6.1667,Dropout
0,1,7,0,0,0.0,0,7,0.0,8,0,0,0.0,0,8,0.0,15,0.0,Dropout
0,1,8,8,7,6.921428571428572,0,1,0.875,8,8,7,6.921428571428572,0,1,0.875,2,6.9214,Graduate
0,0,6,6,0,0.0,0,6,0.0,6,9,0,0.0,0,6,0.0,12,0.0,Dropout
0,1,7,9,7,6.303125,0,0,0.7778,8,12,6,5.95,0,2,0.5,2,6.1266,Graduate
0,1,6,9,6,5.083333333333333,0,0,0.6667,6,10,6,5.25,0,0,0.6,0,5.1667,Graduate
1,0,7,13,1,8.0,0,6,0.0769,7,12,0,0.0,0,7,0.0,13,4.0,Dropout
0,0,5,6,3,6.0,0,2,0.5,5,5,4,6.375,0,1,0.8,3,6.1875,Dropout
0,1,6,0,0,0.0,0,6,0.0,6,0,0,0.0,0,6,0.0,12,0.0,Dropout
0,1,0,0,0,0.0,0,0,0.0,0,0,0,0.0,0,0,0.0,0,0.0,Graduate
1,0,6,7,0,0.0,0,6,0.0,6,7,0,0.0,0,6,0.0,12,0.0,Dropout
0,1,7,7,7,8.45,0,0,1.0,8,9,8,8.18888888888889,0,0,0.8889,0,8.3194,Graduate
0,1,6,6,6,6.583333333333333,0,0,1.0,6,8,5,7.1,0,1,0.625,1,6.8417,Dropout
0,1,0,0,0,0.0,0,0,0.0,0,0,0,0.0,0,0,0.0,0,0.0,Enrolled
0,1,5,13,1,5.0,0,4,0.0769,5,5,1,5.0,0,4,0.2,8,5.0,Dropout
0,1,7,7,7,7.978571428571428,0,0,1.0,8,9,8,7.594444444444444,0,0,0.8889,0,7.7865,Graduate
0,1,5,5,5,6.6,0,0,1.0,5,6,4,6.25,0,1,0.6667,1,6.425,Graduate
1,0,0,0,0,0.0,0,0,0.0,0,0,0,0.0,0,0,0.0,0,0.0,Dropout
0,1,5,12,1,6.0,0,4,0.0833,5,9,1,5.5,4,4,0.1111,8,5.75,Dropout
0,1,5,12,4,5.357142857142857,0,1,0.3333,5,9,4,5.5,0,1,0.4444,2,5.4286,Graduate
0,1,6,7,6,6.857142857142857,0,0,0.8571,6,8,6,7.357142857142857,0,0,0.75,0,7.1071,Graduate
0,1,5,10,5,5.9,0,0,0.5,5,12,3,5.75,0,2,0.25,2,5.825,Enrolled
1,1,6,6,6,6.083333333333333,0,0,1.0,6,7,6,5.833333333333333,0,0,0.8571,0,5.9583,Graduate
0,1,8,8,7,7.785,0,1,0.875,8,8,7,7.785,0,1,0.875,2,7.785,Dropout
0,1,6,8,3,6.166666666666667,0,3,0.375,6,11,2,5.25,0,4,0.1818,7,5.7083,Dropout
0,1,7,7,7,7.062857142857142,0,0,1.0,8,8,8,7.184375,0,0,1.0,0,7.1236,Graduate
0,1,8,9,8,6.61625,1,0,0.8889,8,9,8,6.61625,1,0,0.8889,0,6.6162,Graduate
0,1,2,5,0,0.0,0,2,0.0,4,4,0,0.0,0,4,0.0,6,0.0,Dropout
0,1,8,8,7,7.142857142857143,0,1,0.875,8,8,7,7.142857142857143,0,1,0.875,2,7.1429,Graduate
0,1,5,8,2,5.25,0,3,0.25,5,10,0,0.0,0,5,0.0,8,2.625,Dropout
0,1,7,8,7,6.599285714285714,0,0,0.875,8,8,8,6.53125,0,0,1.0,0,6.5653,Graduate
0,1,7,9,5,6.3,0,2,0.5556,9,10,8,6.375,1,1,0.8,3,6.3375,Dropout
0,1,5,5,5,5.8,0,0,1.0,5,12,4,6.3125,0,1,0.3333,1,6.0563,Graduate
1,0,7,7,5,6.0,0,2,0.7143,7,7,3,5.833333333333333,0,4,0.4286,6,5.9167,Dropout
0,1,5,6,5,7.1,0,0,0.8333,5,5,2,6.75,0,3,0.4,3,6.925,Enrolled
0,1,5,6,5,6.666666666666667,0,0,0.8333,5,7,4,7.4,0,1,0.5714,1,7.0333,Graduate
0,1,8,8,7,7.057857142857144,0,1,0.875,8,8,7,7.057857142857144,0,1,0.875,2,7.0579,Graduate
0,1,6,6,6,6.833333333333333,0,0,1.0,6,6,5,7.0,0,1,0.8333,1,6.9167,Graduate
0,1,6,6,6,6.833333333333333,0,0,1.0,6,7,6,6.5,0,0,0.8571,0,6.6667,Graduate
0,1,5,5,5,7.0,0,0,1.0,5,5,5,6.9,0,0,1.0,0,6.95,Graduate
0,0,6,7,6,7.416666666666667,0,0,0.8571,6,8,6,6.25,0,0,0.75,0,6.8333,Enrolled
0,1,7,7,3,6.916666666666667,1,4,0.4286,7,7,0,0.0,0,7,0.0,11,3.4583,Dropout
0,1,6,9,6,6.785714285714286,0,0,0.6667,6,10,5,6.8,0,1,0.5,1,6.7929,Enrolled
0,1,5,10,1,7.0,0,4,0.1,5,10,1,7.0,0,4,0.1,8,7.0,Enrolled
0,1,6,8,6,5.75,0,0,0.75,6,7,6,6.166666666666667,0,0,0.8571,0,5.9583,Graduate
0,1,6,6,6,6.416666666666667,0,0,1.0,6,8,6,5.916666666666667,0,0,0.75,0,6.1667,Graduate
0,1,6,10,4,5.625,0,2,0.4,6,6,6,5.25,0,0,1.0,2,5.4375,Enrolled
0,1,6,8,5,6.4,0,1,0.625,6,9,5,6.4,0,1,0.5556,2,6.4,Enrolled
0,1,6,6,6,6.416666666666667,0,0,1.0,6,8,6,6.416666666666667,0,0,0.75,0,6.4167,Graduate
0,1,6,10,5,6.3,0,1,0.5,6,7,5,5.6,0,1,0.7143,2,5.95,Graduate
0,1,5,7,3,5.666666666666667,0,2,0.4286,5,5,4,5.625,0,1,0.8,3,5.6458,Dropout
0,1,6,10,4,5.0,0,2,0.4,6,11,3,6.0,0,3,0.2727,5,5.5,Enrolled
0,1,7,8,7,6.5875,0,0,0.875,8,8,8,7.4375,0,0,1.0,0,7.0125,Graduate
0,1,6,6,6,7.25,0,0,1.0,6,6,6,6.416666666666667,0,0,1.0,0,6.8333,Dropout
0,1,5,6,4,7.0,0,1,0.6667,5,5,5,6.9,0,0,1.0,1,6.95,Enrolled
0,1,10,10,10,6.5,0,0,1.0,11,11,10,5.7,0,1,0.9091,1,6.1,Dropout
1,0,6,17,2,7.25,2,4,0.1176,6,13,0,0.0,1,6,0.0,10,3.625,Dropout
0,1,5,5,4,5.5,0,1,0.8,5,5,4,5.5,0,1,0.8,2,5.5,Graduate
0,1,6,8,6,7.214285714285714,0,0,0.75,6,12,4,7.8,0,2,0.3333,2,7.5071,Enrolled
0,1,6,6,6,6.416666666666667,0,0,1.0,6,7,6,6.142857142857143,0,0,0.8571,0,6.2798,Graduate
0,0,5,8,2,5.25,0,3,0.25,5,8,2,6.166666666666667,0,3,0.25,6,5.7083,Dropout
1,0,6,7,6,6.714285714285714,0,0,0.8571,6,8,6,5.666666666666667,0,0,0.75,0,6.1905,Dropout
0,1,8,8,7,6.342857142857142,0,1,0.875,8,8,7,6.342857142857142,0,1,0.875,2,6.3429,Graduate
0,1,6,7,6,7.571428571428571,0,0,0.8571,6,6,6,7.916666666666667,0,0,1.0,0,7.744,Graduate
0,1,5,6,3,5.833333333333333,0,2,0.5,5,6,4,6.75,0,1,0.6667,3,6.2917,Enrolled
0,1,6,6,6,5.916666666666667,0,0,1.0,6,6,6,6.25,0,0,1.0,0,6.0833,Enrolled
0,1,6,11,5,5.571428571428571,0,1,0.4545,6,9,6,5.785714285714286,0,0,0.6667,1,5.6786,Graduate
0,1,6,7,5,6.7,0,1,0.7143,6,6,5,6.4,0,1,0.8333,2,6.55,Graduate
0,1,6,10,6,5.714285714285714,0,0,0.6,6,12,5,6.5,0,1,0.4167,1,6.1071,Enrolled
0,1,6,7,4,6.3,0,2,0.5714,6,6,4,6.5,0,2,0.6667,4,6.4,Dropout
0,1,6,6,4,6.125,0,2,0.6667,5,5,0,0.0,0,5,0.0,7,3.0625,Dropout
1,0,5,12,2,6.5,1,3,0.1667,5,13,2,5.75,0,3,0.1538,6,6.125,Dropout
0,1,8,8,7,6.928571428571429,0,1,0.875,8,8,7,6.928571428571429,0,1,0.875,2,6.9286,Graduate
0,1,7,7,6,6.691666666666666,0,1,0.8571,7,7,6,6.691666666666666,0,1,0.8571,2,6.6917,Graduate
1,1,5,9,4,6.25,0,1,0.4444,5,11,5,5.642857142857143,0,0,0.4545,1,5.9464,Enrolled
0,1,7,7,7,7.434285714285714,0,0,1.0,8,9,8,7.555555555555555,0,0,0.8889,0,7.4949,Graduate
0,1,6,12,5,6.2,0,1,0.4167,6,11,2,7.5,0,4,0.1818,5,6.85,Enrolled
1,1,7,8,7,7.5,0,0,0.875,7,7,7,7.285714285714286,0,0,1.0,0,7.3929,Graduate
0,1,6,11,2,6.0,1,4,0.1818,6,12,1,5.0,1,5,0.0833,9,5.5,Dropout
0,0,6,0,0,0.0,0,6,0.0,6,0,0,0.0,0,6,0.0,12,0.0,Dropout
0,1,5,8,3,5.5,0,2,0.375,5,11,3,6.0,0,2,0.2727,4,5.75,Enrolled
0,0,8,12,2,5.75,2,6,0.1667,7,9,0,0.0,0,7,0.0,13,2.875,Dropout
0,1,5,11,2,5.25,0,3,0.1818,5,13,0,0.0,0,5,0.0,8,2.625,Dropout
0,1,7,7,7,6.771428571428572,0,0,1.0,8,9,8,7.11111111111111,0,0,0.8889,0,6.9413,Graduate
0,1,6,6,6,7.333333333333333,0,0,1.0,6,6,6,6.75,0,0,1.0,0,7.0417,Graduate
0,1,5,9,2,5.833333333333333,0,3,0.2222,5,9,2,6.25,2,3,0.2222,6,6.0417,Enrolled
0,1,5,0,0,0.0,0,5,0.0,5,0,0,0.0,0,5,0.0,10,0.0,Dropout
0,1,7,0,0,0.0,0,7,0.0,8,0,0,0.0,0,8,0.0,15,0.0,Dropout
0,1,5,12,5,5.2,0,0,0.4167,5,11,5,6.0,0,0,0.4545,0,5.6,Graduate
0,1,6,8,6,6.642857142857143,0,0,0.75,6,16,6,5.9,0,0,0.375,0,6.2714,Graduate
0,1,3,3,0,0.0,3,3,0.0,5,0,0,0.0,0,5,0.0,8,0.0,Dropout
0,1,6,0,0,0.0,0,6,0.0,6,0,0,0.0,0,6,0.0,12,0.0,Dropout
0,1,5,0,0,0.0,0,5,0.0,5,0,0,0.0,0,5,0.0,10,0.0,Dropout
0,1,5,10,0,0.0,0,5,0.0,5,11,1,6.0,3,4,0.0909,9,3.0,Dropout
1,0,6,11,4,6.25,0,2,0.3636,6,18,2,5.75,0,4,0.1111,6,6.0,Enrolled
0,1,6,14,5,6.2,0,1,0.3571,6,10,5,5.8,0,1,0.5,2,6.0,Graduate
0,1,6,8,6,5.714285714285714,0,0,0.75,6,7,6,5.5,0,0,0.8571,0,5.6071,Dropout
0,1,6,6,6,6.666666666666667,0,0,1.0,6,10,5,6.4,0,1,0.5,1,6.5333,Graduate
1,1,5,5,5,6.4,0,0,1.0,5,5,5,6.5,0,0,1.0,0,6.45,Graduate
0,1,7,15,5,6.2,0,2,0.3333,8,14,7,6.075,0,1,0.5,3,6.1375,Enrolled
0,1,6,12,4,6.25,0,2,0.3333,6,12,4,5.125,0,2,0.3333,4,5.6875,Dropout
0,1,6,7,6,5.833333333333333,0,0,0.8571,6,12,5,5.1,0,1,0.4167,1,5.4667,Graduate
1,0,5,5,0,0.0,0,5,0.0,5,5,0,0.0,0,5,0.0,10,0.0,Dropout
0,1,8,8,7,7.27,0,1,0.875,8,8,7,7.27,0,1,0.875,2,7.27,Graduate
0,1,11,13,11,6.727272727272728,0,0,0.8462,11,13,7,6.214285714285714,0,4,0.5385,4,6.4708,Graduate
1,0,5,5,5,5.6,0,0,1.0,5,5,5,6.3,0,0,1.0,0,5.95,Dropout
0,1,8,13,8,6.875,0,0,0.6154,6,9,6,6.25,0,0,0.6667,0,6.5625,Graduate
1,1,6,7,6,8.214285714285714,0,0,0.8571,6,7,6,8.333333333333334,0,0,0.8571,0,8.2738,Dropout
0,1,6,8,6,6.416666666666667,0,0,0.75,6,6,6,6.083333333333333,0,0,1.0,0,6.25,Graduate
0,1,5,11,4,6.8,2,1,0.3636,5,9,4,6.1,0,1,0.4444,2,6.45,Graduate
0,1,6,7,6,7.833333333333333,0,0,0.8571,6,6,6,7.416666666666667,0,0,1.0,0,7.625,Graduate
0,1,6,6,6,6.416666666666667,0,0,1.0,6,10,6,5.583333333333333,0,0,0.6,0,6.0,Graduate
0,1,6,7,6,6.25,0,0,0.8571,6,7,6,6.25,0,0,0.8571,0,6.25,Graduate
0,1,6,6,6,6.5,0,0,1.0,6,6,6,6.833333333333333,0,0,1.0,0,6.6667,Graduate
0,0,6,10,3,6.333333333333333,0,3,0.3,6,7,0,0.0,0,6,0.0,9,3.1667,Dropout
0,1,5,5,0,0.0,0,5,0.0,5,5,0,0.0,0,5,0.0,10,0.0,Dropout
0,1,6,15,2,5.166666666666667,3,4,0.1333,6,13,3,6.666666666666667,0,3,0.2308,7,5.9167,Enrolled
0,1,6,8,5,6.1,0,1,0.625,6,7,6,6.0,0,0,0.8571,1,6.05,Graduate
0,1,5,7,3,5.333333333333333,0,2,0.4286,5,7,3,5.25,0,2,0.4286,4,5.2917,Dropout
0,1,5,8,2,5.0,0,3,0.25,5,8,1,8.0,0,4,0.125,7,6.5,Dropout
0,1,7,11,1,5.0,0,6,0.0909,7,7,1,6.5,0,6,0.1429,12,5.75,Dropout
1,1,6,10,6,6.4375,0,0,0.6,6,12,6,6.45,0,0,0.5,0,6.4437,Enrolled
0,1,6,11,6,5.1875,0,0,0.5455,6,12,3,5.833333333333333,0,3,0.25,3,5.5104,Enrolled
0,1,7,10,7,7.0875,0,0,0.7,8,14,6,6.515625,0,2,0.4286,2,6.8016,Graduate
0,1,6,7,5,6.8,0,1,0.7143,6,8,5,6.333333333333333,0,1,0.625,2,6.5667,Graduate
0,1,6,8,4,6.25,0,2,0.5,6,6,5,6.3,0,1,0.8333,3,6.275,Graduate
0,1,7,7,6,6.225,0,1,0.8571,7,7,6,6.225,0,1,0.8571,2,6.225,Graduate
0,1,6,8,5,6.6,0,1,0.625,6,6,6,5.666666666666667,0,0,1.0,1,6.1333,Graduate
0,1,6,7,6,6.416666666666667,1,0,0.8571,6,8,6,6.5,0,0,0.75,0,6.4583,Enrolled
0,1,6,6,6,6.666666666666667,0,0,1.0,6,7,6,7.0,0,0,0.8571,0,6.8333,Graduate
1,1,5,5,0,0.0,0,5,0.0,5,5,0,0.0,0,5,0.0,10,0.0,Dropout
0,1,5,5,5,6.7,0,0,1.0,5,6,5,6.1,0,0,0.8333,0,6.4,Graduate
0,1,7,8,7,6.80625,0,0,0.875,8,8,8,7.2875,0,0,1.0,0,7.0469,Graduate
0,1,6,6,6,5.75,0,0,1.0,6,7,6,6.642857142857143,0,0,0.8571,0,6.1964,Graduate
0,1,7,11,7,6.685,0,0,0.6364,8,13,7,6.416666666666667,0,1,0.5385,1,6.5508,Graduate
0,1,6,9,6,6.722222222222222,0,0,0.6667,6,9,5,6.3,0,1,0.5556,1,6.5111,Graduate
0,1,5,12,1,5.0,0,4,0.0833,5,10,0,0.0,0,5,0.0,9,2.5,Dropout
0,1,5,8,5,6.375,0,0,0.625,5,7,5,5.75,0,0,0.7143,0,6.0625,Graduate
0,1,6,6,6,6.083333333333333,0,0,1.0,6,9,6,6.833333333333333,0,0,0.6667,0,6.4583,Graduate
0,1,6,10,5,6.0,0,1,0.5,6,11,5,6.166666666666667,0,1,0.4545,2,6.0833,Graduate
0,0,5,5,0,0.0,0,5,0.0,5,5,0,0.0,0,5,0.0,10,0.0,Dropout
0,1,0,0,0,0.0,0,0,0.0,0,0,0,0.0,0,0,0.0,0,0.0,Dropout
0,0,5,8,2,5.75,0,3,0.25,5,7,2,5.25,0,3,0.2857,6,5.5,Dropout
0,1,0,0,0,0.0,0,0,0.0,0,0,0,0.0,0,0,0.0,0,0.0,Dropout
0,1,8,8,8,6.62875,0,0,1.0,8,8,8,6.62875,0,0,1.0,0,6.6288,Graduate
0,1,7,11,6,6.2,0,1,0.5455,7,8,6,6.4,0,1,0.75,2,6.3,Graduate
0,1,6,6,6,6.916666666666667,0,0,1.0,6,6,6,7.75,0,0,1.0,0,7.3333,Graduate
0,1,6,8,6,6.083333333333333,0,0,0.75,6,6,6,6.75,0,0,1.0,0,6.4167,Graduate
0,1,5,5,5,6.0,0,0,1.0,5,7,5,5.7,0,0,0.7143,0,5.85,Graduate
0,1,6,10,5,5.666666666666667,0,1,0.5,6,14,2,5.75,0,4,0.1429,5,5.7083,Enrolled
0,1,5,8,5,5.5,0,0,0.625,5,7,5,5.7,0,0,0.7143,0,5.6,Enrolled
0,1,6,0,0,0.0,0,6,0.0,6,0,0,0.0,0,6,0.0,12,0.0,Dropout
0,1,7,7,7,6.491428571428571,0,0,1.0,8,8,8,7.23125,0,0,1.0,0,6.8613,Graduate
0,1,6,6,6,6.416666666666667,0,0,1.0,6,7,6,6.166666666666667,0,0,0.8571,0,6.2917,Graduate
0,1,17,19,13,5.821428571428571,0,4,0.6842,17,25,12,5.625,0,5,0.48,9,5.7232,Dropout
1,1,13,21,11,5.954545454545454,0,2,0.5238,11,14,11,5.363636363636364,0,0,0.7857,2,5.6591,Graduate
0,1,7,8,7,6.543571428571428,0,0,0.875,8,8,8,6.475,0,0,1.0,0,6.5093,Graduate
0,1,7,11,4,6.625,0,3,0.3636,7,9,5,6.91,0,2,0.5556,5,6.7675,Enrolled
0,1,5,10,4,5.5,0,1,0.4,5,7,4,5.75,0,1,0.5714,2,5.625,Enrolled
0,1,10,12,8,6.4375,0,2,0.6667,9,14,5,6.7,0,4,0.3571,6,6.5687,Dropout
0,1,6,10,5,5.357142857142857,0,1,0.5,6,10,5,6.1,0,1,0.5,2,5.7286,Graduate
0,1,5,0,0,0.0,0,5,0.0,5,0,0,0.0,0,5,0.0,10,0.0,Dropout
0,1,6,7,6,6.0,0,0,0.8571,6,7,6,6.0,0,0,0.8571,0,6.0,Graduate
0,1,7,13,7,6.1875,0,0,0.5385,7,8,4,5.625,0,3,0.5,3,5.9062,Dropout
0,1,6,9,6,5.75,0,0,0.6667,6,11,5,7.0,0,1,0.4545,1,6.375,Graduate
0,1,6,7,6,6.0,0,0,0.8571,6,6,6,6.25,0,0,1.0,0,6.125,Graduate
0,1,6,15,3,7.2,0,3,0.2,6,20,0,0.0,0,6,0.0,9,3.6,Dropout
1,0,6,11,0,0.0,0,6,0.0,5,6,0,0.0,0,5,0.0,11,0.0,Dropout
0,1,6,8,6,6.583333333333333,0,0,0.75,6,8,5,6.3,0,1,0.625,1,6.4417,Enrolled
1,1,6,0,0,0.0,0,6,0.0,6,0,0,0.0,0,6,0.0,12,0.0,Dropout
0,1,12,12,3,6.0,0,9,0.25,12,16,5,5.9,0,7,0.3125,16,5.95,Dropout
0,1,6,6,6,7.75,0,0,1.0,6,7,6,6.083333333333333,0,0,0.8571,0,6.9167,Graduate
0,1,6,6,6,7.333333333333333,0,0,1.0,6,6,6,6.583333333333333,0,0,1.0,0,6.9583,Graduate
0,1,5,9,5,6.142857142857143,0,0,0.5556,5,8,5,5.5625,0,0,0.625,0,5.8527,Graduate
0,1,6,7,6,6.5,0,0,0.8571,6,15,4,6.4,0,2,0.2667,2,6.45,Graduate
0,1,7,8,6,6.625,0,1,0.75,8,8,8,6.875,0,0,1.0,1,6.75,Enrolled
0,1,5,15,3,5.4,0,2,0.2,5,6,3,5.25,0,2,0.5,4,5.325,Enrolled
0,1,11,14,11,6.375,0,0,0.7857,7,7,7,6.714285714285714,0,0,1.0,0,6.5446,Graduate
0,1,6,7,5,6.4,0,1,0.7143,6,6,6,6.166666666666667,0,0,1.0,1,6.2833,Graduate
0,1,6,7,6,7.214285714285714,0,0,0.8571,6,8,6,7.5,2,0,0.75,0,7.3571,Graduate
0,1,6,8,5,6.3,0,1,0.625,6,7,5,6.1,0,1,0.7143,2,6.2,Graduate
0,1,6,6,6,6.25,0,0,1.0,6,6,6,5.833333333333333,0,0,1.0,0,6.0417,Graduate
0,1,14,26,12,6.26304347826087,1,2,0.4615,14,26,12,6.26304347826087,1,2,0.4615,4,6.263,Graduate
0,1,8,8,7,6.665714285714286,0,1,0.875,8,8,7,6.665714285714286,0,1,0.875,2,6.6657,Graduate
0,1,12,21,11,5.75,0,1,0.5238,12,22,12,5.71875,0,0,0.5455,1,5.7344,Enrolled
0,1,8,10,1,6.835,7,7,0.1,8,10,1,6.835,7,7,0.1,14,6.835,Enrolled
0,0,4,4,0,0.0,4,4,0.0,5,8,3,6.0,0,2,0.375,6,3.0,Dropout
0,1,6,8,6,5.642857142857143,0,0,0.75,6,10,5,6.1,0,1,0.5,1,5.8714,Enrolled
0,1,15,17,14,5.678571428571429,0,1,0.8235,14,15,13,6.423076923076924,0,1,0.8667,2,6.0508,Dropout
0,1,6,6,6,6.083333333333333,0,0,1.0,6,6,6,6.25,0,0,1.0,0,6.1667,Enrolled
1,1,6,7,5,5.7,0,1,0.7143,6,9,6,5.75,0,0,0.6667,1,5.725,Graduate
0,1,5,5,5,6.5,0,0,1.0,5,5,5,7.1,0,0,1.0,0,6.8,Graduate
1,0,10,23,6,5.714285714285714,0,4,0.2609,7,15,4,6.0,1,3,0.2667,7,5.8571,Dropout
0,1,6,6,6,5.916666666666667,0,0,1.0,6,8,4,5.375,2,2,0.5,2,5.6458,Graduate
0,1,6,0,0,0.0,0,6,0.0,6,0,0,0.0,0,6,0.0,12,0.0,Dropout
1,0,7,7,0,0.0,0,7,0.0,5,10,0,0.0,0,5,0.0,12,0.0,Dropout
0,1,6,6,6,6.333333333333333,0,0,1.0,6,8,5,5.7,0,1,0.625,1,6.0167,Graduate
0,1,5,6,5,6.3,0,0,0.8333,5,8,3,6.333333333333333,0,2,0.375,2,6.3167,Graduate
1,0,9,9,8,6.5625,0,1,0.8889,9,13,6,6.5,0,3,0.4615,4,6.5312,Enrolled
0,1,6,17,1,5.5,0,5,0.0588,6,19,0,0.0,0,6,0.0,11,2.75,Enrolled
1,1,5,11,4,6.25,2,1,0.3636,5,11,2,6.25,0,3,0.1818,4,6.25,Dropout
0,1,6,6,6,6.5,0,0,1.0,6,8,5,6.7,0,1,0.625,1,6.6,Graduate
0,1,6,11,4,6.125,0,2,0.3636,6,10,3,5.833333333333333,0,3,0.3,5,5.9792,Graduate
0,1,6,6,6,7.083333333333333,0,0,1.0,6,7,6,6.833333333333333,0,0,0.8571,0,6.9583,Graduate
0,1,6,13,2,6.0,0,4,0.1538,6,12,1,6.5,0,5,0.0833,9,6.25,Dropout
0,1,7,7,6,6.091666666666666,0,1,0.8571,7,7,6,6.091666666666666,0,1,0.8571,2,6.0917,Graduate
0,1,7,8,6,6.979166666666667,0,1,0.75,8,8,8,7.359375,0,0,1.0,1,7.1693,Graduate
0,1,8,8,7,6.756428571428571,0,1,0.875,8,8,7,6.756428571428571,0,1,0.875,2,6.7564,Graduate
0,1,5,7,4,5.625,0,1,0.5714,5,6,4,6.125,0,1,0.6667,2,5.875,Enrolled
0,1,6,11,1,6.0,0,5,0.0909,5,10,0,0.0,0,5,0.0,10,3.0,Enrolled
0,1,6,8,6,7.5625,0,0,0.75,6,10,6,7.3,0,0,0.6,0,7.4313,Graduate
0,1,6,9,6,6.333333333333333,0,0,0.6667,6,12,2,6.5,0,4,0.1667,4,6.4167,Enrolled
1,1,5,5,4,7.25,0,1,0.8,6,8,3,6.666666666666667,0,3,0.375,4,6.9583,Dropout
0,1,5,7,3,6.166666666666667,0,2,0.4286,5,5,0,0.0,0,5,0.0,7,3.0833,Dropout
0,1,6,6,6,7.083333333333333,0,0,1.0,6,6,6,7.0,0,0,1.0,0,7.0417,Graduate
0,1,11,15,8,6.8,0,3,0.5333,8,10,8,7.555555555555555,0,0,0.8,3,7.1778,Graduate
0,1,6,8,6,6.333333333333333,0,0,0.75,6,7,6,6.357142857142857,0,0,0.8571,0,6.3452,Graduate
0,1,5,7,3,6.333333333333333,1,2,0.4286,5,12,2,6.25,0,3,0.1667,5,6.2917,Enrolled
0,1,6,8,5,5.5,0,1,0.625,6,9,5,6.5,0,1,0.5556,2,6.0,Graduate
0,1,7,7,7,6.899285714285715,0,0,1.0,8,8,8,7.378125,0,0,1.0,0,7.1387,Graduate
1,1,6,9,5,6.8,0,1,0.5556,6,10,4,5.875,0,2,0.4,3,6.3375,Enrolled
0,1,6,19,0,0.0,0,6,0.0,6,6,0,0.0,0,6,0.0,12,0.0,Dropout
0,1,7,7,6,7.133333333333333,0,1,0.8571,7,7,6,7.133333333333333,0,1,0.8571,2,7.1333,Graduate
0,1,7,7,7,7.286428571428571,0,0,1.0,8,9,8,7.477777777777778,0,0,0.8889,0,7.3821,Graduate
1,1,6,6,6,6.333333333333333,0,0,1.0,6,6,6,7.0,0,0,1.0,0,6.6667,Graduate
0,1,5,7,2,5.0,1,3,0.2857,5,9,1,6.0,0,4,0.1111,7,5.5,Enrolled
0,1,8,8,8,5.8125,0,0,1.0,7,12,5,5.6,0,2,0.4167,2,5.7062,Graduate
0,1,6,9,6,6.857142857142857,0,0,0.6667,6,13,5,7.166666666666667,0,1,0.3846,1,7.0119,Dropout
1,1,6,13,6,5.428571428571429,0,0,0.4615,6,10,4,5.5,0,2,0.4,2,5.4643,Dropout
0,1,7,8,7,6.69375,0,0,0.875,8,8,8,7.95,0,0,1.0,0,7.3219,Graduate
0,1,6,7,6,6.333333333333333,0,0,0.8571,6,8,4,6.125,0,2,0.5,2,6.2292,Enrolled
0,1,8,8,7,5.994285714285715,0,1,0.875,8,8,7,5.994285714285715,0,1,0.875,2,5.9943,Graduate
0,1,6,8,6,5.833333333333333,0,0,0.75,6,9,4,6.0,0,2,0.4444,2,5.9167,Dropout
0,1,8,8,0,0.0,8,8,0.0,8,8,0,0.0,8,8,0.0,16,0.0,Enrolled
0,1,6,6,0,0.0,0,6,0.0,6,6,0,0.0,0,6,0.0,12,0.0,Dropout
1,1,5,9,5,6.6,2,0,0.5556,5,7,2,6.25,2,3,0.2857,3,6.425,Enrolled
0,1,5,7,4,6.5,0,1,0.5714,5,8,3,6.166666666666667,0,2,0.375,3,6.3333,Graduate
0,1,6,6,6,7.0,0,0,1.0,6,9,5,6.9,0,1,0.5556,1,6.95,Graduate
0,1,0,0,0,0.0,0,0,0.0,0,0,0,0.0,0,0,0.0,0,0.0,Dropout
0,1,5,5,5,6.5,0,0,1.0,5,5,5,6.6,0,0,1.0,0,6.55,Graduate
0,1,8,8,8,7.125,0,0,1.0,8,8,8,7.125,0,0,1.0,0,7.125,Graduate
0,1,8,8,7,7.007142857142857,0,1,0.875,8,8,7,7.007142857142857,0,1,0.875,2,7.0071,Enrolled
0,1,6,0,0,0.0,0,6,0.0,6,0,0,0.0,0,6,0.0,12,0.0,Dropout
1,1,6,8,6,6.3125,0,0,0.75,6,6,6,7.083333333333333,0,0,1.0,0,6.6979,Graduate
0,1,5,7,0,0.0,0,5,0.0,5,8,1,5.5,0,4,0.125,9,2.75,Enrolled
0,1,8,8,7,6.164285714285714,0,1,0.875,8,8,7,6.164285714285714,0,1,0.875,2,6.1643,Graduate
1,1,5,8,2,5.25,0,3,0.25,5,5,0,0.0,0,5,0.0,8,2.625,Dropout
0,1,5,11,4,5.375,0,1,0.3636,5,11,4,5.666666666666667,0,1,0.3636,2,5.5208,Dropout
0,1,6,7,5,6.4,0,1,0.7143,6,10,4,6.1,0,2,0.4,3,6.25,Graduate
0,1,9,10,9,6.61111111111111,0,0,0.9,7,8,7,6.571428571428571,0,0,0.875,0,6.5913,Graduate
0,1,6,8,5,6.8,0,1,0.625,6,7,5,6.5,0,1,0.7143,2,6.65,Enrolled
0,0,5,8,3,7.333333333333333,2,2,0.375,5,7,2,6.5,2,3,0.2857,5,6.9167,Dropout
0,1,6,10,3,6.0,0,3,0.3,6,8,4,5.125,0,2,0.5,5,5.5625,Enrolled
0,1,5,7,4,6.2,0,1,0.5714,5,9,5,6.333333333333333,0,0,0.5556,1,6.2667,Graduate
0,1,8,8,7,6.420714285714285,0,1,0.875,8,8,7,6.420714285714285,0,1,0.875,2,6.4207,Graduate
0,1,6,8,6,6.125,0,0,0.75,6,7,6,5.928571428571429,0,0,0.8571,0,6.0268,Graduate
1,0,6,7,5,6.1,0,1,0.7143,6,11,4,5.75,0,2,0.3636,3,5.925,Dropout
0,1,5,12,2,6.75,0,3,0.1667,5,12,5,5.642857142857143,1,0,0.4167,3,6.1964,Graduate
0,1,6,8,6,6.0,0,0,0.75,6,7,6,5.857142857142857,0,0,0.8571,0,5.9286,Graduate
0,1,6,7,6,6.416666666666667,0,0,0.8571,6,8,6,6.428571428571429,0,0,0.75,0,6.4226,Graduate
0,1,6,7,5,6.1,0,1,0.7143,6,6,6,6.166666666666667,0,0,1.0,1,6.1333,Graduate
0,1,5,9,4,6.0,0,1,0.4444,5,10,2,5.5,0,3,0.2,4,5.75,Enrolled
0,1,6,7,6,6.25,0,0,0.8571,6,15,5,6.2,0,1,0.3333,1,6.225,Graduate
1,0,5,5,0,0.0,0,5,0.0,5,6,0,0.0,0,5,0.0,10,0.0,Dropout
0,1,5,6,4,5.5,0,1,0.6667,5,9,4,6.928571428571429,0,1,0.4444,2,6.2143,Enrolled
1,1,0,0,0,0.0,0,0,0.0,0,0,0,0.0,0,0,0.0,0,0.0,Enrolled
0,1,6,8,6,6.5,0,0,0.75,6,18,2,6.0,0,4,0.1111,4,6.25,Enrolled
0,1,6,9,6,6.333333333333333,0,0,0.6667,6,8,5,6.4,0,1,0.625,1,6.3667,Graduate
0,1,6,7,6,8.25,0,0,0.8571,6,8,6,7.142857142857143,0,0,0.75,0,7.6964,Graduate
0,1,5,5,0,0.0,0,5,0.0,5,5,0,0.0,0,5,0.0,10,0.0,Dropout
0,1,6,6,6,6.25,0,0,1.0,6,6,6,5.75,0,0,1.0,0,6.0,Graduate
0,0,6,13,4,5.625,0,2,0.3077,6,12,0,0.0,1,6,0.0,8,2.8125,Dropout
0,0,0,0,0,0.0,0,0,0.0,0,0,0,0.0,0,0,0.0,0,0.0,Dropout
0,0,5,11,2,5.666666666666667,0,3,0.1818,5,9,1,6.0,0,4,0.1111,7,5.8333,Dropout
0,1,8,8,7,7.157142857142858,0,1,0.875,8,8,7,7.157142857142858,0,1,0.875,2,7.1571,Graduate
0,1,7,12,4,6.425,0,3,0.3333,7,7,7,6.310714285714285,0,0,1.0,3,6.3679,Enrolled
0,1,6,13,6,6.5,0,0,0.4615,6,15,6,6.125,0,0,0.4,0,6.3125,Graduate
0,1,6,7,6,6.75,0,0,0.8571,6,8,6,6.25,0,0,0.75,0,6.5,Graduate
0,1,6,8,4,5.5,0,2,0.5,6,6,0,0.0,0,6,0.0,8,2.75,Dropout
0,1,6,6,6,6.916666666666667,0,0,1.0,6,6,6,6.833333333333333,0,0,1.0,0,6.875,Graduate
0,1,6,6,6,6.666666666666667,0,0,1.0,6,10,5,7.25,0,1,0.5,1,6.9583,Graduate
0,1,5,8,4,5.7,0,1,0.5,5,7,4,5.5,0,1,0.5714,2,5.6,Graduate
1,1,6,6,3,6.333333333333333,0,3,0.5,6,11,4,5.571428571428571,0,2,0.3636,5,5.9524,Dropout
0,1,6,11,3,6.166666666666667,0,3,0.2727,6,10,5,5.416666666666667,0,1,0.5,4,5.7917,Enrolled
0,1,7,7,7,6.997857142857144,0,0,1.0,8,9,8,7.477777777777778,0,0,0.8889,0,7.2378,Graduate
0,1,6,10,5,5.8,0,1,0.5,6,6,6,6.0,0,0,1.0,1,5.9,Dropout
1,0,6,10,5,6.25,0,1,0.5,6,19,2,6.75,0,4,0.1053,5,6.5,Dropout
0,1,5,7,5,5.8,0,0,0.7143,5,8,5,6.166666666666667,0,0,0.625,0,5.9833,Graduate
0,1,6,6,6,7.75,0,0,1.0,6,6,6,7.0,0,0,1.0,0,7.375,Graduate
0,1,6,6,6,6.916666666666667,0,0,1.0,6,6,6,7.25,0,0,1.0,0,7.0833,Graduate
0,1,8,8,7,6.107142857142857,0,1,0.875,8,8,7,6.107142857142857,0,1,0.875,2,6.1071,Graduate
0,1,5,8,5,6.4375,0,0,0.625,5,6,5,5.916666666666667,0,0,0.8333,0,6.1771,Graduate
0,1,7,7,6,7.075,0,1,0.8571,7,7,6,7.075,0,1,0.8571,2,7.075,Graduate
1,0,7,14,4,6.0,2,3,0.2857,6,16,0,0.0,1,6,0.0,9,3.0,Dropout
0,1,6,7,6,7.5,0,0,0.8571,6,8,3,5.5,0,3,0.375,3,6.5,Graduate
0,1,8,8,7,6.55,0,1,0.875,8,8,7,6.55,0,1,0.875,2,6.55,Graduate
0,1,6,6,6,6.416666666666667,0,0,1.0,6,6,6,6.0,0,0,1.0,0,6.2083,Graduate
0,1,6,6,6,6.666666666666667,0,0,1.0,6,6,6,7.083333333333333,0,0,1.0,0,6.875,Graduate
1,0,5,8,4,6.25,0,1,0.5,5,9,5,5.25,0,0,0.5556,1,5.75,Enrolled
0,1,18,20,18,5.777777777777778,0,0,0.9,13,13,13,5.807692307692308,0,0,1.0,0,5.7927,Graduate
0,1,7,7,7,6.571428571428571,0,0,1.0,7,8,7,6.428571428571429,0,0,0.875,0,6.5,Graduate
0,1,9,9,9,6.555555555555555,0,0,1.0,7,10,7,5.857142857142857,0,0,0.7,0,6.2063,Graduate
0,1,6,6,5,6.6,0,1,0.8333,6,7,0,0.0,0,6,0.0,7,3.3,Dropout
0,1,6,10,6,5.416666666666667,0,0,0.6,6,10,4,5.5,0,2,0.4,2,5.4583,Enrolled
0,1,5,7,5,5.9,0,0,0.7143,5,8,4,6.2,2,1,0.5,1,6.05,Enrolled
0,1,5,8,4,6.0,0,1,0.5,5,8,4,6.125,0,1,0.5,2,6.0625,Enrolled
1,1,17,19,13,6.076923076923076,0,4,0.6842,17,28,11,5.954545454545454,1,6,0.3929,10,6.0157,Enrolled
0,1,6,10,5,5.7,0,1,0.5,6,9,4,6.875,0,2,0.4444,3,6.2875,Dropout
0,1,7,7,0,0.0,0,7,0.0,6,0,0,0.0,0,6,0.0,13,0.0,Dropout
0,0,6,6,6,7.0,0,0,1.0,6,6,6,6.833333333333333,0,0,1.0,0,6.9167,Graduate
0,1,5,10,4,6.75,1,1,0.4,5,5,5,6.7,0,0,1.0,1,6.725,Enrolled
0,0,5,9,3,5.666666666666667,0,2,0.3333,5,8,2,6.75,0,3,0.25,5,6.2083,Enrolled
1,1,6,9,5,6.666666666666667,0,1,0.5556,6,17,4,5.7,0,2,0.2353,3,6.1833,Enrolled
0,1,7,7,6,6.458333333333333,0,1,0.8571,7,7,6,6.458333333333333,0,1,0.8571,2,6.4583,Graduate
0,1,5,9,4,6.0,1,1,0.4444,5,6,5,6.7,0,0,0.8333,1,6.35,Graduate
0,1,7,8,6,6.865833333333334,0,1,0.75,8,10,7,6.885714285714286,0,1,0.7,2,6.8758,Dropout
0,1,5,5,3,7.0,0,2,0.6,5,7,3,6.333333333333333,0,2,0.4286,4,6.6667,Enrolled
0,1,6,9,5,6.0,0,1,0.5556,6,10,2,5.666666666666667,0,4,0.2,5,5.8333,Dropout
0,1,7,7,6,6.383333333333333,0,1,0.8571,7,7,6,6.383333333333333,0,1,0.8571,2,6.3833,Graduate
0,1,7,7,7,7.02857142857143,0,0,1.0,8,9,8,7.3,0,0,0.8889,0,7.1643,Graduate
0,1,6,10,2,5.25,0,4,0.2,6,13,0,0.0,0,6,0.0,10,2.625,Dropout
1,0,6,0,0,0.0,0,6,0.0,6,0,0,0.0,0,6,0.0,12,0.0,Dropout
0,1,6,7,6,7.642857142857143,0,0,0.8571,6,6,6,8.25,0,0,1.0,0,7.9464,Graduate
0,1,5,11,2,5.75,0,3,0.1818,5,10,3,6.0,0,2,0.3,5,5.875,Enrolled
0,1,7,7,6,6.695833333333333,0,1,0.8571,8,8,8,6.24375,0,0,1.0,1,6.4698,Graduate
0,0,6,13,4,5.5,0,2,0.3077,6,13,2,5.75,0,4,0.1538,6,5.625,Dropout
0,1,6,8,5,6.1,0,1,0.625,6,10,5,6.4,0,1,0.5,2,6.25,Graduate
0,1,5,14,4,5.5,0,1,0.2857,5,9,5,5.25,0,0,0.5556,1,5.375,Dropout
0,0,6,10,4,6.0,0,2,0.4,6,12,0,0.0,0,6,0.0,8,3.0,Dropout
0,1,6,6,6,6.5,0,0,1.0,6,6,6,7.083333333333333,0,0,1.0,0,6.7917,Graduate
0,1,8,8,7,7.282857142857144,0,1,0.875,8,8,7,7.282857142857144,0,1,0.875,2,7.2829,Graduate
0,1,6,10,4,7.125,1,2,0.4,6,8,5,6.0,0,1,0.625,3,6.5625,Enrolled
0,1,8,8,7,7.514285714285714,0,1,0.875,8,8,7,7.514285714285714,0,1,0.875,2,7.5143,Graduate
0,1,5,11,3,5.666666666666667,0,2,0.2727,5,9,4,6.0,0,1,0.4444,3,5.8333,Dropout
0,1,5,7,4,6.666666666666667,0,1,0.5714,5,9,4,5.8,1,1,0.4444,2,6.2333,Dropout
0,1,5,8,5,6.1875,0,0,0.625,5,7,5,5.833333333333333,0,0,0.7143,0,6.0104,Graduate
0,1,6,7,6,6.571428571428571,0,0,0.8571,6,6,6,7.166666666666667,0,0,1.0,0,6.869,Graduate
0,1,7,7,6,7.283333333333334,0,1,0.8571,7,7,6,7.283333333333334,0,1,0.8571,2,7.2833,Graduate
0,1,5,7,4,5.375,0,1,0.5714,5,7,3,5.666666666666667,0,2,0.4286,3,5.5208,Enrolled
0,1,7,0,0,0.0,0,7,0.0,8,0,0,0.0,0,8,0.0,15,0.0,Dropout
0,1,7,8,6,6.496666666666667,0,1,0.75,8,9,8,6.334375,0,0,0.8889,1,6.4155,Graduate
0,1,6,9,6,6.571428571428571,0,0,0.6667,6,9,6,6.083333333333333,0,0,0.6667,0,6.3274,Graduate
0,1,10,14,10,7.318181818181818,0,0,0.7143,10,13,10,7.3,0,0,0.7692,0,7.3091,Graduate
0,1,5,6,5,7.7,0,0,0.8333,5,5,5,8.0,0,0,1.0,0,7.85,Graduate
0,1,6,8,6,6.375,0,0,0.75,6,10,6,6.083333333333333,0,0,0.6,0,6.2292,Graduate
0,1,6,7,6,8.5,0,0,0.8571,6,7,6,8.142857142857142,0,0,0.8571,0,8.3214,Graduate
0,1,6,10,3,5.833333333333333,0,3,0.3,6,8,5,6.0,0,1,0.625,4,5.9167,Graduate
0,0,7,11,5,6.09,0,2,0.4545,7,11,4,5.90625,0,3,0.3636,5,5.9981,Dropout
0,1,6,9,5,5.8,0,1,0.5556,6,8,4,5.6,0,2,0.5,3,5.7,Enrolled
0,0,6,7,6,6.25,0,0,0.8571,6,6,6,6.083333333333333,0,0,1.0,0,6.1667,Graduate
0,1,7,12,6,6.0,0,1,0.5,7,11,6,6.083333333333333,0,1,0.5455,2,6.0417,Enrolled
0,0,5,8,2,5.5,0,3,0.25,5,5,1,5.5,0,4,0.2,7,5.5,Dropout
0,1,5,0,0,0.0,0,5,0.0,5,0,0,0.0,0,5,0.0,10,0.0,Dropout
0,1,7,9,6,7.125,0,1,0.6667,8,11,8,6.531818181818182,0,0,0.7273,1,6.8284,Graduate
1,0,9,12,7,6.785714285714286,0,2,0.5833,9,14,4,6.625,0,5,0.2857,7,6.7054,Dropout
0,0,8,19,5,6.083333333333333,0,3,0.2632,7,12,5,6.0,0,2,0.4167,5,6.0417,Dropout
0,1,5,8,5,7.083333333333333,2,0,0.625,5,6,4,5.875,2,1,0.6667,1,6.4792,Graduate
0,1,5,12,3,6.0,2,2,0.25,5,8,4,6.5,1,1,0.5,3,6.25,Graduate
0,1,11,17,11,5.772727272727272,0,0,0.6471,9,13,8,6.444444444444445,0,1,0.6154,1,6.1086,Graduate
0,1,5,6,4,5.125,0,1,0.6667,8,18,5,5.6,5,3,0.2778,4,5.3625,Dropout
0,1,11,12,11,6.0,0,0,0.9167,11,14,11,6.375,0,0,0.7857,0,6.1875,Graduate
0,1,5,0,0,0.0,0,5,0.0,5,0,0,0.0,0,5,0.0,10,0.0,Dropout
0,1,6,8,6,6.25,0,0,0.75,6,11,3,6.666666666666667,0,3,0.2727,3,6.4583,Dropout
0,1,6,8,6,6.875,0,0,0.75,6,7,6,5.928571428571429,0,0,0.8571,0,6.4018,Graduate
0,1,6,13,2,5.25,0,4,0.1538,6,11,1,6.0,0,5,0.0909,9,5.625,Dropout
0,0,12,12,7,5.5,0,5,0.5833,5,5,5,5.3,0,0,1.0,5,5.4,Dropout
0,1,6,7,1,7.0,0,5,0.1429,6,6,0,0.0,0,6,0.0,11,3.5,Dropout
0,1,7,0,0,0.0,0,7,0.0,8,0,0,0.0,0,8,0.0,15,0.0,Dropout
0,1,6,0,0,0.0,0,6,0.0,6,0,0,0.0,0,6,0.0,12,0.0,Dropout
0,1,5,12,2,5.0,0,3,0.1667,5,11,4,5.875,0,1,0.3636,4,5.4375,Enrolled
0,1,7,16,1,6.0,0,6,0.0625,7,13,0,0.0,1,7,0.0,13,3.0,Dropout
0,1,6,7,5,5.9,0,1,0.7143,6,6,6,6.333333333333333,0,0,1.0,1,6.1167,Graduate
0,1,5,5,5,6.5,0,0,1.0,5,5,5,6.2,0,0,1.0,0,6.35,Graduate
0,1,5,5,5,6.9,0,0,1.0,5,6,5,6.916666666666667,0,0,0.8333,0,6.9083,Graduate
0,1,0,0,0,0.0,0,0,0.0,0,0,0,0.0,0,0,0.0,0,0.0,Dropout
0,1,17,18,17,6.694444444444445,0,0,0.9444,17,18,17,7.444444444444445,0,0,0.9444,0,7.0694,Graduate
0,1,7,9,7,6.192857142857143,0,0,0.7778,8,9,7,6.364285714285714,0,1,0.7778,1,6.2786,Enrolled
0,1,5,5,5,7.4,0,0,1.0,5,5,5,8.8,0,0,1.0,0,8.1,Graduate
0,1,0,0,0,0.0,0,0,0.0,0,0,0,0.0,0,0,0.0,0,0.0,Dropout
1,0,6,10,6,7.166666666666667,0,0,0.6,6,9,6,6.416666666666667,0,0,0.6667,0,6.7917,Enrolled
0,1,0,0,0,0.0,0,0,0.0,0,0,0,0.0,0,0,0.0,0,0.0,Dropout
0,1,5,6,5,7.3,0,0,0.8333,5,5,5,6.9,0,0,1.0,0,7.1,Graduate
0,1,6,6,6,7.0,0,0,1.0,6,6,6,6.666666666666667,0,0,1.0,0,6.8333,Graduate
0,1,7,14,1,6.5,0,6,0.0714,7,15,0,0.0,0,7,0.0,13,3.25,Dropout
0,1,6,8,6,5.75,0,0,0.75,6,8,6,5.5,0,0,0.75,0,5.625,Graduate
0,1,5,7,5,7.2,0,0,0.7143,5,6,5,6.6,0,0,0.8333,0,6.9,Graduate
0,1,8,8,7,5.7,0,1,0.875,8,8,7,5.7,0,1,0.875,2,5.7,Graduate
1,0,6,6,0,0.0,0,6,0.0,5,5,0,0.0,0,5,0.0,11,0.0,Dropout
0,1,6,7,6,6.357142857142857,0,0,0.8571,6,6,6,5.916666666666667,0,0,1.0,0,6.1369,Graduate
0,1,6,6,6,6.333333333333333,0,0,1.0,6,8,6,6.5,0,0,0.75,0,6.4167,Graduate
0,0,5,7,3,5.833333333333333,0,2,0.4286,5,8,2,5.25,2,3,0.25,5,5.5417,Dropout
0,1,6,6,6,6.416666666666667,0,0,1.0,6,8,6,6.333333333333333,2,0,0.75,0,6.375,Graduate
0,1,15,15,13,5.384615384615385,0,2,0.8667,14,15,12,5.916666666666667,0,2,0.8,4,5.6506,Dropout
0,1,6,12,0,0.0,0,6,0.0,6,12,0,0.0,0,6,0.0,12,0.0,Dropout
0,1,5,0,0,0.0,0,5,0.0,5,0,0,0.0,0,5,0.0,10,0.0,Dropout
0,1,18,20,18,7.722222222222222,0,0,0.9,13,13,13,7.653846153846154,0,0,1.0,0,7.688,Graduate
0,1,0,0,0,0.0,0,0,0.0,0,0,0,0.0,0,0,0.0,0,0.0,Enrolled
0,1,0,0,0,0.0,0,0,0.0,0,0,0,0.0,0,0,0.0,0,0.0,Graduate
0,1,5,6,4,6.5,0,1,0.6667,5,5,5,6.5,0,0,1.0,1,6.5,Graduate
0,0,4,12,2,5.5,2,2,0.1667,5,9,3,5.833333333333333,0,2,0.3333,4,5.6667,Dropout
0,1,7,8,6,6.566666666666666,0,1,0.75,8,12,7,6.110714285714286,0,1,0.5833,2,6.3387,Graduate
0,1,12,12,12,6.458333333333333,0,0,1.0,11,16,11,7.25,0,0,0.6875,0,6.8542,Graduate
0,1,7,7,4,5.75,0,3,0.5714,9,10,7,6.071428571428571,0,2,0.7,5,5.9107,Graduate
0,1,6,11,4,6.125,0,2,0.3636,6,16,3,6.0,0,3,0.1875,5,6.0625,Dropout
0,1,5,5,4,6.875,0,1,0.8,5,5,4,7.375,0,1,0.8,2,7.125,Graduate
0,1,5,6,4,7.125,0,1,0.6667,5,6,5,6.7,0,0,0.8333,1,6.9125,Graduate
0,0,6,6,6,5.75,0,0,1.0,6,10,4,6.625,0,2,0.4,2,6.1875,Graduate
0,1,5,7,1,6.5,0,4,0.1429,5,7,2,5.0,0,3,0.2857,7,5.75,Enrolled
0,1,6,13,3,6.166666666666667,0,3,0.2308,6,6,6,6.666666666666667,0,0,1.0,3,6.4167,Graduate
0,1,5,10,5,6.5,0,0,0.5,5,10,5,6.3,0,0,0.5,0,6.4,Graduate
0,1,5,8,4,6.5,0,1,0.5,5,10,4,6.125,2,1,0.4,2,6.3125,Graduate
0,0,6,7,3,6.333333333333333,0,3,0.4286,6,10,5,6.5625,0,1,0.5,4,6.4479,Dropout
0,1,6,0,0,0.0,0,6,0.0,6,0,0,0.0,0,6,0.0,12,0.0,Dropout
0,1,3,3,2,8.0,0,1,0.6667,3,3,1,8.0,0,2,0.3333,3,8.0,Dropout
0,1,8,8,7,6.021428571428572,0,1,0.875,8,8,7,6.021428571428572,0,1,0.875,2,6.0214,Graduate
0,1,5,0,0,0.0,0,5,0.0,5,0,0,0.0,0,5,0.0,10,0.0,Dropout
0,1,6,12,2,5.833333333333333,0,4,0.1667,6,20,2,5.25,6,4,0.1,8,5.5417,Dropout
1,1,12,13,12,6.423076923076924,0,0,0.9231,11,13,11,6.318181818181818,0,0,0.8462,0,6.3706,Graduate
0,1,5,0,0,0.0,0,5,0.0,5,0,0,0.0,0,5,0.0,10,0.0,Dropout
0,1,7,7,6,6.85,0,1,0.8571,7,7,6,6.85,0,1,0.8571,2,6.85,Graduate
0,1,6,10,5,6.3,0,1,0.5,6,6,5,6.6,0,1,0.8333,2,6.45,Graduate
0,1,7,8,7,6.653125,0,0,0.875,8,8,8,7.2725,0,0,1.0,0,6.9628,Graduate
1,0,7,18,3,5.625,0,4,0.1667,7,7,0,0.0,0,7,0.0,11,2.8125,Dropout
0,1,5,9,0,0.0,0,5,0.0,5,8,2,7.25,2,3,0.25,8,3.625,Dropout
0,0,6,0,0,0.0,0,6,0.0,6,0,0,0.0,0,6,0.0,12,0.0,Dropout
0,1,6,14,5,6.0,0,1,0.3571,6,12,5,6.071428571428571,0,1,0.4167,2,6.0357,Enrolled
0,1,6,7,6,6.416666666666667,0,0,0.8571,6,7,6,6.285714285714286,0,0,0.8571,0,6.3512,Graduate
1,0,6,7,5,6.0,0,1,0.7143,6,9,4,6.25,0,2,0.4444,3,6.125,Dropout
0,1,7,10,7,6.9025,0,0,0.7,8,8,8,7.13625,0,0,1.0,0,7.0194,Graduate
0,1,6,6,0,0.0,0,6,0.0,5,5,0,0.0,0,5,0.0,11,0.0,Dropout
0,1,7,7,7,6.857142857142857,0,0,1.0,8,11,8,7.431818181818182,0,0,0.7273,0,7.1445,Graduate
0,1,0,0,0,0.0,0,0,0.0,0,0,0,0.0,0,0,0.0,0,0.0,Graduate
0,1,2,2,2,6.25,0,0,1.0,7,0,0,0.0,0,7,0.0,7,3.125,Dropout
0,1,6,9,5,6.3,0,1,0.5556,10,16,8,5.5,1,2,0.5,3,5.9,Enrolled
0,1,5,9,4,6.875,0,1,0.4444,5,13,4,7.166666666666667,2,1,0.3077,2,7.0208,Graduate
1,0,6,0,0,0.0,0,6,0.0,6,0,0,0.0,0,6,0.0,12,0.0,Dropout
1,1,5,11,2,5.75,0,3,0.1818,5,10,0,0.0,0,5,0.0,8,2.875,Dropout
0,1,5,5,5,5.6,0,0,1.0,5,11,4,5.875,0,1,0.3636,1,5.7375,Enrolled
1,1,7,16,3,6.0,0,4,0.1875,8,10,3,5.166666666666667,0,5,0.3,9,5.5833,Enrolled
1,1,6,9,6,6.0,0,0,0.6667,6,12,3,6.0,0,3,0.25,3,6.0,Dropout
0,1,6,8,6,6.8125,0,0,0.75,6,7,6,6.083333333333333,0,0,0.8571,0,6.4479,Graduate
0,1,5,6,5,7.4,1,0,0.8333,5,6,5,7.0,0,0,0.8333,0,7.2,Graduate
0,1,6,8,5,6.5,0,1,0.625,6,8,5,7.0,0,1,0.625,2,6.75,Graduate
0,1,5,8,4,6.0,0,1,0.5,5,8,4,5.7,2,1,0.5,2,5.85,Graduate
0,1,6,6,6,7.083333333333333,0,0,1.0,6,6,6,6.75,0,0,1.0,0,6.9167,Graduate
0,1,6,6,6,6.833333333333333,0,0,1.0,6,6,6,7.333333333333333,0,0,1.0,0,7.0833,Graduate
0,1,11,11,11,6.227272727272728,0,0,1.0,11,17,8,6.375,0,3,0.4706,3,6.3011,Graduate
1,1,10,12,5,6.083333333333333,4,5,0.4167,8,8,0,0.0,2,8,0.0,13,3.0417,Dropout
0,1,5,8,5,5.4,0,0,0.625,5,9,4,5.625,2,1,0.4444,1,5.5125,Graduate
0,1,6,8,6,6.166666666666667,0,0,0.75,6,6,6,6.833333333333333,0,0,1.0,0,6.5,Graduate
0,1,8,8,8,6.558125,0,0,1.0,8,8,8,6.558125,0,0,1.0,0,6.5581,Graduate
0,1,7,9,6,6.214285714285714,0,1,0.6667,8,8,8,7.0,0,0,1.0,1,6.6071,Graduate
0,1,5,8,3,5.333333333333333,1,2,0.375,5,5,1,7.0,0,4,0.2,6,6.1667,Dropout
0,1,5,6,5,5.8,0,0,0.8333,5,6,4,5.75,0,1,0.6667,1,5.775,Graduate
0,1,6,8,6,7.0,0,0,0.75,6,9,5,7.0,0,1,0.5556,1,7.0,Graduate
1,0,6,6,2,8.0,0,4,0.3333,7,7,2,8.0,0,5,0.2857,9,8.0,Dropout
0,1,6,12,0,0.0,0,6,0.0,6,12,0,0.0,0,6,0.0,12,0.0,Dropout
0,1,6,10,4,5.625,0,2,0.4,6,11,5,6.1,0,1,0.4545,3,5.8625,Enrolled
0,1,5,5,5,6.5,0,0,1.0,5,6,5,6.666666666666667,0,0,0.8333,0,6.5833,Graduate
0,1,5,7,0,0.0,0,5,0.0,5,7,0,0.0,0,5,0.0,10,0.0,Dropout
0,1,6,7,6,7.357142857142857,0,0,0.8571,6,6,6,6.25,0,0,1.0,0,6.8036,Graduate
0,1,6,7,6,7.083333333333333,0,0,0.8571,6,10,4,7.0,0,2,0.4,2,7.0417,Graduate
0,1,5,10,3,5.833333333333333,0,2,0.3,5,8,4,5.625,0,1,0.5,3,5.7292,Dropout
0,1,6,7,6,6.785714285714286,0,0,0.8571,6,6,6,7.166666666666667,0,0,1.0,0,6.9762,Graduate
0,1,7,7,7,6.847142857142857,0,0,1.0,8,9,8,7.177777777777777,0,0,0.8889,0,7.0125,Graduate
1,1,7,7,7,6.657142857142858,0,0,1.0,8,8,8,6.2875,0,0,1.0,0,6.4723,Graduate
0,1,6,17,3,5.666666666666667,3,3,0.1765,6,14,3,6.166666666666667,0,3,0.2143,6,5.9167,Enrolled
0,0,6,9,5,6.5,0,1,0.5556,6,7,6,6.75,0,0,0.8571,1,6.625,Graduate
0,1,7,7,7,6.892857142857143,0,0,1.0,8,8,8,7.05,0,0,1.0,0,6.9714,Graduate
0,1,6,6,6,6.25,0,0,1.0,6,8,6,5.75,0,0,0.75,0,6.0,Enrolled
0,1,6,11,5,5.5,0,1,0.4545,6,9,5,6.3,0,1,0.5556,2,5.9,Graduate
1,0,6,14,3,6.166666666666667,0,3,0.2143,6,16,0,0.0,0,6,0.0,9,3.0833,Dropout
1,1,6,11,5,6.8125,0,1,0.4545,6,9,4,5.875,0,2,0.4444,3,6.3438,Dropout
0,1,8,8,7,7.365714285714286,0,1,0.875,8,8,7,7.365714285714286,0,1,0.875,2,7.3657,Graduate
0,1,6,11,4,6.125,0,2,0.3636,6,11,3,5.5,0,3,0.2727,5,5.8125,Enrolled
0,1,6,7,6,6.142857142857143,0,0,0.8571,6,7,6,6.0,0,0,0.8571,0,6.0714,Graduate
1,1,6,9,5,5.7,0,1,0.5556,6,9,3,5.0,0,3,0.3333,4,5.35,Enrolled
0,1,5,5,5,6.9,0,0,1.0,5,7,5,7.071428571428571,0,0,0.7143,0,6.9857,Graduate
0,1,5,7,5,5.4,0,0,0.7143,5,9,3,6.0,0,2,0.3333,2,5.7,Enrolled
0,1,7,10,6,6.5,0,1,0.6,7,7,7,6.642857142857143,0,0,1.0,1,6.5714,Graduate
1,1,0,0,0,0.0,0,0,0.0,0,0,0,0.0,0,0,0.0,0,0.0,Dropout
0,1,8,9,8,6.44375,1,0,0.8889,8,9,8,6.44375,1,0,0.8889,0,6.4437,Graduate
0,1,6,6,6,5.833333333333333,0,0,1.0,6,6,6,6.083333333333333,0,0,1.0,0,5.9583,Enrolled
0,1,7,8,6,5.916666666666667,0,1,0.75,7,8,6,5.916666666666667,0,1,0.75,2,5.9167,Enrolled
0,1,8,8,7,7.467857142857142,0,1,0.875,8,8,7,7.467857142857142,0,1,0.875,2,7.4679,Graduate
0,1,5,9,3,5.333333333333333,0,2,0.3333,5,13,2,6.25,0,3,0.1538,5,5.7917,Enrolled
0,1,5,6,5,6.0,0,0,0.8333,5,8,3,5.666666666666667,0,2,0.375,2,5.8333,Enrolled
0,1,7,7,6,6.508333333333333,0,1,0.8571,7,7,6,6.508333333333333,0,1,0.8571,2,6.5083,Enrolled
0,1,14,14,14,7.0,0,0,1.0,13,13,13,6.807692307692308,0,0,1.0,0,6.9038,Graduate
0,1,6,18,3,6.0,0,3,0.1667,6,17,3,5.833333333333333,0,3,0.1765,6,5.9167,Enrolled
0,0,6,0,0,0.0,0,6,0.0,6,0,0,0.0,0,6,0.0,12,0.0,Dropout
0,1,6,7,6,6.428571428571429,0,0,0.8571,6,6,6,6.583333333333333,0,0,1.0,0,6.506,Graduate
0,1,6,9,4,6.5,0,2,0.4444,6,13,4,5.625,0,2,0.3077,4,6.0625,Graduate
0,1,6,8,6,6.333333333333333,0,0,0.75,6,10,5,6.0,0,1,0.5,1,6.1667,Graduate
0,1,0,0,0,0.0,0,0,0.0,0,0,0,0.0,0,0,0.0,0,0.0,Graduate
0,1,6,12,5,6.3,0,1,0.4167,6,11,6,5.857142857142857,0,0,0.5455,1,6.0786,Graduate
0,1,5,7,5,6.0,0,0,0.7143,5,7,4,6.25,0,1,0.5714,1,6.125,Graduate
0,1,6,6,6,6.916666666666667,0,0,1.0,6,6,6,6.333333333333333,0,0,1.0,0,6.625,Graduate
0,1,6,6,6,5.75,0,0,1.0,6,7,6,6.642857142857143,0,0,0.8571,0,6.1964,Graduate
0,1,0,0,0,0.0,0,0,0.0,0,0,0,0.0,0,0,0.0,0,0.0,Dropout
0,1,6,6,6,7.0,0,0,1.0,6,8,6,6.8125,0,0,0.75,0,6.9062,Graduate
1,1,8,9,8,7.20125,1,0,0.8889,8,9,8,7.20125,1,0,0.8889,0,7.2012,Graduate
0,0,6,12,0,0.0,0,6,0.0,6,0,0,0.0,0,6,0.0,12,0.0,Dropout
1,1,5,10,2,5.75,0,3,0.2,5,8,3,5.0,0,2,0.375,5,5.375,Enrolled
0,1,6,8,4,7.2,0,2,0.5,6,6,5,6.5,0,1,0.8333,3,6.85,Graduate
0,1,6,6,6,6.333333333333333,0,0,1.0,6,7,6,6.416666666666667,0,0,0.8571,0,6.375,Graduate
1,1,5,13,2,6.25,2,3,0.1538,5,8,3,6.166666666666667,0,2,0.375,5,6.2083,Dropout
0,1,6,8,6,6.857142857142857,0,0,0.75,6,7,5,6.666666666666667,0,1,0.7143,1,6.7619,Dropout
0,1,12,18,8,6.125,0,4,0.4444,12,27,8,6.1,0,4,0.2963,8,6.1125,Enrolled
1,0,13,13,13,5.961538461538462,0,0,1.0,12,12,12,6.25,0,0,1.0,0,6.1058,Dropout
0,1,6,9,5,5.7,0,1,0.5556,6,8,5,5.4,0,1,0.625,2,5.55,Graduate
0,1,6,9,4,6.5,0,2,0.4444,6,9,4,6.125,0,2,0.4444,4,6.3125,Dropout
0,1,6,6,6,6.916666666666667,0,0,1.0,6,6,6,6.416666666666667,0,0,1.0,0,6.6667,Graduate
0,1,5,7,5,6.7,0,0,0.7143,5,7,4,6.625,0,1,0.5714,1,6.6625,Dropout
0,1,6,6,6,6.333333333333333,0,0,1.0,6,7,5,6.8,0,1,0.7143,1,6.5667,Enrolled
0,1,6,12,4,6.4,0,2,0.3333,6,17,0,0.0,0,6,0.0,8,3.2,Dropout
0,1,6,11,6,6.666666666666667,0,0,0.5455,6,10,6,6.5,0,0,0.6,0,6.5833,Enrolled
0,1,7,13,5,6.37,0,2,0.3846,8,12,6,5.489285714285714,0,2,0.5,4,5.9296,Dropout
0,1,6,8,5,6.75,0,1,0.625,6,6,6,7.25,0,0,1.0,1,7.0,Graduate
0,1,5,8,5,7.0,0,0,0.625,5,6,5,6.6,0,0,0.8333,0,6.8,Graduate
0,1,5,7,4,5.25,0,1,0.5714,5,7,5,5.8,0,0,0.7143,1,5.525,Graduate
0,1,5,5,5,5.7,0,0,1.0,5,7,5,5.8,0,0,0.7143,0,5.75,Graduate
0,1,8,8,8,6.880625,0,0,1.0,8,8,8,6.880625,0,0,1.0,0,6.8806,Graduate
0,1,7,9,6,6.485833333333335,0,1,0.6667,8,9,7,6.160714285714286,0,1,0.7778,2,6.3233,Graduate
0,1,0,0,0,0.0,0,0,0.0,0,0,0,0.0,0,0,0.0,0,0.0,Graduate
0,1,6,6,6,7.25,0,0,1.0,6,6,6,7.333333333333333,0,0,1.0,0,7.2917,Graduate
0,1,5,8,5,5.5,0,0,0.625,5,6,5,5.9,1,0,0.8333,0,5.7,Graduate
1,0,0,0,0,0.0,0,0,0.0,0,0,0,0.0,0,0,0.0,0,0.0,Dropout
1,1,5,7,0,0.0,0,5,0.0,5,5,0,0.0,0,5,0.0,10,0.0,Enrolled
0,1,7,11,7,6.3125,0,0,0.6364,8,11,8,6.25625,0,0,0.7273,0,6.2844,Graduate
0,1,6,7,6,6.428571428571429,0,0,0.8571,6,10,4,6.5,0,2,0.4,2,6.4643,Graduate
0,1,5,12,3,5.833333333333333,0,2,0.25,5,10,3,5.833333333333333,0,2,0.3,4,5.8333,Enrolled
0,1,8,10,6,6.533333333333334,0,2,0.6,8,10,6,6.533333333333334,0,2,0.6,4,6.5333,Dropout
0,1,6,11,4,6.375,0,2,0.3636,6,19,1,5.5,0,5,0.0526,7,5.9375,Enrolled
0,1,7,8,5,6.1,0,2,0.625,9,10,7,6.071428571428571,1,2,0.7,4,6.0857,Dropout
1,1,5,12,1,5.0,0,4,0.0833,5,11,1,5.5,0,4,0.0909,8,5.25,Enrolled
0,1,5,8,3,6.166666666666667,0,2,0.375,5,7,4,6.0,0,1,0.5714,3,6.0833,Graduate
0,1,5,8,2,5.25,0,3,0.25,5,11,3,6.666666666666667,0,2,0.2727,5,5.9583,Enrolled
0,1,6,6,0,0.0,0,6,0.0,6,0,0,0.0,0,6,0.0,12,0.0,Dropout
1,1,6,0,0,0.0,0,6,0.0,6,0,0,0.0,0,6,0.0,12,0.0,Dropout
0,1,6,0,0,0.0,0,6,0.0,6,0,0,0.0,0,6,0.0,12,0.0,Dropout
1,0,5,15,2,6.625,0,3,0.1333,5,12,3,6.3,3,2,0.25,5,6.4625,Dropout
0,1,6,11,4,6.125,0,2,0.3636,6,10,4,5.5,0,2,0.4,4,5.8125,Dropout
0,1,5,10,4,5.4,0,1,0.4,5,10,4,5.875,0,1,0.4,2,5.6375,Enrolled
0,1,0,0,0,0.0,0,0,0.0,0,0,0,0.0,0,0,0.0,0,0.0,Graduate
0,1,6,8,6,6.714285714285714,1,0,0.75,6,12,4,5.75,0,2,0.3333,2,6.2321,Enrolled
0,0,6,10,6,6.333333333333333,0,0,0.6,6,6,2,5.75,0,4,0.3333,4,6.0417,Dropout
0,1,6,12,3,6.333333333333333,0,3,0.25,6,14,0,0.0,1,6,0.0,9,3.1667,Dropout
0,1,5,10,2,7.0,0,3,0.2,5,7,3,5.5,1,2,0.4286,5,6.25,Enrolled
0,1,10,15,9,5.777777777777778,0,1,0.6,11,17,10,5.95,0,1,0.5882,2,5.8639,Enrolled
0,1,12,12,12,6.666666666666667,0,0,1.0,11,15,10,6.409090909090909,0,1,0.6667,1,6.5379,Enrolled
0,1,6,8,6,7.071428571428571,0,0,0.75,6,7,6,6.5,0,0,0.8571,0,6.7857,Graduate
0,1,0,0,0,0.0,0,0,0.0,0,0,0,0.0,0,0,0.0,0,0.0,Graduate
0,1,6,11,3,5.833333333333333,0,3,0.2727,6,11,3,5.333333333333333,0,3,0.2727,6,5.5833,Dropout
0,1,6,8,6,7.071428571428571,0,0,0.75,6,6,6,6.75,0,0,1.0,0,6.9107,Graduate
0,1,6,12,6,5.833333333333333,0,0,0.5,6,14,3,6.0,0,3,0.2143,3,5.9167,Graduate
0,1,6,6,6,6.166666666666667,0,0,1.0,6,8,6,5.666666666666667,0,0,0.75,0,5.9167,Graduate
0,1,5,5,0,0.0,0,5,0.0,5,5,0,0.0,0,5,0.0,10,0.0,Dropout
1,0,6,13,3,6.375,0,3,0.2308,6,8,3,5.666666666666667,0,3,0.375,6,6.0208,Dropout
0,1,6,13,6,6.576923076923076,0,0,0.4615,6,12,3,5.5,0,3,0.25,3,6.0385,Graduate
0,1,6,10,5,6.333333333333333,0,1,0.5,6,19,4,5.875,0,2,0.2105,3,6.1042,Enrolled
0,1,7,14,5,5.97,0,2,0.3571,7,14,6,6.1,0,1,0.4286,3,6.035,Dropout
0,1,5,8,1,5.0,0,4,0.125,5,9,0,0.0,0,5,0.0,9,2.5,Dropout
0,1,8,8,7,6.657142857142858,0,1,0.875,8,8,7,6.657142857142858,0,1,0.875,2,6.6571,Graduate
0,1,6,7,6,6.285714285714286,0,0,0.8571,6,6,6,6.75,0,0,1.0,0,6.5179,Graduate
0,1,6,15,3,5.875,0,3,0.2,6,12,2,5.0,0,4,0.1667,7,5.4375,Dropout
0,1,6,6,6,6.416666666666667,0,0,1.0,6,8,5,5.7,0,1,0.625,1,6.0583,Enrolled
0,1,6,12,5,5.857142857142857,0,1,0.4167,6,11,6,5.5,0,0,0.5455,1,5.6786,Graduate
0,1,5,10,4,5.375,1,1,0.4,5,13,2,5.0,0,3,0.1538,4,5.1875,Dropout
0,1,6,9,6,6.583333333333333,0,0,0.6667,6,8,4,7.0,0,2,0.5,2,6.7917,Enrolled
0,1,5,9,5,6.8,1,0,0.5556,5,5,5,6.2,0,0,1.0,0,6.5,Graduate
0,1,0,0,0,0.0,0,0,0.0,0,0,0,0.0,0,0,0.0,0,0.0,Dropout
0,1,6,8,6,7.5,0,0,0.75,6,8,5,7.583333333333333,0,1,0.625,1,7.5417,Dropout
0,1,5,6,4,5.9,0,1,0.6667,5,7,2,5.75,0,3,0.2857,4,5.825,Enrolled
0,1,5,10,0,0.0,0,5,0.0,5,7,1,6.0,0,4,0.1429,9,3.0,Dropout
0,1,5,9,5,6.0,0,0,0.5556,5,5,5,5.1,0,0,1.0,0,5.55,Enrolled
0,1,7,9,7,6.214285714285714,0,0,0.7778,8,8,8,6.15,0,0,1.0,0,6.1821,Enrolled
0,1,7,7,7,6.25,0,0,1.0,8,8,8,6.56875,0,0,1.0,0,6.4094,Graduate
0,1,6,6,6,5.666666666666667,0,0,1.0,6,8,6,5.666666666666667,0,0,0.75,0,5.6667,Graduate
1,1,7,13,3,5.916666666666667,0,4,0.2308,7,14,2,5.0,0,5,0.1429,9,5.4583,Dropout
0,1,0,0,0,0.0,0,0,0.0,0,0,0,0.0,0,0,0.0,0,0.0,Graduate
0,1,14,21,12,5.916666666666667,0,2,0.5714,12,15,11,5.681818181818182,0,1,0.7333,3,5.7992,Graduate
0,1,5,7,5,5.7,0,0,0.7143,5,6,5,6.833333333333333,0,0,0.8333,0,6.2667,Dropout
0,1,5,16,0,0.0,0,5,0.0,5,12,2,5.25,0,3,0.1667,8,2.625,Enrolled
0,1,6,0,0,0.0,0,6,0.0,6,0,0,0.0,0,6,0.0,12,0.0,Dropout
0,1,5,7,4,6.625,0,1,0.5714,5,8,5,7.785714285714286,0,0,0.625,1,7.2054,Graduate
1,0,6,0,0,0.0,0,6,0.0,6,0,0,0.0,0,6,0.0,12,0.0,Dropout
0,1,5,7,0,0.0,0,5,0.0,5,5,0,0.0,0,5,0.0,10,0.0,Dropout
0,0,5,5,0,0.0,0,5,0.0,5,10,0,0.0,0,5,0.0,10,0.0,Dropout
0,1,7,12,4,6.5625,0,3,0.3333,7,8,6,6.166666666666667,0,1,0.75,4,6.3646,Enrolled
0,1,6,7,6,6.083333333333333,0,0,0.8571,6,9,3,6.0,0,3,0.3333,3,6.0417,Enrolled
0,1,5,10,5,6.642857142857143,0,0,0.5,5,8,5,6.5,0,0,0.625,0,6.5714,Graduate
0,1,8,12,7,6.357142857142857,0,1,0.5833,8,12,7,6.357142857142857,0,1,0.5833,2,6.3571,Enrolled
0,1,6,6,6,5.833333333333333,0,0,1.0,6,10,3,6.333333333333333,0,3,0.3,3,6.0833,Graduate
0,1,6,16,0,0.0,0,6,0.0,6,7,0,0.0,0,6,0.0,12,0.0,Dropout
0,1,2,2,0,0.0,0,2,0.0,4,4,1,8.0,0,3,0.25,5,4.0,Enrolled
0,1,5,9,1,5.0,0,4,0.1111,5,10,1,5.0,0,4,0.1,8,5.0,Dropout
0,1,6,6,6,7.166666666666667,0,0,1.0,6,7,6,7.5,0,0,0.8571,0,7.3333,Graduate
0,0,6,9,4,6.625,0,2,0.4444,6,6,5,5.5,0,1,0.8333,3,6.0625,Dropout
0,1,5,11,0,0.0,2,5,0.0,5,11,3,5.833333333333333,1,2,0.2727,7,2.9167,Enrolled
1,0,6,14,1,5.0,0,5,0.0714,6,13,0,0.0,0,6,0.0,11,2.5,Dropout
0,1,0,0,0,0.0,0,0,0.0,0,0,0,0.0,0,0,0.0,0,0.0,Graduate
0,1,6,15,6,5.857142857142857,0,0,0.4,6,8,4,5.875,0,2,0.5,2,5.8661,Graduate
0,1,5,9,4,6.0,0,1,0.4444,5,8,5,6.5,0,0,0.625,1,6.25,Graduate
1,0,5,7,3,6.5,0,2,0.4286,5,8,3,6.0,0,2,0.375,4,6.25,Dropout
0,1,8,8,7,6.835714285714286,0,1,0.875,8,8,7,6.835714285714286,0,1,0.875,2,6.8357,Graduate
0,1,6,8,6,6.083333333333333,0,0,0.75,6,8,6,7.214285714285714,0,0,0.75,0,6.6488,Graduate
0,1,6,9,5,5.5,0,1,0.5556,6,12,0,0.0,0,6,0.0,7,2.75,Dropout
0,1,6,8,6,6.083333333333333,0,0,0.75,6,11,3,5.833333333333333,0,3,0.2727,3,5.9583,Dropout
0,1,6,9,5,5.5,0,1,0.5556,6,9,5,6.083333333333333,0,1,0.5556,2,5.7917,Graduate
0,1,6,10,6,5.857142857142857,1,0,0.6,6,15,6,5.1875,0,0,0.4,0,5.5223,Enrolled
1,0,5,10,0,0.0,0,5,0.0,5,5,0,0.0,0,5,0.0,10,0.0,Dropout
0,1,0,0,0,0.0,0,0,0.0,0,0,0,0.0,0,0,0.0,0,0.0,Enrolled
1,1,10,25,5,6.1,0,5,0.2,9,18,8,6.11111111111111,0,1,0.4444,6,6.1056,Dropout
0,1,7,15,6,5.666666666666667,0,1,0.4,7,16,4,6.3,0,3,0.25,4,5.9833,Enrolled
0,1,7,7,7,7.421428571428571,0,0,1.0,8,9,8,7.527777777777778,0,0,0.8889,0,7.4746,Graduate
0,1,3,4,0,0.0,0,3,0.0,4,8,0,0.0,0,4,0.0,7,0.0,Dropout
0,1,0,0,0,0.0,0,0,0.0,0,0,0,0.0,0,0,0.0,0,0.0,Dropout
0,1,8,8,7,6.690714285714286,0,1,0.875,8,8,7,6.690714285714286,0,1,0.875,2,6.6907,Graduate
0,1,6,7,6,6.75,0,0,0.8571,6,6,6,6.5,0,0,1.0,0,6.625,Graduate
0,1,6,6,6,7.416666666666667,0,0,1.0,6,8,6,6.071428571428571,0,0,0.75,0,6.744,Graduate
0,1,6,6,6,7.75,0,0,1.0,6,7,6,6.785714285714286,0,0,0.8571,0,7.2679,Graduate
0,1,6,0,0,0.0,0,6,0.0,6,0,0,0.0,0,6,0.0,12,0.0,Dropout
0,1,6,6,6,6.833333333333333,0,0,1.0,6,6,6,6.75,0,0,1.0,0,6.7917,Graduate
0,1,6,6,6,6.083333333333333,0,0,1.0,6,6,6,5.666666666666667,0,0,1.0,0,5.875,Graduate
1,0,5,5,0,0.0,0,5,0.0,5,6,0,0.0,0,5,0.0,10,0.0,Dropout
0,1,6,6,6,7.333333333333333,0,0,1.0,6,7,6,7.571428571428571,0,0,0.8571,0,7.4524,Graduate
0,0,5,6,5,5.3,0,0,0.8333,5,9,2,5.5,0,3,0.2222,3,5.4,Dropout
0,1,5,9,3,5.166666666666667,1,2,0.3333,5,8,3,6.5,0,2,0.375,4,5.8333,Enrolled
0,1,5,9,0,0.0,0,5,0.0,5,5,0,0.0,0,5,0.0,10,0.0,Dropout
0,1,5,6,5,6.0,0,0,0.8333,5,6,5,6.166666666666667,0,0,0.8333,0,6.0833,Graduate
0,1,6,9,5,6.2,0,1,0.5556,6,10,3,5.333333333333333,0,3,0.3,4,5.7667,Dropout
1,0,5,5,0,0.0,0,5,0.0,5,9,0,0.0,0,5,0.0,10,0.0,Dropout
0,1,6,6,5,6.4,0,1,0.8333,6,9,5,6.125,0,1,0.5556,2,6.2625,Enrolled
0,1,6,6,3,6.166666666666667,0,3,0.5,6,9,0,0.0,0,6,0.0,9,3.0833,Dropout
0,1,5,5,5,5.4,0,0,1.0,5,5,4,6.125,0,1,0.8,1,5.7625,Graduate
0,1,0,0,0,0.0,0,0,0.0,0,0,0,0.0,0,0,0.0,0,0.0,Graduate
1,0,6,11,3,7.166666666666667,0,3,0.2727,6,6,0,0.0,0,6,0.0,9,3.5833,Dropout
0,1,5,8,5,6.2,0,0,0.625,5,6,5,5.4,0,0,0.8333,0,5.8,Graduate
0,1,6,7,5,6.5,0,1,0.7143,6,7,6,6.428571428571429,0,0,0.8571,1,6.4643,Graduate
0,1,5,9,5,6.214285714285714,1,0,0.5556,5,7,5,5.9,0,0,0.7143,0,6.0571,Graduate
0,1,7,9,6,6.466666666666666,0,1,0.6667,7,7,6,6.858333333333334,0,1,0.8571,2,6.6625,Enrolled
0,1,0,0,0,0.0,0,0,0.0,0,0,0,0.0,0,0,0.0,0,0.0,Graduate
0,1,5,9,4,6.125,0,1,0.4444,5,9,3,6.166666666666667,0,2,0.3333,3,6.1458,Dropout
0,0,5,6,0,0.0,0,5,0.0,5,5,0,0.0,0,5,0.0,10,0.0,Dropout
0,1,8,8,8,6.443125,0,0,1.0,8,8,8,6.443125,0,0,1.0,0,6.4431,Graduate
1,0,5,5,0,0.0,0,5,0.0,4,4,0,0.0,0,4,0.0,9,0.0,Dropout
0,1,6,6,5,6.2,0,1,0.8333,6,7,6,6.333333333333333,0,0,0.8571,1,6.2667,Graduate
0,1,0,0,0,0.0,0,0,0.0,0,0,0,0.0,0,0,0.0,0,0.0,Dropout
0,1,6,11,4,6.375,0,2,0.3636,6,7,6,5.666666666666667,0,0,0.8571,2,6.0208,Graduate
0,1,6,12,1,5.5,0,5,0.0833,6,12,0,0.0,0,6,0.0,11,2.75,Enrolled
0,1,7,12,6,6.883333333333333,0,1,0.5,8,10,7,7.025714285714286,0,1,0.7,2,6.9545,Graduate
0,1,5,7,5,7.3,1,0,0.7143,5,5,5,7.1,0,0,1.0,0,7.2,Graduate
0,1,6,11,6,5.666666666666667,0,0,0.5455,6,12,3,5.666666666666667,0,3,0.25,3,5.6667,Enrolled
0,1,5,7,4,6.5,0,1,0.5714,5,9,5,7.416666666666667,3,0,0.5556,1,6.9583,Graduate
0,1,0,0,0,0.0,0,0,0.0,0,0,0,0.0,0,0,0.0,0,0.0,Graduate
0,1,6,8,5,6.5,0,1,0.625,6,7,6,6.5,0,0,0.8571,1,6.5,Graduate
0,1,6,6,6,6.083333333333333,0,0,1.0,6,8,4,6.375,0,2,0.5,2,6.2292,Graduate
0,1,5,7,5,6.142857142857143,0,0,0.7143,5,9,5,6.375,1,0,0.5556,0,6.2589,Graduate
0,0,5,5,0,0.0,0,5,0.0,5,5,0,0.0,0,5,0.0,10,0.0,Dropout
0,1,6,8,5,5.833333333333333,0,1,0.625,6,7,5,6.1,0,1,0.7143,2,5.9667,Graduate
0,1,5,14,2,6.0,2,3,0.1429,5,6,5,6.3,0,0,0.8333,3,6.15,Graduate
0,1,5,11,3,5.166666666666667,0,2,0.2727,5,10,3,5.333333333333333,0,2,0.3,4,5.25,Enrolled
0,1,6,8,5,5.9,0,1,0.625,6,8,5,5.916666666666667,0,1,0.625,2,5.9083,Enrolled
0,1,8,11,7,6.272857142857143,0,1,0.6364,8,11,7,6.272857142857143,0,1,0.6364,2,6.2729,Graduate
0,1,5,13,4,6.0,2,1,0.3077,5,8,3,6.0,0,2,0.375,3,6.0,Enrolled
1,0,6,6,0,0.0,0,6,0.0,6,9,0,0.0,0,6,0.0,12,0.0,Dropout
0,1,7,9,6,6.091666666666666,0,1,0.6667,7,9,6,5.891666666666666,0,1,0.6667,2,5.9917,Enrolled
0,0,17,31,11,6.363636363636364,4,6,0.3548,12,24,10,6.35,1,2,0.4167,8,6.3568,Dropout
0,1,6,7,6,5.333333333333333,0,0,0.8571,6,9,5,5.9,0,1,0.5556,1,5.6167,Enrolled
1,0,6,16,4,5.9,0,2,0.25,6,15,2,6.0,0,4,0.1333,6,5.95,Dropout
0,1,6,14,6,7.4375,0,0,0.4286,6,12,6,7.9,0,0,0.5,0,7.6688,Graduate
0,1,5,8,5,5.1,0,0,0.625,5,7,5,5.6,0,0,0.7143,0,5.35,Enrolled
0,1,6,6,6,6.666666666666667,0,0,1.0,6,8,3,6.333333333333333,0,3,0.375,3,6.5,Dropout
0,1,9,14,8,6.777777777777778,0,1,0.5714,7,10,7,6.785714285714286,0,0,0.7,1,6.7817,Graduate
0,1,5,6,5,6.2,0,0,0.8333,5,5,5,6.4,0,0,1.0,0,6.3,Graduate
0,1,7,7,7,7.857142857142857,0,0,1.0,7,7,7,7.5,0,0,1.0,0,7.6786,Graduate
0,0,4,4,0,0.0,0,4,0.0,5,0,0,0.0,0,5,0.0,9,0.0,Dropout
0,1,7,10,6,5.99,0,1,0.6,8,11,7,6.6125,0,1,0.6364,2,6.3012,Graduate
0,1,7,7,6,6.333333333333333,0,1,0.8571,7,7,6,6.333333333333333,0,1,0.8571,2,6.3333,Graduate
0,1,6,12,5,6.0,0,1,0.4167,6,8,6,5.785714285714286,0,0,0.75,1,5.8929,Dropout
1,1,5,10,4,5.625,0,1,0.4,5,9,4,6.0,0,1,0.4444,2,5.8125,Enrolled
1,0,0,0,0,0.0,0,0,0.0,0,0,0,0.0,0,0,0.0,0,0.0,Dropout
0,1,5,11,4,5.5,0,1,0.3636,5,7,5,6.6,0,0,0.7143,1,6.05,Enrolled
0,1,6,6,6,6.25,0,0,1.0,6,7,6,6.333333333333333,0,0,0.8571,0,6.2917,Dropout
0,1,6,9,6,6.0625,0,0,0.6667,6,7,6,6.785714285714286,0,0,0.8571,0,6.4241,Graduate
1,1,5,11,5,7.357142857142857,0,0,0.4545,5,14,5,7.1875,5,0,0.3571,0,7.2723,Graduate
0,1,8,12,5,6.001,1,3,0.4167,8,12,5,6.001,1,3,0.4167,6,6.001,Dropout
0,0,10,10,7,6.071428571428571,0,3,0.7,9,9,4,6.125,0,5,0.4444,8,6.0982,Dropout
0,1,6,16,1,5.0,0,5,0.0625,6,13,0,0.0,0,6,0.0,11,2.5,Dropout
0,1,4,8,0,0.0,0,4,0.0,5,10,0,0.0,0,5,0.0,9,0.0,Dropout
0,1,6,6,6,6.333333333333333,0,0,1.0,6,8,5,7.2,0,1,0.625,1,6.7667,Graduate
1,0,9,14,4,5.0,0,5,0.2857,6,6,1,5.0,0,5,0.1667,10,5.0,Dropout
0,1,7,7,7,6.85,0,0,1.0,8,9,7,7.335714285714287,0,1,0.7778,1,7.0929,Graduate
0,1,5,7,5,6.8,0,0,0.7143,5,6,5,6.1,0,0,0.8333,0,6.45,Graduate
1,0,6,11,2,5.75,0,4,0.1818,6,7,0,0.0,0,6,0.0,10,2.875,Dropout
0,1,6,7,6,6.785714285714286,0,0,0.8571,6,7,6,7.642857142857143,0,0,0.8571,0,7.2143,Graduate
0,1,7,9,6,5.907142857142858,0,1,0.6667,8,8,7,6.771428571428572,0,1,0.875,2,6.3393,Graduate
0,0,6,0,0,0.0,0,6,0.0,6,0,0,0.0,0,6,0.0,12,0.0,Dropout
0,1,7,11,5,6.05,0,2,0.4545,7,10,5,6.3,0,2,0.5,4,6.175,Dropout
0,1,5,5,0,0.0,0,5,0.0,5,0,0,0.0,0,5,0.0,10,0.0,Dropout
0,1,5,9,4,5.625,0,1,0.4444,5,6,5,6.0,0,0,0.8333,1,5.8125,Enrolled
0,1,12,13,12,6.125,0,0,0.9231,13,13,13,6.423076923076924,0,0,1.0,0,6.274,Graduate
0,1,7,11,6,6.0,0,1,0.5455,9,9,8,6.375,0,1,0.8889,2,6.1875,Graduate
1,0,5,5,5,5.6,0,0,1.0,5,5,4,5.625,0,1,0.8,1,5.6125,Dropout
0,1,6,6,6,6.25,0,0,1.0,6,6,6,6.416666666666667,0,0,1.0,0,6.3333,Graduate
0,1,5,8,2,5.75,0,3,0.25,5,13,2,5.75,0,3,0.1538,6,5.75,Dropout
0,1,8,8,7,6.907142857142858,0,1,0.875,8,8,7,6.907142857142858,0,1,0.875,2,6.9071,Graduate
0,1,6,13,5,5.8,0,1,0.3846,6,12,2,5.5,0,4,0.1667,5,5.65,Enrolled
0,1,6,7,6,7.428571428571429,0,0,0.8571,6,10,6,6.555555555555555,0,0,0.6,0,6.9921,Graduate
0,1,5,9,2,5.75,0,3,0.2222,5,11,3,7.166666666666667,1,2,0.2727,5,6.4583,Enrolled
0,1,6,12,5,5.5,0,1,0.4167,6,11,3,5.166666666666667,0,3,0.2727,4,5.3333,Enrolled
0,1,6,6,6,6.583333333333333,0,0,1.0,6,6,6,8.0,0,0,1.0,0,7.2917,Graduate
0,1,6,7,6,7.083333333333333,0,0,0.8571,6,17,5,6.88888888888889,0,1,0.2941,1,6.9861,Graduate
0,1,6,9,5,6.2,0,1,0.5556,6,6,6,6.583333333333333,0,0,1.0,1,6.3917,Graduate
0,1,7,10,6,6.083333333333333,0,1,0.6,7,9,6,6.583333333333333,0,1,0.6667,2,6.3333,Graduate
0,1,6,6,6,6.583333333333333,0,0,1.0,6,6,6,6.25,0,0,1.0,0,6.4167,Enrolled
0,1,5,0,0,0.0,0,5,0.0,5,0,0,0.0,0,5,0.0,10,0.0,Dropout
0,1,5,6,5,8.666666666666666,0,0,0.8333,5,8,5,9.285714285714286,0,0,0.625,0,8.9762,Graduate
0,1,6,9,5,6.166666666666667,0,1,0.5556,6,10,5,5.3,0,1,0.5,2,5.7333,Enrolled
0,1,6,8,6,6.5,1,0,0.75,6,8,6,5.9375,0,0,0.75,0,6.2188,Graduate
0,1,13,21,11,6.636363636363636,0,2,0.5238,11,13,9,6.5,0,2,0.6923,4,6.5682,Graduate
0,1,5,6,5,7.1,0,0,0.8333,5,5,5,7.4,0,0,1.0,0,7.25,Graduate
0,0,5,5,0,0.0,0,5,0.0,5,0,0,0.0,0,5,0.0,10,0.0,Dropout
0,1,6,6,6,6.833333333333333,0,0,1.0,6,6,6,6.5,0,0,1.0,0,6.6667,Graduate
0,1,13,13,6,5.666666666666667,0,7,0.4615,11,11,2,6.75,0,9,0.1818,16,6.2083,Dropout
0,1,6,12,0,0.0,1,6,0.0,6,0,0,0.0,0,6,0.0,12,0.0,Dropout
0,1,5,8,0,0.0,4,5,0.0,5,12,0,0.0,4,5,0.0,10,0.0,Dropout
0,1,7,9,7,5.9875,0,0,0.7778,8,9,7,6.564285714285715,0,1,0.7778,1,6.2759,Graduate
0,1,7,7,7,8.071428571428571,0,0,1.0,8,9,0,0.0,0,8,0.0,8,4.0357,Dropout
0,1,7,7,6,7.175,0,1,0.8571,7,7,6,7.175,0,1,0.8571,2,7.175,Graduate
0,1,6,6,6,5.916666666666667,0,0,1.0,6,6,6,6.583333333333333,0,0,1.0,0,6.25,Graduate
1,0,12,12,11,7.0,0,1,0.9167,10,11,8,7.3125,0,2,0.7273,3,7.1562,Dropout
0,1,6,11,4,5.625,0,2,0.3636,6,10,5,5.1,0,1,0.5,3,5.3625,Dropout
1,1,6,11,5,5.6,0,1,0.4545,6,7,6,6.0,0,0,0.8571,1,5.8,Graduate
0,1,6,0,0,0.0,0,6,0.0,6,0,0,0.0,0,6,0.0,12,0.0,Dropout
0,1,6,8,6,6.785714285714286,1,0,0.75,6,11,6,6.1875,0,0,0.5455,0,6.4866,Graduate
0,1,6,8,5,6.7,0,1,0.625,6,7,5,6.0,0,1,0.7143,2,6.35,Enrolled
0,1,10,12,10,5.7,0,0,0.8333,9,9,4,5.75,0,5,0.4444,5,5.725,Graduate
0,1,5,9,4,5.625,0,1,0.4444,5,6,4,6.25,0,1,0.6667,2,5.9375,Graduate
0,0,5,5,0,0.0,0,5,0.0,5,5,0,0.0,0,5,0.0,10,0.0,Dropout
0,1,5,5,0,0.0,0,5,0.0,5,5,0,0.0,0,5,0.0,10,0.0,Enrolled
0,1,6,0,0,0.0,0,6,0.0,6,0,0,0.0,0,6,0.0,12,0.0,Dropout
0,1,7,7,6,5.65,0,1,0.8571,7,7,6,5.65,0,1,0.8571,2,5.65,Graduate
0,1,7,9,5,6.35,0,2,0.5556,8,9,7,6.7375,0,1,0.7778,3,6.5437,Enrolled
0,1,11,11,11,6.318181818181818,0,0,1.0,9,11,9,6.3,0,0,0.8182,0,6.3091,Graduate
0,1,8,10,6,6.416666666666667,0,2,0.6,5,8,4,6.0,0,1,0.5,3,6.2083,Enrolled
0,1,6,7,6,6.833333333333333,0,0,0.8571,6,6,6,6.916666666666667,0,0,1.0,0,6.875,Graduate
0,1,8,8,7,6.77857142857143,0,1,0.875,8,8,7,6.77857142857143,0,1,0.875,2,6.7786,Graduate
0,1,6,9,5,5.9,0,1,0.5556,6,7,6,5.75,0,0,0.8571,1,5.825,Graduate
0,0,5,5,0,0.0,0,5,0.0,4,5,0,0.0,0,4,0.0,9,0.0,Dropout
0,1,6,10,5,6.3,0,1,0.5,6,9,4,5.625,0,2,0.4444,3,5.9625,Enrolled
0,1,5,5,5,6.7,0,0,1.0,5,5,5,7.5,0,0,1.0,0,7.1,Graduate
0,1,6,6,6,6.833333333333333,0,0,1.0,6,6,6,6.666666666666667,0,0,1.0,0,6.75,Graduate
0,1,6,6,6,6.0,0,0,1.0,6,7,6,5.833333333333333,0,0,0.8571,0,5.9167,Graduate
0,1,6,7,6,7.428571428571429,0,0,0.8571,6,6,6,6.666666666666667,0,0,1.0,0,7.0476,Graduate
0,1,8,8,7,6.607142857142857,0,1,0.875,8,8,7,6.607142857142857,0,1,0.875,2,6.6071,Graduate
0,1,5,8,5,6.583333333333333,2,0,0.625,5,5,5,6.4,0,0,1.0,0,6.4917,Graduate
1,0,6,6,0,0.0,0,6,0.0,5,6,0,0.0,0,5,0.0,11,0.0,Dropout
1,0,0,0,0,0.0,0,0,0.0,0,0,0,0.0,0,0,0.0,0,0.0,Dropout
0,1,5,9,3,5.666666666666667,0,2,0.3333,5,8,5,5.571428571428571,0,0,0.625,2,5.619,Dropout
0,1,6,11,1,6.5,0,5,0.0909,5,10,0,0.0,0,5,0.0,10,3.25,Dropout
0,1,6,6,6,6.583333333333333,0,0,1.0,6,6,6,6.333333333333333,0,0,1.0,0,6.4583,Graduate
1,1,17,17,14,5.321428571428571,1,3,0.8235,12,12,12,5.333333333333333,0,0,1.0,3,5.3274,Dropout
0,1,5,10,3,6.166666666666667,0,2,0.3,5,10,3,5.333333333333333,0,2,0.3,4,5.75,Graduate
0,1,2,2,0,0.0,0,2,0.0,2,2,0,0.0,0,2,0.0,4,0.0,Dropout
0,1,6,8,5,6.5,0,1,0.625,6,7,6,5.916666666666667,0,0,0.8571,1,6.2083,Graduate
0,1,6,6,6,7.25,0,0,1.0,6,6,6,6.75,0,0,1.0,0,7.0,Graduate
0,1,5,7,5,5.1,0,0,0.7143,5,8,3,6.0,0,2,0.375,2,5.55,Enrolled
0,1,7,8,6,6.5375,0,1,0.75,8,10,7,6.025,0,1,0.7,2,6.2812,Graduate
0,1,5,8,2,5.25,0,3,0.25,5,7,3,6.166666666666667,0,2,0.4286,5,5.7083,Enrolled
0,1,6,10,4,5.8,0,2,0.4,6,8,5,6.5,0,1,0.625,3,6.15,Graduate
0,1,7,7,7,6.1,0,0,1.0,7,7,7,6.1,0,0,1.0,0,6.1,Enrolled
0,1,7,7,7,7.507142857142857,0,0,1.0,8,8,8,8.04375,0,0,1.0,0,7.7754,Graduate
0,1,6,6,6,6.416666666666667,0,0,1.0,6,6,6,6.416666666666667,0,0,1.0,0,6.4167,Graduate
0,1,6,7,6,5.285714285714286,0,0,0.8571,6,8,5,5.5,0,1,0.625,1,5.3929,Graduate
0,1,5,7,3,6.333333333333333,0,2,0.4286,5,5,4,6.25,0,1,0.8,3,6.2917,Enrolled
0,1,5,6,5,6.6,0,0,0.8333,5,8,5,6.3,0,0,0.625,0,6.45,Enrolled
0,1,6,12,0,0.0,0,6,0.0,6,12,0,0.0,0,6,0.0,12,0.0,Dropout
0,1,8,8,7,6.207142857142858,0,1,0.875,8,8,7,6.207142857142858,0,1,0.875,2,6.2071,Graduate
0,1,5,8,4,6.0,0,1,0.5,5,8,5,5.6,0,0,0.625,1,5.8,Graduate
0,1,6,11,6,6.714285714285714,0,0,0.5455,6,12,6,6.428571428571429,0,0,0.5,0,6.5714,Graduate
1,0,6,9,1,7.0,0,5,0.1111,6,6,0,0.0,0,6,0.0,11,3.5,Dropout
0,1,6,8,6,5.857142857142857,0,0,0.75,6,6,6,7.333333333333333,0,0,1.0,0,6.5952,Graduate
0,1,6,7,6,6.75,0,0,0.8571,6,8,5,6.3,0,1,0.625,1,6.525,Graduate
0,1,11,13,11,7.227272727272728,0,0,0.8462,8,8,8,6.75,0,0,1.0,0,6.9886,Graduate
1,1,7,7,7,6.5,0,0,1.0,7,8,6,6.25,0,1,0.75,1,6.375,Enrolled
0,1,6,8,6,7.583333333333333,0,0,0.75,6,7,6,7.214285714285714,0,0,0.8571,0,7.3988,Graduate
0,1,6,8,5,5.9,0,1,0.625,6,8,5,5.8,0,1,0.625,2,5.85,Graduate
0,1,5,13,1,6.5,0,4,0.0769,5,7,2,6.25,0,3,0.2857,7,6.375,Dropout
0,0,6,6,6,6.083333333333333,0,0,1.0,6,6,0,0.0,0,6,0.0,6,3.0417,Dropout
0,1,6,6,6,6.333333333333333,0,0,1.0,6,6,6,5.75,0,0,1.0,0,6.0417,Graduate
0,1,6,8,6,6.8125,0,0,0.75,6,7,6,7.142857142857143,0,0,0.8571,0,6.9777,Graduate
0,1,6,10,2,5.5,0,4,0.2,6,6,0,0.0,0,6,0.0,10,2.75,Dropout
0,1,13,19,8,5.8125,0,5,0.4211,10,17,6,5.5,0,4,0.3529,9,5.6562,Enrolled
0,1,6,8,6,6.0625,0,0,0.75,6,7,6,6.357142857142857,0,0,0.8571,0,6.2098,Graduate
0,1,0,0,0,0.0,0,0,0.0,0,0,0,0.0,0,0,0.0,0,0.0,Graduate
0,1,7,8,6,6.648333333333334,0,1,0.75,8,9,7,7.057142857142857,0,1,0.7778,2,6.8527,Graduate
0,1,8,8,7,6.8,0,1,0.875,8,8,7,6.8,0,1,0.875,2,6.8,Graduate
0,0,6,9,6,8.166666666666666,0,0,0.6667,6,8,5,7.8,0,1,0.625,1,7.9833,Dropout
0,1,6,8,6,6.083333333333333,0,0,0.75,6,6,6,6.75,0,0,1.0,0,6.4167,Graduate
0,1,5,9,3,5.166666666666667,0,2,0.3333,5,6,5,6.4,0,0,0.8333,2,5.7833,Graduate
0,1,6,7,5,6.2,0,1,0.7143,6,6,5,6.2,0,1,0.8333,2,6.2,Enrolled
0,1,5,5,5,5.9,0,0,1.0,5,8,4,5.625,0,1,0.5,1,5.7625,Enrolled
0,1,6,10,3,6.166666666666667,0,3,0.3,6,14,3,5.833333333333333,0,3,0.2143,6,6.0,Enrolled
0,1,5,10,4,6.0,0,1,0.4,5,8,3,6.833333333333333,1,2,0.375,3,6.4167,Enrolled
0,1,5,9,1,5.5,0,4,0.1111,5,9,2,6.25,0,3,0.2222,7,5.875,Enrolled
0,1,6,6,6,5.75,0,0,1.0,6,8,6,6.142857142857143,0,0,0.75,0,5.9464,Graduate
0,1,6,7,6,6.166666666666667,0,0,0.8571,6,8,6,5.75,0,0,0.75,0,5.9583,Graduate
0,1,6,6,6,7.25,0,0,1.0,6,7,5,7.5,0,1,0.7143,1,7.375,Enrolled
0,1,5,5,5,5.3,0,0,1.0,5,8,5,5.8,0,0,0.625,0,5.55,Graduate
0,1,7,8,7,6.5125,0,0,0.875,8,9,8,6.905555555555556,0,0,0.8889,0,6.709,Graduate
0,1,6,8,5,6.333333333333333,0,1,0.625,6,8,5,5.5,0,1,0.625,2,5.9167,Enrolled
0,1,13,14,13,6.884615384615385,0,0,0.9286,12,16,12,7.291666666666667,0,0,0.75,0,7.0881,Graduate
0,1,6,13,5,5.9,0,1,0.3846,6,19,4,6.0,0,2,0.2105,3,5.95,Enrolled
0,1,7,16,6,5.5,0,1,0.375,7,9,7,5.5,0,0,0.7778,1,5.5,Graduate
0,1,5,11,4,6.0,0,1,0.3636,5,5,5,6.4,0,0,1.0,1,6.2,Graduate
0,1,0,0,0,0.0,0,0,0.0,0,0,0,0.0,0,0,0.0,0,0.0,Dropout
0,0,6,0,0,0.0,0,6,0.0,6,0,0,0.0,0,6,0.0,12,0.0,Dropout
0,1,5,13,5,6.0,0,0,0.3846,5,9,4,5.7,0,1,0.4444,1,5.85,Enrolled
0,1,8,11,6,6.748333333333334,1,2,0.5455,8,11,6,6.748333333333334,1,2,0.5455,4,6.7483,Enrolled
0,1,6,7,6,5.666666666666667,0,0,0.8571,6,9,6,5.416666666666667,0,0,0.6667,0,5.5417,Graduate
0,1,6,6,6,7.5,0,0,1.0,6,6,2,8.0,0,4,0.3333,4,7.75,Graduate
0,1,5,7,5,6.666666666666667,0,0,0.7143,5,6,5,6.8,0,0,0.8333,0,6.7333,Graduate
0,1,6,8,6,7.4375,0,0,0.75,6,8,6,6.714285714285714,0,0,0.75,0,7.0759,Graduate
1,1,6,8,6,5.833333333333333,0,0,0.75,6,10,4,5.75,0,2,0.4,2,5.7917,Graduate
0,0,6,11,3,5.5,0,3,0.2727,6,14,0,0.0,0,6,0.0,9,2.75,Dropout
0,1,6,8,5,6.2,0,1,0.625,6,12,5,5.2,0,1,0.4167,2,5.7,Dropout
0,1,7,11,7,5.928571428571429,0,0,0.6364,8,21,5,5.85,0,3,0.2381,3,5.8893,Enrolled
0,1,6,0,0,0.0,0,6,0.0,6,0,0,0.0,0,6,0.0,12,0.0,Dropout
0,1,6,7,6,6.416666666666667,0,0,0.8571,6,10,6,5.88888888888889,0,0,0.6,0,6.1528,Graduate
0,1,6,7,6,6.714285714285714,0,0,0.8571,6,7,6,7.071428571428571,0,0,0.8571,0,6.8929,Graduate
0,1,6,8,4,7.375,0,2,0.5,6,6,5,5.9,0,1,0.8333,3,6.6375,Graduate
0,1,15,17,13,5.807692307692308,0,2,0.7647,14,14,11,6.272727272727272,0,3,0.7857,5,6.0402,Dropout
1,0,5,5,0,0.0,0,5,0.0,5,5,0,0.0,0,5,0.0,10,0.0,Dropout
0,0,5,5,0,0.0,0,5,0.0,5,5,0,0.0,0,5,0.0,10,0.0,Dropout
0,1,6,6,6,6.333333333333333,0,0,1.0,6,6,6,6.416666666666667,0,0,1.0,0,6.375,Graduate
0,1,7,7,6,7.6,0,1,0.8571,7,7,6,7.6,0,1,0.8571,2,7.6,Graduate
0,1,6,10,4,5.5,0,2,0.4,6,9,6,5.916666666666667,0,0,0.6667,2,5.7083,Graduate
0,1,6,7,6,6.928571428571429,0,0,0.8571,6,7,6,6.571428571428571,0,0,0.8571,0,6.75,Dropout
0,1,0,0,0,0.0,0,0,0.0,0,0,0,0.0,0,0,0.0,0,0.0,Graduate
0,1,6,6,6,6.666666666666667,0,0,1.0,6,7,6,6.642857142857143,0,0,0.8571,0,6.6548,Graduate
0,1,6,12,3,6.666666666666667,0,3,0.25,6,12,3,6.375,0,3,0.25,6,6.5208,Enrolled
0,1,6,7,6,7.5,0,0,0.8571,6,6,6,8.166666666666666,0,0,1.0,0,7.8333,Graduate
0,0,6,17,1,6.5,0,5,0.0588,6,8,0,0.0,0,6,0.0,11,3.25,Dropout
0,1,6,8,4,5.625,0,2,0.5,5,8,2,5.25,0,3,0.25,5,5.4375,Dropout
0,0,6,8,5,6.0,0,1,0.625,6,0,0,0.0,0,6,0.0,7,3.0,Dropout
0,1,5,6,0,0.0,0,5,0.0,5,8,2,5.75,0,3,0.25,8,2.875,Dropout
0,0,10,10,4,5.75,0,6,0.4,7,8,1,6.0,0,6,0.125,12,5.875,Dropout
0,1,6,7,0,0.0,0,6,0.0,6,10,0,0.0,0,6,0.0,12,0.0,Dropout
0,1,6,6,6,6.25,0,0,1.0,6,7,6,6.5,0,0,0.8571,0,6.375,Graduate
0,1,5,6,5,6.2,0,0,0.8333,5,6,5,6.7,0,0,0.8333,0,6.45,Graduate
0,1,5,9,2,7.166666666666667,0,3,0.2222,5,10,2,6.25,0,3,0.2,6,6.7083,Enrolled
0,1,6,7,6,6.142857142857143,0,0,0.8571,6,6,6,6.75,0,0,1.0,0,6.4464,Graduate
0,1,6,6,0,0.0,0,6,0.0,6,10,3,5.5,0,3,0.3,9,2.75,Enrolled
1,1,0,0,0,0.0,0,0,0.0,0,0,0,0.0,0,0,0.0,0,0.0,Dropout
0,1,8,11,7,5.852857142857142,0,1,0.6364,8,11,7,5.852857142857142,0,1,0.6364,2,5.8529,Enrolled
0,1,6,12,4,5.9,0,2,0.3333,6,11,4,5.9375,0,2,0.3636,4,5.9188,Dropout
1,1,6,6,0,0.0,0,6,0.0,6,6,0,0.0,0,6,0.0,12,0.0,Enrolled
0,0,7,13,5,6.0,0,2,0.3846,7,7,3,5.5,0,4,0.4286,6,5.75,Dropout
0,1,6,7,6,6.833333333333333,0,0,0.8571,6,7,6,7.285714285714286,0,0,0.8571,0,7.0595,Graduate
0,1,8,8,7,7.828571428571428,0,1,0.875,8,8,7,7.828571428571428,0,1,0.875,2,7.8286,Graduate
0,1,7,8,6,5.491666666666667,0,1,0.75,7,8,6,5.491666666666667,0,1,0.75,2,5.4917,Graduate
0,1,6,7,6,6.428571428571429,0,0,0.8571,6,8,5,5.9,0,1,0.625,1,6.1643,Graduate
0,1,12,12,12,6.625,0,0,1.0,12,12,11,6.363636363636364,0,1,0.9167,1,6.4943,Graduate
1,0,6,6,0,0.0,0,6,0.0,6,6,0,0.0,0,6,0.0,12,0.0,Enrolled
0,1,9,9,9,7.166666666666667,0,0,1.0,7,7,7,6.928571428571429,0,0,1.0,0,7.0476,Graduate
0,1,7,7,7,6.642857142857143,0,0,1.0,7,7,7,7.214285714285714,0,0,1.0,0,6.9286,Graduate
1,1,10,10,7,5.857142857142857,0,3,0.7,10,10,6,5.75,0,4,0.6,7,5.8036,Dropout
0,1,5,8,4,5.625,0,1,0.5,5,8,4,5.75,0,1,0.5,2,5.6875,Enrolled
0,1,6,14,4,6.125,0,2,0.2857,6,11,3,5.666666666666667,0,3,0.2727,5,5.8958,Enrolled
0,1,5,11,4,6.0,1,1,0.3636,5,9,5,6.3,0,0,0.5556,1,6.15,Graduate
0,1,6,7,6,7.357142857142857,0,0,0.8571,6,6,6,7.583333333333333,0,0,1.0,0,7.4702,Graduate
0,1,5,7,3,6.166666666666667,0,2,0.4286,5,9,3,5.285714285714286,0,2,0.3333,4,5.7262,Enrolled
0,1,6,8,5,5.7,0,1,0.625,6,10,6,5.833333333333333,0,0,0.6,1,5.7667,Dropout
0,1,5,12,3,6.0,0,2,0.25,5,10,3,6.0,0,2,0.3,4,6.0,Dropout
0,1,6,13,6,6.0,0,0,0.4615,6,16,4,6.375,0,2,0.25,2,6.1875,Enrolled
0,0,6,8,0,0.0,0,6,0.0,6,10,0,0.0,0,6,0.0,12,0.0,Dropout
0,1,0,0,0,0.0,0,0,0.0,0,0,0,0.0,0,0,0.0,0,0.0,Graduate
0,1,8,8,0,0.0,8,8,0.0,8,8,0,0.0,8,8,0.0,16,0.0,Dropout
0,1,7,0,0,0.0,0,7,0.0,8,0,0,0.0,0,8,0.0,15,0.0,Dropout
0,1,6,6,6,8.25,0,0,1.0,6,7,6,8.714285714285714,0,0,0.8571,0,8.4821,Dropout
0,1,7,7,7,7.302142857142856,0,0,1.0,8,9,8,7.841666666666665,0,0,0.8889,0,7.5719,Graduate
0,1,7,8,7,6.2,0,0,0.875,8,9,8,6.4,0,0,0.8889,0,6.3,Graduate
0,1,7,7,7,5.914285714285714,0,0,1.0,8,10,7,6.45625,0,1,0.7,1,6.1853,Graduate
0,1,5,7,4,6.125,0,1,0.5714,5,7,4,6.375,0,1,0.5714,2,6.25,Enrolled
0,1,5,6,5,8.166666666666666,0,0,0.8333,5,5,5,7.7,0,0,1.0,0,7.9333,Graduate
0,1,7,9,5,6.16,0,2,0.5556,7,9,5,5.95,0,2,0.5556,4,6.055,Enrolled
0,1,6,7,6,5.583333333333333,0,0,0.8571,6,11,4,5.9,0,2,0.3636,2,5.7417,Enrolled
1,0,7,11,4,6.0,0,3,0.3636,7,9,6,5.916666666666667,0,1,0.6667,4,5.9583,Dropout
0,1,6,9,6,7.333333333333333,0,0,0.6667,6,12,6,7.333333333333333,0,0,0.5,0,7.3333,Graduate
0,1,14,21,13,6.535714285714286,0,1,0.619,11,16,11,6.5,0,0,0.6875,1,6.5179,Graduate
0,1,0,0,0,0.0,0,0,0.0,0,0,0,0.0,0,0,0.0,0,0.0,Dropout
0,1,6,7,6,7.214285714285714,0,0,0.8571,6,6,6,6.25,0,0,1.0,0,6.7321,Graduate
0,1,6,6,6,6.083333333333333,0,0,1.0,6,7,5,7.0,0,1,0.7143,1,6.5417,Enrolled
0,1,6,9,6,6.25,0,0,0.6667,6,9,6,6.5,0,0,0.6667,0,6.375,Graduate
1,1,6,6,6,6.916666666666667,0,0,1.0,6,8,6,6.9375,0,0,0.75,0,6.9271,Graduate
1,0,0,0,0,0.0,0,0,0.0,0,0,0,0.0,0,0,0.0,0,0.0,Dropout
0,1,6,9,6,6.666666666666667,0,0,0.6667,6,6,6,5.916666666666667,0,0,1.0,0,6.2917,Graduate
0,1,6,7,6,5.75,0,0,0.8571,6,6,6,5.833333333333333,0,0,1.0,0,5.7917,Graduate
0,1,8,12,7,6.228571428571428,0,1,0.5833,8,12,7,6.228571428571428,0,1,0.5833,2,6.2286,Enrolled
0,1,6,8,6,6.75,0,0,0.75,6,9,6,6.416666666666667,0,0,0.6667,0,6.5833,Graduate
0,1,0,0,0,0.0,0,0,0.0,0,0,0,0.0,0,0,0.0,0,0.0,Graduate
0,1,7,9,7,6.880555555555556,0,0,0.7778,8,11,7,6.411875,0,1,0.6364,1,6.6462,Graduate
0,1,6,10,6,5.5625,0,0,0.6,6,7,6,5.928571428571429,0,0,0.8571,0,5.7455,Graduate
0,1,6,7,0,0.0,0,6,0.0,6,6,0,0.0,0,6,0.0,12,0.0,Dropout
1,1,6,6,4,6.375,0,2,0.6667,5,5,0,0.0,0,5,0.0,7,3.1875,Dropout
0,1,6,7,6,6.928571428571429,0,0,0.8571,6,7,5,6.4,0,1,0.7143,1,6.6643,Graduate
0,1,8,8,8,6.9375,0,0,1.0,6,8,5,7.0,0,1,0.625,1,6.9688,Graduate
0,1,5,12,5,6.571428571428571,2,0,0.4167,5,6,5,5.7,0,0,0.8333,0,6.1357,Graduate
0,1,5,7,3,5.833333333333333,0,2,0.4286,5,5,4,6.0,0,1,0.8,3,5.9167,Enrolled
1,0,6,6,3,5.666666666666667,0,3,0.5,6,6,0,0.0,0,6,0.0,9,2.8333,Dropout
0,1,5,10,1,5.0,0,4,0.1,5,7,0,0.0,0,5,0.0,9,2.5,Dropout
0,0,6,11,1,6.5,0,5,0.0909,6,12,0,0.0,0,6,0.0,11,3.25,Dropout
0,1,6,8,6,6.4375,0,0,0.75,6,14,5,6.071428571428571,0,1,0.3571,1,6.2545,Enrolled
0,1,5,5,0,0.0,0,5,0.0,5,5,0,0.0,0,5,0.0,10,0.0,Dropout
0,1,6,8,6,6.083333333333333,0,0,0.75,6,7,4,5.875,0,2,0.5714,2,5.9792,Graduate
0,1,6,10,4,6.125,0,2,0.4,7,9,6,6.25,0,1,0.6667,3,6.1875,Enrolled
0,1,6,6,6,7.5,0,0,1.0,6,6,6,7.75,0,0,1.0,0,7.625,Graduate
0,1,8,8,7,5.817857142857143,0,1,0.875,8,8,7,5.817857142857143,0,1,0.875,2,5.8179,Enrolled
0,1,8,8,7,7.0,0,1,0.875,8,8,7,7.0,0,1,0.875,2,7.0,Graduate
0,1,8,8,8,6.638125,0,0,1.0,8,8,8,6.638125,0,0,1.0,0,6.6381,Graduate
0,1,7,11,6,5.991666666666667,0,1,0.5455,8,12,8,6.140625,0,0,0.6667,1,6.0661,Graduate
0,1,6,8,6,5.666666666666667,0,0,0.75,6,6,6,5.833333333333333,0,0,1.0,0,5.75,Graduate
1,0,5,11,0,0.0,4,5,0.0,5,6,0,0.0,1,5,0.0,10,0.0,Dropout
0,1,7,8,6,6.695,0,1,0.75,8,10,7,6.378571428571428,0,1,0.7,2,6.5368,Enrolled
0,1,6,10,5,6.25,0,1,0.5,6,8,2,6.75,0,4,0.25,5,6.5,Dropout
0,1,6,6,6,7.333333333333333,0,0,1.0,6,7,6,7.285714285714286,0,0,0.8571,0,7.3095,Graduate
0,1,5,5,4,6.0,0,1,0.8,5,6,5,6.333333333333333,0,0,0.8333,1,6.1667,Enrolled
0,1,8,8,7,7.85,0,1,0.875,8,8,7,7.85,0,1,0.875,2,7.85,Graduate
0,1,6,16,4,6.0,0,2,0.25,6,11,3,5.166666666666667,0,3,0.2727,5,5.5833,Dropout
0,1,7,7,7,6.65,0,0,1.0,8,8,8,7.5625,0,0,1.0,0,7.1063,Graduate
0,1,6,10,4,6.25,0,2,0.4,6,12,1,5.0,3,5,0.0833,7,5.625,Enrolled
0,1,6,8,6,7.375,0,0,0.75,6,9,5,7.166666666666667,0,1,0.5556,1,7.2708,Graduate
0,1,5,6,5,6.0,0,0,0.8333,5,7,4,6.25,0,1,0.5714,1,6.125,Enrolled
0,1,5,12,3,6.166666666666667,2,2,0.25,5,8,3,6.5,1,2,0.375,4,6.3333,Graduate
0,1,6,8,4,6.375,0,2,0.5,6,12,5,6.3,0,1,0.4167,3,6.3375,Dropout
0,1,6,6,6,6.5,0,0,1.0,6,6,6,7.083333333333333,0,0,1.0,0,6.7917,Graduate
0,1,7,12,4,6.0,0,3,0.3333,7,13,4,6.28125,0,3,0.3077,6,6.1406,Dropout
0,1,6,6,6,5.916666666666667,0,0,1.0,6,7,6,6.428571428571429,0,0,0.8571,0,6.1726,Graduate
0,1,6,8,6,6.857142857142857,1,0,0.75,6,8,6,7.1875,0,0,0.75,0,7.0223,Graduate
0,1,0,0,0,0.0,0,0,0.0,0,0,0,0.0,0,0,0.0,0,0.0,Graduate
0,1,6,13,3,5.25,0,3,0.2308,6,19,1,6.0,0,5,0.0526,8,5.625,Dropout
0,1,6,6,6,6.583333333333333,0,0,1.0,6,8,6,6.214285714285714,0,0,0.75,0,6.3988,Graduate
0,1,5,7,3,5.666666666666667,0,2,0.4286,5,6,0,0.0,0,5,0.0,7,2.8333,Dropout
0,1,7,7,6,7.716666666666666,0,1,0.8571,7,7,6,7.716666666666666,0,1,0.8571,2,7.7167,Graduate
0,1,5,9,0,0.0,0,5,0.0,5,6,2,5.833333333333333,0,3,0.3333,8,2.9167,Enrolled
1,0,5,9,3,5.0,0,2,0.3333,5,9,3,5.285714285714286,0,2,0.3333,4,5.1429,Dropout
0,1,6,7,3,6.0,0,3,0.4286,6,7,2,5.5,0,4,0.2857,7,5.75,Dropout
0,1,6,6,6,5.916666666666667,0,0,1.0,6,6,3,6.666666666666667,0,3,0.5,3,6.2917,Enrolled
0,1,11,15,9,7.11111111111111,0,2,0.6,9,15,7,6.875,0,2,0.4667,4,6.9931,Graduate
0,1,13,16,10,5.727272727272728,0,3,0.625,11,13,7,6.125,0,4,0.5385,7,5.9261,Dropout
0,1,6,0,0,0.0,0,6,0.0,6,0,0,0.0,0,6,0.0,12,0.0,Dropout
0,1,18,18,17,6.588235294117646,0,1,0.9444,18,18,16,6.5,0,2,0.8889,3,6.5441,Dropout
0,1,6,7,6,6.166666666666667,0,0,0.8571,6,10,5,5.4,4,1,0.5,1,5.7833,Enrolled
0,1,6,9,5,7.166666666666667,0,1,0.5556,8,8,8,6.3125,0,0,1.0,1,6.7396,Enrolled
0,1,7,7,6,6.404166666666666,0,1,0.8571,8,11,7,6.412857142857143,0,1,0.6364,2,6.4085,Graduate
0,1,6,6,6,6.666666666666667,0,0,1.0,6,8,5,7.0,0,1,0.625,1,6.8333,Graduate
0,1,5,9,2,5.0,0,3,0.2222,5,10,2,5.5,0,3,0.2,6,5.25,Enrolled
0,1,5,9,3,5.833333333333333,0,2,0.3333,5,9,4,5.875,0,1,0.4444,3,5.8542,Graduate
0,1,6,10,5,6.0,0,1,0.5,6,9,5,5.4,0,1,0.5556,2,5.7,Graduate
0,0,0,0,0,0.0,0,0,0.0,0,0,0,0.0,0,0,0.0,0,0.0,Dropout
0,1,6,7,6,6.142857142857143,0,0,0.8571,6,6,6,6.0,0,0,1.0,0,6.0714,Graduate
0,1,7,8,7,6.25,0,0,0.875,8,9,7,6.521428571428572,0,1,0.7778,1,6.3857,Graduate
0,1,6,10,5,5.8,0,1,0.5,6,6,6,5.583333333333333,0,0,1.0,1,5.6917,Graduate
0,1,9,11,9,6.166666666666667,0,0,0.8182,7,7,7,6.285714285714286,0,0,1.0,0,6.2262,Graduate
0,1,5,5,0,0.0,0,5,0.0,5,5,0,0.0,0,5,0.0,10,0.0,Enrolled
0,1,6,7,5,6.3,0,1,0.7143,6,10,5,6.1875,0,1,0.5,2,6.2438,Enrolled
0,1,5,5,5,6.7,0,0,1.0,5,5,5,6.3,0,0,1.0,0,6.5,Graduate
1,1,5,6,5,5.3,0,0,0.8333,5,7,4,5.375,0,1,0.5714,1,5.3375,Graduate
0,1,7,10,6,5.666666666666667,0,1,0.6,5,6,5,5.6,0,0,0.8333,1,5.6333,Graduate
0,1,5,10,4,5.875,0,1,0.4,5,10,4,5.416666666666667,0,1,0.4,2,5.6458,Enrolled
0,1,6,10,4,5.8,0,2,0.4,6,10,4,5.875,0,2,0.4,4,5.8375,Graduate
0,1,6,8,6,6.666666666666667,0,0,0.75,6,7,6,6.833333333333333,0,0,0.8571,0,6.75,Graduate
0,0,6,0,0,0.0,0,6,0.0,6,0,0,0.0,0,6,0.0,12,0.0,Dropout
0,1,6,10,4,5.125,0,2,0.4,6,8,6,5.357142857142857,0,0,0.75,2,5.2411,Graduate
0,1,8,8,7,7.164285714285714,0,1,0.875,8,8,7,7.164285714285714,0,1,0.875,2,7.1643,Graduate
0,1,6,0,0,0.0,0,6,0.0,6,0,0,0.0,0,6,0.0,12,0.0,Dropout
0,1,5,10,3,5.25,0,2,0.3,5,11,3,5.4,0,2,0.2727,4,5.325,Dropout
0,1,21,21,21,6.30952380952381,0,0,1.0,19,19,19,6.394736842105263,0,0,1.0,0,6.3521,Graduate
0,1,5,10,3,5.5,0,2,0.3,5,6,3,5.5,1,2,0.5,4,5.5,Enrolled
0,1,8,8,7,7.06857142857143,0,1,0.875,8,8,7,7.06857142857143,0,1,0.875,2,7.0686,Graduate
0,1,5,5,0,0.0,0,5,0.0,5,5,0,0.0,0,5,0.0,10,0.0,Dropout
0,1,7,9,7,7.333333333333333,0,0,0.7778,6,8,6,7.0,0,0,0.75,0,7.1667,Graduate
0,1,7,10,6,6.799166666666667,0,1,0.6,8,11,6,5.966666666666666,0,2,0.5455,3,6.3829,Enrolled
0,1,6,6,6,6.666666666666667,0,0,1.0,6,8,5,6.4,0,1,0.625,1,6.5333,Dropout
0,1,6,6,6,6.5,0,0,1.0,6,6,6,7.0,0,0,1.0,0,6.75,Graduate
0,1,6,11,4,5.75,0,2,0.3636,6,12,3,5.5,0,3,0.25,5,5.625,Enrolled
1,1,7,12,4,7.2,0,3,0.3333,7,9,6,6.75,0,1,0.6667,4,6.975,Enrolled
0,1,6,11,6,5.9375,0,0,0.5455,6,9,5,6.416666666666667,0,1,0.5556,1,6.1771,Dropout
0,1,0,0,0,0.0,0,0,0.0,0,0,0,0.0,0,0,0.0,0,0.0,Dropout
0,1,6,14,6,7.166666666666667,0,0,0.4286,6,9,6,6.0,0,0,0.6667,0,6.5833,Graduate
0,1,7,10,7,7.184,0,0,0.7,8,8,8,7.224375,0,0,1.0,0,7.2042,Graduate
0,1,5,6,4,6.25,0,1,0.6667,5,7,4,5.875,0,1,0.5714,2,6.0625,Graduate
0,1,5,5,4,6.0,0,1,0.8,4,4,2,5.75,0,2,0.5,3,5.875,Enrolled
0,1,6,8,4,5.125,0,2,0.5,6,6,4,5.625,0,2,0.6667,4,5.375,Dropout
0,1,0,0,0,0.0,0,0,0.0,0,0,0,0.0,0,0,0.0,0,0.0,Enrolled
0,1,6,11,4,6.0,0,2,0.3636,6,14,3,5.5,0,3,0.2143,5,5.75,Dropout
1,1,6,10,5,6.5,0,1,0.5,6,10,4,5.75,0,2,0.4,3,6.125,Dropout
0,1,6,6,6,7.0,0,0,1.0,6,6,6,6.75,0,0,1.0,0,6.875,Dropout
0,0,8,8,0,0.0,1,8,0.0,8,8,0,0.0,1,8,0.0,16,0.0,Dropout
0,1,7,8,6,6.635833333333334,0,1,0.75,8,11,7,6.471875,0,1,0.6364,2,6.5539,Graduate
1,1,0,0,0,0.0,0,0,0.0,0,0,0,0.0,0,0,0.0,0,0.0,Enrolled
0,1,8,8,8,7.2225,0,0,1.0,8,8,8,7.2225,0,0,1.0,0,7.2225,Graduate
0,1,5,10,4,5.75,0,1,0.4,5,11,0,0.0,0,5,0.0,6,2.875,Enrolled
0,0,5,8,1,5.0,0,4,0.125,5,9,1,5.0,0,4,0.1111,8,5.0,Dropout
0,1,0,0,0,0.0,0,0,0.0,0,0,0,0.0,0,0,0.0,0,0.0,Graduate
0,1,6,7,6,7.285714285714286,0,0,0.8571,6,7,6,6.166666666666667,0,0,0.8571,0,6.7262,Graduate
0,0,6,10,4,5.875,0,2,0.4,5,6,1,5.0,0,4,0.1667,6,5.4375,Dropout
0,1,6,13,0,0.0,0,6,0.0,5,11,0,0.0,0,5,0.0,11,0.0,Enrolled
0,1,8,8,7,6.642857142857143,0,1,0.875,8,8,7,6.642857142857143,0,1,0.875,2,6.6429,Graduate
0,1,0,0,0,0.0,0,0,0.0,0,0,0,0.0,0,0,0.0,0,0.0,Enrolled
0,1,5,7,5,5.583333333333333,0,0,0.7143,5,9,4,5.375,0,1,0.4444,1,5.4792,Enrolled
0,1,8,9,5,6.3,2,3,0.5556,7,13,5,5.625,0,2,0.3846,5,5.9625,Enrolled
0,0,5,7,3,6.166666666666667,0,2,0.4286,5,8,0,0.0,0,5,0.0,7,3.0833,Dropout
0,1,6,9,5,6.2,0,1,0.5556,6,10,5,5.9,0,1,0.5,2,6.05,Enrolled
0,1,7,9,7,6.880555555555556,0,0,0.7778,8,11,7,6.031875,0,1,0.6364,1,6.4562,Enrolled
0,1,5,0,0,0.0,0,5,0.0,5,0,0,0.0,0,5,0.0,10,0.0,Dropout
0,1,7,11,3,5.958333333333333,1,4,0.2727,7,17,0,0.0,0,7,0.0,11,2.9792,Dropout
1,0,6,16,2,6.5,0,4,0.125,6,8,0,0.0,0,6,0.0,10,3.25,Dropout
0,1,7,7,7,6.714285714285714,0,0,1.0,8,8,8,7.375,0,0,1.0,0,7.0446,Graduate
1,0,6,10,5,5.857142857142857,0,1,0.5,6,13,2,5.333333333333333,0,4,0.1538,5,5.5952,Dropout
1,1,6,11,3,5.5,0,3,0.2727,6,9,4,5.625,0,2,0.4444,5,5.5625,Graduate
0,1,18,27,13,6.857142857142857,1,5,0.4815,12,18,12,6.041666666666667,0,0,0.6667,5,6.4494,Graduate
0,1,5,6,1,5.0,0,4,0.1667,5,7,1,6.0,0,4,0.1429,8,5.5,Dropout
0,1,7,7,7,6.5,0,0,1.0,8,8,8,7.53125,0,0,1.0,0,7.0156,Graduate
0,1,5,5,0,0.0,0,5,0.0,5,5,0,0.0,0,5,0.0,10,0.0,Dropout
0,1,9,10,9,6.38888888888889,0,0,0.9,9,9,9,6.61111111111111,0,0,1.0,0,6.5,Graduate
0,1,6,8,6,7.5,0,0,0.75,6,10,5,7.166666666666667,0,1,0.5,1,7.3333,Graduate
0,1,6,9,5,6.166666666666667,0,1,0.5556,6,7,5,5.9,0,1,0.7143,2,6.0333,Graduate
0,1,7,10,4,6.3,0,3,0.4,7,9,5,6.19,0,2,0.5556,5,6.245,Dropout
0,1,10,10,10,6.25,0,0,1.0,7,7,7,6.071428571428571,0,0,1.0,0,6.1607,Graduate
0,1,5,5,5,6.4,0,0,1.0,5,5,5,7.1,0,0,1.0,0,6.75,Graduate
0,1,7,0,0,0.0,0,7,0.0,8,0,0,0.0,0,8,0.0,15,0.0,Dropout
0,1,6,7,6,6.333333333333333,0,0,0.8571,6,8,6,6.071428571428571,0,0,0.75,0,6.2024,Enrolled
0,1,5,10,4,5.875,0,1,0.4,5,8,5,5.9,0,0,0.625,1,5.8875,Graduate
0,1,4,4,0,0.0,0,4,0.0,5,0,0,0.0,0,5,0.0,9,0.0,Dropout
0,1,8,12,7,6.428571428571429,0,1,0.5833,8,12,7,6.428571428571429,0,1,0.5833,2,6.4286,Graduate
0,1,6,7,0,0.0,0,6,0.0,6,6,0,0.0,0,6,0.0,12,0.0,Dropout
0,1,5,0,0,0.0,0,5,0.0,5,0,0,0.0,0,5,0.0,10,0.0,Dropout
0,1,8,8,7,7.326428571428571,0,1,0.875,8,8,7,7.326428571428571,0,1,0.875,2,7.3264,Graduate
1,1,5,5,4,5.5,0,1,0.8,5,5,0,0.0,0,5,0.0,6,2.75,Dropout
1,0,7,11,3,6.166666666666667,0,4,0.2727,7,9,3,5.833333333333333,0,4,0.3333,8,6.0,Dropout
0,1,8,8,8,7.0175,0,0,1.0,8,8,8,7.0175,0,0,1.0,0,7.0175,Graduate
0,1,8,10,7,5.571428571428571,0,1,0.7,8,11,8,5.6875,0,0,0.7273,1,5.6295,Graduate
0,1,0,0,0,0.0,0,0,0.0,0,0,0,0.0,0,0,0.0,0,0.0,Graduate
0,1,6,11,4,6.0,0,2,0.3636,6,7,6,6.5,0,0,0.8571,2,6.25,Graduate
0,1,6,9,4,7.875,0,2,0.4444,6,10,5,8.2,0,1,0.5,3,8.0375,Enrolled
0,1,5,12,0,0.0,3,5,0.0,5,5,0,0.0,0,5,0.0,10,0.0,Dropout
0,1,7,9,7,6.61875,0,0,0.7778,8,9,7,6.871428571428572,0,1,0.7778,1,6.7451,Dropout
0,0,6,6,6,7.0,0,0,1.0,6,11,6,6.75,0,0,0.5455,0,6.875,Dropout
0,1,7,13,5,6.25,0,2,0.3846,8,14,7,6.083333333333333,0,1,0.5,3,6.1667,Graduate
0,1,6,9,4,6.25,0,2,0.4444,6,6,6,5.666666666666667,0,0,1.0,2,5.9583,Dropout
0,1,15,19,13,5.884615384615385,0,2,0.6842,14,17,14,5.964285714285714,0,0,0.8235,2,5.9245,Graduate
0,1,7,10,3,6.5,0,4,0.3,8,10,3,5.833333333333333,4,5,0.3,9,6.1667,Enrolled
0,1,6,7,6,7.214285714285714,0,0,0.8571,7,8,7,7.1875,0,0,0.875,0,7.2009,Graduate
1,0,6,8,5,5.3,0,1,0.625,6,8,5,5.5,0,1,0.625,2,5.4,Graduate
0,1,6,10,4,6.125,0,2,0.4,6,8,4,5.75,0,2,0.5,4,5.9375,Enrolled
0,1,6,6,6,6.333333333333333,0,0,1.0,6,6,5,6.2,0,1,0.8333,1,6.2667,Graduate
0,1,6,6,6,6.0,0,0,1.0,6,6,5,6.8,0,1,0.8333,1,6.4,Graduate
0,1,6,6,0,0.0,0,6,0.0,6,6,0,0.0,0,6,0.0,12,0.0,Dropout
0,1,8,8,7,6.537857142857143,0,1,0.875,8,8,7,6.537857142857143,0,1,0.875,2,6.5379,Graduate
1,1,6,6,6,6.083333333333333,0,0,1.0,6,6,6,6.166666666666667,0,0,1.0,0,6.125,Graduate
1,0,5,9,0,0.0,0,5,0.0,5,6,0,0.0,0,5,0.0,10,0.0,Dropout
0,1,6,8,5,6.6,0,1,0.625,6,9,5,7.166666666666667,0,1,0.5556,2,6.8833,Graduate
0,1,6,8,6,7.0,0,0,0.75,6,18,3,6.333333333333333,0,3,0.1667,3,6.6667,Graduate
0,1,6,8,5,5.6,0,1,0.625,6,11,4,6.25,0,2,0.3636,3,5.925,Graduate
0,1,5,6,1,5.5,0,4,0.1667,5,5,0,0.0,0,5,0.0,9,2.75,Dropout
0,1,8,8,7,5.845,0,1,0.875,8,8,7,5.845,0,1,0.875,2,5.845,Graduate
0,1,6,9,5,6.7,0,1,0.5556,6,9,5,6.2,0,1,0.5556,2,6.45,Graduate
0,1,6,12,5,6.25,0,1,0.4167,6,10,5,7.3,0,1,0.5,2,6.775,Graduate
0,0,6,0,0,0.0,0,6,0.0,6,0,0,0.0,0,6,0.0,12,0.0,Dropout
0,1,6,11,1,5.0,0,5,0.0909,6,11,1,5.5,0,5,0.0909,10,5.25,Dropout
0,0,5,5,0,0.0,0,5,0.0,5,5,0,0.0,0,5,0.0,10,0.0,Dropout
0,1,5,7,5,7.357142857142857,0,0,0.7143,5,5,5,7.9,0,0,1.0,0,7.6286,Graduate
0,1,6,12,4,5.5,0,2,0.3333,6,9,6,5.75,0,0,0.6667,2,5.625,Graduate
0,1,6,13,3,5.875,0,3,0.2308,6,10,0,0.0,0,6,0.0,9,2.9375,Dropout
0,0,4,4,0,0.0,0,4,0.0,4,4,0,0.0,0,4,0.0,8,0.0,Dropout
0,1,7,11,6,5.808333333333334,0,1,0.5455,7,7,7,6.5,0,0,1.0,1,6.1542,Enrolled
0,1,6,7,6,5.666666666666667,0,0,0.8571,6,7,6,5.25,0,0,0.8571,0,5.4583,Graduate
0,1,7,10,6,6.657142857142858,0,1,0.6,8,10,7,6.4375,0,1,0.7,2,6.5473,Graduate
0,1,7,8,4,6.0,0,3,0.5,8,8,0,0.0,0,8,0.0,11,3.0,Dropout
0,1,6,9,6,6.416666666666667,0,0,0.6667,6,6,4,6.625,0,2,0.6667,2,6.5208,Graduate
0,1,6,8,5,6.4,0,1,0.625,6,7,5,6.7,0,1,0.7143,2,6.55,Enrolled
0,1,11,12,2,7.5,7,9,0.1667,9,10,3,5.0,4,6,0.3,15,6.25,Graduate
0,1,6,9,6,6.0,0,0,0.6667,6,10,5,6.083333333333333,0,1,0.5,1,6.0417,Dropout
0,1,4,4,0,0.0,0,4,0.0,6,0,0,0.0,0,6,0.0,10,0.0,Dropout
0,0,5,5,0,0.0,0,5,0.0,6,0,0,0.0,0,6,0.0,11,0.0,Dropout
0,1,6,7,6,6.0,0,0,0.8571,6,7,6,6.5,0,0,0.8571,0,6.25,Graduate
0,1,6,8,4,5.25,0,2,0.5,6,8,4,5.625,0,2,0.5,4,5.4375,Graduate
0,1,12,12,7,5.714285714285714,0,5,0.5833,12,12,7,5.928571428571429,0,5,0.5833,10,5.8214,Enrolled
0,1,7,10,7,6.699,0,0,0.7,8,8,8,6.77125,0,0,1.0,0,6.7351,Graduate
0,1,8,8,8,6.97375,0,0,1.0,8,8,8,6.97375,0,0,1.0,0,6.9737,Graduate
0,1,6,7,6,5.666666666666667,0,0,0.8571,6,6,6,5.75,0,0,1.0,0,5.7083,Graduate
1,1,12,20,10,5.9,0,2,0.5,12,15,9,5.722222222222222,0,3,0.6,5,5.8111,Enrolled
0,1,8,8,8,6.881875,0,0,1.0,8,8,8,6.881875,0,0,1.0,0,6.8819,Graduate
0,1,5,9,4,5.375,0,1,0.4444,5,7,2,5.0,0,3,0.2857,4,5.1875,Dropout
0,1,6,6,6,6.416666666666667,0,0,1.0,6,7,6,5.583333333333333,0,0,0.8571,0,6.0,Graduate
1,0,6,8,0,0.0,0,6,0.0,6,10,0,0.0,0,6,0.0,12,0.0,Dropout
1,1,6,7,6,6.571428571428571,0,0,0.8571,6,6,6,7.0,0,0,1.0,0,6.7857,Graduate
0,1,5,14,2,5.75,2,3,0.1429,5,8,5,5.7,3,0,0.625,3,5.725,Enrolled
0,1,7,9,2,5.375,0,5,0.2222,7,9,0,0.0,0,7,0.0,12,2.6875,Dropout
0,1,8,8,8,6.505625,0,0,1.0,8,8,8,6.505625,0,0,1.0,0,6.5056,Graduate
0,1,6,8,5,7.2,0,1,0.625,6,11,4,7.3,0,2,0.3636,3,7.25,Dropout
0,1,8,8,7,7.837857142857142,0,1,0.875,8,8,7,7.837857142857142,0,1,0.875,2,7.8379,Graduate
1,1,6,10,1,6.0,1,5,0.1,6,0,0,0.0,0,6,0.0,11,3.0,Dropout
0,1,6,10,5,6.1,0,1,0.5,6,10,5,5.8,0,1,0.5,2,5.95,Enrolled
0,1,6,0,0,0.0,0,6,0.0,6,0,0,0.0,0,6,0.0,12,0.0,Dropout
0,1,6,6,0,0.0,0,6,0.0,6,6,0,0.0,0,6,0.0,12,0.0,Dropout
0,1,6,7,6,5.928571428571429,0,0,0.8571,6,8,6,6.571428571428571,0,0,0.75,0,6.25,Graduate
1,1,7,7,6,7.7,0,1,0.8571,7,7,6,7.7,0,1,0.8571,2,7.7,Graduate
0,1,6,6,1,5.5,0,5,0.1667,6,8,0,0.0,0,6,0.0,11,2.75,Dropout
0,1,7,7,7,6.928571428571429,0,0,1.0,7,7,7,6.642857142857143,0,0,1.0,0,6.7857,Graduate
0,1,5,8,4,5.625,0,1,0.5,5,8,3,5.5,1,2,0.375,3,5.5625,Dropout
0,1,6,8,6,6.571428571428571,0,0,0.75,6,6,6,6.416666666666667,0,0,1.0,0,6.494,Graduate
0,1,10,12,7,5.571428571428571,0,3,0.5833,10,10,8,6.0,0,2,0.8,5,5.7857,Graduate
0,1,5,16,3,7.166666666666667,0,2,0.1875,5,9,5,6.214285714285714,0,0,0.5556,2,6.6905,Enrolled
0,1,6,8,6,6.75,0,0,0.75,6,9,6,6.785714285714286,0,0,0.6667,0,6.7679,Graduate
0,0,5,7,3,5.833333333333333,0,2,0.4286,5,8,2,5.75,1,3,0.25,5,5.7917,Dropout
0,1,7,9,7,7.375,0,0,0.7778,7,12,5,6.9,3,2,0.4167,2,7.1375,Enrolled
0,1,7,7,6,6.45,0,1,0.8571,7,7,6,6.45,0,1,0.8571,2,6.45,Graduate
0,1,6,8,5,6.166666666666667,0,1,0.625,6,8,5,5.5,0,1,0.625,2,5.8333,Enrolled
0,1,5,0,0,0.0,0,5,0.0,5,0,0,0.0,0,5,0.0,10,0.0,Dropout
0,1,8,8,7,6.182857142857144,0,1,0.875,8,8,7,6.182857142857144,0,1,0.875,2,6.1829,Graduate
0,1,7,7,6,6.8775,0,1,0.8571,8,9,7,6.785714285714286,0,1,0.7778,2,6.8316,Graduate
1,1,12,16,11,6.272727272727272,0,1,0.6875,10,12,8,5.8125,0,2,0.6667,3,6.0426,Enrolled
0,0,6,12,0,0.0,0,6,0.0,6,6,0,0.0,6,6,0.0,12,0.0,Dropout
0,1,0,0,0,0.0,0,0,0.0,0,0,0,0.0,0,0,0.0,0,0.0,Graduate
1,1,5,15,4,6.666666666666667,0,1,0.2667,5,6,2,6.75,0,3,0.3333,4,6.7083,Dropout
0,1,0,0,0,0.0,0,0,0.0,0,0,0,0.0,0,0,0.0,0,0.0,Dropout
0,1,6,7,0,0.0,0,6,0.0,6,6,0,0.0,0,6,0.0,12,0.0,Dropout
0,1,7,12,4,7.0,0,3,0.3333,7,14,3,6.2625,0,4,0.2143,7,6.6312,Enrolled
0,1,6,7,5,6.6,0,1,0.7143,6,6,6,6.333333333333333,0,0,1.0,1,6.4667,Enrolled
0,1,6,6,4,5.625,0,2,0.6667,6,9,4,5.214285714285714,0,2,0.4444,4,5.4196,Enrolled
0,1,12,12,12,7.291666666666667,0,0,1.0,11,14,11,7.166666666666667,0,0,0.7857,0,7.2292,Graduate
1,1,0,0,0,0.0,0,0,0.0,0,0,0,0.0,0,0,0.0,0,0.0,Dropout
0,1,0,0,0,0.0,0,0,0.0,0,0,0,0.0,0,0,0.0,0,0.0,Graduate
0,1,7,7,7,6.642857142857143,0,0,1.0,8,9,8,6.666666666666667,0,0,0.8889,0,6.6548,Graduate
0,1,6,15,4,5.375,0,2,0.2667,6,12,2,5.25,0,4,0.1667,6,5.3125,Dropout
0,1,6,8,5,5.75,0,1,0.625,6,11,6,5.666666666666667,0,0,0.5455,1,5.7083,Enrolled
0,1,5,9,1,5.0,0,4,0.1111,5,5,0,0.0,0,5,0.0,9,2.5,Dropout
1,1,6,6,5,7.5,0,1,0.8333,6,8,4,7.25,0,2,0.5,3,7.375,Graduate
0,1,5,7,4,6.375,0,1,0.5714,5,5,5,6.0,0,0,1.0,1,6.1875,Graduate
0,1,8,9,8,6.276875,1,0,0.8889,8,9,8,6.276875,1,0,0.8889,0,6.2769,Graduate
0,1,7,8,6,6.870833333333334,0,1,0.75,8,9,7,7.45625,0,1,0.7778,2,7.1635,Graduate
0,1,6,9,4,6.25,0,2,0.4444,7,7,4,5.5,0,3,0.5714,5,5.875,Dropout
0,1,7,12,6,5.833333333333333,0,1,0.5,7,10,3,6.5,0,4,0.3,5,6.1667,Enrolled
0,1,6,7,6,6.25,0,0,0.8571,6,6,6,6.083333333333333,0,0,1.0,0,6.1667,Graduate
0,1,7,10,5,7.23,0,2,0.5,7,8,6,6.775,0,1,0.75,3,7.0025,Enrolled
0,1,5,5,5,7.4,0,0,1.0,5,5,5,7.1,0,0,1.0,0,7.25,Graduate
0,1,6,6,6,6.333333333333333,0,0,1.0,6,7,6,6.285714285714286,0,0,0.8571,0,6.3095,Graduate
0,1,5,5,0,0.0,0,5,0.0,5,5,0,0.0,0,5,0.0,10,0.0,Dropout
1,0,6,10,4,6.125,0,2,0.4,6,13,4,5.25,0,2,0.3077,4,5.6875,Dropout
0,1,6,8,6,5.666666666666667,0,0,0.75,6,11,6,5.416666666666667,0,0,0.5455,0,5.5417,Graduate
1,0,7,12,4,6.47,0,3,0.3333,7,12,4,5.79,0,3,0.3333,6,6.13,Dropout
0,1,7,7,7,6.887857142857144,0,0,1.0,8,8,8,7.799999999999999,0,0,1.0,0,7.3439,Graduate
0,1,1,2,0,0.0,0,1,0.0,5,8,0,0.0,0,5,0.0,6,0.0,Dropout
0,1,5,0,0,0.0,0,5,0.0,5,0,0,0.0,0,5,0.0,10,0.0,Dropout
0,1,8,12,7,6.142857142857143,0,1,0.5833,8,12,7,6.142857142857143,0,1,0.5833,2,6.1429,Enrolled
0,1,8,8,7,6.242857142857143,0,1,0.875,8,8,7,6.242857142857143,0,1,0.875,2,6.2429,Graduate
0,0,5,5,0,0.0,0,5,0.0,5,5,0,0.0,0,5,0.0,10,0.0,Dropout
0,1,14,20,14,6.536428571428572,6,0,0.7,14,20,14,6.536428571428572,6,0,0.7,0,6.5364,Graduate
0,1,6,7,5,7.1,0,1,0.7143,6,6,6,7.083333333333333,0,0,1.0,1,7.0917,Graduate
0,1,6,12,3,5.333333333333333,0,3,0.25,6,9,4,6.0,0,2,0.4444,5,5.6667,Enrolled
1,0,6,6,0,0.0,0,6,0.0,5,5,0,0.0,0,5,0.0,11,0.0,Dropout
0,1,8,12,7,5.985714285714286,0,1,0.5833,8,12,7,5.985714285714286,0,1,0.5833,2,5.9857,Graduate
0,1,8,8,8,6.940625,0,0,1.0,8,8,8,6.940625,0,0,1.0,0,6.9406,Graduate
0,1,6,8,6,7.25,0,0,0.75,6,9,6,6.428571428571429,0,0,0.6667,0,6.8393,Graduate
0,0,15,24,12,5.5,0,3,0.5,14,21,11,5.681818181818182,1,3,0.5238,6,5.5909,Dropout
0,1,5,9,2,7.0,0,3,0.2222,5,5,0,0.0,0,5,0.0,8,3.5,Dropout
0,1,6,13,6,8.0,0,0,0.4615,6,8,6,7.25,0,0,0.75,0,7.625,Graduate
0,1,7,10,6,6.178571428571429,0,1,0.6,8,9,7,6.5,0,1,0.7778,2,6.3393,Graduate
0,1,6,9,6,5.416666666666667,0,0,0.6667,6,8,5,5.5,0,1,0.625,1,5.4583,Enrolled
0,1,5,10,0,0.0,1,5,0.0,5,9,2,6.75,0,3,0.2222,8,3.375,Dropout
0,1,7,9,7,7.734375,0,0,0.7778,8,8,8,8.19375,0,0,1.0,0,7.9641,Graduate
0,1,6,7,6,6.916666666666667,0,0,0.8571,6,7,6,6.857142857142857,0,0,0.8571,0,6.8869,Graduate
0,1,5,8,5,5.6,0,0,0.625,5,13,4,5.625,0,1,0.3077,1,5.6125,Graduate
0,1,6,6,6,6.416666666666667,0,0,1.0,6,6,6,6.333333333333333,0,0,1.0,0,6.375,Graduate
0,1,7,9,0,0.0,0,7,0.0,7,8,0,0.0,0,7,0.0,14,0.0,Dropout
0,1,6,8,5,5.4,0,1,0.625,6,9,4,5.75,0,2,0.4444,3,5.575,Graduate
0,1,7,10,7,6.071428571428571,0,0,0.7,7,7,7,6.571428571428571,0,0,1.0,0,6.3214,Graduate
1,1,6,11,5,6.3,0,1,0.4545,6,6,6,6.333333333333333,0,0,1.0,1,6.3167,Graduate
0,1,6,6,6,6.916666666666667,0,0,1.0,6,6,6,7.0,0,0,1.0,0,6.9583,Dropout
0,1,0,0,0,0.0,0,0,0.0,0,0,0,0.0,0,0,0.0,0,0.0,Graduate
0,1,5,5,4,7.5,0,1,0.8,5,5,4,6.875,0,1,0.8,2,7.1875,Dropout
0,1,8,11,7,6.933571428571428,0,1,0.6364,8,11,7,6.933571428571428,0,1,0.6364,2,6.9336,Graduate
0,1,7,7,7,6.732142857142857,0,0,1.0,8,9,8,7.394444444444444,0,0,0.8889,0,7.0633,Graduate
0,1,0,0,0,0.0,0,0,0.0,0,0,0,0.0,0,0,0.0,0,0.0,Enrolled
0,1,6,6,6,7.0,0,0,1.0,6,6,6,6.583333333333333,0,0,1.0,0,6.7917,Graduate
0,1,6,0,0,0.0,0,6,0.0,6,0,0,0.0,0,6,0.0,12,0.0,Dropout
0,1,0,0,0,0.0,0,0,0.0,0,0,0,0.0,0,0,0.0,0,0.0,Graduate
0,1,12,17,7,6.0,0,5,0.4118,12,19,9,5.61111111111111,0,3,0.4737,8,5.8056,Graduate
0,1,6,7,6,5.833333333333333,0,0,0.8571,6,10,6,5.666666666666667,0,0,0.6,0,5.75,Graduate
0,1,6,13,3,6.0,0,3,0.2308,6,12,2,5.666666666666667,0,4,0.1667,7,5.8333,Dropout
0,1,5,10,3,5.833333333333333,1,2,0.3,5,7,4,6.375,0,1,0.5714,3,6.1042,Graduate
1,1,6,10,5,6.916666666666667,0,1,0.5,6,13,5,6.25,0,1,0.3846,2,6.5833,Graduate
0,1,16,18,16,6.5,0,0,0.8889,13,15,13,6.633333333333334,0,0,0.8667,0,6.5667,Graduate
0,1,8,8,7,7.327142857142858,0,1,0.875,8,8,7,7.327142857142858,0,1,0.875,2,7.3271,Graduate
0,1,5,11,1,9.0,2,4,0.0909,5,10,3,6.666666666666667,2,2,0.3,6,7.8333,Dropout
0,1,6,7,6,7.0,0,0,0.8571,6,7,5,7.5,0,1,0.7143,1,7.25,Enrolled
0,1,5,10,1,5.0,0,4,0.1,5,5,0,0.0,0,5,0.0,9,2.5,Dropout
0,0,5,12,3,5.333333333333333,2,2,0.25,5,15,3,5.333333333333333,0,2,0.2,4,5.3333,Dropout
0,1,5,8,1,5.0,0,4,0.125,5,8,2,6.5,0,3,0.25,7,5.75,Dropout
0,1,8,11,7,6.629285714285714,0,1,0.6364,8,11,7,6.629285714285714,0,1,0.6364,2,6.6293,Graduate
0,1,5,13,3,5.3,0,2,0.2308,5,12,3,5.25,0,2,0.25,4,5.275,Graduate
0,1,7,7,6,6.708333333333333,0,1,0.8571,7,7,6,6.708333333333333,0,1,0.8571,2,6.7083,Graduate
0,1,6,7,5,5.6,0,1,0.7143,6,10,5,6.5625,0,1,0.5,2,6.0812,Dropout
0,1,6,0,0,0.0,0,6,0.0,6,0,0,0.0,0,6,0.0,12,0.0,Dropout
1,1,5,11,2,6.25,0,3,0.1818,5,9,2,5.75,1,3,0.2222,6,6.0,Dropout
0,1,12,12,12,6.833333333333333,0,0,1.0,11,12,11,7.083333333333333,0,0,0.9167,0,6.9583,Graduate
1,0,7,12,4,6.85,0,3,0.3333,7,7,0,0.0,0,7,0.0,10,3.425,Dropout
0,1,7,7,7,7.421428571428572,0,0,1.0,8,9,8,7.194444444444445,0,0,0.8889,0,7.3079,Graduate
0,1,6,8,5,6.0,0,1,0.625,6,9,5,5.4,0,1,0.5556,2,5.7,Dropout
0,0,6,9,3,5.875,0,3,0.3333,6,11,4,5.75,3,2,0.3636,5,5.8125,Dropout
0,1,7,8,7,6.928571428571429,0,0,0.875,7,8,6,6.833333333333333,0,1,0.75,1,6.881,Graduate
0,1,8,8,7,7.557142857142857,0,1,0.875,8,8,7,7.557142857142857,0,1,0.875,2,7.5571,Graduate
0,1,7,7,7,6.842857142857142,0,0,1.0,8,8,8,7.69375,0,0,1.0,0,7.2683,Graduate
0,1,6,6,0,0.0,0,6,0.0,6,12,0,0.0,0,6,0.0,12,0.0,Dropout
0,1,8,8,7,6.577142857142858,0,1,0.875,8,8,7,6.577142857142858,0,1,0.875,2,6.5771,Graduate
0,1,5,10,3,6.666666666666667,0,2,0.3,5,11,5,6.785714285714286,0,0,0.4545,2,6.7262,Graduate
0,1,6,11,6,5.642857142857143,0,0,0.5455,6,12,5,5.88888888888889,0,1,0.4167,1,5.7659,Enrolled
0,0,6,6,0,0.0,0,6,0.0,6,0,0,0.0,0,6,0.0,12,0.0,Dropout
0,1,12,12,10,7.35,0,2,0.8333,12,12,12,7.291666666666667,0,0,1.0,2,7.3208,Graduate
0,1,5,8,5,5.8,1,0,0.625,5,10,4,5.375,0,1,0.4,1,5.5875,Graduate
0,1,8,8,8,6.241875,0,0,1.0,8,8,8,6.241875,0,0,1.0,0,6.2419,Graduate
0,1,6,7,6,6.333333333333333,0,0,0.8571,6,6,6,6.083333333333333,0,0,1.0,0,6.2083,Graduate
0,1,6,9,6,6.9375,0,0,0.6667,6,6,6,7.166666666666667,0,0,1.0,0,7.0521,Graduate
0,1,7,7,7,7.326428571428571,0,0,1.0,8,9,8,7.377777777777778,0,0,0.8889,0,7.3521,Graduate
0,1,6,10,2,5.25,0,4,0.2,6,11,1,6.5,0,5,0.0909,9,5.875,Dropout
1,1,5,13,1,5.0,0,4,0.0769,5,8,2,5.0,0,3,0.25,7,5.0,Enrolled
0,1,6,9,5,5.5,0,1,0.5556,6,9,4,5.625,0,2,0.4444,3,5.5625,Graduate
0,1,7,13,3,5.333333333333333,0,4,0.2308,6,14,2,5.75,0,4,0.1429,8,5.5417,Enrolled
0,1,7,11,4,6.325,0,3,0.3636,7,9,5,5.55,0,2,0.5556,5,5.9375,Enrolled
1,0,6,13,4,6.0,0,2,0.3077,6,7,5,6.6,0,1,0.7143,3,6.3,Dropout
1,0,6,0,0,0.0,0,6,0.0,6,0,0,0.0,0,6,0.0,12,0.0,Dropout
0,1,6,6,6,6.166666666666667,0,0,1.0,6,6,6,6.0,0,0,1.0,0,6.0833,Graduate
0,1,6,8,5,6.7,0,1,0.625,6,9,5,6.833333333333333,0,1,0.5556,2,6.7667,Graduate
0,1,7,7,7,7.220714285714285,0,0,1.0,8,8,8,6.828125,0,0,1.0,0,7.0244,Graduate
0,1,8,8,7,6.232142857142857,0,1,0.875,8,8,7,6.232142857142857,0,1,0.875,2,6.2321,Graduate
0,1,8,8,7,6.757142857142857,0,1,0.875,8,8,7,6.757142857142857,0,1,0.875,2,6.7571,Graduate
0,0,6,7,5,5.9,0,1,0.7143,6,7,5,6.5,0,1,0.7143,2,6.2,Enrolled
0,1,6,10,4,5.5,0,2,0.4,6,8,5,5.6,0,1,0.625,3,5.55,Graduate
0,1,6,6,6,6.666666666666667,0,0,1.0,6,6,6,7.333333333333333,0,0,1.0,0,7.0,Graduate
0,1,5,12,2,5.25,0,3,0.1667,5,5,0,0.0,0,5,0.0,8,2.625,Dropout
0,0,12,12,12,7.625,0,0,1.0,11,12,11,7.5,0,0,0.9167,0,7.5625,Graduate
0,1,5,5,5,5.4,0,0,1.0,5,11,2,5.5,0,3,0.1818,3,5.45,Enrolled
0,1,6,10,3,5.125,0,3,0.3,6,7,1,6.0,0,5,0.1429,8,5.5625,Dropout
0,1,6,7,6,8.0,0,0,0.8571,6,6,6,7.583333333333333,0,0,1.0,0,7.7917,Graduate
0,0,5,8,1,5.5,0,4,0.125,5,6,3,5.333333333333333,1,2,0.5,6,5.4167,Dropout
0,1,7,8,0,0.0,1,7,0.0,6,9,0,0.0,0,6,0.0,13,0.0,Dropout
0,1,0,0,0,0.0,0,0,0.0,0,0,0,0.0,0,0,0.0,0,0.0,Graduate
0,0,7,10,5,6.5,0,2,0.5,7,9,5,6.44,0,2,0.5556,4,6.47,Dropout
0,1,18,21,18,5.710526315789474,0,0,0.8571,13,16,13,5.538461538461538,1,0,0.8125,0,5.6245,Graduate
0,1,6,9,5,6.083333333333333,0,1,0.5556,6,8,6,6.214285714285714,0,0,0.75,1,6.1488,Graduate
0,1,2,2,2,5.25,0,0,1.0,1,1,1,5.5,0,0,1.0,0,5.375,Dropout
1,0,6,17,5,6.5,0,1,0.2941,6,11,4,5.875,0,2,0.3636,3,6.1875,Dropout
0,1,12,12,12,6.833333333333333,0,0,1.0,11,16,11,6.5,0,0,0.6875,0,6.6667,Graduate
0,1,7,8,7,6.325,0,0,0.875,8,9,8,6.705555555555556,0,0,0.8889,0,6.5153,Dropout
0,1,6,12,3,5.666666666666667,0,3,0.25,6,10,3,5.666666666666667,0,3,0.3,6,5.6667,Dropout
0,1,6,8,6,6.285714285714286,0,0,0.75,6,10,4,6.5,0,2,0.4,2,6.3929,Enrolled
1,1,5,7,0,0.0,0,5,0.0,5,5,0,0.0,0,5,0.0,10,0.0,Dropout
1,0,5,5,0,0.0,0,5,0.0,5,9,0,0.0,0,5,0.0,10,0.0,Dropout
0,1,6,13,6,8.23076923076923,0,0,0.4615,6,8,6,6.9375,0,0,0.75,0,7.5841,Graduate
0,1,6,6,5,6.2,0,1,0.8333,6,8,6,6.375,0,0,0.75,1,6.2875,Enrolled
0,1,6,9,5,6.166666666666667,0,1,0.5556,6,12,4,5.75,0,2,0.3333,3,5.9583,Enrolled
0,1,7,7,6,6.458333333333333,0,1,0.8571,7,7,6,6.458333333333333,0,1,0.8571,2,6.4583,Graduate
0,1,5,8,3,5.333333333333333,0,2,0.375,5,8,5,5.8,0,0,0.625,2,5.5667,Graduate
0,1,7,10,6,6.235714285714286,0,1,0.6,7,8,7,5.73125,0,0,0.875,1,5.9835,Enrolled
0,0,6,8,6,7.714285714285714,0,0,0.75,6,7,5,7.25,0,1,0.7143,1,7.4821,Enrolled
0,1,6,9,4,5.375,0,2,0.4444,6,12,0,0.0,0,6,0.0,8,2.6875,Dropout
0,1,6,10,4,6.6,0,2,0.4,6,8,0,0.0,0,6,0.0,8,3.3,Dropout
0,1,8,8,7,6.648571428571428,0,1,0.875,8,8,7,6.648571428571428,0,1,0.875,2,6.6486,Graduate
0,1,6,9,5,6.166666666666667,0,1,0.5556,6,6,6,6.5,0,0,1.0,1,6.3333,Graduate
0,1,5,12,3,5.0,0,2,0.25,5,10,3,6.2,0,2,0.3,4,5.6,Graduate
0,1,6,6,6,6.916666666666667,0,0,1.0,6,6,6,7.083333333333333,0,0,1.0,0,7.0,Graduate
0,1,5,11,3,5.333333333333333,0,2,0.2727,5,9,4,5.125,0,1,0.4444,3,5.2292,Graduate
0,1,5,9,0,0.0,4,5,0.0,5,9,0,0.0,3,5,0.0,10,0.0,Dropout
0,1,0,0,0,0.0,0,0,0.0,0,0,0,0.0,0,0,0.0,0,0.0,Dropout
1,1,6,9,6,5.916666666666667,0,0,0.6667,6,9,4,6.875,0,2,0.4444,2,6.3958,Graduate
0,1,5,0,0,0.0,0,5,0.0,5,0,0,0.0,0,5,0.0,10,0.0,Dropout
0,1,5,5,0,0.0,0,5,0.0,5,10,0,0.0,0,5,0.0,10,0.0,Dropout
0,1,7,7,6,5.983333333333334,0,1,0.8571,7,7,6,5.983333333333334,0,1,0.8571,2,5.9833,Graduate
0,1,6,8,6,6.6875,0,0,0.75,6,7,6,6.142857142857143,0,0,0.8571,0,6.4152,Graduate
1,1,6,7,6,8.071428571428571,0,0,0.8571,6,10,6,8.1,0,0,0.6,0,8.0857,Graduate
0,1,6,6,0,0.0,0,6,0.0,6,6,0,0.0,0,6,0.0,12,0.0,Enrolled
0,1,6,12,6,5.833333333333333,0,0,0.5,6,7,0,0.0,0,6,0.0,6,2.9167,Dropout
0,1,7,0,0,0.0,0,7,0.0,8,0,0,0.0,0,8,0.0,15,0.0,Dropout
0,1,6,0,0,0.0,0,6,0.0,6,0,0,0.0,0,6,0.0,12,0.0,Dropout
1,0,6,11,4,6.125,0,2,0.3636,6,9,4,6.7,0,2,0.4444,4,6.4125,Enrolled
0,1,7,7,6,6.475,0,1,0.8571,7,7,6,6.475,0,1,0.8571,2,6.475,Graduate
1,0,6,7,5,6.2,0,1,0.7143,6,8,4,6.5,0,2,0.5,3,6.35,Enrolled
1,0,0,0,0,0.0,0,0,0.0,0,0,0,0.0,0,0,0.0,0,0.0,Dropout
0,1,5,5,5,6.9,0,0,1.0,5,6,5,6.833333333333333,0,0,0.8333,0,6.8667,Graduate
0,1,6,17,4,6.875,0,2,0.2353,6,15,6,7.25,0,0,0.4,2,7.0625,Graduate
0,1,6,6,6,7.333333333333333,0,0,1.0,6,6,6,7.5,0,0,1.0,0,7.4167,Graduate
0,1,0,0,0,0.0,0,0,0.0,0,0,0,0.0,0,0,0.0,0,0.0,Enrolled
0,1,8,8,7,7.268571428571428,0,1,0.875,8,8,7,7.268571428571428,0,1,0.875,2,7.2686,Graduate
0,1,6,6,6,6.666666666666667,0,0,1.0,6,6,6,7.25,0,0,1.0,0,6.9583,Graduate
0,1,5,12,2,5.25,0,3,0.1667,5,9,4,5.0,2,1,0.4444,4,5.125,Enrolled
0,1,8,8,7,6.529285714285714,0,1,0.875,8,8,7,6.529285714285714,0,1,0.875,2,6.5293,Graduate
0,1,5,9,5,6.3,0,0,0.5556,5,8,2,6.25,0,3,0.25,3,6.275,Dropout
1,0,0,0,0,0.0,0,0,0.0,0,0,0,0.0,0,0,0.0,0,0.0,Dropout
0,1,6,7,5,5.7,0,1,0.7143,6,10,3,5.5,3,3,0.3,4,5.6,Enrolled
0,1,5,6,0,0.0,0,5,0.0,5,5,0,0.0,0,5,0.0,10,0.0,Dropout
0,1,6,6,6,6.25,0,0,1.0,6,6,6,5.75,0,0,1.0,0,6.0,Graduate
0,1,8,8,8,6.8125,0,0,1.0,7,7,7,7.0,0,0,1.0,0,6.9062,Graduate
0,1,0,0,0,0.0,0,0,0.0,0,0,0,0.0,0,0,0.0,0,0.0,Graduate
0,1,5,13,4,7.0,3,1,0.3077,5,9,4,7.75,2,1,0.4444,2,7.375,Graduate
0,1,6,6,2,6.5,0,4,0.3333,6,6,0,0.0,0,6,0.0,10,3.25,Dropout
1,1,6,9,4,6.0,0,2,0.4444,6,13,2,5.25,0,4,0.1538,6,5.625,Dropout
0,1,7,9,7,6.114285714285714,0,0,0.7778,8,10,8,6.60625,0,0,0.8,0,6.3603,Graduate
1,0,7,7,0,0.0,0,7,0.0,7,7,1,5.0,0,6,0.1429,13,2.5,Dropout
0,1,5,7,4,6.375,0,1,0.5714,5,6,4,6.375,0,1,0.6667,2,6.375,Graduate
0,1,7,12,7,5.858333333333332,0,0,0.5833,8,13,4,5.434,0,4,0.3077,4,5.6462,Graduate
0,1,7,8,7,5.98125,0,0,0.875,8,9,8,6.522222222222222,0,0,0.8889,0,6.2517,Graduate
0,1,6,9,5,6.1,0,1,0.5556,6,10,4,5.75,0,2,0.4,3,5.925,Enrolled
0,1,7,7,7,7.214285714285714,0,0,1.0,7,7,7,7.071428571428571,0,0,1.0,0,7.1429,Graduate
1,1,6,10,5,5.3,0,1,0.5,6,14,2,5.0,0,4,0.1429,5,5.15,Enrolled
0,1,5,12,1,6.5,2,4,0.0833,5,7,3,7.0,0,2,0.4286,6,6.75,Enrolled
0,1,8,10,6,6.89,1,2,0.6,8,10,6,6.89,1,2,0.6,4,6.89,Dropout
0,1,5,14,1,5.5,0,4,0.0714,5,6,0,0.0,0,5,0.0,9,2.75,Dropout
0,1,8,8,7,7.496428571428571,0,1,0.875,8,8,7,7.496428571428571,0,1,0.875,2,7.4964,Graduate
0,1,6,10,5,6.6,0,1,0.5,6,12,5,6.416666666666667,0,1,0.4167,2,6.5083,Enrolled
0,0,5,13,2,5.75,0,3,0.1538,5,12,3,5.4,0,2,0.25,5,5.575,Dropout
0,1,7,9,7,7.141666666666668,0,0,0.7778,8,9,8,6.562777777777778,0,0,0.8889,0,6.8522,Graduate
1,0,5,10,0,0.0,0,5,0.0,5,7,0,0.0,0,5,0.0,10,0.0,Dropout
1,0,5,9,2,5.5,0,3,0.2222,5,8,2,5.75,2,3,0.25,6,5.625,Dropout
0,1,6,10,6,6.625,0,0,0.6,6,13,5,7.071428571428571,0,1,0.3846,1,6.8482,Graduate
0,1,6,6,6,6.333333333333333,0,0,1.0,6,6,6,6.25,0,0,1.0,0,6.2917,Graduate
0,1,16,17,16,6.294117647058824,0,0,0.9412,13,14,13,6.678571428571429,0,0,0.9286,0,6.4863,Graduate
0,1,7,7,6,6.9,0,1,0.8571,7,7,6,6.9,0,1,0.8571,2,6.9,Graduate
0,1,7,15,0,0.0,0,7,0.0,7,13,0,0.0,1,7,0.0,14,0.0,Dropout
0,1,7,10,4,5.25,0,3,0.4,7,7,2,5.25,0,5,0.2857,8,5.25,Dropout
0,1,6,0,0,0.0,0,6,0.0,6,0,0,0.0,0,6,0.0,12,0.0,Dropout
0,1,6,8,6,6.785714285714286,0,0,0.75,6,6,5,6.4,0,1,0.8333,1,6.5929,Enrolled
0,1,5,11,2,5.25,0,3,0.1818,5,9,3,5.666666666666667,1,2,0.3333,5,5.4583,Enrolled
0,1,5,12,3,5.833333333333333,2,2,0.25,5,11,4,5.75,1,1,0.3636,3,5.7917,Graduate
0,1,6,10,5,6.0,0,1,0.5,6,11,4,6.0,0,2,0.3636,3,6.0,Graduate
0,1,8,8,7,7.35,0,1,0.875,8,8,7,7.35,0,1,0.875,2,7.35,Graduate
0,1,7,8,7,5.91875,0,0,0.875,8,9,8,6.240625,0,0,0.8889,0,6.0797,Graduate
0,0,4,4,0,0.0,0,4,0.0,4,8,0,0.0,0,4,0.0,8,0.0,Dropout
0,1,5,5,0,0.0,0,5,0.0,5,5,0,0.0,0,5,0.0,10,0.0,Dropout
0,1,5,6,0,0.0,0,5,0.0,5,0,0,0.0,0,5,0.0,10,0.0,Dropout
0,1,5,8,3,6.5,0,2,0.375,5,8,3,5.333333333333333,0,2,0.375,4,5.9167,Graduate
0,1,6,12,5,6.0,0,1,0.4167,6,10,6,6.166666666666667,0,0,0.6,1,6.0833,Enrolled
0,1,6,6,6,6.25,0,0,1.0,6,6,6,6.083333333333333,0,0,1.0,0,6.1667,Graduate
0,1,6,8,5,6.1,0,1,0.625,6,6,6,5.75,0,0,1.0,1,5.925,Graduate
0,1,6,6,6,6.416666666666667,0,0,1.0,6,6,6,6.416666666666667,0,0,1.0,0,6.4167,Graduate
0,1,8,8,7,6.206428571428572,0,1,0.875,8,8,7,6.206428571428572,0,1,0.875,2,6.2064,Graduate
0,1,7,7,7,7.104285714285715,0,0,1.0,8,9,8,7.563888888888889,0,0,0.8889,0,7.3341,Graduate
0,0,5,5,0,0.0,0,5,0.0,5,5,0,0.0,0,5,0.0,10,0.0,Dropout
0,1,8,8,7,7.257142857142857,0,1,0.875,8,8,7,7.257142857142857,0,1,0.875,2,7.2571,Enrolled
1,0,15,17,14,5.107142857142857,0,1,0.8235,13,13,13,5.692307692307692,0,0,1.0,1,5.3997,Graduate
1,1,6,6,5,5.9,0,1,0.8333,6,9,4,6.857142857142857,0,2,0.4444,3,6.3786,Dropout
0,1,8,8,7,6.372142857142858,0,1,0.875,8,8,7,6.372142857142858,0,1,0.875,2,6.3721,Graduate
0,1,8,8,8,6.16,0,0,1.0,8,8,8,6.16,0,0,1.0,0,6.16,Graduate
1,0,21,26,21,6.181818181818182,0,0,0.8077,16,21,12,6.125,1,4,0.5714,4,6.1534,Dropout
0,1,7,12,5,6.05,0,2,0.4167,7,0,0,0.0,0,7,0.0,9,3.025,Dropout
0,1,6,8,2,6.75,0,4,0.25,6,9,1,6.5,0,5,0.1111,9,6.625,Dropout
0,1,7,8,7,7.459375,0,0,0.875,8,8,8,7.6775,0,0,1.0,0,7.5684,Graduate
0,1,6,7,5,6.9,0,1,0.7143,6,6,6,6.416666666666667,0,0,1.0,1,6.6583,Graduate
0,0,6,6,0,0.0,0,6,0.0,6,0,0,0.0,0,6,0.0,12,0.0,Dropout
0,1,6,6,6,6.166666666666667,0,0,1.0,6,7,6,7.0,0,0,0.8571,0,6.5833,Graduate
0,1,6,10,5,6.5,0,1,0.5,6,13,5,5.75,0,1,0.3846,2,6.125,Graduate
0,1,6,7,5,6.1,0,1,0.7143,6,6,6,5.75,0,0,1.0,1,5.925,Graduate
0,1,6,7,6,6.142857142857143,0,0,0.8571,6,8,6,5.714285714285714,0,0,0.75,0,5.9286,Graduate
0,1,6,8,6,6.357142857142857,0,0,0.75,6,12,5,5.5,0,1,0.4167,1,5.9286,Dropout
0,1,17,28,17,6.575,2,0,0.6071,12,22,12,6.607142857142857,0,0,0.5455,0,6.5911,Graduate
0,1,6,7,6,6.75,0,0,0.8571,6,7,6,7.0,0,0,0.8571,0,6.875,Graduate
1,0,6,13,3,5.666666666666667,0,3,0.2308,6,8,2,5.75,0,4,0.25,7,5.7083,Dropout
1,0,6,9,5,5.7,0,1,0.5556,6,14,2,6.75,0,4,0.1429,5,6.225,Dropout
0,1,5,5,4,6.5,0,1,0.8,5,7,2,6.0,0,3,0.2857,4,6.25,Enrolled
0,1,5,7,4,6.1,0,1,0.5714,5,5,4,5.75,0,1,0.8,2,5.925,Graduate
0,1,6,9,6,5.666666666666667,0,0,0.6667,6,6,6,6.166666666666667,0,0,1.0,0,5.9167,Graduate
0,1,6,15,6,5.666666666666667,0,0,0.4,6,9,3,6.333333333333333,0,3,0.3333,3,6.0,Graduate
0,1,6,11,4,6.25,1,2,0.3636,6,13,3,6.833333333333333,0,3,0.2308,5,6.5417,Enrolled
0,1,7,7,2,5.875,0,5,0.2857,5,10,0,0.0,0,5,0.0,10,2.9375,Dropout
0,1,8,8,7,7.107142857142857,0,1,0.875,8,8,7,7.107142857142857,0,1,0.875,2,7.1071,Graduate
0,1,6,8,6,6.071428571428571,0,0,0.75,6,6,6,5.583333333333333,0,0,1.0,0,5.8274,Graduate
0,1,8,8,7,6.985714285714286,0,1,0.875,8,8,7,6.985714285714286,0,1,0.875,2,6.9857,Graduate
1,1,6,7,0,0.0,0,6,0.0,5,5,0,0.0,0,5,0.0,11,0.0,Dropout
1,0,12,16,5,5.8,0,7,0.3125,7,7,5,5.6,0,2,0.7143,9,5.7,Dropout
0,1,5,5,5,6.8,0,0,1.0,5,5,5,7.1,0,0,1.0,0,6.95,Graduate
1,1,6,6,6,5.666666666666667,0,0,1.0,6,6,4,5.875,0,2,0.6667,2,5.7708,Enrolled
0,1,6,6,6,7.083333333333333,0,0,1.0,6,9,6,6.5,0,0,0.6667,0,6.7917,Graduate
0,1,6,10,6,6.285714285714286,0,0,0.6,6,12,4,6.833333333333333,0,2,0.3333,2,6.5595,Enrolled
0,1,7,8,6,7.166666666666667,0,1,0.75,8,9,7,6.885714285714286,0,1,0.7778,2,7.0262,Graduate
0,1,5,10,3,5.333333333333333,0,2,0.3,5,9,0,0.0,3,5,0.0,7,2.6667,Dropout
1,0,6,13,4,6.5,0,2,0.3077,6,11,5,6.0,0,1,0.4545,3,6.25,Dropout
0,0,6,6,6,5.75,0,0,1.0,6,9,2,6.5,0,4,0.2222,4,6.125,Dropout
0,1,7,10,6,6.746428571428572,0,1,0.6,8,9,8,6.344444444444445,0,0,0.8889,1,6.5454,Graduate
0,1,6,11,5,5.6,0,1,0.4545,6,15,1,5.0,0,5,0.0667,6,5.3,Enrolled
0,1,6,6,6,6.5,0,0,1.0,6,6,6,6.416666666666667,0,0,1.0,0,6.4583,Graduate
1,1,6,13,3,6.166666666666667,0,3,0.2308,6,12,1,6.5,0,5,0.0833,8,6.3333,Dropout
0,1,7,9,1,5.0,0,6,0.1111,7,0,0,0.0,0,7,0.0,13,2.5,Dropout
0,1,14,22,7,6.096153846153846,5,7,0.3182,14,22,7,6.096153846153846,5,7,0.3182,14,6.0962,Graduate
0,1,5,9,2,5.25,0,3,0.2222,5,5,0,0.0,0,5,0.0,8,2.625,Dropout
0,1,6,14,1,5.0,0,5,0.0714,5,5,0,0.0,0,5,0.0,10,2.5,Dropout
0,1,6,8,4,5.625,0,2,0.5,6,6,6,6.0,0,0,1.0,2,5.8125,Graduate
0,1,5,7,3,6.0,0,2,0.4286,6,10,2,5.25,0,4,0.2,6,5.625,Dropout
0,1,5,0,0,0.0,0,5,0.0,5,0,0,0.0,0,5,0.0,10,0.0,Dropout
0,1,7,7,6,6.958333333333333,0,1,0.8571,7,7,6,6.958333333333333,0,1,0.8571,2,6.9583,Graduate
0,1,5,8,5,5.8,0,0,0.625,5,9,3,5.5,0,2,0.3333,2,5.65,Dropout
0,1,6,7,6,6.333333333333333,0,0,0.8571,6,7,6,6.583333333333333,1,0,0.8571,0,6.4583,Enrolled
0,0,6,6,6,6.916666666666667,0,0,1.0,6,7,6,7.142857142857143,0,0,0.8571,0,7.0298,Graduate
0,1,6,12,5,7.5,0,1,0.4167,6,9,6,6.714285714285714,0,0,0.6667,1,7.1071,Graduate
1,1,6,6,6,6.083333333333333,0,0,1.0,6,7,6,5.857142857142857,0,0,0.8571,0,5.9702,Graduate
1,0,6,6,6,6.75,0,0,1.0,6,6,6,6.5,0,0,1.0,0,6.625,Graduate
0,1,5,9,4,6.0,0,1,0.4444,5,10,5,6.714285714285714,1,0,0.5,1,6.3571,Graduate
0,1,8,8,7,7.5,0,1,0.875,8,8,7,7.5,0,1,0.875,2,7.5,Graduate
0,1,6,7,6,6.642857142857143,0,0,0.8571,6,9,5,7.3,0,1,0.5556,1,6.9714,Enrolled
0,0,7,7,7,6.731428571428572,0,0,1.0,8,10,7,6.582142857142858,0,1,0.7,1,6.6568,Enrolled
0,1,7,9,6,6.285714285714286,0,1,0.6667,9,9,9,6.277777777777778,0,0,1.0,1,6.2817,Graduate
0,1,5,5,5,6.8,0,0,1.0,5,6,4,6.625,1,1,0.6667,1,6.7125,Graduate
0,1,9,13,8,6.0,0,1,0.6154,7,8,7,5.785714285714286,0,0,0.875,1,5.8929,Graduate
0,1,5,9,4,6.125,0,1,0.4444,5,10,4,6.0,0,1,0.4,2,6.0625,Enrolled
0,1,7,7,6,7.333333333333333,1,1,0.8571,6,7,6,7.166666666666667,0,0,0.8571,1,7.25,Graduate
0,1,6,6,6,6.75,0,0,1.0,6,6,6,6.666666666666667,0,0,1.0,0,6.7083,Enrolled
0,1,6,12,3,5.333333333333333,2,3,0.25,6,12,4,6.0,0,2,0.3333,5,5.6667,Dropout
0,0,0,0,0,0.0,0,0,0.0,0,0,0,0.0,0,0,0.0,0,0.0,Graduate
0,1,8,8,7,5.928571428571429,0,1,0.875,8,8,7,5.928571428571429,0,1,0.875,2,5.9286,Graduate
0,1,6,7,6,7.5,0,0,0.8571,6,10,6,6.416666666666667,0,0,0.6,0,6.9583,Graduate
0,1,16,16,13,5.461538461538462,0,3,0.8125,13,13,11,5.727272727272728,0,2,0.8462,5,5.5944,Graduate
0,1,7,10,7,7.5725,0,0,0.7,8,8,8,7.87125,0,0,1.0,0,7.7219,Graduate
0,1,6,7,6,6.583333333333333,0,0,0.8571,6,8,6,7.8125,0,0,0.75,0,7.1979,Graduate
1,1,6,6,6,6.75,0,0,1.0,6,9,5,6.5,0,1,0.5556,1,6.625,Graduate
0,1,7,8,7,7.001875,0,0,0.875,8,11,7,6.906428571428571,0,1,0.6364,1,6.9542,Graduate
0,1,7,10,7,6.3125,0,0,0.7,8,8,8,6.53125,0,0,1.0,0,6.4219,Graduate
0,1,7,8,7,6.784375,0,0,0.875,8,8,8,7.013125,0,0,1.0,0,6.8987,Graduate
1,0,6,6,0,0.0,0,6,0.0,5,10,0,0.0,0,5,0.0,11,0.0,Dropout
1,1,17,19,12,5.916666666666667,0,5,0.6316,17,22,11,5.625,0,6,0.5,11,5.7708,Enrolled
0,1,6,10,6,6.142857142857143,0,0,0.6,6,11,4,7.125,0,2,0.3636,2,6.6339,Enrolled
0,1,6,0,0,0.0,0,6,0.0,6,0,0,0.0,0,6,0.0,12,0.0,Dropout
0,1,5,6,4,6.0,0,1,0.6667,5,8,5,6.666666666666667,1,0,0.625,1,6.3333,Graduate
0,1,14,14,14,8.25,0,0,1.0,11,11,11,8.454545454545455,0,0,1.0,0,8.3523,Graduate
0,1,5,11,5,5.666666666666667,0,0,0.4545,5,8,5,6.0,0,0,0.625,0,5.8333,Graduate
1,1,13,13,8,6.75,2,5,0.6154,11,12,5,7.2,0,6,0.4167,11,6.975,Dropout
0,1,6,7,6,5.285714285714286,0,0,0.8571,6,11,3,5.833333333333333,0,3,0.2727,3,5.5595,Graduate
0,1,6,15,4,7.1,0,2,0.2667,6,17,4,6.625,0,2,0.2353,4,6.8625,Dropout
0,1,6,11,6,6.0,0,0,0.5455,6,6,6,7.0,0,0,1.0,0,6.5,Graduate
0,1,12,17,11,6.0,2,1,0.6471,12,21,12,6.153846153846154,0,0,0.5714,1,6.0769,Graduate
0,1,6,9,6,6.083333333333333,0,0,0.6667,6,14,4,6.5,0,2,0.2857,2,6.2917,Graduate
0,1,6,8,6,7.125,0,0,0.75,6,7,6,6.928571428571429,0,0,0.8571,0,7.0268,Graduate
0,1,5,8,5,5.9,0,0,0.625,5,10,5,5.8,3,0,0.5,0,5.85,Graduate
0,1,6,6,6,7.083333333333333,0,0,1.0,6,6,6,6.75,0,0,1.0,0,6.9167,Graduate
1,0,5,0,0,0.0,0,5,0.0,5,0,0,0.0,0,5,0.0,10,0.0,Dropout
0,1,7,7,6,6.316666666666666,0,1,0.8571,7,7,6,6.316666666666666,0,1,0.8571,2,6.3167,Graduate
0,1,5,8,5,6.166666666666667,2,0,0.625,5,7,5,5.7,0,0,0.7143,0,5.9333,Graduate
0,1,6,9,0,0.0,0,6,0.0,6,6,0,0.0,0,6,0.0,12,0.0,Dropout
0,1,6,18,3,5.833333333333333,0,3,0.1667,6,14,4,5.75,0,2,0.2857,5,5.7917,Enrolled
1,0,6,8,3,6.5,0,3,0.375,10,14,6,5.714285714285714,0,4,0.4286,7,6.1071,Dropout
0,1,7,10,7,7.557499999999999,0,0,0.7,8,10,8,7.546,0,0,0.8,0,7.5518,Graduate
0,1,5,6,4,6.875,0,1,0.6667,5,8,5,7.428571428571429,0,0,0.625,1,7.1518,Graduate
0,1,4,4,4,6.9375,0,0,1.0,1,1,1,6.25,0,0,1.0,0,6.5938,Dropout
0,1,5,6,5,8.083333333333334,0,0,0.8333,5,6,5,7.916666666666667,0,0,0.8333,0,8.0,Graduate
0,1,5,8,1,6.5,2,4,0.125,5,9,4,6.125,0,1,0.4444,5,6.3125,Dropout
0,1,6,8,6,6.0,0,0,0.75,6,10,4,5.75,0,2,0.4,2,5.875,Dropout
0,1,6,7,5,5.9,0,1,0.7143,6,7,5,5.7,0,1,0.7143,2,5.8,Dropout
0,1,5,10,3,5.5,0,2,0.3,5,9,4,5.875,0,1,0.4444,3,5.6875,Enrolled
0,1,6,0,0,0.0,0,6,0.0,6,12,0,0.0,0,6,0.0,12,0.0,Dropout
0,1,5,10,4,6.0,0,1,0.4,5,9,4,6.4,0,1,0.4444,2,6.2,Graduate
0,1,5,9,3,6.5,0,2,0.3333,5,11,3,5.5,0,2,0.2727,4,6.0,Enrolled
0,1,5,6,5,6.7,0,0,0.8333,5,5,5,6.4,0,0,1.0,0,6.55,Graduate
0,1,7,8,7,6.071428571428571,0,0,0.875,7,9,6,6.833333333333333,0,1,0.6667,1,6.4524,Graduate
0,1,5,5,0,0.0,0,5,0.0,5,5,0,0.0,0,5,0.0,10,0.0,Dropout
0,1,5,7,4,6.125,0,1,0.5714,5,7,5,6.0,0,0,0.7143,1,6.0625,Graduate
0,1,7,8,6,6.758333333333333,0,1,0.75,8,9,7,6.885714285714286,0,1,0.7778,2,6.822,Graduate
0,1,7,7,7,7.052857142857144,0,0,1.0,8,8,8,6.83125,0,0,1.0,0,6.9421,Graduate
0,1,6,7,6,5.833333333333333,0,0,0.8571,6,10,6,5.916666666666667,0,0,0.6,0,5.875,Graduate
0,1,5,0,0,0.0,0,5,0.0,5,0,0,0.0,0,5,0.0,10,0.0,Dropout
0,1,0,0,0,0.0,0,0,0.0,0,0,0,0.0,0,0,0.0,0,0.0,Graduate
0,1,7,8,7,6.889285714285714,0,0,0.875,8,10,8,6.561111111111111,0,0,0.8,0,6.7252,Graduate
0,1,8,8,7,6.121428571428572,0,1,0.875,8,8,7,6.121428571428572,0,1,0.875,2,6.1214,Graduate
0,0,5,6,0,0.0,0,5,0.0,5,5,0,0.0,0,5,0.0,10,0.0,Dropout
0,1,10,11,10,7.15,0,0,0.9091,10,10,10,7.1,0,0,1.0,0,7.125,Graduate
0,1,6,6,6,7.0,0,0,1.0,6,7,6,6.928571428571429,0,0,0.8571,0,6.9643,Dropout
0,1,6,6,6,6.166666666666667,0,0,1.0,6,7,5,7.1,0,1,0.7143,1,6.6333,Graduate
1,0,6,8,5,5.8,0,1,0.625,6,9,5,6.0,0,1,0.5556,2,5.9,Dropout
0,1,0,0,0,0.0,0,0,0.0,0,0,0,0.0,0,0,0.0,0,0.0,Graduate
0,1,6,0,0,0.0,0,6,0.0,6,0,0,0.0,0,6,0.0,12,0.0,Dropout
0,1,7,7,7,6.928571428571429,0,0,1.0,8,8,8,7.45,0,0,1.0,0,7.1893,Graduate
0,1,11,11,9,5.833333333333333,0,2,0.8182,11,13,9,6.277777777777778,0,2,0.6923,4,6.0556,Graduate
0,1,6,6,6,6.166666666666667,0,0,1.0,6,6,6,6.166666666666667,0,0,1.0,0,6.1667,Graduate
0,1,0,0,0,0.0,0,0,0.0,0,0,0,0.0,0,0,0.0,0,0.0,Dropout
0,1,8,8,7,7.2,0,1,0.875,8,8,7,7.2,0,1,0.875,2,7.2,Graduate
0,1,6,10,4,5.625,0,2,0.4,6,6,6,5.666666666666667,0,0,1.0,2,5.6458,Graduate
0,1,5,5,5,7.6,0,0,1.0,5,5,5,7.6,0,0,1.0,0,7.6,Graduate
0,1,6,10,6,7.125,0,0,0.6,6,7,6,7.0,0,0,0.8571,0,7.0625,Graduate
0,0,5,7,2,6.25,0,3,0.2857,5,13,1,5.5,0,4,0.0769,7,5.875,Dropout
0,1,6,6,6,5.833333333333333,0,0,1.0,6,8,5,6.6,0,1,0.625,1,6.2167,Graduate
0,1,8,8,7,6.95,0,1,0.875,8,8,7,6.95,0,1,0.875,2,6.95,Graduate
0,1,6,9,6,5.666666666666667,0,0,0.6667,6,9,6,5.785714285714286,0,0,0.6667,0,5.7262,Graduate
0,1,5,10,2,7.25,1,3,0.2,5,9,3,5.666666666666667,0,2,0.3333,5,6.4583,Enrolled
0,0,5,9,0,0.0,4,5,0.0,5,9,0,0.0,3,5,0.0,10,0.0,Dropout
0,1,7,7,6,6.775,0,1,0.8571,7,7,6,6.775,0,1,0.8571,2,6.775,Graduate
1,0,6,12,2,5.666666666666667,0,4,0.1667,6,8,2,6.5,0,4,0.25,8,6.0833,Dropout
0,1,5,8,5,6.3,0,0,0.625,5,9,5,6.8,0,0,0.5556,0,6.55,Dropout
0,1,6,10,6,8.555555555555555,0,0,0.6,6,9,6,7.785714285714286,0,0,0.6667,0,8.1706,Graduate
0,1,6,7,6,6.583333333333333,0,0,0.8571,6,6,6,6.25,0,0,1.0,0,6.4167,Graduate
0,1,6,8,6,5.666666666666667,0,0,0.75,6,9,6,5.666666666666667,0,0,0.6667,0,5.6667,Graduate
0,1,8,8,7,5.91,0,1,0.875,8,8,7,5.91,0,1,0.875,2,5.91,Graduate
0,1,0,0,0,0.0,0,0,0.0,0,0,0,0.0,0,0,0.0,0,0.0,Enrolled
0,1,4,4,0,0.0,0,4,0.0,5,9,0,0.0,0,5,0.0,9,0.0,Dropout
0,1,6,6,6,6.333333333333333,0,0,1.0,6,8,6,7.0625,0,0,0.75,0,6.6979,Graduate
0,1,0,0,0,0.0,0,0,0.0,0,0,0,0.0,0,0,0.0,0,0.0,Graduate
0,0,0,0,0,0.0,0,0,0.0,0,0,0,0.0,0,0,0.0,0,0.0,Dropout
0,1,7,7,7,7.057142857142857,0,0,1.0,8,9,8,7.955555555555555,0,0,0.8889,0,7.5063,Dropout
0,1,5,7,4,5.75,0,1,0.5714,5,15,3,5.3,4,2,0.2,3,5.525,Enrolled
0,1,6,8,6,9.4375,0,0,0.75,12,14,12,8.846153846153847,0,0,0.8571,0,9.1418,Graduate
0,1,6,8,4,5.8,0,2,0.5,6,14,2,6.5,0,4,0.1429,6,6.15,Dropout
0,1,6,8,1,5.0,0,5,0.125,6,9,0,0.0,0,6,0.0,11,2.5,Dropout
0,1,5,6,5,6.5,1,0,0.8333,5,9,4,6.625,0,1,0.4444,1,6.5625,Graduate
0,1,7,7,6,6.725,0,1,0.8571,7,7,6,6.725,0,1,0.8571,2,6.725,Graduate
0,1,6,7,6,6.285714285714286,0,0,0.8571,6,8,6,5.928571428571429,0,0,0.75,0,6.1071,Graduate
0,1,8,8,7,6.914285714285714,0,1,0.875,8,8,7,6.914285714285714,0,1,0.875,2,6.9143,Graduate
0,1,6,10,6,5.5,0,0,0.6,6,14,3,5.666666666666667,0,3,0.2143,3,5.5833,Graduate
1,1,5,5,5,6.3,0,0,1.0,5,9,3,6.416666666666667,0,2,0.3333,2,6.3583,Enrolled
0,1,5,7,5,7.1,0,0,0.7143,5,7,5,6.642857142857143,0,0,0.7143,0,6.8714,Graduate
0,1,15,17,12,5.958333333333333,0,3,0.7059,13,13,11,6.590909090909091,0,2,0.8462,5,6.2746,Graduate
0,1,6,6,6,7.416666666666667,0,0,1.0,6,6,6,7.083333333333333,0,0,1.0,0,7.25,Graduate
0,1,10,10,10,6.8,0,0,1.0,10,10,5,6.8,0,5,0.5,5,6.8,Dropout
0,1,7,8,5,6.43,0,2,0.625,7,8,5,6.43,0,2,0.625,4,6.43,Enrolled
0,1,6,12,4,5.875,0,2,0.3333,6,13,3,5.666666666666667,0,3,0.2308,5,5.7708,Enrolled
0,1,5,8,3,7.0,0,2,0.375,5,5,5,6.4,0,0,1.0,2,6.7,Graduate
0,1,18,18,18,7.25,0,0,1.0,18,18,18,7.25,0,0,1.0,0,7.25,Graduate
0,1,5,5,5,5.8,0,0,1.0,5,6,5,5.583333333333333,0,0,0.8333,0,5.6917,Graduate
0,1,7,13,6,5.88625,0,1,0.4615,8,9,7,6.165,0,1,0.7778,2,6.0256,Graduate
0,1,6,8,6,5.75,0,0,0.75,6,7,6,5.583333333333333,0,0,0.8571,0,5.6667,Graduate
0,1,6,7,5,7.3,0,1,0.7143,6,6,5,7.1,0,1,0.8333,2,7.2,Graduate
0,1,6,11,6,6.571428571428571,0,0,0.5455,6,10,3,6.0,0,3,0.3,3,6.2857,Graduate
0,1,5,0,0,0.0,0,5,0.0,5,0,0,0.0,0,5,0.0,10,0.0,Dropout
0,1,6,8,6,7.0,0,0,0.75,6,7,6,7.285714285714286,0,0,0.8571,0,7.1429,Graduate
0,1,5,0,0,0.0,0,5,0.0,5,0,0,0.0,0,5,0.0,10,0.0,Dropout
0,1,6,8,5,5.8,0,1,0.625,6,9,5,7.1,0,1,0.5556,2,6.45,Graduate
0,1,5,5,5,6.2,0,0,1.0,5,5,5,6.2,0,0,1.0,0,6.2,Graduate
0,1,5,12,3,5.25,0,2,0.25,5,10,4,5.625,0,1,0.4,3,5.4375,Enrolled
0,1,14,22,12,6.076923076923076,0,2,0.5455,12,18,10,6.45,0,2,0.5556,4,6.2635,Dropout
0,1,5,7,4,6.0,1,1,0.5714,5,6,4,6.2,0,1,0.6667,2,6.1,Enrolled
1,1,6,8,6,6.083333333333333,0,0,0.75,6,8,5,6.2,0,1,0.625,1,6.1417,Dropout
0,1,8,8,7,6.178571428571429,0,1,0.875,8,8,7,6.178571428571429,0,1,0.875,2,6.1786,Graduate
0,0,6,9,4,6.375,1,2,0.4444,5,5,0,0.0,5,5,0.0,7,3.1875,Dropout
0,1,6,8,6,6.333333333333333,0,0,0.75,6,6,6,5.916666666666667,0,0,1.0,0,6.125,Graduate
0,1,6,9,6,6.777777777777778,0,0,0.6667,6,7,6,6.333333333333333,0,0,0.8571,0,6.5556,Graduate
1,1,5,9,3,5.5,0,2,0.3333,5,11,2,6.75,0,3,0.1818,5,6.125,Dropout
0,1,6,7,6,7.857142857142857,0,0,0.8571,6,6,6,7.333333333333333,0,0,1.0,0,7.5952,Dropout
0,1,7,7,6,7.166666666666667,0,1,0.8571,7,7,6,7.166666666666667,0,1,0.8571,2,7.1667,Graduate
0,1,7,9,6,5.75,0,1,0.6667,7,8,7,6.357142857142857,0,0,0.875,1,6.0536,Enrolled
0,1,0,0,0,0.0,0,0,0.0,0,0,0,0.0,0,0,0.0,0,0.0,Enrolled
0,0,5,12,3,5.333333333333333,0,2,0.25,5,11,3,5.333333333333333,0,2,0.2727,4,5.3333,Dropout
0,1,5,11,0,0.0,0,5,0.0,5,8,0,0.0,0,5,0.0,10,0.0,Dropout
0,1,12,12,12,6.375,0,0,1.0,11,16,11,6.625,0,0,0.6875,0,6.5,Graduate
0,1,6,9,6,6.857142857142857,0,0,0.6667,6,6,6,7.083333333333333,0,0,1.0,0,6.9702,Graduate
0,0,7,7,7,6.142857142857143,0,0,1.0,7,8,6,6.666666666666667,0,1,0.75,1,6.4048,Enrolled
0,1,7,8,7,5.785714285714286,0,0,0.875,7,9,6,6.583333333333333,0,1,0.6667,1,6.1845,Dropout
0,1,6,7,6,6.785714285714286,0,0,0.8571,6,6,6,6.333333333333333,0,0,1.0,0,6.5595,Graduate
0,1,0,0,0,0.0,0,0,0.0,0,0,0,0.0,0,0,0.0,0,0.0,Dropout
0,1,6,11,4,5.375,0,2,0.3636,6,13,5,5.75,0,1,0.3846,3,5.5625,Enrolled
0,1,7,8,7,6.464375,0,0,0.875,8,8,8,7.03125,0,0,1.0,0,6.7478,Dropout
0,1,6,8,6,6.785714285714286,0,0,0.75,6,11,5,6.083333333333333,0,1,0.4545,1,6.4345,Graduate
0,1,7,9,6,7.357142857142857,0,1,0.6667,7,16,6,6.6,0,1,0.375,2,6.9786,Enrolled
0,0,5,14,1,6.0,3,4,0.0714,5,5,0,0.0,5,5,0.0,9,3.0,Dropout
0,1,6,0,0,0.0,0,6,0.0,6,0,0,0.0,0,6,0.0,12,0.0,Dropout
0,1,5,10,3,5.833333333333333,0,2,0.3,5,5,5,6.5,0,0,1.0,2,6.1667,Graduate
0,1,7,7,7,7.271428571428572,0,0,1.0,8,11,8,7.44090909090909,0,0,0.7273,0,7.3562,Graduate
0,1,11,15,7,5.642857142857143,0,4,0.4667,7,10,6,6.166666666666667,0,1,0.6,5,5.9048,Enrolled
1,1,6,8,6,6.666666666666667,0,0,0.75,6,8,5,7.0,0,1,0.625,1,6.8333,Enrolled
0,1,6,10,5,5.928571428571429,0,1,0.5,6,8,6,5.833333333333333,0,0,0.75,1,5.881,Graduate
0,1,0,0,0,0.0,0,0,0.0,0,0,0,0.0,0,0,0.0,0,0.0,Dropout
0,1,6,6,6,7.583333333333333,0,0,1.0,6,6,6,7.416666666666667,0,0,1.0,0,7.5,Graduate
0,1,0,0,0,0.0,0,0,0.0,0,0,0,0.0,0,0,0.0,0,0.0,Graduate
0,1,0,0,0,0.0,0,0,0.0,0,0,0,0.0,0,0,0.0,0,0.0,Graduate
0,1,6,6,6,6.416666666666667,0,0,1.0,6,6,6,6.666666666666667,0,0,1.0,0,6.5417,Graduate
0,1,7,7,7,6.862857142857143,0,0,1.0,8,8,8,7.25,0,0,1.0,0,7.0564,Graduate
0,1,5,5,5,6.4,0,0,1.0,5,6,5,7.666666666666667,0,0,0.8333,0,7.0333,Graduate
1,1,6,6,6,6.666666666666667,0,0,1.0,6,7,6,6.285714285714286,0,0,0.8571,0,6.4762,Graduate
0,1,6,6,6,7.083333333333333,0,0,1.0,6,8,6,6.8125,0,0,0.75,0,6.9479,Graduate
1,0,8,8,7,6.663571428571428,0,1,0.875,8,8,7,6.663571428571428,0,1,0.875,2,6.6636,Dropout
0,1,7,7,7,6.985714285714286,0,0,1.0,8,8,8,7.875,0,0,1.0,0,7.4304,Graduate
0,1,7,8,6,6.324166666666666,0,1,0.75,8,9,8,6.102777777777778,0,0,0.8889,1,6.2135,Graduate
0,1,5,7,4,5.375,0,1,0.5714,5,12,3,5.285714285714286,0,2,0.25,3,5.3304,Dropout
1,0,5,5,0,0.0,0,5,0.0,5,7,0,0.0,0,5,0.0,10,0.0,Enrolled
0,1,6,11,6,6.0,0,0,0.5455,6,11,4,6.25,0,2,0.3636,2,6.125,Graduate
0,1,6,13,3,5.166666666666667,0,3,0.2308,6,12,3,5.166666666666667,0,3,0.25,6,5.1667,Enrolled
0,1,6,8,4,6.0,0,2,0.5,6,8,6,6.142857142857143,0,0,0.75,2,6.0714,Enrolled
0,1,6,8,6,6.142857142857143,0,0,0.75,6,10,5,6.5,0,1,0.5,1,6.3214,Graduate
0,1,6,0,0,0.0,0,6,0.0,6,0,0,0.0,0,6,0.0,12,0.0,Dropout
0,1,15,15,11,5.409090909090909,0,4,0.7333,14,15,11,5.818181818181818,1,3,0.7333,7,5.6136,Dropout
0,1,6,8,5,5.3,0,1,0.625,6,11,4,5.25,0,2,0.3636,3,5.275,Graduate
0,1,7,7,7,7.072857142857143,0,0,1.0,8,9,8,6.813888888888889,0,0,0.8889,0,6.9434,Graduate
0,1,7,11,7,5.647222222222222,0,0,0.6364,8,22,2,6.3,0,6,0.0909,6,5.9736,Graduate
0,0,7,0,0,0.0,0,7,0.0,8,0,0,0.0,0,8,0.0,15,0.0,Dropout
1,0,12,17,8,5.875,0,4,0.4706,12,19,6,6.083333333333333,2,6,0.3158,10,5.9792,Dropout
0,1,6,0,0,0.0,0,6,0.0,6,0,0,0.0,0,6,0.0,12,0.0,Dropout
0,1,10,16,5,5.7,0,5,0.3125,10,10,6,6.416666666666667,0,4,0.6,9,6.0583,Dropout
0,1,6,16,2,5.5,0,4,0.125,6,12,0,0.0,0,6,0.0,10,2.75,Dropout
0,1,6,8,5,6.7,0,1,0.625,6,10,4,6.5,0,2,0.4,3,6.6,Enrolled
0,1,5,8,3,5.5,0,2,0.375,5,8,3,5.625,0,2,0.375,4,5.5625,Enrolled
0,1,5,10,1,6.5,1,4,0.1,5,8,3,7.666666666666667,0,2,0.375,6,7.0833,Enrolled
0,1,6,11,5,5.6,0,1,0.4545,6,6,6,6.0,0,0,1.0,1,5.8,Graduate
0,1,8,8,8,6.5225,0,0,1.0,8,8,8,6.5225,0,0,1.0,0,6.5225,Graduate
1,1,7,12,4,6.6875,0,3,0.3333,7,7,5,6.75,0,2,0.7143,5,6.7188,Enrolled
0,1,6,8,5,6.2,0,1,0.625,6,6,6,6.0,0,0,1.0,1,6.1,Graduate
0,1,6,7,6,7.428571428571429,0,0,0.8571,6,6,6,7.333333333333333,0,0,1.0,0,7.381,Graduate
0,1,6,10,6,6.375,0,0,0.6,6,6,4,7.375,0,2,0.6667,2,6.875,Graduate
0,1,6,8,6,6.071428571428571,0,0,0.75,6,11,5,6.8,0,1,0.4545,1,6.4357,Graduate
0,1,6,0,0,0.0,0,6,0.0,6,0,0,0.0,0,6,0.0,12,0.0,Dropout
0,1,7,7,7,6.814285714285715,0,0,1.0,8,8,8,6.95625,0,0,1.0,0,6.8853,Graduate
0,1,5,6,0,0.0,5,5,0.0,5,6,4,6.875,1,1,0.6667,6,3.4375,Graduate
1,0,4,4,0,0.0,0,4,0.0,5,5,0,0.0,0,5,0.0,9,0.0,Dropout
0,1,6,9,5,7.083333333333333,0,1,0.5556,6,7,6,7.083333333333333,0,0,0.8571,1,7.0833,Graduate
0,1,6,6,4,6.125,0,2,0.6667,6,10,4,5.75,0,2,0.4,4,5.9375,Enrolled
0,0,6,12,2,5.75,0,4,0.1667,6,13,1,6.5,0,5,0.0769,9,6.125,Dropout
0,1,0,0,0,0.0,0,0,0.0,0,0,0,0.0,0,0,0.0,0,0.0,Enrolled
0,1,6,13,4,5.9,0,2,0.3077,6,18,4,6.1,0,2,0.2222,4,6.0,Enrolled
0,1,6,10,4,5.75,0,2,0.4,6,16,2,5.25,0,4,0.125,6,5.5,Dropout
0,1,6,6,6,6.583333333333333,0,0,1.0,6,8,6,6.5,0,0,0.75,0,6.5417,Enrolled
0,1,5,9,4,6.125,2,1,0.4444,5,8,4,5.875,0,1,0.5,2,6.0,Graduate
1,0,0,0,0,0.0,0,0,0.0,0,0,0,0.0,0,0,0.0,0,0.0,Graduate
0,1,14,24,11,6.125,3,3,0.4583,10,12,10,6.7,0,0,0.8333,3,6.4125,Graduate
1,1,0,0,0,0.0,0,0,0.0,0,0,0,0.0,0,0,0.0,0,0.0,Dropout
0,1,5,7,4,6.375,0,1,0.5714,5,5,5,6.7,0,0,1.0,1,6.5375,Graduate
0,1,7,8,7,6.575,0,0,0.875,8,9,8,7.534375,0,0,0.8889,0,7.0547,Graduate
0,1,6,6,6,6.5,0,0,1.0,6,8,6,6.25,0,0,0.75,0,6.375,Graduate
0,1,8,8,7,7.18,0,1,0.875,8,8,7,7.18,0,1,0.875,2,7.18,Graduate
0,1,5,9,5,6.3,1,0,0.5556,5,8,4,6.0,0,1,0.5,1,6.15,Graduate
0,1,5,16,4,5.333333333333333,0,1,0.25,5,11,2,6.0,0,3,0.1818,4,5.6667,Enrolled
0,1,6,11,0,0.0,0,6,0.0,6,0,0,0.0,0,6,0.0,12,0.0,Dropout
0,1,6,6,6,7.583333333333333,0,0,1.0,6,7,6,7.071428571428571,0,0,0.8571,0,7.3274,Graduate
0,1,6,12,0,0.0,1,6,0.0,6,0,0,0.0,0,6,0.0,12,0.0,Dropout
0,1,8,12,7,6.299999999999999,0,1,0.5833,8,12,7,6.299999999999999,0,1,0.5833,2,6.3,Graduate
0,1,7,12,5,5.9,0,2,0.4167,7,9,6,5.854166666666667,0,1,0.6667,3,5.8771,Enrolled
0,1,7,7,0,0.0,0,7,0.0,8,8,0,0.0,0,8,0.0,15,0.0,Dropout
0,1,5,5,5,6.3,0,0,1.0,5,5,4,5.5,0,1,0.8,1,5.9,Enrolled
0,1,5,10,2,7.25,1,3,0.2,5,7,4,5.625,0,1,0.5714,4,6.4375,Enrolled
0,1,7,9,7,7.577777777777778,0,0,0.7778,8,8,8,8.4,0,0,1.0,0,7.9889,Graduate
0,1,6,11,2,5.0,0,4,0.1818,6,15,2,5.5,0,4,0.1333,8,5.25,Dropout
0,1,5,14,3,6.166666666666667,2,2,0.2143,5,8,5,5.8,0,0,0.625,2,5.9833,Enrolled
0,1,6,11,3,5.666666666666667,0,3,0.2727,6,10,3,7.375,0,3,0.3,6,6.5208,Dropout
0,1,7,8,7,6.937857142857142,0,0,0.875,8,9,7,6.542857142857142,0,1,0.7778,1,6.7404,Graduate
0,0,5,9,2,5.0,1,3,0.2222,5,11,1,5.0,0,4,0.0909,7,5.0,Dropout
0,1,7,7,6,7.358333333333334,0,1,0.8571,7,7,6,7.358333333333334,0,1,0.8571,2,7.3583,Graduate
0,1,8,8,8,6.555,0,0,1.0,8,8,8,6.555,0,0,1.0,0,6.555,Graduate
0,0,5,12,0,0.0,4,5,0.0,5,8,0,0.0,1,5,0.0,10,0.0,Dropout
0,0,5,5,0,0.0,0,5,0.0,5,0,0,0.0,0,5,0.0,10,0.0,Dropout
0,1,10,14,8,7.3125,0,2,0.5714,7,7,5,6.7,0,2,0.7143,4,7.0062,Dropout
0,1,8,8,7,6.321428571428571,0,1,0.875,8,8,7,6.321428571428571,0,1,0.875,2,6.3214,Graduate
1,0,5,8,0,0.0,0,5,0.0,5,7,0,0.0,0,5,0.0,10,0.0,Enrolled
0,1,8,8,7,5.985714285714286,0,1,0.875,8,8,7,5.985714285714286,0,1,0.875,2,5.9857,Enrolled
0,1,6,9,6,5.583333333333333,0,0,0.6667,6,15,2,5.5,1,4,0.1333,4,5.5417,Graduate
0,1,5,15,2,5.0,0,3,0.1333,5,14,2,6.0,0,3,0.1429,6,5.5,Dropout
0,1,0,0,0,0.0,0,0,0.0,0,0,0,0.0,0,0,0.0,0,0.0,Dropout
0,1,7,7,7,7.378571428571428,0,0,1.0,8,9,8,7.038888888888889,0,0,0.8889,0,7.2087,Graduate
0,1,8,12,8,6.1875,0,0,0.6667,9,11,5,6.2,0,4,0.4545,4,6.1937,Graduate
0,1,5,0,0,0.0,0,5,0.0,5,0,0,0.0,0,5,0.0,10,0.0,Dropout
0,1,6,7,6,6.666666666666667,0,0,0.8571,6,6,6,7.25,0,0,1.0,0,6.9583,Graduate
0,1,6,0,0,0.0,0,6,0.0,6,0,0,0.0,0,6,0.0,12,0.0,Dropout
0,1,6,10,1,5.0,0,5,0.1,6,12,0,0.0,0,6,0.0,11,2.5,Dropout
0,1,6,7,6,6.083333333333333,0,0,0.8571,6,9,4,6.0,0,2,0.4444,2,6.0417,Graduate
0,1,18,19,18,5.947368421052632,0,0,0.9474,13,13,13,6.461538461538462,0,0,1.0,0,6.2045,Graduate
0,1,6,6,6,5.916666666666667,0,0,1.0,6,11,4,5.571428571428571,0,2,0.3636,2,5.744,Dropout
0,1,5,5,5,8.2,0,0,1.0,5,5,5,8.3,0,0,1.0,0,8.25,Graduate
1,1,6,9,5,6.916666666666667,0,1,0.5556,6,7,6,6.25,0,0,0.8571,1,6.5833,Graduate
0,1,7,7,7,6.938571428571428,0,0,1.0,8,8,8,7.83125,0,0,1.0,0,7.3849,Graduate
0,1,6,6,6,6.333333333333333,0,0,1.0,6,8,6,7.1875,0,0,0.75,0,6.7604,Graduate
0,1,10,11,7,6.714285714285714,0,3,0.6364,10,11,10,5.8,0,0,0.9091,3,6.2571,Graduate
0,1,5,10,3,6.333333333333333,1,2,0.3,5,7,3,6.5,0,2,0.4286,4,6.4167,Graduate
0,1,6,9,6,6.785714285714286,0,0,0.6667,6,11,4,7.0,0,2,0.3636,2,6.8929,Graduate
0,1,9,12,9,6.727272727272728,0,0,0.75,7,9,6,6.9375,0,1,0.6667,1,6.8324,Dropout
0,0,6,12,3,6.0,0,3,0.25,6,15,3,5.333333333333333,0,3,0.2,6,5.6667,Dropout
1,0,0,0,0,0.0,0,0,0.0,0,0,0,0.0,0,0,0.0,0,0.0,Enrolled
0,1,7,8,7,6.642857142857143,0,0,0.875,8,11,7,6.071428571428571,0,1,0.6364,1,6.3571,Enrolled
0,1,6,8,5,5.6,0,1,0.625,6,6,6,6.0,0,0,1.0,1,5.8,Graduate
0,1,6,6,5,5.7,0,1,0.8333,6,8,1,5.0,0,5,0.125,6,5.35,Enrolled
0,1,5,10,3,7.333333333333333,1,2,0.3,5,5,0,0.0,0,5,0.0,7,3.6667,Dropout
0,1,7,7,7,6.728571428571428,0,0,1.0,8,8,8,7.25625,0,0,1.0,0,6.9924,Graduate
0,1,5,6,5,6.3,0,0,0.8333,5,8,4,6.166666666666667,0,1,0.5,1,6.2333,Graduate
0,1,0,0,0,0.0,0,0,0.0,0,0,0,0.0,0,0,0.0,0,0.0,Dropout
0,1,6,0,0,0.0,0,6,0.0,6,0,0,0.0,0,6,0.0,12,0.0,Dropout
0,1,6,6,6,5.583333333333333,0,0,1.0,6,6,6,6.083333333333333,0,0,1.0,0,5.8333,Graduate
0,1,18,22,18,5.833333333333333,0,0,0.8182,13,13,12,5.75,1,1,0.9231,1,5.7917,Graduate
0,1,7,7,7,6.142857142857143,0,0,1.0,9,10,8,6.1875,0,1,0.8,1,6.1652,Graduate
0,1,0,0,0,0.0,0,0,0.0,0,0,0,0.0,0,0,0.0,0,0.0,Graduate
0,1,6,7,6,7.214285714285714,0,0,0.8571,6,9,5,6.5,0,1,0.5556,1,6.8571,Graduate
0,1,6,6,6,5.833333333333333,0,0,1.0,6,6,5,6.1,0,1,0.8333,1,5.9667,Graduate
0,1,7,8,7,6.060714285714285,0,0,0.875,9,12,8,5.753125,0,1,0.6667,1,5.9069,Graduate
1,1,21,23,21,6.166666666666667,0,0,0.913,19,19,19,6.052631578947368,0,0,1.0,0,6.1096,Graduate
1,0,6,11,3,5.875,0,3,0.2727,6,14,3,5.166666666666667,0,3,0.2143,6,5.5208,Dropout
0,1,6,13,4,5.75,0,2,0.3077,6,10,3,5.5,0,3,0.3,5,5.625,Dropout
0,1,17,18,17,5.75,0,0,0.9444,17,17,17,6.088235294117646,0,0,1.0,0,5.9191,Graduate
0,1,5,8,3,5.25,0,2,0.375,5,6,4,5.875,1,1,0.6667,3,5.5625,Enrolled
0,1,6,6,4,6.0,0,2,0.6667,6,8,2,5.666666666666667,0,4,0.25,6,5.8333,Enrolled
0,1,6,15,4,5.25,0,2,0.2667,6,16,4,6.25,0,2,0.25,4,5.75,Dropout
0,1,8,11,8,5.9375,0,0,0.7273,6,7,6,6.166666666666667,0,0,0.8571,0,6.0521,Graduate
0,1,15,15,13,5.730769230769231,0,2,0.8667,11,15,10,5.791666666666667,1,1,0.6667,3,5.7612,Graduate
0,1,5,5,0,0.0,0,5,0.0,5,5,0,0.0,0,5,0.0,10,0.0,Dropout
0,1,0,0,0,0.0,0,0,0.0,0,0,0,0.0,0,0,0.0,0,0.0,Graduate
0,1,5,0,0,0.0,0,5,0.0,5,0,0,0.0,0,5,0.0,10,0.0,Dropout
0,1,6,7,6,6.333333333333333,0,0,0.8571,6,7,6,6.666666666666667,0,0,0.8571,0,6.5,Graduate
0,1,7,9,7,7.297222222222222,0,0,0.7778,8,10,8,6.736,0,0,0.8,0,7.0166,Graduate
0,1,6,8,4,5.875,0,2,0.5,6,10,6,6.333333333333333,0,0,0.6,2,6.1042,Graduate
0,1,7,8,7,6.63,0,0,0.875,8,8,8,7.143125,0,0,1.0,0,6.8866,Graduate
0,1,9,9,9,6.555555555555555,0,0,1.0,7,7,7,7.428571428571429,0,0,1.0,0,6.9921,Graduate
0,1,8,11,7,6.454285714285715,0,1,0.6364,8,11,7,6.454285714285715,0,1,0.6364,2,6.4543,Graduate
0,1,5,5,5,5.8,0,0,1.0,5,11,3,6.333333333333333,0,2,0.2727,2,6.0667,Enrolled
0,1,17,29,14,6.28125,4,3,0.4828,12,24,12,6.428571428571429,1,0,0.5,3,6.3549,Graduate
0,1,5,0,0,0.0,0,5,0.0,5,0,0,0.0,0,5,0.0,10,0.0,Dropout
0,1,5,5,0,0.0,0,5,0.0,5,6,0,0.0,0,5,0.0,10,0.0,Dropout
0,1,7,11,6,6.716666666666666,0,1,0.5455,7,10,4,6.8,0,3,0.4,4,6.7583,Graduate
0,1,5,5,0,0.0,0,5,0.0,5,5,0,0.0,0,5,0.0,10,0.0,Dropout
0,1,5,7,5,7.2,1,0,0.7143,5,5,5,6.8,0,0,1.0,0,7.0,Graduate
0,1,6,11,5,6.8,0,1,0.4545,6,13,3,6.333333333333333,0,3,0.2308,4,6.5667,Dropout
0,1,8,15,7,5.785714285714286,0,1,0.4667,8,15,7,5.785714285714286,0,1,0.4667,2,5.7857,Graduate
0,1,8,8,8,6.695625,0,0,1.0,8,8,8,6.695625,0,0,1.0,0,6.6956,Graduate
0,1,5,7,3,6.0,0,2,0.4286,5,7,4,6.625,1,1,0.5714,3,6.3125,Graduate
0,1,8,8,7,6.332857142857142,0,1,0.875,8,8,7,6.332857142857142,0,1,0.875,2,6.3329,Graduate
0,1,6,6,4,6.75,0,2,0.6667,6,8,6,6.8125,0,0,0.75,2,6.7812,Graduate
0,0,6,12,3,5.5,0,3,0.25,6,12,3,6.0,0,3,0.25,6,5.75,Dropout
0,1,6,10,5,6.0,0,1,0.5,6,9,4,5.625,0,2,0.4444,3,5.8125,Enrolled
0,1,7,7,7,6.942142857142856,0,0,1.0,8,9,8,7.375,0,0,0.8889,0,7.1586,Dropout
0,1,7,7,6,7.491666666666667,0,1,0.8571,7,7,6,7.491666666666667,0,1,0.8571,2,7.4917,Graduate
0,1,6,13,6,8.076923076923077,0,0,0.4615,6,10,6,7.875,0,0,0.6,0,7.976,Graduate
0,1,6,6,6,5.916666666666667,0,0,1.0,6,7,6,6.5,0,0,0.8571,0,6.2083,Graduate
0,1,8,8,7,6.200714285714286,0,1,0.875,8,8,7,6.200714285714286,0,1,0.875,2,6.2007,Graduate
1,0,6,6,4,6.5,0,2,0.6667,6,8,4,5.8,0,2,0.5,4,6.15,Dropout
0,1,5,8,3,5.0,0,2,0.375,5,10,4,5.5,0,1,0.4,3,5.25,Dropout
0,1,7,7,2,5.0,0,5,0.2857,7,7,0,0.0,0,7,0.0,12,2.5,Dropout
1,0,6,7,6,7.214285714285714,0,0,0.8571,6,7,6,6.833333333333333,0,0,0.8571,0,7.0238,Graduate
0,1,6,0,0,0.0,0,6,0.0,6,0,0,0.0,0,6,0.0,12,0.0,Dropout
0,1,6,7,6,7.083333333333333,0,0,0.8571,6,6,6,6.416666666666667,0,0,1.0,0,6.75,Graduate
1,1,6,9,5,5.785714285714286,0,1,0.5556,6,11,0,0.0,0,6,0.0,7,2.8929,Dropout
1,0,5,10,3,6.0,0,2,0.3,5,8,3,5.166666666666667,0,2,0.375,4,5.5833,Enrolled
0,1,5,11,1,6.0,1,4,0.0909,5,12,0,0.0,4,5,0.0,9,3.0,Dropout
0,1,8,8,7,6.1,0,1,0.875,8,8,7,6.1,0,1,0.875,2,6.1,Graduate
0,1,5,9,0,0.0,0,5,0.0,5,5,2,6.25,0,3,0.4,8,3.125,Dropout
0,1,6,8,0,0.0,0,6,0.0,6,10,0,0.0,0,6,0.0,12,0.0,Dropout
0,1,6,10,1,6.0,0,5,0.1,6,14,2,5.5,0,4,0.1429,9,5.75,Enrolled
0,1,6,6,6,6.666666666666667,0,0,1.0,6,10,5,6.7,0,1,0.5,1,6.6833,Graduate
0,1,5,6,3,5.5,0,2,0.5,5,6,0,0.0,0,5,0.0,7,2.75,Dropout
0,1,6,6,6,7.25,0,0,1.0,6,6,6,6.333333333333333,0,0,1.0,0,6.7917,Graduate
0,1,5,6,5,5.9,0,0,0.8333,5,6,5,5.8,0,0,0.8333,0,5.85,Graduate
0,1,8,8,8,7.12625,0,0,1.0,8,8,8,7.12625,0,0,1.0,0,7.1262,Graduate
0,1,6,6,6,6.583333333333333,0,0,1.0,6,7,5,6.6,0,1,0.7143,1,6.5917,Dropout
0,1,0,0,0,0.0,0,0,0.0,0,0,0,0.0,0,0,0.0,0,0.0,Graduate
0,1,6,14,1,5.75,0,5,0.0714,6,12,2,5.25,0,4,0.1667,9,5.5,Enrolled
0,1,14,23,11,5.84375,0,3,0.4783,10,20,8,5.571428571428571,0,2,0.4,5,5.7076,Graduate
0,1,6,9,6,6.083333333333333,0,0,0.6667,6,9,6,5.5,0,0,0.6667,0,5.7917,Graduate
0,1,6,8,6,5.666666666666667,0,0,0.75,6,12,4,6.875,0,2,0.3333,2,6.2708,Dropout
0,1,5,8,3,5.5,0,2,0.375,5,9,2,5.75,0,3,0.2222,5,5.625,Dropout
0,0,5,12,3,5.666666666666667,0,2,0.25,5,10,1,6.5,0,4,0.1,6,6.0833,Dropout
1,0,5,5,0,0.0,0,5,0.0,5,5,0,0.0,0,5,0.0,10,0.0,Dropout
0,1,16,17,16,7.3125,0,0,0.9412,10,12,9,7.444444444444445,0,1,0.75,1,7.3785,Graduate
0,1,5,7,4,5.0,0,1,0.5714,5,8,1,8.0,0,4,0.125,5,6.5,Enrolled
0,1,5,10,0,0.0,0,5,0.0,5,5,0,0.0,0,5,0.0,10,0.0,Dropout
0,1,11,16,10,5.9,0,1,0.625,7,7,7,6.642857142857143,0,0,1.0,1,6.2714,Graduate
0,1,7,7,7,5.857142857142857,0,0,1.0,8,8,8,6.375,0,0,1.0,0,6.1161,Graduate
0,1,6,8,5,5.6,0,1,0.625,6,12,3,5.833333333333333,0,3,0.25,4,5.7167,Dropout
0,1,7,10,5,5.97,0,2,0.5,7,8,6,6.4,0,1,0.75,3,6.185,Enrolled
0,1,5,7,0,0.0,0,5,0.0,5,8,0,0.0,0,5,0.0,10,0.0,Dropout
0,1,5,5,5,5.9,0,0,1.0,5,8,3,5.5,0,2,0.375,2,5.7,Graduate
0,1,7,8,6,6.198333333333334,0,1,0.75,8,9,7,6.47142857142857,0,1,0.7778,2,6.3349,Graduate
0,1,8,9,8,6.890625,1,0,0.8889,8,9,8,6.890625,1,0,0.8889,0,6.8906,Graduate
0,1,8,9,8,7.18875,1,0,0.8889,8,9,8,7.18875,1,0,0.8889,0,7.1887,Graduate
0,0,7,14,0,0.0,0,7,0.0,8,0,0,0.0,0,8,0.0,15,0.0,Dropout
0,1,6,0,0,0.0,0,6,0.0,6,0,0,0.0,0,6,0.0,12,0.0,Dropout
0,1,7,12,4,6.6875,0,3,0.3333,7,8,6,6.058333333333334,0,1,0.75,4,6.3729,Enrolled
1,0,6,9,5,6.1,0,1,0.5556,6,9,4,5.875,0,2,0.4444,3,5.9875,Dropout
1,1,6,8,6,6.333333333333333,0,0,0.75,6,7,6,6.333333333333333,0,0,0.8571,0,6.3333,Graduate
0,1,5,8,4,6.25,0,1,0.5,5,7,3,7.333333333333333,1,2,0.4286,3,6.7917,Enrolled
0,1,7,9,6,6.416666666666667,0,1,0.6667,8,12,6,6.25,0,2,0.5,3,6.3333,Enrolled
0,0,3,3,2,5.0,0,1,0.6667,6,0,0,0.0,0,6,0.0,7,2.5,Dropout
0,0,6,12,0,0.0,0,6,0.0,5,10,0,0.0,0,5,0.0,11,0.0,Dropout
0,1,5,11,3,5.166666666666667,0,2,0.2727,5,10,4,6.4,0,1,0.4,3,5.7833,Enrolled
0,1,6,9,6,6.916666666666667,0,0,0.6667,6,12,5,6.833333333333333,0,1,0.4167,1,6.875,Graduate
0,1,5,9,5,6.333333333333333,2,0,0.5556,5,7,4,6.5,0,1,0.5714,1,6.4167,Enrolled
0,1,6,6,6,6.75,0,0,1.0,6,6,6,7.166666666666667,0,0,1.0,0,6.9583,Graduate
0,1,5,5,0,0.0,0,5,0.0,5,5,0,0.0,0,5,0.0,10,0.0,Dropout
0,1,5,10,3,5.625,0,2,0.3,5,9,3,5.5,0,2,0.3333,4,5.5625,Enrolled
0,1,0,0,0,0.0,0,0,0.0,0,0,0,0.0,0,0,0.0,0,0.0,Dropout
0,1,5,5,1,5.0,0,4,0.2,5,5,0,0.0,0,5,0.0,9,2.5,Dropout
0,1,6,6,6,6.833333333333333,0,0,1.0,6,8,5,6.8,0,1,0.625,1,6.8167,Graduate
0,1,8,8,7,6.177857142857142,0,1,0.875,8,8,7,6.177857142857142,0,1,0.875,2,6.1779,Graduate
0,1,6,6,6,6.083333333333333,0,0,1.0,6,6,6,6.916666666666667,0,0,1.0,0,6.5,Graduate
0,1,6,7,4,5.5,0,2,0.5714,6,7,3,5.625,0,3,0.4286,5,5.5625,Dropout
0,0,12,12,9,6.11111111111111,2,3,0.75,12,12,9,6.5,0,3,0.75,6,6.3056,Dropout
0,0,6,17,2,6.25,0,4,0.1176,6,10,0,0.0,0,6,0.0,10,3.125,Dropout
0,1,6,7,6,6.75,0,0,0.8571,6,7,6,6.5,0,0,0.8571,0,6.625,Graduate
0,1,6,15,2,6.0,0,4,0.1333,6,12,0,0.0,0,6,0.0,10,3.0,Dropout
0,1,5,10,0,0.0,1,5,0.0,5,13,0,0.0,0,5,0.0,10,0.0,Dropout
0,1,5,11,5,6.166666666666667,2,0,0.4545,5,7,5,6.3,0,0,0.7143,0,6.2333,Graduate
0,1,5,5,5,6.0,0,0,1.0,5,6,5,5.8,0,0,0.8333,0,5.9,Graduate
0,1,7,10,6,6.291666666666667,0,1,0.6,8,8,7,6.335714285714286,0,1,0.875,2,6.3137,Graduate
1,0,6,11,3,6.0,0,3,0.2727,6,11,2,5.5,0,4,0.1818,7,5.75,Enrolled
0,1,7,9,7,7.558333333333334,0,0,0.7778,8,9,8,8.084444444444443,0,0,0.8889,0,7.8214,Graduate
0,1,6,12,1,8.5,0,5,0.0833,6,12,1,8.5,0,5,0.0833,10,8.5,Enrolled
0,1,6,10,6,5.416666666666667,0,0,0.6,6,7,6,6.071428571428571,0,0,0.8571,0,5.744,Graduate
0,1,5,8,4,6.75,0,1,0.5,6,10,6,6.8125,0,0,0.6,1,6.7812,Enrolled
0,1,0,0,0,0.0,0,0,0.0,0,0,0,0.0,0,0,0.0,0,0.0,Enrolled
0,1,7,10,6,6.017857142857143,0,1,0.6,8,9,7,6.875,0,1,0.7778,2,6.4464,Enrolled
1,0,5,6,5,5.3,0,0,0.8333,5,7,5,7.333333333333333,0,0,0.7143,0,6.3167,Dropout
0,1,6,7,6,7.416666666666667,0,0,0.8571,6,6,6,7.416666666666667,0,0,1.0,0,7.4167,Graduate
1,1,5,12,3,5.25,0,2,0.25,5,8,4,5.625,0,1,0.5,3,5.4375,Graduate
0,1,5,13,4,6.166666666666667,0,1,0.3077,5,14,2,5.0,4,3,0.1429,4,5.5833,Graduate
0,1,7,7,6,5.841666666666666,0,1,0.8571,7,7,6,5.841666666666666,0,1,0.8571,2,5.8417,Graduate
1,1,0,0,0,0.0,0,0,0.0,0,0,0,0.0,0,0,0.0,0,0.0,Dropout
0,1,6,8,5,6.9,0,1,0.625,6,7,6,6.083333333333333,0,0,0.8571,1,6.4917,Graduate
0,1,8,8,7,6.621428571428572,0,1,0.875,8,8,7,6.621428571428572,0,1,0.875,2,6.6214,Enrolled
0,1,7,7,7,6.242857142857143,0,0,1.0,8,12,8,6.46875,0,0,0.6667,0,6.3558,Graduate
0,1,13,16,8,5.25,0,5,0.5,12,19,9,5.166666666666667,0,3,0.4737,8,5.2083,Enrolled
0,1,5,5,0,0.0,0,5,0.0,5,6,0,0.0,0,5,0.0,10,0.0,Dropout
0,1,6,6,6,6.25,0,0,1.0,6,7,5,6.5,0,1,0.7143,1,6.375,Graduate
0,0,6,6,0,0.0,6,6,0.0,6,12,0,0.0,0,6,0.0,12,0.0,Dropout
0,1,6,8,6,7.0,0,0,0.75,6,8,6,6.142857142857143,0,0,0.75,0,6.5714,Graduate
0,1,6,8,5,5.916666666666667,0,1,0.625,6,6,6,6.5,0,0,1.0,1,6.2083,Graduate
0,1,6,14,6,7.769230769230769,0,0,0.4286,6,9,6,6.3125,0,0,0.6667,0,7.0409,Graduate
0,1,6,8,5,6.4,0,1,0.625,6,10,5,5.8,0,1,0.5,2,6.1,Enrolled
0,1,6,7,6,5.583333333333333,0,0,0.8571,6,12,3,5.833333333333333,0,3,0.25,3,5.7083,Enrolled
0,1,6,6,6,6.416666666666667,0,0,1.0,6,6,6,6.75,0,0,1.0,0,6.5833,Graduate
0,1,7,8,7,6.3625,0,0,0.875,8,8,8,6.85625,0,0,1.0,0,6.6094,Graduate
0,1,6,6,6,7.166666666666667,0,0,1.0,6,7,6,7.0,0,0,0.8571,0,7.0833,Enrolled
0,1,8,8,7,7.156428571428571,0,1,0.875,8,8,7,7.156428571428571,0,1,0.875,2,7.1564,Graduate
0,1,6,7,6,7.928571428571429,0,0,0.8571,6,6,6,8.0,0,0,1.0,0,7.9643,Graduate
0,1,5,10,2,6.75,0,3,0.2,5,11,5,5.7,1,0,0.4545,3,6.225,Enrolled
0,1,6,6,6,6.333333333333333,0,0,1.0,6,6,6,6.0,0,0,1.0,0,6.1667,Graduate
0,1,0,0,0,0.0,0,0,0.0,0,0,0,0.0,0,0,0.0,0,0.0,Dropout
0,1,6,7,6,6.642857142857143,0,0,0.8571,6,6,6,7.166666666666667,0,0,1.0,0,6.9048,Graduate
0,1,7,9,6,6.0,0,1,0.6667,6,6,6,5.583333333333333,0,0,1.0,1,5.7917,Graduate
0,1,5,6,0,0.0,0,5,0.0,5,5,0,0.0,0,5,0.0,10,0.0,Dropout
0,1,6,7,6,6.166666666666667,0,0,0.8571,6,6,2,7.0,0,4,0.3333,4,6.5833,Dropout
0,1,8,8,7,7.05,0,1,0.875,8,8,7,7.05,0,1,0.875,2,7.05,Graduate
0,1,6,0,0,0.0,0,6,0.0,6,0,0,0.0,0,6,0.0,12,0.0,Dropout
0,1,0,0,0,0.0,0,0,0.0,0,0,0,0.0,0,0,0.0,0,0.0,Dropout
0,1,7,8,7,6.26875,0,0,0.875,8,9,7,6.307142857142857,0,1,0.7778,1,6.2879,Graduate
0,1,5,6,0,0.0,0,5,0.0,5,5,0,0.0,0,5,0.0,10,0.0,Dropout
0,1,8,8,7,6.771428571428572,0,1,0.875,8,8,7,6.771428571428572,0,1,0.875,2,6.7714,Graduate
1,0,5,7,1,5.5,0,4,0.1429,5,9,0,0.0,0,5,0.0,9,2.75,Dropout
0,1,5,8,4,5.375,0,1,0.5,5,5,5,6.5,0,0,1.0,1,5.9375,Graduate
0,1,6,7,5,5.5,0,1,0.7143,6,7,5,6.2,0,1,0.7143,2,5.85,Graduate
0,1,6,7,6,7.666666666666667,0,0,0.8571,5,5,5,7.9,0,0,1.0,0,7.7833,Graduate
0,1,6,6,6,6.5,0,0,1.0,6,8,5,6.2,0,1,0.625,1,6.35,Graduate
0,1,5,14,1,5.0,0,4,0.0714,5,13,2,6.0,0,3,0.1538,7,5.5,Dropout
0,1,6,7,6,6.785714285714286,0,0,0.8571,6,8,6,6.583333333333333,0,0,0.75,0,6.6845,Graduate
0,1,6,10,6,6.714285714285714,0,0,0.6,6,11,5,6.333333333333333,0,1,0.4545,1,6.5238,Enrolled
1,1,6,7,6,6.583333333333333,0,0,0.8571,6,9,5,6.6,0,1,0.5556,1,6.5917,Enrolled
0,1,5,7,4,5.5,0,1,0.5714,5,7,4,5.75,0,1,0.5714,2,5.625,Graduate
0,1,11,11,11,6.909090909090909,0,0,1.0,11,11,11,6.727272727272728,0,0,1.0,0,6.8182,Graduate
0,1,15,17,13,6.0,0,2,0.7647,13,13,9,5.666666666666667,0,4,0.6923,6,5.8333,Dropout
0,1,7,8,7,6.25625,0,0,0.875,8,8,8,7.09375,0,0,1.0,0,6.675,Graduate
1,1,5,8,5,5.333333333333333,0,0,0.625,5,11,2,5.5,0,3,0.1818,3,5.4167,Enrolled
0,1,5,15,3,6.166666666666667,2,2,0.2,5,7,5,5.7,0,0,0.7143,2,5.9333,Graduate
0,1,5,5,5,7.0,0,0,1.0,5,6,5,6.8,0,0,0.8333,0,6.9,Graduate
0,1,6,7,6,7.428571428571429,0,0,0.8571,6,7,6,7.0,0,0,0.8571,0,7.2143,Graduate
0,1,0,0,0,0.0,0,0,0.0,0,0,0,0.0,0,0,0.0,0,0.0,Enrolled
0,1,8,8,8,6.701875,0,0,1.0,8,8,8,6.701875,0,0,1.0,0,6.7019,Graduate
0,1,6,10,2,5.25,0,4,0.2,6,6,3,5.5,0,3,0.5,7,5.375,Enrolled
1,1,12,12,11,5.772727272727272,0,1,0.9167,11,18,9,5.85,1,2,0.5,3,5.8114,Enrolled
0,1,5,8,5,5.5,0,0,0.625,5,6,5,7.7,0,0,0.8333,0,6.6,Graduate
0,1,8,8,8,6.67375,0,0,1.0,8,8,8,6.67375,0,0,1.0,0,6.6738,Graduate
0,1,7,9,7,6.427777777777777,0,0,0.7778,8,12,7,6.380555555555556,0,1,0.5833,1,6.4042,Graduate
1,1,5,10,4,5.375,0,1,0.4,5,12,3,6.666666666666667,0,2,0.25,3,6.0208,Dropout
0,1,7,7,7,6.731428571428572,0,0,1.0,8,8,8,6.953125,0,0,1.0,0,6.8423,Graduate
0,1,5,9,4,6.875,1,1,0.4444,5,8,4,7.25,0,1,0.5,2,7.0625,Graduate
0,0,6,10,4,6.0,0,2,0.4,6,15,3,5.333333333333333,0,3,0.2,5,5.6667,Dropout
0,1,6,11,4,5.75,0,2,0.3636,6,12,4,6.1,0,2,0.3333,4,5.925,Enrolled
0,1,5,0,0,0.0,0,5,0.0,5,0,0,0.0,0,5,0.0,10,0.0,Dropout
0,1,6,7,5,6.1,0,1,0.7143,6,12,2,6.0,0,4,0.1667,5,6.05,Enrolled
0,1,6,10,5,5.9,0,1,0.5,6,10,5,6.1,0,1,0.5,2,6.0,Graduate
0,1,6,9,6,8.055555555555555,0,0,0.6667,6,7,6,6.75,0,0,0.8571,0,7.4028,Graduate
0,1,5,7,5,6.3,0,0,0.7143,5,7,5,6.857142857142857,0,0,0.7143,0,6.5786,Graduate
0,1,5,10,4,6.0,0,1,0.4,5,9,4,5.625,0,1,0.4444,2,5.8125,Enrolled
0,1,6,6,6,6.25,0,0,1.0,6,7,6,6.642857142857143,0,0,0.8571,0,6.4464,Graduate
0,1,8,8,8,6.690625,0,0,1.0,8,8,8,6.690625,0,0,1.0,0,6.6906,Graduate
0,1,8,8,7,6.899285714285715,0,1,0.875,8,8,7,6.899285714285715,0,1,0.875,2,6.8993,Graduate
0,1,6,16,2,5.25,0,4,0.125,6,15,4,5.0,0,2,0.2667,6,5.125,Dropout
0,1,6,7,6,8.071428571428571,0,0,0.8571,6,7,6,7.333333333333333,0,0,0.8571,0,7.7024,Graduate
0,1,6,0,0,0.0,0,6,0.0,6,0,0,0.0,0,6,0.0,12,0.0,Dropout
1,0,5,8,3,5.333333333333333,0,2,0.375,5,14,2,7.4,0,3,0.1429,5,6.3667,Dropout
0,1,6,7,6,6.857142857142857,0,0,0.8571,6,6,5,6.4,0,1,0.8333,1,6.6286,Dropout
0,1,5,10,3,5.333333333333333,1,2,0.3,5,11,2,6.25,0,3,0.1818,5,5.7917,Dropout
0,1,8,8,8,6.711875,0,0,1.0,8,8,8,6.711875,0,0,1.0,0,6.7119,Graduate
0,1,6,6,0,0.0,0,6,0.0,6,8,0,0.0,0,6,0.0,12,0.0,Enrolled
0,1,0,0,0,0.0,0,0,0.0,0,0,0,0.0,0,0,0.0,0,0.0,Graduate
1,1,6,12,3,5.75,0,3,0.25,6,12,3,5.333333333333333,0,3,0.25,6,5.5417,Enrolled
0,1,5,13,0,0.0,5,5,0.0,5,5,0,0.0,5,5,0.0,10,0.0,Dropout
0,1,7,9,6,6.766666666666666,0,1,0.6667,7,7,7,6.114285714285714,0,0,1.0,1,6.4405,Enrolled
0,1,7,18,0,0.0,0,7,0.0,7,13,0,0.0,1,7,0.0,14,0.0,Dropout
0,1,6,9,4,6.0,0,2,0.4444,6,12,4,5.75,0,2,0.3333,4,5.875,Graduate
0,1,7,0,0,0.0,0,7,0.0,8,0,0,0.0,0,8,0.0,15,0.0,Dropout
0,0,8,11,5,5.916,4,3,0.4545,8,11,5,5.916,4,3,0.4545,6,5.916,Dropout
0,1,6,7,6,6.583333333333333,0,0,0.8571,6,7,6,6.333333333333333,0,0,0.8571,0,6.4583,Graduate
0,1,6,11,4,6.5,0,2,0.3636,6,11,4,6.3,0,2,0.3636,4,6.4,Graduate
0,1,5,11,2,6.75,0,3,0.1818,5,11,3,6.166666666666667,0,2,0.2727,5,6.4583,Enrolled
0,1,8,8,8,6.906875,0,0,1.0,8,8,8,6.906875,0,0,1.0,0,6.9069,Graduate
0,0,6,8,5,5.7,0,1,0.625,6,9,5,6.2,0,1,0.5556,2,5.95,Dropout
0,1,7,7,6,6.930833333333333,0,1,0.8571,8,16,0,0.0,1,8,0.0,9,3.4654,Dropout
1,1,6,8,6,6.142857142857143,0,0,0.75,6,7,6,7.083333333333333,0,0,0.8571,0,6.6131,Graduate
0,0,8,9,6,6.379166666666666,1,2,0.6667,8,9,6,6.379166666666666,1,2,0.6667,4,6.3792,Dropout
0,1,7,7,6,6.6,0,1,0.8571,7,7,6,6.6,0,1,0.8571,2,6.6,Graduate
1,1,7,0,0,0.0,0,7,0.0,8,0,0,0.0,0,8,0.0,15,0.0,Dropout
0,1,0,0,0,0.0,0,0,0.0,0,0,0,0.0,0,0,0.0,0,0.0,Dropout
0,1,6,7,6,6.416666666666667,0,0,0.8571,6,7,6,5.833333333333333,0,0,0.8571,0,6.125,Graduate
0,1,6,7,6,7.857142857142857,0,0,0.8571,6,17,5,6.38888888888889,0,1,0.2941,1,7.123,Graduate
0,1,5,7,3,6.166666666666667,0,2,0.4286,5,5,5,5.8,0,0,1.0,2,5.9833,Graduate
0,1,6,11,4,5.375,0,2,0.3636,6,13,2,5.0,0,4,0.1538,6,5.1875,Dropout
0,1,6,7,0,0.0,0,6,0.0,6,16,1,5.0,0,5,0.0625,11,2.5,Dropout
0,1,7,9,7,6.08125,0,0,0.7778,8,8,8,6.9125,0,0,1.0,0,6.4969,Graduate
0,1,6,8,6,6.357142857142857,1,0,0.75,6,8,6,6.3125,0,0,0.75,0,6.3348,Graduate
0,1,6,9,5,6.3,0,1,0.5556,6,8,5,5.7,0,1,0.625,2,6.0,Enrolled
0,1,6,10,4,5.75,0,2,0.4,6,11,6,5.75,0,0,0.5455,2,5.75,Dropout
0,1,6,6,5,6.1,0,1,0.8333,6,7,5,5.4,0,1,0.7143,2,5.75,Enrolled
0,1,5,5,5,5.7,0,0,1.0,6,11,1,5.5,0,5,0.0909,5,5.6,Dropout
1,1,7,7,7,6.928571428571429,0,0,1.0,7,8,7,6.285714285714286,0,0,0.875,0,6.6071,Graduate
0,0,3,3,3,6.166666666666667,0,0,1.0,2,2,2,5.5,0,0,1.0,0,5.8333,Dropout
0,1,7,8,5,5.99,0,2,0.625,7,8,5,5.99,0,2,0.625,4,5.99,Enrolled
0,1,7,21,5,5.45,3,2,0.2381,8,21,3,5.85,1,5,0.1429,7,5.65,Dropout
0,1,12,12,11,7.227272727272728,0,1,0.9167,11,11,10,7.1,0,1,0.9091,2,7.1636,Graduate
1,0,5,7,2,5.75,0,3,0.2857,5,8,2,5.25,0,3,0.25,6,5.5,Dropout
0,1,5,7,5,6.0,0,0,0.7143,5,10,5,5.7,0,0,0.5,0,5.85,Graduate
0,1,8,9,6,6.6725,2,2,0.6667,8,9,6,6.6725,2,2,0.6667,4,6.6725,Enrolled
0,1,23,23,20,6.75,3,3,0.8696,23,23,20,6.75,3,3,0.8696,6,6.75,Graduate
0,1,6,8,5,6.4,0,1,0.625,6,10,6,5.928571428571429,0,0,0.6,1,6.1643,Graduate
0,1,6,6,6,7.25,0,0,1.0,6,7,6,6.75,0,0,0.8571,0,7.0,Graduate
0,1,5,7,5,6.3,0,0,0.7143,5,9,3,6.625,0,2,0.3333,2,6.4625,Dropout
0,1,7,8,6,7.178571428571429,0,1,0.75,7,8,6,7.178571428571429,0,1,0.75,2,7.1786,Graduate
0,1,5,7,4,6.625,0,1,0.5714,5,5,5,6.0,0,0,1.0,1,6.3125,Graduate
0,1,8,8,8,6.7175,0,0,1.0,8,8,8,6.7175,0,0,1.0,0,6.7175,Graduate
0,0,7,0,0,0.0,0,7,0.0,8,0,0,0.0,0,8,0.0,15,0.0,Dropout
0,1,7,15,4,5.7875,0,3,0.2667,7,10,5,6.209999999999999,0,2,0.5,5,5.9987,Enrolled
0,1,6,8,6,5.9375,0,0,0.75,6,11,4,7.3,0,2,0.3636,2,6.6188,Graduate
0,1,12,13,6,6.5,0,6,0.4615,12,14,11,6.916666666666667,0,1,0.7857,7,6.7083,Graduate
0,1,8,8,7,6.512142857142857,0,1,0.875,8,8,7,6.512142857142857,0,1,0.875,2,6.5121,Graduate
0,1,5,12,3,6.0,0,2,0.25,5,12,1,7.5,3,4,0.0833,6,6.75,Dropout
0,1,7,7,7,6.735714285714286,0,0,1.0,8,9,8,6.972222222222222,0,0,0.8889,0,6.854,Graduate
0,1,6,6,6,6.583333333333333,0,0,1.0,6,6,6,7.5,0,0,1.0,0,7.0417,Graduate
0,1,7,8,6,6.0,0,1,0.75,7,8,6,6.0,0,1,0.75,2,6.0,Enrolled
0,1,6,7,6,7.142857142857143,0,0,0.8571,6,8,6,6.625,0,0,0.75,0,6.8839,Graduate
0,1,6,10,5,5.7,0,1,0.5,6,7,6,5.583333333333333,0,0,0.8571,1,5.6417,Graduate
0,1,7,9,5,6.02,0,2,0.5556,7,9,6,5.885714285714285,0,1,0.6667,3,5.9529,Enrolled
0,1,6,8,6,5.642857142857143,0,0,0.75,6,10,6,5.928571428571429,0,0,0.6,0,5.7857,Graduate
0,1,7,9,5,6.964,0,2,0.5556,8,9,7,7.171428571428571,0,1,0.7778,3,7.0677,Graduate
0,1,7,8,6,6.416666666666667,0,1,0.75,6,6,0,0.0,0,6,0.0,7,3.2083,Dropout
0,1,6,8,6,6.8125,0,0,0.75,6,8,6,7.214285714285714,0,0,0.75,0,7.0134,Graduate
1,0,9,9,3,7.166666666666667,0,6,0.3333,7,8,1,7.0,0,6,0.125,12,7.0833,Dropout
0,1,6,12,4,7.375,0,2,0.3333,6,7,4,6.125,0,2,0.5714,4,6.75,Graduate
0,1,0,0,0,0.0,0,0,0.0,0,0,0,0.0,0,0,0.0,0,0.0,Graduate
0,1,7,9,6,6.705714285714286,0,1,0.6667,8,12,7,6.647222222222222,0,1,0.5833,2,6.6765,Enrolled
0,1,5,7,4,6.75,0,1,0.5714,5,6,5,5.8,0,0,0.8333,1,6.275,Graduate
0,1,5,10,0,0.0,0,5,0.0,5,10,0,0.0,0,5,0.0,10,0.0,Dropout
0,1,5,9,1,6.0,0,4,0.1111,5,6,3,5.25,0,2,0.5,6,5.625,Enrolled
0,1,5,10,0,0.0,0,5,0.0,5,5,0,0.0,0,5,0.0,10,0.0,Enrolled
0,1,6,9,4,6.625,0,2,0.4444,6,11,5,5.9,0,1,0.4545,3,6.2625,Graduate
1,0,7,10,4,5.98,0,3,0.4,7,7,0,0.0,0,7,0.0,10,2.99,Dropout
0,1,7,8,7,6.775,0,0,0.875,8,8,8,7.09375,0,0,1.0,0,6.9344,Graduate
0,1,6,11,5,5.6,0,1,0.4545,6,13,5,5.8,0,1,0.3846,2,5.7,Graduate
0,1,6,6,6,6.25,0,0,1.0,6,6,6,6.416666666666667,0,0,1.0,0,6.3333,Graduate
0,1,6,6,6,7.333333333333333,0,0,1.0,6,6,6,7.083333333333333,0,0,1.0,0,7.2083,Graduate
0,1,1,1,0,0.0,1,1,0.0,5,0,0,0.0,0,5,0.0,6,0.0,Dropout
1,1,13,13,11,6.363636363636364,0,2,0.8462,11,11,10,6.3,0,1,0.9091,3,6.3318,Graduate
0,1,6,7,6,6.666666666666667,0,0,0.8571,6,6,4,6.375,0,2,0.6667,2,6.5208,Graduate
0,1,5,8,4,5.4,0,1,0.5,5,10,2,6.25,0,3,0.2,4,5.825,Dropout
0,1,5,7,4,6.375,0,1,0.5714,5,5,0,0.0,0,5,0.0,6,3.1875,Dropout
1,1,8,15,7,5.5,0,1,0.4667,6,17,1,5.0,0,5,0.0588,6,5.25,Enrolled
0,1,7,11,6,5.997222222222222,0,1,0.5455,8,11,7,6.215714285714285,0,1,0.6364,2,6.1065,Graduate
0,1,6,6,6,6.916666666666667,0,0,1.0,6,7,6,7.214285714285714,0,0,0.8571,0,7.0655,Graduate
0,1,6,0,0,0.0,0,6,0.0,6,11,1,5.0,0,5,0.0909,11,2.5,Dropout
0,1,6,6,6,6.25,0,0,1.0,6,6,6,6.916666666666667,0,0,1.0,0,6.5833,Graduate
0,1,6,6,6,7.083333333333333,0,0,1.0,6,8,6,6.1875,0,0,0.75,0,6.6354,Graduate
0,1,6,11,3,6.166666666666667,0,3,0.2727,6,11,4,6.75,0,2,0.3636,5,6.4583,Dropout
0,1,6,9,4,5.75,0,2,0.4444,6,10,4,5.375,0,2,0.4,4,5.5625,Enrolled
0,1,7,7,6,6.983333333333334,0,1,0.8571,7,7,6,6.983333333333334,0,1,0.8571,2,6.9833,Graduate
0,1,8,12,7,6.314285714285715,0,1,0.5833,8,12,7,6.314285714285715,0,1,0.5833,2,6.3143,Graduate
0,1,6,6,6,6.333333333333333,0,0,1.0,6,6,6,6.916666666666667,0,0,1.0,0,6.625,Dropout
0,1,6,13,4,6.0,0,2,0.3077,6,17,2,5.75,0,4,0.1176,6,5.875,Enrolled
0,1,5,8,3,6.0,0,2,0.375,5,7,5,6.416666666666667,0,0,0.7143,2,6.2083,Graduate
0,1,6,8,5,5.916666666666667,0,1,0.625,6,8,4,6.625,2,2,0.5,3,6.2708,Enrolled
0,1,6,7,5,6.4,0,1,0.7143,6,11,5,6.916666666666667,0,1,0.4545,2,6.6583,Graduate
0,1,6,7,6,7.142857142857143,0,0,0.8571,6,9,3,6.5,0,3,0.3333,3,6.8214,Enrolled
0,1,6,0,0,0.0,0,6,0.0,6,0,0,0.0,0,6,0.0,12,0.0,Dropout
0,1,6,6,0,0.0,0,6,0.0,6,12,0,0.0,0,6,0.0,12,0.0,Dropout
0,0,5,5,0,0.0,0,5,0.0,5,9,0,0.0,0,5,0.0,10,0.0,Dropout
0,0,5,7,1,6.5,0,4,0.1429,5,5,2,7.0,0,3,0.4,7,6.75,Dropout
0,1,5,13,4,6.875,1,1,0.3077,5,9,3,6.0,0,2,0.3333,3,6.4375,Enrolled
1,0,6,11,0,0.0,6,6,0.0,6,12,0,0.0,12,6,0.0,12,0.0,Dropout
0,1,6,0,0,0.0,0,6,0.0,6,0,0,0.0,0,6,0.0,12,0.0,Dropout
0,1,6,7,6,6.357142857142857,0,0,0.8571,6,8,5,5.916666666666667,0,1,0.625,1,6.1369,Graduate
0,1,8,8,7,6.968571428571429,0,1,0.875,8,8,7,6.968571428571429,0,1,0.875,2,6.9686,Graduate
0,1,6,6,6,7.0,0,0,1.0,6,8,6,6.5625,0,0,0.75,0,6.7812,Graduate
0,1,7,10,5,6.988333333333334,0,2,0.5,8,9,8,6.61111111111111,0,0,0.8889,2,6.7997,Enrolled
1,0,3,3,0,0.0,0,3,0.0,6,0,0,0.0,0,6,0.0,9,0.0,Dropout
0,1,8,12,6,5.84,0,2,0.5,8,12,6,5.84,0,2,0.5,4,5.84,Graduate
0,1,6,13,5,6.5,0,1,0.3846,6,13,2,5.75,0,4,0.1538,5,6.125,Enrolled
0,1,6,8,3,5.833333333333333,0,3,0.375,6,11,5,6.8125,0,1,0.4545,4,6.3229,Enrolled
0,1,8,8,8,7.65,0,0,1.0,8,8,8,7.65,0,0,1.0,0,7.65,Graduate
0,1,5,8,5,6.0,1,0,0.625,5,8,4,7.5,1,1,0.5,1,6.75,Graduate
0,1,5,5,5,7.0,0,0,1.0,5,6,5,7.7,0,0,0.8333,0,7.35,Graduate
0,1,6,7,6,8.0,0,0,0.8571,6,8,6,7.9375,0,0,0.75,0,7.9688,Graduate
0,1,7,10,6,5.333333333333333,0,1,0.6,7,12,6,6.416666666666667,0,1,0.5,2,5.875,Enrolled
0,1,6,8,6,7.3125,0,0,0.75,6,9,6,7.071428571428571,0,0,0.6667,0,7.192,Enrolled
0,1,6,6,6,6.5,0,0,1.0,6,12,0,0.0,0,6,0.0,6,3.25,Dropout
0,1,6,7,6,5.642857142857143,0,0,0.8571,6,9,4,6.75,0,2,0.4444,2,6.1964,Graduate
0,1,8,8,8,7.816875,0,0,1.0,8,8,8,7.816875,0,0,1.0,0,7.8169,Graduate
1,1,7,7,6,7.1,0,1,0.8571,7,7,6,7.1,0,1,0.8571,2,7.1,Graduate
0,1,5,5,5,7.1,0,0,1.0,5,5,5,7.1,0,0,1.0,0,7.1,Graduate
0,1,6,7,6,5.833333333333333,0,0,0.8571,6,6,6,6.166666666666667,0,0,1.0,0,6.0,Dropout
1,0,6,6,0,0.0,0,6,0.0,6,6,0,0.0,0,6,0.0,12,0.0,Dropout
0,1,14,15,12,5.461538461538462,0,2,0.8,13,14,11,6.090909090909091,0,2,0.7857,4,5.7762,Graduate
0,1,5,6,5,5.9,0,0,0.8333,5,8,4,5.8,0,1,0.5,1,5.85,Graduate
0,1,6,8,5,6.3,0,1,0.625,6,11,4,5.625,0,2,0.3636,3,5.9625,Graduate
0,1,18,36,17,6.529411764705882,1,1,0.4722,12,15,12,6.153846153846154,0,0,0.8,1,6.3416,Graduate
0,1,6,9,5,8.0,1,1,0.5556,6,11,4,8.25,0,2,0.3636,3,8.125,Enrolled
0,1,5,8,5,8.083333333333334,2,0,0.625,5,9,5,7.142857142857143,1,0,0.5556,0,7.6131,Graduate
1,0,6,8,4,5.875,0,2,0.5,6,6,6,6.583333333333333,0,0,1.0,2,6.2292,Dropout
0,1,7,14,5,5.6,0,2,0.3571,8,11,6,5.791666666666667,0,2,0.5455,4,5.6958,Enrolled
1,0,5,8,0,0.0,0,5,0.0,5,5,0,0.0,0,5,0.0,10,0.0,Dropout
0,1,15,15,14,5.535714285714286,0,1,0.9333,14,16,12,5.666666666666667,1,2,0.75,3,5.6012,Dropout
0,1,6,10,6,5.833333333333333,0,0,0.6,6,7,6,5.5,0,0,0.8571,0,5.6667,Graduate
0,1,5,10,5,7.9,0,0,0.5,5,5,5,8.8,0,0,1.0,0,8.35,Enrolled
0,1,6,6,6,6.916666666666667,0,0,1.0,6,6,6,6.75,0,0,1.0,0,6.8333,Graduate
1,1,5,5,4,6.0,0,1,0.8,5,6,5,5.8,0,0,0.8333,1,5.9,Dropout
0,1,0,0,0,0.0,0,0,0.0,0,0,0,0.0,0,0,0.0,0,0.0,Enrolled
0,1,6,6,6,7.5,0,0,1.0,6,6,6,6.416666666666667,0,0,1.0,0,6.9583,Dropout
0,0,6,9,4,6.25,0,2,0.4444,6,6,0,0.0,0,6,0.0,8,3.125,Dropout
0,1,7,7,6,6.916666666666667,0,1,0.8571,6,7,5,6.5,0,1,0.7143,2,6.7083,Dropout
0,1,8,8,7,6.347142857142857,0,1,0.875,8,8,7,6.347142857142857,0,1,0.875,2,6.3471,Graduate
0,1,7,7,0,0.0,0,7,0.0,7,8,0,0.0,0,7,0.0,14,0.0,Dropout
0,1,6,6,6,8.0,0,0,1.0,6,6,6,6.833333333333333,0,0,1.0,0,7.4167,Graduate
0,1,8,8,7,7.214285714285714,0,1,0.875,8,8,7,7.214285714285714,0,1,0.875,2,7.2143,Graduate
0,0,5,6,4,6.125,0,1,0.6667,5,6,5,5.083333333333333,0,0,0.8333,1,5.6042,Dropout
0,1,6,10,6,5.6875,0,0,0.6,6,10,5,5.8,0,1,0.5,1,5.7438,Graduate
1,0,5,9,0,0.0,0,5,0.0,5,11,0,0.0,0,5,0.0,10,0.0,Dropout
0,1,7,7,7,6.85,0,0,1.0,8,9,8,6.997222222222222,0,0,0.8889,0,6.9236,Graduate
1,1,5,10,5,5.928571428571429,0,0,0.5,5,17,5,5.75,5,0,0.2941,0,5.8393,Graduate
0,1,0,0,0,0.0,0,0,0.0,0,0,0,0.0,0,0,0.0,0,0.0,Graduate
0,1,7,14,0,0.0,0,7,0.0,7,14,0,0.0,0,7,0.0,14,0.0,Dropout
0,1,7,12,4,5.125,0,3,0.3333,7,10,3,6.5,0,4,0.3,7,5.8125,Dropout
0,1,6,0,0,0.0,0,6,0.0,6,0,0,0.0,0,6,0.0,12,0.0,Dropout
0,1,7,8,7,7.425,0,0,0.875,8,8,8,7.6,0,0,1.0,0,7.5125,Dropout
0,1,13,18,13,5.923076923076924,0,0,0.7222,11,11,11,6.0,0,0,1.0,0,5.9615,Graduate
0,1,7,13,2,7.5,0,5,0.1538,7,12,2,5.75,0,5,0.1667,10,6.625,Dropout
0,1,8,8,7,6.657142857142858,0,1,0.875,8,8,7,6.657142857142858,0,1,0.875,2,6.6571,Graduate
0,1,6,8,5,6.1,0,1,0.625,6,7,6,5.75,0,0,0.8571,1,5.925,Graduate
0,1,6,8,6,6.3125,0,0,0.75,6,10,6,6.6,0,0,0.6,0,6.4562,Graduate
0,1,6,12,4,5.4,0,2,0.3333,6,13,4,6.0,0,2,0.3077,4,5.7,Enrolled
0,1,6,6,6,7.666666666666667,0,0,1.0,6,6,6,7.083333333333333,0,0,1.0,0,7.375,Graduate
0,1,6,8,6,6.428571428571429,0,0,0.75,6,9,5,6.2,0,1,0.5556,1,6.3143,Enrolled
0,0,5,8,0,0.0,0,5,0.0,5,5,0,0.0,0,5,0.0,10,0.0,Dropout
0,1,5,7,3,6.166666666666667,0,2,0.4286,5,9,5,6.3,0,0,0.5556,2,6.2333,Graduate
1,1,6,16,1,7.0,0,5,0.0625,6,7,0,0.0,0,6,0.0,11,3.5,Dropout
0,1,6,6,6,7.0,0,0,1.0,6,7,6,6.928571428571429,0,0,0.8571,0,6.9643,Graduate
0,1,6,7,5,6.7,0,1,0.7143,6,9,5,6.1,0,1,0.5556,2,6.4,Graduate
0,1,7,9,5,7.03,0,2,0.5556,7,9,6,6.285714285714286,0,1,0.6667,3,6.6579,Enrolled
0,1,6,6,6,6.583333333333333,0,0,1.0,6,7,6,7.071428571428571,0,0,0.8571,0,6.8274,Graduate
0,1,6,6,6,6.0,0,0,1.0,6,6,6,6.25,0,0,1.0,0,6.125,Graduate
0,1,6,8,5,5.5,0,1,0.625,6,7,6,5.583333333333333,0,0,0.8571,1,5.5417,Graduate
0,1,5,7,1,5.5,0,4,0.1429,5,7,0,0.0,0,5,0.0,9,2.75,Dropout
0,1,6,8,6,6.285714285714286,1,0,0.75,6,8,6,5.8125,0,0,0.75,0,6.0491,Graduate
1,1,6,6,6,7.416666666666667,0,0,1.0,6,6,6,7.416666666666667,0,0,1.0,0,7.4167,Graduate
0,1,7,7,6,6.256666666666667,0,1,0.8571,8,9,7,6.535714285714286,0,1,0.7778,2,6.3962,Graduate
1,1,6,13,4,5.4,0,2,0.3077,6,15,4,6.0,0,2,0.2667,4,5.7,Graduate
0,1,5,8,3,5.166666666666667,0,2,0.375,5,11,2,5.0,0,3,0.1818,5,5.0833,Dropout
0,1,7,7,7,6.959285714285714,0,0,1.0,8,9,8,6.94375,0,0,0.8889,0,6.9515,Graduate
0,1,6,8,6,6.9375,0,0,0.75,6,7,6,7.071428571428571,0,0,0.8571,0,7.0045,Graduate
0,1,7,7,7,8.442857142857141,0,0,1.0,8,9,8,7.872222222222222,0,0,0.8889,0,8.1575,Graduate
0,1,7,0,0,0.0,0,7,0.0,8,0,0,0.0,0,8,0.0,15,0.0,Dropout
0,1,6,10,5,5.285714285714286,1,1,0.5,6,9,5,6.1,0,1,0.5556,2,5.6929,Graduate
0,1,8,8,8,7.134375,0,0,1.0,8,8,8,7.134375,0,0,1.0,0,7.1344,Enrolled
0,1,6,6,6,7.583333333333333,0,0,1.0,6,6,6,7.083333333333333,0,0,1.0,0,7.3333,Graduate
0,1,7,9,6,6.408333333333334,0,1,0.6667,8,11,6,6.4375,0,2,0.5455,3,6.4229,Enrolled
0,1,6,6,6,6.75,0,0,1.0,6,6,6,5.583333333333333,0,0,1.0,0,6.1667,Graduate
0,0,5,5,0,0.0,0,5,0.0,5,5,0,0.0,0,5,0.0,10,0.0,Dropout
0,1,6,6,6,6.083333333333333,0,0,1.0,6,9,3,5.5,0,3,0.3333,3,5.7917,Dropout
0,1,5,8,3,5.666666666666667,0,2,0.375,5,12,2,5.333333333333333,0,3,0.1667,5,5.5,Enrolled
0,1,14,19,13,5.678571428571429,0,1,0.6842,14,14,13,6.0,1,1,0.9286,2,5.8393,Graduate
0,0,6,0,0,0.0,0,6,0.0,4,6,0,0.0,2,4,0.0,10,0.0,Dropout
0,1,5,7,5,6.2,0,0,0.7143,5,5,5,7.3,0,0,1.0,0,6.75,Graduate
0,1,5,5,5,5.4,0,0,1.0,5,9,4,5.75,0,1,0.4444,1,5.575,Graduate
0,1,0,0,0,0.0,0,0,0.0,0,0,0,0.0,0,0,0.0,0,0.0,Dropout
0,1,7,0,0,0.0,0,7,0.0,8,0,0,0.0,0,8,0.0,15,0.0,Dropout
0,1,6,9,6,7.333333333333333,0,0,0.6667,6,7,6,6.928571428571429,0,0,0.8571,0,7.131,Graduate
0,1,0,0,0,0.0,0,0,0.0,0,0,0,0.0,0,0,0.0,0,0.0,Graduate
0,1,5,9,1,6.0,0,4,0.1111,5,10,2,6.0,3,3,0.2,7,6.0,Dropout
0,1,7,7,6,7.033333333333334,0,1,0.8571,7,7,6,7.033333333333334,0,1,0.8571,2,7.0333,Graduate
0,1,6,0,0,0.0,0,6,0.0,6,0,0,0.0,0,6,0.0,12,0.0,Dropout
0,1,5,5,5,7.7,0,0,1.0,5,5,5,7.8,0,0,1.0,0,7.75,Dropout
0,1,5,0,0,0.0,0,5,0.0,5,0,0,0.0,0,5,0.0,10,0.0,Dropout
0,1,6,12,4,6.125,0,2,0.3333,7,9,7,6.0,0,0,0.7778,2,6.0625,Enrolled
0,1,6,8,6,5.285714285714286,0,0,0.75,6,9,5,5.7,0,1,0.5556,1,5.4929,Graduate
0,1,6,7,6,6.916666666666667,0,0,0.8571,6,6,6,6.416666666666667,0,0,1.0,0,6.6667,Graduate
1,1,10,12,10,6.5,0,0,0.8333,11,11,11,6.136363636363636,0,0,1.0,0,6.3182,Graduate
0,1,11,11,11,6.318181818181818,0,0,1.0,8,8,8,5.5,0,0,1.0,0,5.9091,Graduate
1,1,6,7,0,0.0,0,6,0.0,6,6,0,0.0,0,6,0.0,12,0.0,Dropout
0,0,7,10,5,6.08,0,2,0.5,6,7,5,5.67,0,1,0.7143,3,5.875,Dropout
0,1,21,33,18,7.466666666666667,12,3,0.5455,21,33,18,7.466666666666667,12,3,0.5455,6,7.4667,Graduate
1,0,5,9,2,6.666666666666667,0,3,0.2222,5,9,2,8.0,4,3,0.2222,6,7.3333,Dropout
0,1,6,7,5,6.1,0,1,0.7143,6,7,5,6.1,0,1,0.7143,2,6.1,Enrolled
0,1,6,7,6,5.75,0,0,0.8571,6,10,4,5.285714285714286,0,2,0.4,2,5.5179,Dropout
0,1,6,6,6,6.416666666666667,0,0,1.0,6,6,6,6.416666666666667,0,0,1.0,0,6.4167,Graduate
0,1,7,9,7,6.65625,0,0,0.7778,8,8,8,7.81875,0,0,1.0,0,7.2375,Graduate
0,1,6,6,6,6.5,0,0,1.0,6,6,6,6.25,0,0,1.0,0,6.375,Graduate
1,0,6,9,5,6.2,0,1,0.5556,6,12,5,7.083333333333333,0,1,0.4167,2,6.6417,Enrolled
0,1,6,12,5,6.4,0,1,0.4167,6,19,2,5.75,0,4,0.1053,5,6.075,Enrolled
0,1,5,6,1,5.5,0,4,0.1667,5,5,0,0.0,0,5,0.0,9,2.75,Dropout
0,1,6,12,0,0.0,0,6,0.0,6,12,0,0.0,0,6,0.0,12,0.0,Dropout
0,1,7,7,7,6.785714285714286,0,0,1.0,6,9,5,6.7,0,1,0.5556,1,6.7429,Enrolled
1,0,5,5,0,0.0,0,5,0.0,5,5,0,0.0,0,5,0.0,10,0.0,Dropout
0,1,6,9,4,6.25,0,2,0.4444,6,9,5,6.25,0,1,0.5556,3,6.25,Enrolled
1,1,6,11,1,8.0,0,5,0.0909,6,8,4,6.125,0,2,0.5,7,7.0625,Dropout
0,0,5,10,2,5.0,0,3,0.2,5,12,1,6.5,0,4,0.0833,7,5.75,Dropout
0,1,6,10,4,5.25,0,2,0.4,6,8,4,5.875,0,2,0.5,4,5.5625,Graduate
0,1,8,9,7,6.414285714285714,0,1,0.7778,8,9,7,6.414285714285714,0,1,0.7778,2,6.4143,Graduate
0,1,6,7,6,5.583333333333333,0,0,0.8571,6,9,6,5.833333333333333,0,0,0.6667,0,5.7083,Graduate
0,1,6,6,4,6.0,0,2,0.6667,6,11,3,5.666666666666667,0,3,0.2727,5,5.8333,Dropout
0,1,5,5,5,6.6,0,0,1.0,5,5,4,6.5,0,1,0.8,1,6.55,Graduate
0,1,6,14,3,6.333333333333333,0,3,0.2143,6,7,6,5.5,0,0,0.8571,3,5.9167,Graduate
0,1,5,6,3,7.0,0,2,0.5,5,8,5,6.2,0,0,0.625,2,6.6,Graduate
0,1,5,6,5,6.2,0,0,0.8333,5,9,3,6.5,0,2,0.3333,2,6.35,Dropout
0,1,7,10,6,6.416666666666667,0,1,0.6,8,8,5,5.9,0,3,0.625,4,6.1583,Graduate
1,1,7,0,0,0.0,0,7,0.0,8,0,0,0.0,0,8,0.0,15,0.0,Dropout
0,1,6,6,6,6.75,0,0,1.0,6,6,6,6.083333333333333,0,0,1.0,0,6.4167,Graduate
0,1,6,8,6,6.5,0,0,0.75,6,6,6,6.083333333333333,0,0,1.0,0,6.2917,Graduate
0,1,6,14,3,6.25,0,3,0.2143,6,9,4,5.5,0,2,0.4444,5,5.875,Enrolled
0,0,5,10,2,5.25,0,3,0.2,5,5,3,5.333333333333333,0,2,0.6,5,5.2917,Dropout
0,1,0,0,0,0.0,0,0,0.0,0,0,0,0.0,0,0,0.0,0,0.0,Enrolled
0,1,6,11,3,6.166666666666667,0,3,0.2727,6,13,2,5.5,0,4,0.1538,7,5.8333,Dropout
0,1,7,7,6,7.116666666666667,0,1,0.8571,7,7,6,7.116666666666667,0,1,0.8571,2,7.1167,Graduate
0,1,6,8,5,6.1,0,1,0.625,6,8,5,5.9,0,1,0.625,2,6.0,Enrolled
0,1,6,6,6,6.166666666666667,0,0,1.0,6,6,6,6.416666666666667,0,0,1.0,0,6.2917,Graduate
0,1,8,8,7,6.457142857142856,0,1,0.875,8,8,7,6.457142857142856,0,1,0.875,2,6.4571,Graduate
0,1,7,7,6,7.075,0,1,0.8571,7,7,6,7.075,0,1,0.8571,2,7.075,Graduate
0,1,6,7,6,6.5,0,0,0.8571,6,9,6,6.857142857142857,0,0,0.6667,0,6.6786,Graduate
0,1,5,7,4,7.25,0,1,0.5714,5,5,5,6.8,0,0,1.0,1,7.025,Graduate
0,1,6,16,3,5.625,0,3,0.1875,6,14,4,5.6,0,2,0.2857,5,5.6125,Dropout
0,1,6,6,6,6.916666666666667,0,0,1.0,6,8,6,6.5625,0,0,0.75,0,6.7396,Graduate
0,1,11,11,11,6.35,0,0,1.0,10,12,10,6.48409090909091,0,0,0.8333,0,6.417,Enrolled
0,1,6,8,5,6.333333333333333,0,1,0.625,6,10,6,6.428571428571429,0,0,0.6,1,6.381,Graduate
0,1,5,8,5,6.75,2,0,0.625,5,5,5,7.2,0,0,1.0,0,6.975,Graduate
0,1,5,8,5,5.0,0,0,0.625,5,10,2,6.0,0,3,0.2,3,5.5,Enrolled
0,1,0,0,0,0.0,0,0,0.0,0,0,0,0.0,0,0,0.0,0,0.0,Graduate
0,1,12,18,11,6.045454545454546,0,1,0.6111,12,14,11,6.0,0,1,0.7857,2,6.0227,Graduate
0,1,6,6,6,6.25,0,0,1.0,6,6,6,6.333333333333333,0,0,1.0,0,6.2917,Graduate
0,1,6,10,5,5.4,0,1,0.5,6,7,5,6.4,0,1,0.7143,2,5.9,Graduate
0,1,6,11,3,6.0,0,3,0.2727,6,13,2,6.0,0,4,0.1538,7,6.0,Dropout
0,1,8,10,6,5.916666666666667,0,2,0.6,8,10,6,5.916666666666667,0,2,0.6,4,5.9167,Enrolled
0,1,6,6,6,6.333333333333333,0,0,1.0,6,7,5,7.3,0,1,0.7143,1,6.8167,Graduate
0,1,7,8,7,7.065625,0,0,0.875,8,8,8,6.991875,0,0,1.0,0,7.0288,Graduate
0,1,5,14,0,0.0,0,5,0.0,5,5,0,0.0,0,5,0.0,10,0.0,Dropout
0,1,8,8,8,6.5525,0,0,1.0,8,8,8,6.5525,0,0,1.0,0,6.5525,Graduate
0,1,6,0,0,0.0,0,6,0.0,6,0,0,0.0,0,6,0.0,12,0.0,Dropout
0,1,8,11,6,6.245833333333334,0,2,0.5455,8,11,6,6.245833333333334,0,2,0.5455,4,6.2458,Graduate
0,1,13,14,13,6.807692307692308,1,0,0.9286,12,12,12,7.125,0,0,1.0,0,6.9663,Graduate
0,1,6,9,5,6.3,0,1,0.5556,6,9,3,5.833333333333333,0,3,0.3333,4,6.0667,Enrolled
0,1,6,11,3,6.0,0,3,0.2727,6,11,4,5.625,0,2,0.3636,5,5.8125,Dropout
0,1,6,7,6,7.833333333333333,0,0,0.8571,6,8,6,7.642857142857143,0,0,0.75,0,7.7381,Graduate
0,1,6,6,6,6.333333333333333,0,0,1.0,6,8,6,6.625,0,0,0.75,0,6.4792,Graduate
0,1,8,9,8,6.655,1,0,0.8889,8,9,8,6.655,1,0,0.8889,0,6.655,Graduate
0,0,5,16,1,6.0,0,4,0.0625,5,6,0,0.0,0,5,0.0,9,3.0,Dropout
0,1,12,12,12,6.791666666666667,0,0,1.0,11,12,11,6.791666666666667,0,0,0.9167,0,6.7917,Graduate
0,1,21,21,21,6.238095238095238,0,0,1.0,19,19,19,6.105263157894737,0,0,1.0,0,6.1717,Graduate
0,1,5,5,5,6.3,0,0,1.0,5,9,3,6.5,0,2,0.3333,2,6.4,Dropout
0,1,6,6,6,7.083333333333333,0,0,1.0,6,6,6,6.25,0,0,1.0,0,6.6667,Graduate
0,1,6,14,6,7.875,0,0,0.4286,6,8,6,6.5,0,0,0.75,0,7.1875,Graduate
0,1,6,7,6,6.428571428571429,0,0,0.8571,6,7,6,6.833333333333333,0,0,0.8571,0,6.631,Graduate
1,0,6,11,4,6.25,0,2,0.3636,6,7,0,0.0,0,6,0.0,8,3.125,Dropout
0,1,6,12,4,5.2,0,2,0.3333,6,11,4,5.375,0,2,0.3636,4,5.2875,Enrolled
0,1,5,5,0,0.0,0,5,0.0,5,5,0,0.0,0,5,0.0,10,0.0,Dropout
0,1,5,11,5,7.0,3,0,0.4545,5,7,5,5.8,0,0,0.7143,0,6.4,Enrolled
0,1,21,23,20,6.590909090909091,0,1,0.8696,14,18,14,5.821428571428571,0,0,0.7778,1,6.2062,Graduate
0,1,0,0,0,0.0,0,0,0.0,0,0,0,0.0,0,0,0.0,0,0.0,Graduate
0,1,0,0,0,0.0,0,0,0.0,0,0,0,0.0,0,0,0.0,0,0.0,Dropout
1,1,6,7,5,6.6,0,1,0.7143,6,7,5,5.3,0,1,0.7143,2,5.95,Dropout
1,1,6,7,5,6.8,0,1,0.7143,6,7,5,5.9,0,1,0.7143,2,6.35,Dropout
0,1,0,0,0,0.0,0,0,0.0,0,0,0,0.0,0,0,0.0,0,0.0,Graduate
0,1,0,0,0,0.0,0,0,0.0,0,0,0,0.0,0,0,0.0,0,0.0,Dropout
0,1,6,8,6,5.833333333333333,0,0,0.75,6,6,6,6.166666666666667,0,0,1.0,0,6.0,Graduate
0,1,6,9,5,6.5,0,1,0.5556,6,6,5,6.9,0,1,0.8333,2,6.7,Graduate
0,1,6,6,6,5.333333333333333,0,0,1.0,6,8,4,5.625,0,2,0.5,2,5.4792,Enrolled
1,1,6,0,0,0.0,0,6,0.0,6,0,0,0.0,0,6,0.0,12,0.0,Dropout
0,1,6,13,4,5.5,0,2,0.3077,6,12,5,5.416666666666667,0,1,0.4167,3,5.4583,Graduate
0,1,0,0,0,0.0,0,0,0.0,0,0,0,0.0,0,0,0.0,0,0.0,Graduate
0,1,6,12,3,5.75,0,3,0.25,6,12,3,6.833333333333333,0,3,0.25,6,6.2917,Dropout
0,1,7,0,0,0.0,0,7,0.0,8,0,0,0.0,0,8,0.0,15,0.0,Dropout
0,1,6,8,6,7.8125,0,0,0.75,6,8,6,7.928571428571429,0,0,0.75,0,7.8705,Graduate
1,0,7,10,6,5.75,0,1,0.6,7,8,6,6.583333333333333,0,1,0.75,2,6.1667,Enrolled
0,1,6,6,6,7.5,0,0,1.0,6,6,6,6.666666666666667,0,0,1.0,0,7.0833,Graduate
0,1,6,8,6,6.785714285714286,0,0,0.75,6,9,5,6.6,0,1,0.5556,1,6.6929,Graduate
0,1,6,10,5,5.833333333333333,0,1,0.5,6,7,5,6.3,0,1,0.7143,2,6.0667,Graduate
0,1,6,0,0,0.0,0,6,0.0,6,0,0,0.0,0,6,0.0,12,0.0,Dropout
0,1,8,8,7,7.157142857142858,0,1,0.875,8,8,7,7.157142857142858,0,1,0.875,2,7.1571,Graduate
1,1,11,12,9,5.88888888888889,0,2,0.75,8,11,3,6.833333333333333,0,5,0.2727,7,6.3611,Dropout
0,0,6,7,5,6.3,0,1,0.7143,6,6,5,5.9,0,1,0.8333,2,6.1,Enrolled
0,1,6,6,6,6.5,0,0,1.0,6,7,6,6.5,0,0,0.8571,0,6.5,Graduate
0,1,5,10,5,6.75,0,0,0.5,5,8,5,6.166666666666667,0,0,0.625,0,6.4583,Graduate
0,1,6,9,6,5.333333333333333,1,0,0.6667,6,6,5,5.6,0,1,0.8333,1,5.4667,Graduate
0,1,5,8,4,6.25,0,1,0.5,5,6,4,5.5,0,1,0.6667,2,5.875,Enrolled
0,1,7,7,7,6.359285714285714,0,0,1.0,8,11,8,6.402777777777778,0,0,0.7273,0,6.381,Dropout
1,0,7,0,0,0.0,0,7,0.0,8,0,0,0.0,0,8,0.0,15,0.0,Dropout
0,1,6,7,6,6.333333333333333,0,0,0.8571,6,6,6,6.416666666666667,0,0,1.0,0,6.375,Graduate
0,1,7,8,7,6.792857142857142,0,0,0.875,8,8,8,7.34375,0,0,1.0,0,7.0683,Graduate
0,1,5,5,5,5.8,0,0,1.0,5,5,5,6.6,0,0,1.0,0,6.2,Graduate
0,1,12,14,12,7.192307692307692,0,0,0.8571,10,12,10,6.65,0,0,0.8333,0,6.9212,Graduate
1,0,6,8,0,0.0,0,6,0.0,5,6,0,0.0,0,5,0.0,11,0.0,Dropout
0,1,5,9,4,5.5,0,1,0.4444,5,6,5,5.7,0,0,0.8333,1,5.6,Enrolled
1,1,7,7,7,6.357142857142857,0,0,1.0,7,7,7,6.142857142857143,0,0,1.0,0,6.25,Graduate
0,1,0,0,0,0.0,0,0,0.0,0,0,0,0.0,0,0,0.0,0,0.0,Graduate
0,1,6,11,5,6.0,0,1,0.4545,6,11,5,5.5,0,1,0.4545,2,5.75,Dropout
0,1,0,0,0,0.0,0,0,0.0,0,0,0,0.0,0,0,0.0,0,0.0,Dropout
0,1,5,9,0,0.0,0,5,0.0,5,5,1,5.0,0,4,0.2,9,2.5,Dropout
0,1,5,13,2,5.5,0,3,0.1538,5,12,1,6.0,0,4,0.0833,7,5.75,Dropout
1,0,6,10,5,5.75,0,1,0.5,6,8,5,6.2,0,1,0.625,2,5.975,Graduate
0,0,0,0,0,0.0,0,0,0.0,0,0,0,0.0,0,0,0.0,0,0.0,Dropout
0,1,6,8,6,5.5,0,0,0.75,6,13,3,5.5,0,3,0.2308,3,5.5,Graduate
0,1,6,13,3,5.166666666666667,0,3,0.2308,6,12,3,5.166666666666667,0,3,0.25,6,5.1667,Enrolled
0,0,0,0,0,0.0,0,0,0.0,0,0,0,0.0,0,0,0.0,0,0.0,Dropout
0,1,6,6,6,6.833333333333333,0,0,1.0,6,6,6,7.083333333333333,0,0,1.0,0,6.9583,Graduate
1,1,9,10,8,6.625,0,1,0.8,9,14,5,6.1,0,4,0.3571,5,6.3625,Enrolled
0,1,6,7,6,6.714285714285714,0,0,0.8571,6,8,6,6.571428571428571,0,0,0.75,0,6.6429,Graduate
0,1,5,5,1,8.0,0,4,0.2,5,5,0,0.0,0,5,0.0,9,4.0,Dropout
0,0,9,18,6,5.916666666666667,0,3,0.3333,8,21,4,5.5,0,4,0.1905,7,5.7083,Dropout
0,1,6,11,4,6.125,0,2,0.3636,6,10,3,6.333333333333333,0,3,0.3,5,6.2292,Enrolled
0,1,7,11,6,6.175,0,1,0.5455,7,12,5,6.25,0,2,0.4167,3,6.2125,Graduate
0,1,6,6,6,7.5,0,0,1.0,6,6,6,7.25,0,0,1.0,0,7.375,Graduate
0,1,6,6,6,6.5,0,0,1.0,6,6,6,6.5,0,0,1.0,0,6.5,Dropout
0,1,6,13,0,0.0,3,6,0.0,6,6,0,0.0,0,6,0.0,12,0.0,Dropout
0,1,7,7,5,5.9,0,2,0.7143,9,9,5,5.5,0,4,0.5556,6,5.7,Dropout
1,1,10,18,6,6.333333333333333,0,4,0.3333,9,11,3,6.0,2,6,0.2727,10,6.1667,Dropout
0,1,6,7,6,6.333333333333333,0,0,0.8571,6,7,5,6.5,0,1,0.7143,1,6.4167,Graduate
1,1,7,15,5,7.166666666666667,0,2,0.3333,6,16,6,7.318181818181818,0,0,0.375,2,7.2424,Enrolled
0,1,8,8,7,6.472142857142857,0,1,0.875,8,8,7,6.472142857142857,0,1,0.875,2,6.4721,Graduate
0,1,7,8,6,6.833333333333333,0,1,0.75,6,8,5,6.75,0,1,0.625,2,6.7917,Dropout
0,1,6,8,5,6.428571428571429,0,1,0.625,6,11,6,6.15,0,0,0.5455,1,6.2893,Graduate
0,1,6,6,6,6.833333333333333,0,0,1.0,6,6,6,7.0,0,0,1.0,0,6.9167,Graduate
0,1,6,8,5,5.7,0,1,0.625,6,12,3,5.5,1,3,0.25,4,5.6,Enrolled
0,0,6,7,4,6.5,0,2,0.5714,6,7,5,6.9,0,1,0.7143,3,6.7,Dropout
0,1,6,6,6,6.916666666666667,0,0,1.0,6,6,6,6.833333333333333,0,0,1.0,0,6.875,Graduate
0,1,7,13,5,6.1,0,2,0.3846,7,14,3,5.7,0,4,0.2143,6,5.9,Dropout
0,1,6,15,2,5.0,0,4,0.1333,6,12,0,0.0,0,6,0.0,10,2.5,Dropout
0,1,8,10,8,6.43,2,0,0.8,8,10,8,6.43,2,0,0.8,0,6.43,Graduate
1,1,7,9,7,6.163888888888889,0,0,0.7778,8,10,8,5.868,0,0,0.8,0,6.0159,Graduate
0,1,5,7,4,6.0,0,1,0.5714,5,8,2,6.25,0,3,0.25,4,6.125,Enrolled
0,1,7,8,7,6.714285714285714,0,0,0.875,8,8,8,7.65625,0,0,1.0,0,7.1853,Graduate
0,1,6,8,4,7.125,0,2,0.5,6,10,5,7.0,0,1,0.5,3,7.0625,Graduate
0,0,5,0,0,0.0,0,5,0.0,5,0,0,0.0,0,5,0.0,10,0.0,Dropout
0,1,6,8,6,6.571428571428571,0,0,0.75,6,7,6,6.25,0,0,0.8571,0,6.4107,Graduate
0,1,6,6,6,7.25,0,0,1.0,6,8,6,5.666666666666667,0,0,0.75,0,6.4583,Graduate
0,1,5,7,5,5.8,0,0,0.7143,5,5,5,6.4,0,0,1.0,0,6.1,Graduate
0,1,5,6,5,6.5,0,0,0.8333,5,5,5,7.0,0,0,1.0,0,6.75,Graduate
0,1,5,7,5,5.3,0,0,0.7143,5,6,5,5.1,0,0,0.8333,0,5.2,Enrolled
0,1,6,6,6,7.0,0,0,1.0,6,6,6,6.75,0,0,1.0,0,6.875,Graduate
0,0,5,5,2,5.5,0,3,0.4,5,0,0,0.0,0,5,0.0,8,2.75,Dropout
1,0,6,6,4,5.625,0,2,0.6667,6,7,3,6.166666666666667,0,3,0.4286,5,5.8958,Dropout
0,1,6,18,2,5.166666666666667,0,4,0.1111,6,7,6,5.75,0,0,0.8571,4,5.4583,Graduate
1,0,6,12,5,6.4,0,1,0.4167,6,16,3,6.666666666666667,0,3,0.1875,4,6.5333,Dropout
0,1,6,7,6,6.785714285714286,0,0,0.8571,6,6,6,6.666666666666667,0,0,1.0,0,6.7262,Graduate
0,1,7,7,7,5.985714285714286,0,0,1.0,8,8,8,7.21875,0,0,1.0,0,6.6022,Graduate
0,1,6,11,5,5.571428571428571,0,1,0.4545,6,11,4,5.625,0,2,0.3636,3,5.5982,Graduate
0,1,5,9,1,5.5,1,4,0.1111,5,10,0,0.0,0,5,0.0,9,2.75,Enrolled
0,1,6,11,5,6.142857142857143,0,1,0.4545,6,19,3,7.0,1,3,0.1579,4,6.5714,Dropout
0,1,6,10,6,5.785714285714286,0,0,0.6,6,8,6,6.166666666666667,0,0,0.75,0,5.9762,Graduate
0,1,6,8,0,0.0,0,6,0.0,6,10,0,0.0,0,6,0.0,12,0.0,Dropout
0,1,6,9,6,7.5625,0,0,0.6667,6,9,6,7.0,0,0,0.6667,0,7.2812,Graduate
0,1,6,6,6,8.416666666666666,0,0,1.0,6,6,6,8.333333333333334,0,0,1.0,0,8.375,Graduate
0,1,0,0,0,0.0,0,0,0.0,0,0,0,0.0,0,0,0.0,0,0.0,Graduate
0,1,6,10,6,7.5,0,0,0.6,6,11,5,6.25,0,1,0.4545,1,6.875,Graduate
0,0,7,11,4,6.3,0,3,0.3636,7,7,4,5.7875,0,3,0.5714,6,6.0437,Dropout
0,1,5,7,4,6.0,0,1,0.5714,5,6,5,6.0,0,0,0.8333,1,6.0,Graduate
0,1,6,8,5,6.4,0,1,0.625,6,14,3,5.0,0,3,0.2143,4,5.7,Enrolled
0,1,6,0,0,0.0,0,6,0.0,6,0,0,0.0,0,6,0.0,12,0.0,Dropout
0,1,6,7,6,6.75,0,0,0.8571,6,8,6,6.25,0,0,0.75,0,6.5,Graduate
1,0,6,12,3,5.666666666666667,0,3,0.25,6,13,2,5.5,0,4,0.1538,7,5.5833,Dropout
0,1,6,11,5,6.2,0,1,0.4545,6,7,6,6.5,0,0,0.8571,1,6.35,Graduate
0,1,0,0,0,0.0,0,0,0.0,0,0,0,0.0,0,0,0.0,0,0.0,Graduate
0,1,5,7,4,5.875,0,1,0.5714,5,7,5,5.9,1,0,0.7143,1,5.8875,Graduate
0,1,6,6,6,7.416666666666667,0,0,1.0,6,8,6,6.642857142857143,0,0,0.75,0,7.0298,Enrolled
0,1,12,22,10,6.65,0,2,0.4545,11,11,11,6.863636363636364,0,0,1.0,2,6.7568,Graduate
0,0,6,0,0,0.0,0,6,0.0,2,2,0,0.0,2,2,0.0,8,0.0,Dropout
0,1,5,9,3,6.5,0,2,0.3333,5,9,3,5.833333333333333,0,2,0.3333,4,6.1667,Dropout
0,1,6,6,0,0.0,0,6,0.0,6,6,0,0.0,0,6,0.0,12,0.0,Dropout
0,1,11,16,9,5.95,0,2,0.5625,9,14,8,6.125,0,1,0.5714,3,6.0375,Graduate
0,1,6,0,0,0.0,0,6,0.0,6,0,0,0.0,0,6,0.0,12,0.0,Dropout
0,1,6,7,6,6.714285714285714,0,0,0.8571,6,6,6,6.25,0,0,1.0,0,6.4821,Graduate
0,1,7,9,7,7.122222222222222,0,0,0.7778,8,12,8,6.116666666666666,0,0,0.6667,0,6.6194,Graduate
0,1,6,8,6,6.083333333333333,0,0,0.75,6,7,6,6.642857142857143,0,0,0.8571,0,6.3631,Graduate
0,1,7,9,0,0.0,0,7,0.0,7,8,1,5.0,0,6,0.125,13,2.5,Dropout
0,1,6,12,3,5.0,0,3,0.25,6,9,5,5.4,0,1,0.5556,4,5.2,Enrolled
0,1,12,12,9,6.222222222222222,3,3,0.75,7,8,6,6.0,0,1,0.75,4,6.1111,Dropout
0,1,7,8,6,5.829166666666666,0,1,0.75,8,11,6,6.208333333333333,0,2,0.5455,3,6.0187,Graduate
0,1,6,6,6,6.75,0,0,1.0,6,6,0,0.0,0,6,0.0,6,3.375,Dropout
0,1,5,9,5,6.0,0,0,0.5556,5,9,4,6.5,0,1,0.4444,1,6.25,Enrolled
0,1,6,8,6,6.416666666666667,0,0,0.75,6,8,6,6.666666666666667,0,0,0.75,0,6.5417,Graduate
0,1,5,14,2,5.5,3,3,0.1429,5,9,3,6.333333333333333,0,2,0.3333,5,5.9167,Enrolled
1,1,6,6,6,7.416666666666667,0,0,1.0,6,7,6,7.571428571428571,0,0,0.8571,0,7.494,Graduate
0,1,7,9,7,8.502777777777778,0,0,0.7778,8,9,8,8.291111111111112,0,0,0.8889,0,8.3969,Graduate
0,1,9,10,9,5.444444444444445,0,0,0.9,8,10,6,5.666666666666667,0,2,0.6,2,5.5556,Graduate
0,1,6,7,6,7.785714285714286,0,0,0.8571,6,7,6,7.357142857142857,0,0,0.8571,0,7.5714,Graduate
0,1,10,14,4,5.375,0,6,0.2857,10,10,2,5.0,0,8,0.2,14,5.1875,Dropout
0,1,8,8,7,6.385714285714286,1,1,0.875,8,8,7,6.385714285714286,1,1,0.875,2,6.3857,Enrolled
0,1,0,0,0,0.0,0,0,0.0,0,0,0,0.0,0,0,0.0,0,0.0,Graduate
0,1,8,8,7,7.03,0,1,0.875,8,8,7,7.03,0,1,0.875,2,7.03,Enrolled
0,1,10,12,7,5.642857142857143,0,3,0.5833,8,8,5,6.5,0,3,0.625,6,6.0714,Dropout
0,1,6,9,5,6.666666666666667,0,1,0.5556,6,6,5,6.5,0,1,0.8333,2,6.5833,Graduate
0,0,5,10,4,5.75,0,1,0.4,5,11,4,7.0,0,1,0.3636,2,6.375,Enrolled
0,0,15,17,12,5.875,0,3,0.7059,14,16,9,6.11111111111111,0,5,0.5625,8,5.9931,Dropout
0,1,7,7,6,7.175,0,1,0.8571,7,7,6,7.175,0,1,0.8571,2,7.175,Graduate
0,1,12,13,12,5.615384615384615,0,0,0.9231,11,18,9,6.38888888888889,0,2,0.5,2,6.0021,Graduate
0,1,5,8,5,6.625,0,0,0.625,5,6,5,5.916666666666667,0,0,0.8333,0,6.2708,Graduate
0,1,6,9,4,6.0,2,2,0.4444,6,10,4,6.25,0,2,0.4,4,6.125,Enrolled
0,1,5,9,5,5.4,0,0,0.5556,5,13,2,6.75,0,3,0.1538,3,6.075,Enrolled
0,0,0,0,0,0.0,0,0,0.0,0,0,0,0.0,0,0,0.0,0,0.0,Dropout
0,1,10,16,10,6.25,0,0,0.625,7,9,4,6.3,0,3,0.4444,3,6.275,Graduate
0,1,9,9,9,5.444444444444445,0,0,1.0,10,18,10,5.807692307692308,0,0,0.5556,0,5.6261,Graduate
0,1,7,8,7,6.228571428571428,0,0,0.875,8,8,8,6.78125,0,0,1.0,0,6.5049,Graduate
0,1,6,6,6,6.666666666666667,0,0,1.0,6,9,5,6.9,0,1,0.5556,1,6.7833,Graduate
1,1,11,14,10,5.95,0,1,0.7143,11,14,10,6.4,0,1,0.7143,2,6.175,Enrolled
0,1,6,0,0,0.0,0,6,0.0,6,0,0,0.0,0,6,0.0,12,0.0,Dropout
0,1,6,9,5,6.7,1,1,0.5556,6,9,6,6.1875,0,0,0.6667,1,6.4437,Graduate
0,1,6,6,6,6.583333333333333,0,0,1.0,6,6,6,6.333333333333333,0,0,1.0,0,6.4583,Graduate
0,1,6,8,4,6.25,0,2,0.5,6,11,1,7.0,0,5,0.0909,7,6.625,Dropout
0,1,7,9,6,6.540833333333334,0,1,0.6667,8,12,6,6.575,0,2,0.5,3,6.5579,Graduate
0,1,5,12,4,6.5,2,1,0.3333,5,6,5,7.0,0,0,0.8333,1,6.75,Dropout
1,1,16,16,13,6.038461538461538,0,3,0.8125,13,13,11,6.045454545454546,0,2,0.8462,5,6.042,Graduate
0,1,6,0,0,0.0,0,6,0.0,6,0,0,0.0,0,6,0.0,12,0.0,Dropout
0,1,8,8,7,6.857142857142857,0,1,0.875,8,8,7,6.857142857142857,0,1,0.875,2,6.8571,Graduate
0,0,12,15,11,6.692307692307692,0,1,0.7333,9,13,7,7.142857142857143,0,2,0.5385,3,6.9176,Graduate
1,1,6,6,5,5.8,0,1,0.8333,6,6,6,6.25,0,0,1.0,1,6.025,Graduate
0,1,6,0,0,0.0,0,6,0.0,6,0,0,0.0,0,6,0.0,12,0.0,Dropout
0,1,6,11,3,6.5,0,3,0.2727,6,15,1,6.0,0,5,0.0667,8,6.25,Dropout
0,1,7,9,7,6.711111111111112,0,0,0.7778,8,11,7,6.094444444444445,0,1,0.6364,1,6.4028,Graduate
1,0,11,14,11,7.545454545454546,0,0,0.7857,10,11,10,7.5,0,0,0.9091,0,7.5227,Dropout
0,1,8,8,7,6.5,0,1,0.875,8,8,7,6.5,0,1,0.875,2,6.5,Graduate
0,1,6,6,6,6.666666666666667,0,0,1.0,6,8,6,6.583333333333333,0,0,0.75,0,6.625,Graduate
0,1,6,6,5,6.5,0,1,0.8333,6,7,6,6.416666666666667,0,0,0.8571,1,6.4583,Graduate
0,1,5,6,5,6.6,0,0,0.8333,5,6,5,6.333333333333333,0,0,0.8333,0,6.4667,Graduate
1,1,6,14,2,5.0,0,4,0.1429,6,6,0,0.0,0,6,0.0,10,2.5,Dropout
0,1,7,12,4,6.325,0,3,0.3333,7,10,3,5.333333333333333,0,4,0.3,7,5.8292,Dropout
0,1,7,10,7,6.714285714285714,0,0,0.7,8,8,8,6.625,0,0,1.0,0,6.6696,Graduate
0,1,6,7,6,6.142857142857143,0,0,0.8571,6,7,6,6.666666666666667,1,0,0.8571,0,6.4048,Graduate
1,0,6,15,1,5.5,0,5,0.0667,6,10,0,0.0,0,6,0.0,11,2.75,Dropout
0,1,12,12,11,7.136363636363636,0,1,0.9167,12,12,11,7.409090909090909,0,1,0.9167,2,7.2727,Graduate
0,1,8,8,7,7.214285714285714,0,1,0.875,8,8,7,7.214285714285714,0,1,0.875,2,7.2143,Graduate
0,1,6,6,6,6.583333333333333,0,0,1.0,6,6,6,6.083333333333333,0,0,1.0,0,6.3333,Graduate
0,1,5,6,5,7.1,0,0,0.8333,5,7,5,5.9,0,0,0.7143,0,6.5,Graduate
0,1,8,8,8,7.444375,0,0,1.0,8,8,8,7.444375,0,0,1.0,0,7.4444,Graduate
0,1,8,8,7,6.305,0,1,0.875,8,8,7,6.305,0,1,0.875,2,6.305,Graduate
0,1,7,7,6,7.625,0,1,0.8571,7,7,6,7.625,0,1,0.8571,2,7.625,Graduate
0,1,5,8,1,7.0,2,4,0.125,5,12,0,0.0,4,5,0.0,9,3.5,Dropout
0,1,6,8,6,6.333333333333333,0,0,0.75,6,6,6,6.5,0,0,1.0,0,6.4167,Graduate
0,0,0,0,0,0.0,0,0,0.0,0,0,0,0.0,0,0,0.0,0,0.0,Dropout
0,1,6,10,6,5.9375,0,0,0.6,6,8,5,6.0,0,1,0.625,1,5.9688,Graduate
0,1,6,8,5,6.7,0,1,0.625,6,7,6,6.583333333333333,0,0,0.8571,1,6.6417,Graduate
0,1,5,9,5,5.916666666666667,0,0,0.5556,5,9,5,7.357142857142857,0,0,0.5556,0,6.6369,Enrolled
0,1,0,0,0,0.0,0,0,0.0,0,0,0,0.0,0,0,0.0,0,0.0,Graduate
0,0,5,12,4,7.3,3,1,0.3333,5,5,4,6.375,1,1,0.8,2,6.8375,Dropout
0,1,5,9,5,6.6,0,0,0.5556,5,13,5,7.2,5,0,0.3846,0,6.9,Graduate
0,1,5,9,3,6.166666666666667,0,2,0.3333,6,14,3,6.25,0,3,0.2143,5,6.2083,Dropout
0,1,6,11,0,0.0,0,6,0.0,5,10,0,0.0,0,5,0.0,11,0.0,Dropout
1,0,6,7,1,7.5,0,5,0.1429,5,12,0,0.0,0,5,0.0,10,3.75,Dropout
1,1,6,8,6,6.642857142857143,1,0,0.75,6,8,6,6.25,0,0,0.75,0,6.4464,Dropout
1,0,4,5,0,0.0,0,4,0.0,4,4,0,0.0,0,4,0.0,8,0.0,Dropout
0,1,5,10,1,5.0,0,4,0.1,5,8,3,6.833333333333333,3,2,0.375,6,5.9167,Dropout
0,1,7,13,4,6.75,0,3,0.3077,7,11,4,5.6125,0,3,0.3636,6,6.1813,Dropout
0,1,5,9,2,5.25,0,3,0.2222,5,7,3,5.5,0,2,0.4286,5,5.375,Enrolled
1,1,6,13,4,5.625,0,2,0.3077,6,8,4,6.875,0,2,0.5,4,6.25,Graduate
0,1,6,6,6,7.166666666666667,0,0,1.0,6,6,6,6.75,0,0,1.0,0,6.9583,Graduate
0,1,6,16,5,6.333333333333333,0,1,0.3125,6,15,2,6.75,0,4,0.1333,5,6.5417,Enrolled
0,1,6,12,5,7.0,0,1,0.4167,6,14,5,5.5,0,1,0.3571,2,6.25,Graduate
0,1,6,8,6,7.1875,0,0,0.75,6,8,6,7.375,0,0,0.75,0,7.2812,Graduate
0,1,6,6,6,7.5,0,0,1.0,6,6,6,7.416666666666667,0,0,1.0,0,7.4583,Graduate
0,1,6,6,6,7.583333333333333,0,0,1.0,6,6,2,7.75,0,4,0.3333,4,7.6667,Graduate
0,1,6,0,0,0.0,0,6,0.0,6,0,0,0.0,0,6,0.0,12,0.0,Dropout
0,1,6,6,6,6.583333333333333,0,0,1.0,6,8,6,6.214285714285714,0,0,0.75,0,6.3988,Graduate
0,1,5,10,4,6.0,0,1,0.4,5,6,5,5.7,0,0,0.8333,1,5.85,Graduate
0,1,5,7,3,6.333333333333333,0,2,0.4286,5,6,4,6.375,1,1,0.6667,3,6.3542,Enrolled
0,1,6,6,6,7.333333333333333,0,0,1.0,6,8,6,6.833333333333333,0,0,0.75,0,7.0833,Graduate
0,1,5,6,5,7.0,0,0,0.8333,5,7,5,6.9,0,0,0.7143,0,6.95,Graduate
0,1,6,11,5,7.1,0,1,0.4545,6,12,2,6.75,0,4,0.1667,5,6.925,Enrolled
0,1,7,12,3,7.0,0,4,0.25,6,12,1,7.0,0,5,0.0833,9,7.0,Enrolled
0,1,6,7,6,6.75,0,0,0.8571,6,9,5,6.25,0,1,0.5556,1,6.5,Graduate
0,1,6,10,4,6.2,0,2,0.4,6,8,6,6.25,0,0,0.75,2,6.225,Graduate
0,1,6,6,6,6.333333333333333,0,0,1.0,6,7,5,5.7,0,1,0.7143,1,6.0167,Graduate
0,1,6,8,6,6.0,0,0,0.75,6,8,6,5.75,0,0,0.75,0,5.875,Graduate
0,1,7,7,7,6.654285714285714,0,0,1.0,8,10,8,6.275,0,0,0.8,0,6.4646,Graduate
0,1,5,13,2,5.0,1,3,0.1538,5,10,0,0.0,0,5,0.0,8,2.5,Dropout
0,1,5,6,5,8.1,0,0,0.8333,5,8,5,8.0,0,0,0.625,0,8.05,Graduate
0,1,7,14,4,6.475,1,3,0.2857,7,11,4,6.5625,1,3,0.3636,6,6.5187,Dropout
0,1,6,6,6,7.333333333333333,0,0,1.0,6,8,6,6.214285714285714,0,0,0.75,0,6.7738,Graduate
0,1,1,1,0,0.0,1,1,0.0,6,0,0,0.0,0,6,0.0,7,0.0,Dropout
1,0,5,6,2,5.75,0,3,0.3333,5,5,1,5.5,0,4,0.2,7,5.625,Dropout
0,1,5,11,5,5.7,0,0,0.4545,5,10,4,5.125,0,1,0.4,1,5.4125,Enrolled
0,1,6,7,2,7.25,0,4,0.2857,6,6,1,5.0,0,5,0.1667,9,6.125,Dropout
0,1,6,9,6,5.833333333333333,0,0,0.6667,6,8,5,5.8,0,1,0.625,1,5.8167,Enrolled
0,1,13,14,13,6.653846153846154,0,0,0.9286,11,12,11,6.409090909090909,0,0,0.9167,0,6.5315,Enrolled
0,0,7,10,5,6.31,0,2,0.5,7,11,3,7.083333333333333,0,4,0.2727,6,6.6967,Dropout
1,1,6,8,3,6.0,0,3,0.375,6,6,2,6.25,0,4,0.3333,7,6.125,Enrolled
0,1,6,7,5,6.1,0,1,0.7143,6,7,4,6.3,0,2,0.5714,3,6.2,Enrolled
0,1,5,6,4,6.875,0,1,0.6667,5,5,0,0.0,0,5,0.0,6,3.4375,Dropout
0,1,7,7,6,6.983333333333334,0,1,0.8571,7,7,6,6.983333333333334,0,1,0.8571,2,6.9833,Graduate
0,0,6,14,0,0.0,0,6,0.0,6,6,0,0.0,0,6,0.0,12,0.0,Dropout
0,1,8,8,8,6.67125,0,0,1.0,8,8,8,6.67125,0,0,1.0,0,6.6712,Graduate
0,1,6,0,0,0.0,0,6,0.0,6,0,0,0.0,0,6,0.0,12,0.0,Dropout
0,1,5,6,4,5.25,0,1,0.6667,5,6,5,6.0,0,0,0.8333,1,5.625,Graduate
0,1,6,0,0,0.0,0,6,0.0,6,0,0,0.0,0,6,0.0,12,0.0,Dropout
0,0,6,0,0,0.0,0,6,0.0,6,0,0,0.0,0,6,0.0,12,0.0,Dropout
0,1,7,7,7,7.042857142857142,0,0,1.0,7,7,7,7.042857142857142,0,0,1.0,0,7.0429,Enrolled
0,1,6,6,6,6.583333333333333,0,0,1.0,6,8,6,6.642857142857143,0,0,0.75,0,6.6131,Graduate
0,0,5,9,0,0.0,3,5,0.0,5,10,1,6.0,3,4,0.1,9,3.0,Dropout
0,1,6,6,4,6.25,0,2,0.6667,6,6,6,7.166666666666667,0,0,1.0,2,6.7083,Dropout
1,0,6,7,0,0.0,0,6,0.0,6,6,0,0.0,0,6,0.0,12,0.0,Dropout
0,1,6,7,5,6.2,0,1,0.7143,6,8,5,6.4,0,1,0.625,2,6.3,Graduate
0,1,6,8,6,6.0625,0,0,0.75,6,7,6,7.214285714285714,0,0,0.8571,0,6.6384,Graduate
0,1,5,7,5,5.1,0,0,0.7143,5,6,4,5.25,0,1,0.6667,1,5.175,Graduate
1,0,5,14,0,0.0,0,5,0.0,5,5,0,0.0,0,5,0.0,10,0.0,Dropout
0,1,5,10,0,0.0,0,5,0.0,5,10,0,0.0,3,5,0.0,10,0.0,Enrolled
0,1,10,15,6,5.333333333333333,0,4,0.4,10,17,9,5.666666666666667,1,1,0.5294,5,5.5,Enrolled
1,0,6,14,2,5.25,0,4,0.1429,6,6,3,6.166666666666667,0,3,0.5,7,5.7083,Dropout
0,1,5,6,5,6.4,1,0,0.8333,5,6,5,6.3,0,0,0.8333,0,6.35,Graduate
0,1,6,8,5,5.9,0,1,0.625,6,8,4,5.25,0,2,0.5,3,5.575,Dropout
0,1,6,6,0,0.0,0,6,0.0,6,6,0,0.0,0,6,0.0,12,0.0,Enrolled
0,1,7,11,5,6.29,0,2,0.4545,7,9,6,6.078571428571428,0,1,0.6667,3,6.1843,Graduate
0,1,6,6,6,7.166666666666667,0,0,1.0,6,6,6,6.75,0,0,1.0,0,6.9583,Graduate
0,1,18,25,18,6.868421052631579,0,0,0.72,13,15,12,6.875,1,1,0.8,1,6.8717,Graduate
1,1,6,7,6,7.642857142857143,0,0,0.8571,6,6,6,7.583333333333333,0,0,1.0,0,7.6131,Graduate
1,0,6,6,6,6.25,0,0,1.0,6,10,4,6.3,0,2,0.4,2,6.275,Dropout
0,1,6,6,6,6.75,0,0,1.0,6,7,6,6.714285714285714,0,0,0.8571,0,6.7321,Graduate
1,1,7,9,0,0.0,0,7,0.0,7,8,0,0.0,0,7,0.0,14,0.0,Dropout
0,1,5,15,3,7.0,3,2,0.2,5,10,4,5.875,1,1,0.4,3,6.4375,Enrolled
0,1,6,9,5,5.4,0,1,0.5556,6,8,6,5.357142857142857,0,0,0.75,1,5.3786,Graduate
0,1,7,8,7,6.414285714285714,0,0,0.875,8,8,8,6.34375,0,0,1.0,0,6.379,Graduate
0,0,7,7,3,6.833333333333333,0,4,0.4286,8,8,3,5.666666666666667,4,5,0.375,9,6.25,Dropout
0,1,7,9,7,6.527777777777778,0,0,0.7778,8,8,8,7.90625,0,0,1.0,0,7.217,Graduate
1,1,5,5,0,0.0,0,5,0.0,6,7,2,7.0,0,4,0.2857,9,3.5,Dropout
0,1,6,10,6,7.35,0,0,0.6,6,10,6,6.0,0,0,0.6,0,6.675,Graduate
0,1,7,8,7,5.79375,0,0,0.875,8,9,7,7.035714285714286,0,1,0.7778,1,6.4147,Graduate
0,1,5,5,5,6.2,0,0,1.0,5,5,4,5.375,0,1,0.8,1,5.7875,Graduate
0,1,6,6,6,7.166666666666667,0,0,1.0,6,6,6,7.75,0,0,1.0,0,7.4583,Graduate
0,1,6,10,5,6.583333333333333,0,1,0.5,6,8,5,6.2,0,1,0.625,2,6.3917,Enrolled
0,1,7,7,7,6.89,0,0,1.0,8,8,8,6.30625,0,0,1.0,0,6.5981,Graduate
0,1,6,0,0,0.0,0,6,0.0,6,0,0,0.0,0,6,0.0,12,0.0,Dropout
0,1,7,8,7,7.353125,0,0,0.875,8,8,8,7.23875,0,0,1.0,0,7.2959,Graduate
0,1,7,10,6,6.833333333333333,0,1,0.6,7,9,6,6.25,0,1,0.6667,2,6.5417,Dropout
0,1,12,12,12,6.666666666666667,0,0,1.0,12,12,11,6.272727272727272,0,1,0.9167,1,6.4697,Graduate
0,1,6,7,6,6.428571428571429,0,0,0.8571,6,6,6,6.666666666666667,0,0,1.0,0,6.5476,Graduate
0,1,7,8,7,5.9875,0,0,0.875,8,8,8,6.875,0,0,1.0,0,6.4313,Graduate
0,1,6,9,0,0.0,0,6,0.0,6,6,0,0.0,0,6,0.0,12,0.0,Dropout
0,1,7,8,7,6.734375,0,0,0.875,8,8,8,6.656875,0,0,1.0,0,6.6956,Graduate
