MaSV,TenSV,GPA,ChuyenCan,DiemGiuaKy,SoMonTruot,SoTinChi,LichSuCanhBao,NoHocPhi,NguyCo
SV20001,Đặng Đức Linh,0.0,85,0.0,0,0,0,0,Cao
SV20002,Hoàng Anh Khánh,2.8,33,7.0,0,18,0,0,Thap
SV20003,Trần Minh Khánh,0.0,0,0.0,6,18,0,0,Cao
SV20004,Lê Minh Linh,2.69,44,6.7,0,18,0,0,Thap
SV20005,Hoàng Đức Linh,2.47,50,6.2,1,18,0,0,Thap
SV20006,Bùi Minh Hương,2.37,67,5.9,0,15,1,1,Thap
SV20007,Hoàng Thị Linh,2.66,43,6.6,0,21,0,0,Thap
SV20008,Phạm Ngọc Hương,0.0,33,0.0,5,15,0,0,Cao
SV20009,Trần Thảo Giang,2.78,44,6.9,0,18,0,0,Thap
SV20010,Nguyễn Đức Trang,2.28,50,5.7,1,18,1,1,Cao
SV20011,Vũ Anh Nam,2.47,33,6.2,0,18,0,0,Thap
SV20012,Nguyễn Minh Trang,2.64,33,6.6,1,24,0,0,Thap
SV20013,Bùi Đức Cường,0.0,33,0.0,6,18,0,0,Cao
SV20014,Phạm Quang Dũng,2.11,39,5.3,0,18,0,0,Thap
SV20015,Bùi Văn Cường,2.65,47,6.6,1,15,0,0,Thap
SV20016,Hoàng Minh Khánh,2.64,33,6.6,1,18,0,0,Cao
SV20017,Hoàng Văn Khánh,2.4,56,6.0,5,18,0,0,Trung Binh
SV20018,Trần Đức Nam,2.66,38,6.7,0,21,0,0,Thap
SV20019,Phạm Ngọc Bình,2.5,53,6.2,1,15,0,0,Thap
SV20020,Trần Văn Trang,2.33,33,5.8,1,21,0,0,Trung Binh
SV20021,Hoàng Thị Dũng,0.0,85,0.0,0,0,0,0,Thap
SV20022,Phạm Quang Khánh,2.29,67,5.7,0,21,0,0,Trung Binh
SV20023,Phạm Anh Linh,2.57,50,6.4,1,24,0,0,Thap
SV20024,Đặng Minh An,2.68,44,6.7,0,18,0,0,Thap
SV20025,Phạm Thị Linh,2.66,38,6.6,1,21,0,0,Thap
SV20026,Phạm Thị Hương,2.32,44,5.8,1,18,1,1,Trung Binh
SV20027,Vũ Thị Dũng,2.28,50,5.7,0,18,0,0,Thap
SV20028,Vũ Anh Bình,2.53,60,6.3,0,15,0,0,Trung Binh
SV20029,Trần Đức Bình,2.4,40,6.0,0,15,0,0,Thap
SV20030,Trần Ngọc Dũng,2.59,43,6.5,1,21,0,0,Trung Binh
SV20031,Vũ Quang Linh,2.37,83,5.9,1,18,0,0,Trung Binh
SV20032,Vũ Quang Nam,2.57,39,6.4,0,18,0,0,Thap
SV20033,Vũ Thảo Giang,2.27,60,5.7,2,15,0,0,Trung Binh
SV20034,Bùi Anh Bình,2.53,33,6.3,0,18,0,0,Thap
SV20035,Đặng Anh Linh,2.48,40,6.2,0,15,0,0,Thap
SV20036,Trần Văn Nam,0.0,33,0.0,7,21,1,1,Cao
SV20037,Hoàng Quang An,0.0,0,0.0,5,15,0,0,Cao
SV20038,Nguyễn Quang Nam,2.0,67,5.0,4,15,0,0,Cao
SV20039,Bùi Văn Linh,2.2,53,5.5,0,15,0,0,Thap
SV20040,Bùi Quang Cường,2.33,72,5.8,3,18,1,1,Cao
SV20041,Nguyễn Thảo Cường,2.55,33,6.4,2,18,1,1,Cao
SV20042,Lê Văn Giang,2.96,33,7.4,0,15,0,0,Thap
SV20043,Trần Quang Trang,2.79,43,7.0,2,21,0,0,Thap
SV20044,Nguyễn Đức Khánh,2.6,39,6.5,2,18,0,0,Cao
SV20045,Nguyễn Thảo Bình,0.0,0,0.0,5,15,0,0,Cao
SV20046,Nguyễn Thảo Khánh,2.3,60,5.8,3,15,0,0,Trung Binh
SV20047,Đặng Ngọc Linh,2.33,33,5.8,0,18,0,0,Thap
SV20048,Hoàng Minh Linh,2.7,38,6.8,1,21,0,0,Thap
SV20049,Vũ Minh Cường,2.3,33,5.8,0,18,0,0,Thap
SV20050,Nguyễn Minh Giang,2.47,39,6.2,1,18,0,0,Thap
SV20051,Đặng Ngọc Cường,2.73,33,6.8,0,18,0,0,Thap
SV20052,Nguyễn Anh Trang,2.37,42,5.9,2,24,0,0,Trung Binh
SV20053,Đặng Quang Khánh,2.8,61,7.0,2,18,0,0,Trung Binh
SV20054,Lê Văn Trang,2.94,47,7.4,0,15,0,0,Thap
SV20055,Trần Đức Cường,2.12,80,5.3,0,15,0,0,Cao
SV20056,Đặng Thảo Khánh,2.61,43,6.5,0,21,0,0,Thap
SV20057,Nguyễn Đức Dũng,0.0,56,0.0,6,18,0,0,Cao
SV20058,Vũ Anh Khánh,2.6,50,6.5,1,18,0,0,Cao
SV20059,Đặng Anh Dũng,2.99,33,7.5,0,24,0,0,Thap
SV20060,Hoàng Thảo Khánh,0.0,85,0.0,0,0,0,0,Trung Binh
SV20061,Lê Minh Hương,2.63,38,6.6,1,21,0,0,Thap
SV20062,Phạm Thị Trang,2.4,39,6.0,0,18,0,0,Thap
SV20063,Hoàng Ngọc Nam,0.0,85,0.0,0,0,0,0,Trung Binh
SV20064,Hoàng Ngọc Dũng,2.28,33,5.7,1,18,0,0,Trung Binh
SV20065,Vũ Ngọc Trang,0.0,33,0.0,6,18,0,0,Trung Binh
SV20066,Đặng Đức Nam,2.38,48,6.0,2,21,0,0,Cao
SV20067,Đặng Ngọc An,0.0,85,0.0,0,0,0,0,Thap
SV20068,Nguyễn Văn Nam,2.51,44,6.3,0,18,0,0,Thap
SV20069,Phạm Anh Nam,2.24,53,5.6,0,15,1,1,Cao
SV20070,Lê Quang Hương,2.4,39,6.0,0,18,0,0,Trung Binh
SV20071,Bùi Minh Nam,0.0,60,0.0,5,15,0,0,Trung Binh
SV20072,Vũ Anh An,2.4,38,6.0,0,21,0,0,Thap
SV20073,Lê Thị Linh,0.0,85,0.0,0,0,0,0,Cao
SV20074,Đặng Minh Hương,2.33,67,5.8,3,18,0,0,Cao
SV20075,Bùi Thảo Linh,2.47,44,6.2,0,18,0,0,Thap
SV20076,Nguyễn Đức An,2.07,53,5.2,2,15,1,1,Cao
SV20077,Vũ Văn Trang,2.1,44,5.2,2,18,0,0,Cao
SV20078,Phạm Đức Khánh,2.73,33,6.8,0,18,1,1,Thap
SV20079,Trần Minh An,2.97,33,7.4,0,21,0,0,Thap
SV20080,Hoàng Văn Linh,2.4,44,6.0,0,18,0,0,Thap
SV20081,Nguyễn Minh An,2.44,44,6.1,1,18,0,0,Cao
SV20082,Trần Thị Hương,0.0,33,0.0,1,3,0,0,Cao
SV20083,Đặng Anh An,2.43,47,6.1,6,36,1,1,Cao
SV20084,Nguyễn Minh Bình,2.4,40,6.0,0,15,0,0,Trung Binh
SV20085,Hoàng Đức Trang,2.2,39,5.5,0,18,0,0,Thap
SV20086,Bùi Ngọc Khánh,2.62,33,6.5,1,24,0,0,Thap
SV20087,Phạm Quang Linh,2.1,47,5.2,1,15,0,0,Thap
SV20088,Lê Văn Hương,2.13,50,5.3,0,18,0,0,Thap
SV20089,Bùi Anh Dũng,2.8,40,7.0,1,15,0,0,Trung Binh
SV20090,Trần Ngọc Hương,2.0,60,5.0,3,15,1,1,Trung Binh
SV20091,Lê Quang An,0.0,86,0.0,7,21,0,0,Cao
SV20092,Nguyễn Đức Hương,2.8,33,7.0,0,18,0,0,Thap
SV20093,Bùi Anh Cường,2.4,39,6.0,4,18,0,0,Cao
SV20094,Phạm Đức Dũng,2.53,67,6.3,3,18,0,0,Cao
SV20095,Lê Thị Cường,2.38,46,5.9,0,24,0,0,Thap
SV20096,Đặng Minh Dũng,2.8,60,7.0,0,15,0,0,Trung Binh
SV20097,Bùi Quang Dũng,2.73,33,6.8,0,18,0,0,Thap
SV20098,Nguyễn Văn Linh,2.75,33,6.9,0,21,0,0,Thap
SV20099,Bùi Quang Bình,2.84,47,7.1,0,15,0,0,Trung Binh
SV20100,Bùi Văn Nam,2.39,48,6.0,3,21,1,1,Cao
SV20101,Nguyễn Thị Khánh,2.58,40,6.4,2,30,0,0,Cao
SV20102,Đặng Ngọc Trang,0.0,85,0.0,0,0,0,0,Thap
SV20103,Lê Quang Trang,0.0,0,0.0,6,18,0,0,Cao
SV20104,Bùi Văn Dũng,2.93,35,7.3,0,54,0,0,Thap
SV20105,Phạm Văn Bình,0.0,0,0.0,6,18,0,0,Cao
SV20106,Nguyễn Thảo Giang,2.6,40,6.5,0,30,1,1,Thap
SV20107,Hoàng Thảo Khánh,0.0,0,0.0,6,18,0,0,Cao
SV20108,Nguyễn Văn Cường,2.84,83,7.1,2,18,0,0,Cao
SV20109,Lê Thảo Cường,2.65,43,6.6,1,21,0,0,Cao
SV20110,Phạm Thảo Hương,2.33,57,5.8,1,21,0,0,Trung Binh
SV20111,Bùi Văn Linh,2.77,44,6.9,0,18,0,0,Thap
SV20112,Phạm Minh An,2.6,60,6.5,2,15,0,0,Trung Binh
SV20113,Bùi Đức Hương,2.68,40,6.7,0,15,0,0,Thap
SV20114,Bùi Đức Cường,2.53,33,6.3,0,18,0,0,Thap
SV20115,Bùi Ngọc Nam,2.5,33,6.3,1,21,0,0,Cao
SV20116,Lê Văn Bình,2.32,52,5.8,1,21,0,0,Trung Binh
SV20117,Bùi Ngọc Bình,2.0,72,5.0,4,18,0,0,Trung Binh
SV20118,Trần Ngọc Cường,2.07,73,5.2,2,15,0,0,Trung Binh
SV20119,Bùi Anh Nam,2.63,80,6.6,0,15,0,0,Thap
SV20120,Phạm Văn Dũng,2.52,33,6.3,0,15,0,0,Thap
SV20121,Nguyễn Ngọc Giang,2.2,67,5.5,3,18,0,0,Cao
SV20122,Bùi Đức Linh,2.16,53,5.4,0,15,0,0,Thap
SV20123,Bùi Thảo Khánh,0.0,85,0.0,0,0,0,0,Cao
SV20124,Lê Văn An,2.56,33,6.4,0,15,0,0,Thap
SV20125,Bùi Đức Cường,2.83,83,7.1,0,18,0,0,Thap
SV20126,Vũ Quang Hương,2.42,57,6.0,2,21,0,0,Cao
SV20127,Vũ Ngọc Hương,2.83,39,7.1,0,18,0,0,Thap
SV20128,Vũ Anh Cường,2.56,44,6.4,1,18,0,0,Trung Binh
SV20129,Vũ Thảo Bình,2.6,39,6.5,0,18,0,0,Thap
SV20130,Hoàng Ngọc An,2.69,33,6.7,0,21,0,0,Thap
SV20131,Phạm Quang An,2.65,43,6.6,0,21,0,0,Cao
SV20132,Hoàng Đức Cường,2.47,33,6.2,0,18,0,0,Thap
SV20133,Phạm Minh An,2.48,47,6.2,0,15,0,0,Thap
SV20134,Bùi Văn Giang,2.8,38,7.0,2,21,0,0,Cao
SV20135,Vũ Minh Nam,2.33,56,5.8,0,27,0,0,Thap
SV20136,Hoàng Thảo An,2.4,39,6.0,1,18,1,1,Cao
SV20137,Vũ Anh Cường,2.44,47,6.1,1,15,0,0,Thap
SV20138,Phạm Văn Dũng,2.97,33,7.4,0,18,1,1,Thap
SV20139,Đặng Anh Giang,2.64,43,6.6,2,21,0,0,Trung Binh
SV20140,Bùi Quang An,3.42,38,8.6,0,21,0,0,Thap
SV20141,Bùi Minh Bình,2.53,33,6.3,1,21,0,0,Thap
SV20142,Nguyễn Thị Hương,2.53,44,6.3,0,18,0,0,Thap
SV20143,Trần Minh Linh,0.0,53,0.0,5,15,1,1,Trung Binh
SV20144,Vũ Thảo Bình,2.27,39,5.7,0,18,0,0,Thap
SV20145,Bùi Quang Hương,2.72,48,6.8,0,21,0,0,Thap
SV20146,Đặng Thị Trang,2.4,56,6.0,1,18,0,0,Thap
SV20147,Trần Thị An,0.0,67,0.0,5,15,0,0,Cao
SV20148,Bùi Văn Nam,2.24,44,5.6,1,18,0,0,Cao
SV20149,Lê Ngọc Khánh,2.68,67,6.7,0,15,0,0,Thap
SV20150,Hoàng Thị Khánh,2.77,38,6.9,1,21,0,0,Thap
SV20151,Trần Minh Bình,0.0,85,0.0,0,0,0,0,Trung Binh
SV20152,Nguyễn Thảo Trang,2.48,40,6.2,0,15,0,0,Thap
SV20153,Đặng Văn Dũng,2.47,61,6.2,3,18,0,0,Trung Binh
SV20154,Hoàng Đức An,2.67,39,6.7,0,18,0,0,Thap
SV20155,Bùi Thảo Cường,2.53,56,6.3,3,18,0,0,Cao
SV20156,Đặng Quang Bình,2.4,44,6.0,0,18,0,0,Cao
SV20157,Trần Thảo Khánh,2.12,33,5.3,0,15,0,0,Thap
SV20158,Đặng Ngọc Cường,2.45,44,6.1,0,18,0,0,Thap
SV20159,Nguyễn Thị Hương,2.2,56,5.5,2,18,0,0,Thap
SV20160,Trần Thị Hương,2.2,61,5.5,1,18,0,0,Thap
SV20161,Nguyễn Đức Trang,2.63,33,6.6,0,18,0,0,Cao
SV20162,Vũ Quang Hương,2.57,43,6.4,0,21,0,0,Thap
SV20163,Lê Đức Giang,2.98,38,7.5,0,21,0,0,Thap
SV20164,Nguyễn Thảo Giang,2.3,72,5.8,2,18,0,0,Cao
SV20165,Phạm Đức Giang,2.84,33,7.1,0,15,0,0,Thap
SV20166,Đặng Đức Hương,2.5,33,6.2,0,18,0,0,Thap
SV20167,Hoàng Thảo Dũng,0.0,33,0.0,1,3,1,1,Trung Binh
SV20168,Vũ Quang Cường,2.33,56,5.8,1,18,0,0,Thap
SV20169,Đặng Thảo Dũng,2.85,33,7.1,1,24,0,0,Thap
SV20170,Bùi Anh Bình,2.4,72,6.0,3,18,0,0,Cao
SV20171,Phạm Thị Cường,2.25,87,5.6,1,15,0,0,Trung Binh
SV20172,Nguyễn Thảo Cường,2.49,38,6.2,0,21,0,0,Thap
SV20173,Phạm Thị Khánh,2.34,33,5.8,1,21,0,0,Thap
SV20174,Trần Anh Trang,2.33,56,5.8,3,18,0,0,Thap
SV20175,Hoàng Ngọc Khánh,2.35,44,5.9,2,18,1,1,Cao
SV20176,Đặng Văn Giang,2.33,40,5.8,2,15,0,0,Trung Binh
SV20177,Nguyễn Thị Trang,2.64,50,6.6,1,18,0,0,Thap
SV20178,Nguyễn Quang Bình,2.39,38,6.0,3,21,0,0,Cao
SV20179,Bùi Ngọc Hương,2.48,44,6.2,1,18,0,0,Cao
SV20180,Bùi Văn Linh,2.87,38,7.2,1,21,0,0,Cao
SV20181,Hoàng Anh An,2.52,33,6.3,0,63,0,0,Thap
SV20182,Bùi Anh Khánh,2.53,39,6.3,0,18,0,0,Trung Binh
SV20183,Bùi Quang Giang,2.4,33,6.0,1,18,1,1,Cao
SV20184,Vũ Anh Khánh,2.43,33,6.1,0,18,0,0,Cao
SV20185,Lê Đức Trang,0.0,0,0.0,6,18,0,0,Cao
SV20186,Bùi Minh Giang,2.0,60,5.0,2,15,1,1,Cao
SV20187,Vũ Văn Giang,2.3,60,5.8,2,30,1,1,Trung Binh
SV20188,Đặng Văn Dũng,2.61,33,6.5,1,21,0,0,Thap
SV20189,Hoàng Đức Trang,2.2,56,5.5,4,18,0,0,Cao
SV20190,Trần Thảo Giang,2.3,39,5.8,0,18,0,0,Thap
SV20191,Đặng Đức An,2.4,39,6.0,0,18,0,0,Thap
SV20192,Vũ Ngọc Giang,2.0,72,5.0,4,18,0,0,Trung Binh
SV20193,Đặng Thị Trang,0.0,33,0.0,5,15,0,0,Cao
SV20194,Vũ Anh Dũng,0.0,0,0.0,6,18,0,0,Cao
SV20195,Trần Đức Trang,2.45,33,6.1,1,24,0,0,Thap
SV20196,Trần Minh Trang,0.0,0,0.0,5,15,0,0,Cao
SV20197,Bùi Văn Linh,2.59,33,6.5,0,24,0,0,Thap
SV20198,Hoàng Anh Dũng,0.0,0,0.0,5,15,0,0,Cao
SV20199,Bùi Thảo Khánh,2.51,43,6.3,0,21,0,0,Thap
SV20200,Trần Văn Dũng,2.36,44,5.9,0,9,0,0,Trung Binh
SV20201,Bùi Đức Bình,2.75,60,6.9,1,15,0,0,Thap
SV20202,Lê Đức An,2.23,44,5.6,0,18,0,0,Thap
SV20203,Nguyễn Anh Cường,2.46,33,6.2,1,24,0,0,Thap
SV20204,Lê Anh Cường,2.43,33,6.1,0,18,1,1,Thap
SV20205,Nguyễn Văn Linh,2.23,61,5.6,1,18,0,0,Thap
SV20206,Trần Minh Bình,2.2,50,5.5,2,18,0,0,Thap
SV20207,Hoàng Minh Bình,2.58,33,6.5,1,24,0,0,Thap
SV20208,Lê Quang An,2.77,33,6.9,0,18,0,0,Thap
SV20209,Trần Thảo Trang,2.77,44,6.9,0,18,0,0,Thap
SV20210,Trần Thị Bình,2.74,39,6.9,0,18,0,0,Cao
SV20211,Lê Văn Khánh,2.53,33,6.3,1,24,0,0,Thap
SV20212,Phạm Thị Giang,2.58,33,6.5,1,21,0,0,Thap
SV20213,Trần Anh Linh,3.12,44,7.8,0,18,0,0,Thap
SV20214,Phạm Văn Giang,0.0,47,0.0,5,15,0,0,Cao
SV20215,Hoàng Văn Dũng,2.34,44,5.9,0,18,0,0,Thap
SV20216,Trần Anh Nam,2.42,48,6.1,1,21,0,0,Trung Binh
SV20217,Bùi Thảo Cường,2.32,47,5.8,0,15,0,0,Thap
SV20218,Nguyễn Minh Dũng,2.0,61,5.0,5,18,0,0,Cao
SV20219,Trần Văn Khánh,2.0,89,5.0,5,18,0,0,Cao
SV20220,Bùi Thảo Khánh,0.0,67,0.0,5,15,0,0,Cao
SV20221,Vũ Thảo Giang,2.6,47,6.5,1,15,0,0,Thap
SV20222,Phạm Văn Khánh,2.67,33,6.7,0,18,0,0,Thap
SV20223,Hoàng Quang Nam,2.25,50,5.6,2,18,0,0,Cao
SV20224,Lê Văn An,2.77,43,6.9,2,21,0,0,Thap
SV20225,Nguyễn Ngọc Dũng,2.75,38,6.9,1,21,0,0,Thap
SV20226,Bùi Văn Hương,3.07,39,7.7,0,18,0,0,Thap
SV20227,Hoàng Minh Cường,2.2,40,5.5,0,15,0,0,Thap
SV20228,Nguyễn Đức Nam,2.4,33,6.0,0,18,0,0,Thap
SV20229,Lê Đức Nam,0.0,33,0.0,5,15,0,0,Cao
SV20230,Đặng Đức Dũng,2.31,62,5.8,1,24,0,0,Thap
SV20231,Lê Thị Giang,2.57,56,6.4,0,18,0,0,Thap
SV20232,Hoàng Minh Nam,0.0,0,0.0,6,18,0,0,Cao
SV20233,Phạm Minh Giang,2.6,33,6.5,0,15,0,0,Thap
SV20234,Phạm Anh Khánh,2.2,50,5.5,1,18,0,0,Thap
SV20235,Bùi Văn Khánh,2.4,80,6.0,2,15,0,0,Cao
SV20236,Hoàng Anh Trang,2.52,33,6.3,1,18,0,0,Thap
SV20237,Trần Quang Trang,2.68,44,6.7,1,18,0,0,Thap
SV20238,Hoàng Minh Khánh,2.27,50,5.7,0,18,0,0,Thap
SV20239,Hoàng Minh Bình,2.7,93,6.8,1,15,0,0,Cao
SV20240,Đặng Đức Nam,2.35,61,5.9,3,18,1,1,Cao
SV20241,Trần Thị An,2.49,48,6.2,1,21,0,0,Trung Binh
SV20242,Hoàng Ngọc Khánh,2.58,37,6.5,6,51,0,0,Trung Binh
SV20243,Vũ Anh Linh,2.32,33,5.8,0,15,0,0,Thap
SV20244,Trần Văn Bình,0.0,33,0.0,5,15,0,0,Cao
SV20245,Lê Thị Bình,2.58,43,6.4,1,30,0,0,Thap
SV20246,Hoàng Anh Giang,2.64,33,6.6,0,24,0,0,Thap
SV20247,Vũ Minh Linh,2.63,33,6.6,1,24,0,0,Thap
SV20248,Bùi Anh An,2.55,72,6.4,3,18,1,1,Cao
SV20249,Vũ Đức An,2.27,44,5.7,0,18,0,0,Thap
SV20250,Đặng Quang Nam,2.65,56,6.6,0,18,0,0,Thap
SV20251,Hoàng Đức Dũng,2.48,39,6.2,1,18,0,0,Trung Binh
SV20252,Vũ Đức Cường,3.0,33,7.5,0,18,0,0,Cao
SV20253,Hoàng Đức Hương,2.88,40,7.2,0,15,0,0,Thap
SV20254,Đặng Minh Trang,2.2,67,5.5,5,18,0,0,Trung Binh
SV20255,Trần Minh Khánh,2.48,53,6.2,0,15,0,0,Thap
SV20256,Vũ Minh Bình,3.2,62,8.0,6,21,1,1,Cao
SV20257,Phạm Ngọc Trang,2.71,67,6.8,0,15,0,0,Thap
SV20258,Phạm Đức Linh,2.37,33,5.9,0,18,0,0,Trung Binh
SV20259,Hoàng Quang Nam,2.33,44,5.8,1,18,0,0,Thap
SV20260,Đặng Văn Cường,2.37,53,5.9,4,30,1,1,Cao
SV20261,Hoàng Đức Nam,2.23,44,5.6,0,18,0,0,Thap
SV20262,Đặng Đức An,0.0,0,0.0,6,18,0,0,Cao
SV20263,Nguyễn Thảo An,2.35,47,5.9,4,36,1,1,Cao
SV20264,Vũ Anh Hương,2.8,39,7.0,0,18,0,0,Thap
SV20265,Trần Đức Giang,2.57,33,6.4,0,18,0,0,Thap
SV20266,Bùi Ngọc Giang,2.45,61,6.1,2,18,0,0,Thap
SV20267,Lê Đức Giang,2.97,33,7.4,1,24,0,0,Thap
SV20268,Phạm Minh Cường,2.28,39,5.7,1,18,0,0,Thap
SV20269,Phạm Văn Bình,2.6,33,6.5,0,18,0,0,Thap
SV20270,Đặng Văn An,2.73,33,6.8,1,24,0,0,Thap
SV20271,Vũ Quang An,2.53,50,6.3,0,18,0,0,Thap
SV20272,Hoàng Ngọc Hương,2.0,67,5.0,3,15,0,0,Cao
SV20273,Lê Thảo Khánh,2.7,67,6.8,0,15,0,0,Thap
SV20274,Nguyễn Minh Trang,2.53,38,6.3,0,21,0,0,Thap
SV20275,Bùi Thảo Linh,2.9,44,7.2,0,18,0,0,Thap
SV20276,Vũ Đức Linh,2.74,33,6.8,0,21,0,0,Thap
SV20277,Phạm Anh Linh,2.2,44,5.5,1,18,0,0,Cao
SV20278,Trần Đức Dũng,2.31,59,5.8,2,27,1,1,Cao
SV20279,Trần Thảo Trang,2.76,33,6.9,0,21,0,0,Trung Binh
SV20280,Phạm Thị Giang,2.8,38,7.0,0,21,0,0,Thap
SV20281,Nguyễn Đức Hương,2.4,53,6.0,1,15,0,0,Thap
SV20282,Đặng Văn Nam,2.83,50,7.1,1,18,0,0,Thap
SV20283,Nguyễn Anh Dũng,2.8,33,7.0,0,15,0,0,Thap
SV20284,Hoàng Đức Cường,2.76,39,6.9,1,18,0,0,Thap
SV20285,Hoàng Ngọc Bình,2.56,44,6.4,1,18,0,0,Thap
SV20286,Lê Thảo Giang,2.43,33,6.1,0,18,0,0,Thap
SV20287,Đặng Văn Bình,2.5,44,6.2,0,18,0,0,Trung Binh
SV20288,Trần Thảo Bình,2.4,50,6.0,2,18,0,0,Thap
SV20289,Lê Anh Giang,2.17,44,5.4,0,18,0,0,Thap
SV20290,Đặng Thảo An,2.68,33,6.7,0,24,0,0,Thap
SV20291,Vũ Văn Bình,3.13,78,7.8,0,18,0,0,Thap
SV20292,Bùi Quang An,2.87,50,7.2,0,18,1,1,Thap
SV20293,Lê Anh Trang,2.29,56,5.7,0,18,0,0,Trung Binh
SV20294,Đặng Văn Hương,2.33,50,5.8,0,18,0,0,Thap
SV20295,Lê Minh An,2.4,50,6.0,1,18,0,0,Cao
SV20296,Hoàng Văn Bình,2.95,33,7.4,1,24,0,0,Thap
SV20297,Nguyễn Minh An,2.83,33,7.1,0,18,0,0,Thap
SV20298,Hoàng Thảo Khánh,2.31,56,5.8,0,18,0,0,Thap
SV20299,Vũ Đức An,2.5,33,6.2,0,21,0,0,Thap
SV20300,Hoàng Quang Giang,2.57,42,6.4,0,24,0,0,Thap
SV20301,Vũ Minh Giang,2.45,56,6.1,0,18,0,0,Thap
SV20302,Đặng Anh Giang,2.4,47,6.0,1,15,0,0,Thap
SV20303,Hoàng Thị Trang,3.02,43,7.6,0,21,0,0,Thap
SV20304,Lê Văn Giang,2.5,40,6.2,3,15,1,1,Cao
SV20305,Vũ Văn An,0.0,61,0.0,6,18,0,0,Cao
SV20306,Lê Anh Dũng,2.2,44,5.5,2,18,0,0,Trung Binh
SV20307,Vũ Văn An,2.38,44,5.9,0,18,0,0,Thap
SV20308,Bùi Thảo Bình,2.2,40,5.5,4,15,0,0,Cao
SV20309,Phạm Quang Linh,3.04,33,7.6,0,15,0,0,Thap
SV20310,Đặng Thị Trang,2.32,39,5.8,1,18,1,1,Cao
SV20311,Trần Ngọc Hương,2.97,33,7.4,0,18,1,1,Thap
SV20312,Lê Minh Bình,2.27,67,5.7,3,18,0,0,Cao
SV20313,Phạm Văn Hương,2.24,33,5.6,0,15,0,0,Thap
SV20314,Phạm Anh Nam,2.68,44,6.7,1,18,0,0,Thap
SV20315,Nguyễn Thảo Khánh,2.1,80,5.2,3,15,0,0,Cao
SV20316,Đặng Anh Giang,3.24,33,8.1,0,15,0,0,Thap
SV20317,Vũ Thị Cường,2.91,33,7.3,0,21,0,0,Thap
SV20318,Đặng Ngọc Bình,2.74,33,6.8,0,21,0,0,Thap
SV20319,Vũ Thị Bình,2.26,44,5.6,0,18,0,0,Thap
SV20320,Trần Ngọc Cường,2.35,52,5.9,1,21,0,0,Trung Binh
SV20321,Đặng Thị Dũng,0.0,33,0.0,3,9,1,1,Cao
SV20322,Nguyễn Ngọc An,2.61,33,6.5,1,24,0,0,Thap
SV20323,Bùi Quang Khánh,2.86,33,7.2,0,21,0,0,Thap
SV20324,Trần Minh An,2.36,50,5.9,5,30,0,0,Thap
SV20325,Hoàng Anh Dũng,2.07,60,5.2,2,15,0,0,Trung Binh
SV20326,Trần Thảo An,2.11,39,5.3,0,18,0,0,Thap
SV20327,Trần Văn Dũng,2.67,33,6.7,1,21,0,0,Thap
SV20328,Bùi Anh Bình,2.37,56,5.9,0,18,1,1,Thap
SV20329,Vũ Anh Bình,2.52,50,6.3,1,18,0,0,Trung Binh
SV20330,Hoàng Ngọc Cường,2.8,73,7.0,0,15,0,0,Trung Binh
SV20331,Đặng Văn Khánh,2.4,57,6.0,2,21,0,0,Trung Binh
SV20332,Đặng Thảo Hương,0.0,40,0.0,5,15,1,1,Cao
SV20333,Bùi Thảo Dũng,2.4,39,6.0,0,18,0,0,Thap
SV20334,Bùi Đức Linh,2.53,33,6.3,0,18,0,0,Thap
SV20335,Nguyễn Minh Cường,2.43,33,6.1,0,18,0,0,Thap
SV20336,Lê Anh Bình,2.67,33,6.7,0,18,0,0,Thap
SV20337,Hoàng Thị Cường,3.0,38,7.5,0,21,1,1,Thap
SV20338,Lê Anh Giang,2.68,33,6.7,0,24,0,0,Thap
SV20339,Trần Đức Trang,2.43,50,6.1,1,18,0,0,Thap
SV20340,Hoàng Ngọc Giang,2.25,60,5.6,1,15,0,0,Thap
SV20341,Vũ Văn Giang,2.4,87,6.0,1,15,0,0,Trung Binh
SV20342,Nguyễn Đức Trang,0.0,85,0.0,0,0,0,0,Cao
SV20343,Vũ Thị An,2.57,39,6.4,0,18,0,0,Thap
SV20344,Vũ Thị Nam,2.8,56,7.0,0,18,0,0,Thap
SV20345,Trần Văn Nam,2.6,33,6.5,1,15,0,0,Trung Binh
SV20346,Vũ Quang Linh,2.7,39,6.8,0,18,0,0,Thap
SV20347,Vũ Minh An,2.14,50,5.3,3,48,0,0,Trung Binh
SV20348,Trần Đức An,2.2,40,5.5,0,15,0,0,Thap
SV20349,Bùi Văn Cường,2.6,44,6.5,0,18,0,0,Thap
SV20350,Hoàng Đức Linh,2.4,56,6.0,1,18,0,0,Trung Binh
SV20351,Vũ Ngọc Trang,2.52,50,6.3,2,18,0,0,Cao
SV20352,Phạm Quang Linh,2.73,33,6.8,0,18,0,0,Thap
SV20353,Trần Anh Trang,0.0,85,0.0,0,0,0,0,Cao
SV20354,Vũ Minh Linh,2.84,33,7.1,1,21,1,1,Thap
SV20355,Lê Quang Cường,2.2,56,5.5,1,18,1,1,Cao
SV20356,Đặng Quang Bình,3.0,39,7.5,0,18,0,0,Thap
SV20357,Trần Ngọc Cường,2.52,43,6.3,1,21,0,0,Thap
SV20358,Lê Quang Nam,0.0,0,0.0,5,15,0,0,Cao
SV20359,Đặng Anh Trang,0.0,33,0.0,6,18,1,1,Trung Binh
SV20360,Đặng Văn An,0.0,0,0.0,6,18,0,0,Cao
SV20361,Đặng Ngọc Trang,2.33,39,5.8,0,18,0,0,Thap
SV20362,Vũ Đức Nam,2.53,72,6.3,3,18,1,1,Cao
SV20363,Nguyễn Anh Dũng,2.07,67,5.2,2,15,0,0,Trung Binh
SV20364,Nguyễn Đức Trang,2.7,55,6.8,3,33,0,0,Thap
SV20365,Lê Văn Bình,2.8,38,7.0,2,21,0,0,Trung Binh
SV20366,Đặng Đức Hương,3.23,72,8.1,0,18,0,0,Thap
SV20367,Trần Quang Linh,2.81,33,7.0,1,21,0,0,Thap
SV20368,Bùi Văn Cường,2.2,53,5.5,4,15,0,0,Trung Binh
SV20369,Trần Văn Giang,2.77,38,6.9,0,21,0,0,Thap
SV20370,Vũ Đức Trang,2.68,33,6.7,1,24,0,0,Cao
SV20371,Bùi Thị Linh,2.71,33,6.8,0,33,0,0,Thap
SV20372,Lê Anh Hương,2.25,73,5.6,1,15,0,0,Trung Binh
SV20373,Hoàng Văn An,2.77,33,6.9,0,18,0,0,Thap
SV20374,Hoàng Ngọc Giang,2.4,53,6.0,0,15,0,0,Thap
SV20375,Vũ Ngọc Khánh,0.0,0,0.0,6,18,0,0,Cao
SV20376,Bùi Đức Linh,2.38,42,6.0,1,33,1,1,Trung Binh
SV20377,Đặng Văn Khánh,0.0,33,0.0,5,15,0,0,Cao
SV20378,Lê Minh Linh,3.03,33,7.6,0,21,0,0,Thap
SV20379,Hoàng Đức Linh,2.46,33,6.1,0,21,0,0,Trung Binh
SV20380,Đặng Ngọc Bình,2.53,89,6.3,1,18,0,0,Trung Binh
SV20381,Phạm Đức Dũng,2.55,62,6.4,2,21,0,0,Cao
SV20382,Đặng Ngọc Hương,2.65,38,6.6,1,21,0,0,Trung Binh
SV20383,Nguyễn Ngọc Linh,2.07,72,5.2,3,18,0,0,Trung Binh
SV20384,Vũ Minh Nam,2.69,39,6.7,0,18,0,0,Thap
SV20385,Trần Quang Linh,2.51,58,6.3,2,33,0,0,Thap
SV20386,Trần Minh Giang,2.3,44,5.8,0,18,0,0,Thap
SV20387,Vũ Thị Hương,2.73,33,6.8,0,18,0,0,Thap
SV20388,Phạm Minh Dũng,2.25,38,5.6,3,42,0,0,Thap
SV20389,Nguyễn Đức An,2.63,56,6.6,1,18,0,0,Trung Binh
SV20390,Phạm Quang An,2.93,33,7.3,0,18,0,0,Thap
SV20391,Trần Ngọc Hương,2.55,61,6.4,2,18,0,0,Trung Binh
SV20392,Hoàng Ngọc Dũng,2.24,52,5.6,2,21,0,0,Trung Binh
SV20393,Hoàng Minh Cường,2.6,44,6.5,1,18,1,1,Cao
SV20394,Nguyễn Ngọc Bình,2.1,53,5.2,3,15,0,0,Cao
SV20395,Bùi Thị Giang,2.97,39,7.4,0,18,0,0,Thap
SV20396,Đặng Thị Bình,2.57,46,6.4,1,24,0,0,Thap
SV20397,Hoàng Thảo Bình,2.35,36,5.9,0,33,0,0,Thap
SV20398,Phạm Văn Giang,2.63,61,6.6,0,18,0,0,Thap
SV20399,Nguyễn Văn Nam,2.36,33,5.9,1,18,1,1,Cao
SV20400,Lê Quang Linh,2.13,67,5.3,2,15,0,0,Cao
SV20401,Vũ Quang Cường,2.32,50,5.8,1,18,0,0,Trung Binh
SV20402,Vũ Quang An,2.07,72,5.2,3,18,0,0,Trung Binh
SV20403,Hoàng Ngọc Bình,2.45,61,6.1,2,18,0,0,Trung Binh
SV20404,Vũ Anh Linh,2.4,33,6.0,0,18,0,0,Trung Binh
SV20405,Lê Văn Bình,2.95,33,7.4,1,24,0,0,Thap
SV20406,Phạm Minh Cường,0.0,85,0.0,0,0,0,0,Thap
SV20407,Nguyễn Thảo Hương,2.72,36,6.8,0,39,0,0,Thap
SV20408,Phạm Thảo Linh,3.16,33,7.9,0,15,0,0,Thap
SV20409,Lê Văn Giang,2.93,33,7.3,0,18,0,0,Thap
SV20410,Vũ Đức Cường,0.0,33,0.0,5,15,0,0,Cao
SV20411,Hoàng Anh Giang,2.93,33,7.3,1,24,0,0,Thap
SV20412,Lê Minh Trang,2.48,33,6.2,1,24,0,0,Thap
SV20413,Vũ Đức Nam,2.32,38,5.8,0,21,0,0,Thap
SV20414,Hoàng Thị Nam,2.8,33,7.0,0,15,0,0,Thap
SV20415,Trần Thảo Linh,2.47,50,6.2,0,18,0,0,Thap
SV20416,Đặng Thảo Cường,2.8,33,7.0,0,15,0,0,Thap
SV20417,Hoàng Ngọc An,3.05,72,7.6,0,18,0,0,Thap
SV20418,Đặng Quang An,2.32,50,5.8,1,18,0,0,Cao
SV20419,Nguyễn Văn An,2.32,33,5.8,1,21,0,0,Thap
SV20420,Đặng Quang Bình,0.0,0,0.0,7,21,0,0,Cao
SV20421,Vũ Anh Linh,2.58,33,6.5,0,21,0,0,Thap
SV20422,Bùi Minh Khánh,2.83,43,7.1,0,21,0,0,Thap
SV20423,Lê Ngọc Hương,0.0,0,0.0,6,18,0,0,Cao
SV20424,Lê Quang Cường,2.65,33,6.6,0,24,0,0,Thap
SV20425,Bùi Thị Dũng,2.76,33,6.9,0,21,0,0,Thap
SV20426,Đặng Quang An,2.78,33,7.0,1,21,0,0,Thap
SV20427,Phạm Ngọc Khánh,2.7,44,6.8,0,18,0,0,Thap
SV20428,Lê Đức Hương,2.27,53,5.7,2,15,0,0,Trung Binh
SV20429,Nguyễn Văn Giang,0.0,53,0.0,5,15,0,0,Cao
SV20430,Lê Quang An,2.3,56,5.8,1,18,0,0,Thap
SV20431,Vũ Đức Hương,2.42,33,6.0,1,24,0,0,Thap
SV20432,Trần Thị Giang,2.37,44,5.9,0,18,0,0,Thap
SV20433,Lê Thị An,2.68,40,6.7,0,15,0,0,Thap
SV20434,Vũ Ngọc Dũng,0.0,33,0.0,7,21,0,0,Cao
SV20435,Hoàng Thảo Dũng,2.84,39,7.1,1,18,0,0,Thap
SV20436,Bùi Quang Linh,2.76,33,6.9,1,24,0,0,Thap
SV20437,Hoàng Anh Dũng,2.25,56,5.6,2,18,0,0,Trung Binh
SV20438,Phạm Anh Bình,2.9,33,7.2,0,18,0,0,Thap
SV20439,Lê Quang Cường,0.0,0,0.0,6,18,0,0,Cao
SV20440,Lê Đức Dũng,2.26,33,5.6,1,21,0,0,Thap
SV20441,Trần Minh Giang,0.0,33,0.0,2,6,0,0,Trung Binh
SV20442,Phạm Minh Trang,2.4,73,6.0,4,15,1,1,Trung Binh
SV20443,Bùi Ngọc Hương,2.46,38,6.2,1,24,0,0,Thap
SV20444,Bùi Quang Trang,2.54,33,6.3,1,24,0,0,Thap
SV20445,Vũ Minh Trang,2.2,33,5.5,1,15,0,0,Thap
SV20446,Hoàng Thảo Bình,2.6,33,6.5,0,18,0,0,Thap
SV20447,Nguyễn Văn Linh,2.88,38,7.2,0,21,0,0,Thap
SV20448,Phạm Minh Dũng,2.59,38,6.5,0,21,0,0,Cao
SV20449,Bùi Đức Giang,2.67,33,6.7,0,18,0,0,Thap
SV20450,Bùi Anh Linh,2.56,44,6.4,1,18,0,0,Trung Binh
SV20451,Đặng Thị An,2.88,33,7.2,1,24,0,0,Thap
SV20452,Phạm Quang Trang,2.68,33,6.7,1,24,0,0,Thap
SV20453,Nguyễn Ngọc Cường,2.83,38,7.1,0,21,0,0,Thap
SV20454,Hoàng Ngọc Linh,2.34,73,5.9,0,15,0,0,Thap
SV20455,Nguyễn Ngọc Khánh,2.36,33,5.9,0,15,0,0,Trung Binh
SV20456,Nguyễn Ngọc Giang,2.23,50,5.6,0,18,0,0,Thap
SV20457,Hoàng Thị Dũng,0.0,39,0.0,6,18,0,0,Cao
SV20458,Vũ Quang Nam,2.72,50,6.8,1,18,0,0,Cao
SV20459,Nguyễn Quang Hương,2.77,39,6.9,0,36,0,0,Thap
SV20460,Đặng Minh Linh,2.5,39,6.2,0,18,0,0,Thap
SV20461,Đặng Anh Nam,3.28,33,8.2,0,15,0,0,Thap
SV20462,Hoàng Văn Trang,2.76,33,6.9,0,33,0,0,Thap
SV20463,Phạm Văn Giang,2.12,44,5.3,1,18,0,0,Thap
SV20464,Trần Văn Cường,2.04,53,5.1,0,15,1,1,Thap
SV20465,Đặng Đức Nam,2.12,61,5.3,1,18,0,0,Trung Binh
SV20466,Trần Minh Hương,2.29,33,5.7,1,30,0,0,Cao
SV20467,Trần Quang Bình,2.87,50,7.2,1,18,0,0,Trung Binh
SV20468,Lê Thị An,2.6,38,6.5,0,48,0,0,Thap
SV20469,Bùi Minh Cường,2.66,38,6.7,0,24,0,0,Thap
SV20470,Vũ Thảo Nam,2.11,56,5.3,1,18,0,0,Thap
SV20471,Đặng Đức Hương,2.7,33,6.7,1,24,0,0,Thap
SV20472,Hoàng Thảo An,2.47,33,6.2,0,18,0,0,Thap
SV20473,Nguyễn Anh Hương,2.38,61,5.9,0,18,0,0,Cao
SV20474,Trần Đức Bình,2.79,33,7.0,1,21,0,0,Thap
SV20475,Hoàng Văn Khánh,0.0,67,0.0,5,15,0,0,Cao
SV20476,Nguyễn Đức Nam,2.3,53,5.8,1,15,0,0,Thap
SV20477,Nguyễn Đức Hương,2.5,33,6.2,0,6,0,0,Cao
SV20478,Vũ Đức Linh,0.0,0,0.0,7,21,0,0,Cao
SV20479,Nguyễn Quang An,2.4,48,6.0,1,21,0,0,Thap
SV20480,Bùi Anh Khánh,2.64,44,6.6,1,18,0,0,Trung Binh
SV20481,Lê Minh Linh,2.32,48,5.8,1,21,0,0,Thap
SV20482,Lê Ngọc An,2.86,33,7.2,1,24,0,0,Thap
SV20483,Hoàng Anh Linh,0.0,0,0.0,7,21,0,0,Cao
SV20484,Lê Thị An,2.53,50,6.3,0,18,0,0,Trung Binh
SV20485,Vũ Minh Bình,2.55,43,6.4,1,21,0,0,Thap
SV20486,Trần Ngọc An,2.53,39,6.3,0,18,0,0,Thap
SV20487,Trần Ngọc Hương,2.3,39,5.8,0,18,0,0,Cao
SV20488,Lê Quang Dũng,2.28,72,5.7,1,18,0,0,Cao
SV20489,Nguyễn Thảo Khánh,2.94,38,7.4,0,21,0,0,Thap
SV20490,Đặng Minh Trang,2.36,43,5.9,1,21,0,0,Thap
SV20491,Trần Minh Bình,2.6,44,6.5,0,18,0,0,Thap
SV20492,Phạm Văn Khánh,2.97,39,7.4,0,18,0,0,Thap
SV20493,Đặng Đức Bình,2.52,33,6.3,1,21,0,0,Thap
SV20494,Đặng Anh Linh,2.67,50,6.7,1,18,1,1,Trung Binh
SV20495,Nguyễn Văn Khánh,2.13,48,5.3,1,21,0,0,Trung Binh
SV20496,Lê Thảo Khánh,2.3,40,5.8,3,15,1,1,Cao
SV20497,Lê Quang Linh,2.0,43,5.0,6,21,0,0,Cao
SV20498,Vũ Văn Giang,2.36,56,5.9,1,18,0,0,Thap
SV20499,Lê Minh An,2.36,39,5.9,1,18,0,0,Thap
SV20500,Phạm Quang Linh,2.55,33,6.4,0,24,0,0,Thap
SV20501,Trần Minh Linh,2.27,87,5.7,2,15,0,0,Trung Binh
SV20502,Vũ Thảo Linh,2.53,33,6.3,0,18,0,0,Thap
SV20503,Vũ Minh Dũng,2.44,56,6.1,1,18,0,0,Trung Binh
SV20504,Phạm Anh Hương,2.4,60,6.0,4,15,0,0,Cao
SV20505,Hoàng Ngọc Khánh,2.34,50,5.9,1,24,0,0,Thap
SV20506,Bùi Thị Khánh,2.8,57,7.0,3,21,0,0,Trung Binh
SV20507,Trần Quang An,2.95,43,7.4,0,21,0,0,Trung Binh
SV20508,Đặng Anh Cường,2.53,33,6.3,0,18,0,0,Thap
SV20509,Bùi Anh Cường,2.6,80,6.5,1,15,0,0,Cao
SV20510,Phạm Anh Bình,0.0,40,0.0,5,15,0,0,Cao
SV20511,Trần Văn Giang,2.15,44,5.4,2,18,0,0,Trung Binh
SV20512,Phạm Minh Trang,0.0,33,0.0,5,15,0,0,Cao
SV20513,Đặng Thị Cường,2.5,40,6.2,1,15,0,0,Thap
SV20514,Đặng Quang Dũng,0.0,33,0.0,4,12,0,0,Cao
SV20515,Hoàng Anh Hương,0.0,33,0.0,5,15,1,1,Cao
SV20516,Bùi Ngọc Nam,0.0,0,0.0,6,18,1,1,Cao
SV20517,Trần Anh Cường,2.5,39,6.2,0,18,0,0,Thap
SV20518,Phạm Thị Hương,2.56,56,6.4,1,18,0,0,Cao
SV20519,Phạm Thảo An,2.0,61,5.0,5,18,0,0,Cao
SV20520,Trần Ngọc Linh,2.25,61,5.6,2,18,0,0,Cao
SV20521,Lê Ngọc Khánh,2.52,33,6.3,1,24,0,0,Thap
SV20522,Bùi Thảo An,2.4,93,6.0,3,15,0,0,Thap
SV20523,Trần Minh An,2.6,50,6.5,1,18,0,0,Thap
SV20524,Vũ Văn Linh,2.4,60,6.0,1,15,0,0,Thap
SV20525,Trần Anh Nam,2.4,38,6.0,3,21,0,0,Cao
SV20526,Đặng Văn Hương,2.4,80,6.0,4,15,0,0,Cao
SV20527,Vũ Minh Dũng,2.4,60,6.0,4,15,0,0,Trung Binh
SV20528,Trần Thị Bình,0.0,85,0.0,0,0,0,0,Thap
SV20529,Đặng Anh Hương,0.0,33,0.0,5,15,1,1,Cao
SV20530,Trần Thảo Giang,2.72,61,6.8,1,18,1,1,Cao
SV20531,Trần Đức Nam,2.33,80,5.8,2,15,0,0,Trung Binh
SV20532,Vũ Thị An,0.0,0,0.0,6,18,0,0,Cao
SV20533,Hoàng Văn Hương,2.34,33,5.8,1,24,0,0,Thap
SV20534,Trần Đức Khánh,0.0,61,0.0,6,18,1,1,Cao
SV20535,Hoàng Thị Hương,0.0,85,0.0,0,0,0,0,Thap
SV20536,Hoàng Minh Nam,2.3,67,5.8,1,15,0,0,Thap
SV20537,Đặng Ngọc Linh,2.8,67,7.0,4,15,0,0,Cao
SV20538,Trần Đức Nam,2.2,39,5.5,1,18,0,0,Thap
SV20539,Hoàng Quang Trang,2.57,39,6.4,0,18,0,0,Thap
SV20540,Hoàng Văn Trang,2.5,50,6.2,2,18,0,0,Cao
SV20541,Hoàng Đức Trang,2.91,33,7.3,0,21,0,0,Thap
SV20542,Vũ Thảo Bình,2.0,53,5.0,0,15,0,0,Trung Binh
SV20543,Phạm Ngọc An,2.6,44,6.5,0,18,0,0,Thap
SV20544,Lê Anh Dũng,3.19,33,8.0,0,21,0,0,Thap
SV20545,Lê Thị Giang,2.64,40,6.6,0,15,0,0,Trung Binh
SV20546,Lê Thảo Dũng,2.04,60,5.1,1,15,0,0,Trung Binh
SV20547,Nguyễn Minh Khánh,2.84,40,7.1,0,15,0,0,Trung Binh
SV20548,Bùi Minh Hương,2.52,44,6.3,0,18,1,1,Trung Binh
SV20549,Trần Quang Linh,2.7,46,6.7,2,24,0,0,Trung Binh
SV20550,Vũ Ngọc Giang,2.65,53,6.6,0,15,0,0,Thap
SV20551,Bùi Văn Trang,2.4,80,6.0,2,15,0,0,Cao
SV20552,Phạm Quang Dũng,2.6,56,6.5,2,18,1,1,Cao
SV20553,Lê Minh Dũng,2.36,36,5.9,2,33,1,1,Cao
SV20554,Lê Văn Bình,2.2,67,5.5,3,15,0,0,Cao
SV20555,Nguyễn Thị Bình,0.0,93,0.0,5,15,0,0,Cao
SV20556,Hoàng Văn Nam,2.49,38,6.2,0,42,0,0,Cao
SV20557,Bùi Văn An,2.2,53,5.5,2,15,0,0,Trung Binh
SV20558,Nguyễn Anh Linh,0.0,85,0.0,0,0,0,0,Thap
SV20559,Trần Văn Khánh,2.3,67,5.8,3,18,1,1,Trung Binh
SV20560,Lê Minh Bình,2.5,33,6.3,0,24,0,0,Thap
SV20561,Hoàng Đức Cường,2.42,50,6.0,1,36,0,0,Thap
SV20562,Vũ Ngọc Bình,2.2,93,5.5,3,15,0,0,Trung Binh
SV20563,Phạm Minh Giang,2.0,87,5.0,4,15,0,0,Cao
SV20564,Phạm Minh An,2.7,33,6.8,0,18,0,0,Thap
SV20565,Hoàng Văn Trang,2.83,33,7.1,0,18,0,0,Thap
SV20566,Nguyễn Quang An,2.8,39,7.0,0,18,0,0,Thap
SV20567,Đặng Đức Linh,0.0,44,0.0,3,9,0,0,Cao
SV20568,Lê Thảo Giang,2.33,60,5.8,2,15,0,0,Cao
SV20569,Nguyễn Quang Giang,2.92,47,7.3,0,15,0,0,Thap
SV20570,Vũ Thảo Hương,2.6,56,6.5,1,18,0,0,Thap
SV20571,Bùi Văn Bình,2.43,39,6.1,0,18,0,0,Thap
SV20572,Nguyễn Đức Trang,0.0,60,0.0,5,15,0,0,Cao
SV20573,Nguyễn Anh Trang,2.1,67,5.2,2,15,0,0,Cao
SV20574,Đặng Thảo Trang,2.48,93,6.2,2,15,0,0,Trung Binh
SV20575,Bùi Quang An,0.0,85,0.0,0,0,0,0,Thap
SV20576,Đặng Thị Giang,0.0,80,0.0,5,15,0,0,Cao
SV20577,Vũ Thị Khánh,2.77,33,6.9,1,24,0,0,Thap
SV20578,Vũ Quang Giang,2.12,47,5.3,0,15,0,0,Trung Binh
SV20579,Đặng Văn Cường,2.3,39,5.8,0,18,0,0,Thap
SV20580,Bùi Thảo Bình,2.7,33,6.8,2,18,0,0,Thap
SV20581,Lê Quang Bình,0.0,67,0.0,6,18,0,0,Cao
SV20582,Đặng Ngọc Dũng,2.51,38,6.3,0,21,0,0,Thap
SV20583,Đặng Minh Bình,2.97,33,7.4,0,18,0,0,Trung Binh
SV20584,Lê Thị Khánh,2.4,67,6.0,1,15,0,0,Thap
SV20585,Nguyễn Ngọc Linh,2.36,44,5.9,1,18,0,0,Thap
SV20586,Lê Đức Bình,3.0,33,7.5,0,15,0,0,Thap
SV20587,Lê Anh Linh,2.4,47,6.0,2,15,0,0,Thap
SV20588,Trần Quang Khánh,2.57,33,6.4,0,18,0,0,Thap
SV20589,Phạm Quang Linh,2.33,67,5.8,0,18,0,0,Thap
SV20590,Nguyễn Đức Hương,2.43,43,6.1,0,21,0,0,Thap
SV20591,Nguyễn Anh Bình,2.77,33,6.9,0,18,0,0,Thap
SV20592,Nguyễn Thảo Trang,2.49,57,6.2,3,21,0,0,Trung Binh
SV20593,Phạm Ngọc Bình,2.42,50,6.1,0,18,0,0,Thap
SV20594,Đặng Minh Trang,2.68,44,6.7,1,18,0,0,Trung Binh
SV20595,Trần Ngọc Khánh,2.67,44,6.7,0,18,1,1,Trung Binh
SV20596,Hoàng Anh Bình,2.29,33,5.7,4,45,0,0,Cao
SV20597,Bùi Thảo Cường,2.4,56,6.0,2,18,0,0,Cao
SV20598,Lê Quang Dũng,2.53,38,6.3,1,21,1,1,Cao
SV20599,Hoàng Ngọc An,2.53,39,6.3,0,18,0,0,Thap
SV20600,Hoàng Ngọc Giang,2.38,41,5.9,0,54,0,0,Thap
SV20601,Phạm Văn Linh,0.0,0,0.0,6,18,0,0,Cao
SV20602,Phạm Quang Nam,2.6,33,6.5,2,18,1,1,Cao
SV20603,Trần Ngọc Nam,3.38,33,8.4,0,21,0,0,Thap
SV20604,Đặng Quang Dũng,2.5,33,6.2,0,18,0,0,Thap
SV20605,Hoàng Văn An,2.61,43,6.5,0,21,0,0,Thap
SV20606,Lê Anh Linh,0.0,85,0.0,0,0,0,0,Cao
SV20607,Vũ Thị Dũng,0.0,47,0.0,5,15,1,1,Cao
SV20608,Trần Ngọc Giang,2.47,33,6.2,1,24,0,0,Thap
SV20609,Nguyễn Thảo An,0.0,0,0.0,6,18,0,0,Cao
SV20610,Hoàng Ngọc Nam,2.4,38,6.0,2,21,0,0,Trung Binh
SV20611,Đặng Văn Nam,2.77,33,6.9,0,21,1,1,Thap
SV20612,Bùi Đức Trang,2.6,50,6.5,1,18,0,0,Thap
SV20613,Hoàng Anh Giang,2.57,33,6.4,0,18,0,0,Thap
SV20614,Lê Đức Hương,2.2,73,5.5,1,15,0,0,Trung Binh
SV20615,Đặng Thảo Linh,2.47,33,6.2,1,24,0,0,Thap
SV20616,Lê Ngọc Bình,2.77,33,6.9,1,24,0,0,Thap
SV20617,Nguyễn Quang Dũng,2.47,33,6.2,0,18,0,0,Thap
SV20618,Phạm Minh Linh,2.57,38,6.4,0,21,0,0,Thap
SV20619,Phạm Anh Hương,2.47,43,6.2,1,21,0,0,Thap
SV20620,Hoàng Minh Trang,2.53,56,6.3,1,18,0,0,Trung Binh
SV20621,Lê Thị Nam,2.77,33,6.9,0,18,0,0,Thap
SV20622,Trần Văn An,2.15,100,5.4,3,15,0,0,Cao
SV20623,Trần Minh Linh,2.65,61,6.6,2,18,0,0,Cao
SV20624,Vũ Anh Giang,2.75,33,6.9,0,24,0,0,Thap
SV20625,Vũ Quang Khánh,2.67,33,6.7,0,18,0,0,Cao
SV20626,Nguyễn Văn Cường,2.4,44,6.0,1,18,0,0,Cao
SV20627,Phạm Thị An,2.18,37,5.4,0,27,0,0,Thap
SV20628,Hoàng Minh Trang,2.6,38,6.5,0,21,0,0,Thap
SV20629,Lê Thị Bình,2.6,33,6.5,0,18,0,0,Thap
SV20630,Vũ Văn Linh,2.36,56,5.9,1,18,0,0,Thap
SV20631,Lê Thảo Cường,2.41,33,6.0,1,24,0,0,Thap
SV20632,Vũ Anh Linh,2.44,50,6.1,1,18,0,0,Trung Binh
SV20633,Hoàng Quang Nam,2.57,38,6.4,0,21,0,0,Thap
SV20634,Nguyễn Đức Giang,2.2,62,5.5,0,21,1,1,Thap
SV20635,Trần Minh Nam,2.7,39,6.8,0,18,0,0,Thap
SV20636,Bùi Minh Nam,2.42,44,6.1,0,18,0,0,Thap
SV20637,Lê Văn Bình,2.53,50,6.3,1,24,0,0,Thap
SV20638,Phạm Thị Nam,2.13,60,5.3,2,15,0,0,Trung Binh
SV20639,Đặng Thảo Nam,2.24,61,5.6,1,18,0,0,Thap
SV20640,Hoàng Minh Bình,2.53,33,6.3,0,18,0,0,Cao
SV20641,Bùi Đức Hương,2.7,39,6.8,2,18,1,1,Cao
SV20642,Bùi Minh Giang,2.33,60,5.8,2,15,0,0,Trung Binh
SV20643,Bùi Thị Bình,2.1,53,5.2,3,15,0,0,Trung Binh
SV20644,Vũ Anh Giang,2.85,33,7.1,0,24,0,0,Trung Binh
SV20645,Hoàng Văn Bình,0.0,0,0.0,6,18,1,1,Cao
SV20646,Bùi Anh Cường,2.1,53,5.2,3,15,0,0,Trung Binh
SV20647,Trần Minh Linh,2.24,61,5.6,1,18,0,0,Trung Binh
SV20648,Bùi Thị Linh,2.4,33,6.0,0,15,0,0,Thap
SV20649,Lê Anh An,2.45,43,6.1,0,21,0,0,Thap
SV20650,Vũ Thảo Cường,2.3,40,5.8,1,15,0,0,Thap
SV20651,Bùi Thảo An,3.08,44,7.7,0,18,0,0,Thap
SV20652,Lê Minh Nam,2.73,53,6.8,3,36,0,0,Trung Binh
SV20653,Hoàng Minh Nam,2.52,46,6.3,1,24,0,0,Thap
SV20654,Hoàng Thị Dũng,2.44,39,6.1,1,18,0,0,Thap
SV20655,Đặng Minh Hương,2.35,72,5.9,2,18,0,0,Thap
SV20656,Phạm Quang Giang,2.28,50,5.7,1,18,1,1,Trung Binh
SV20657,Lê Anh Trang,2.12,56,5.3,1,18,1,1,Trung Binh
SV20658,Nguyễn Minh Khánh,2.18,33,5.5,3,48,0,0,Thap
SV20659,Trần Thị Giang,2.48,33,6.2,1,18,0,0,Thap
SV20660,Vũ Quang Bình,0.0,33,0.0,6,18,0,0,Cao
SV20661,Phạm Thị Khánh,3.17,33,7.9,0,18,0,0,Thap
SV20662,Trần Thảo An,2.36,57,5.9,2,21,0,0,Trung Binh
SV20663,Nguyễn Văn Linh,2.51,39,6.3,0,18,0,0,Thap
SV20664,Đặng Thị Linh,2.4,47,6.0,2,15,0,0,Thap
SV20665,Hoàng Minh Hương,2.67,38,6.7,0,21,0,0,Thap
SV20666,Lê Ngọc Khánh,3.08,40,7.7,0,15,0,0,Thap
SV20667,Trần Văn Bình,2.44,50,6.1,1,18,1,1,Cao
SV20668,Đặng Đức Giang,2.56,33,6.4,0,33,0,0,Thap
SV20669,Hoàng Ngọc Dũng,0.0,0,0.0,7,21,0,0,Cao
SV20670,Phạm Thảo Dũng,2.68,41,6.7,0,51,0,0,Thap
SV20671,Trần Đức An,2.85,44,7.1,0,18,0,0,Thap
SV20672,Phạm Ngọc An,2.69,58,6.7,2,33,0,0,Cao
SV20673,Trần Ngọc An,2.46,38,6.1,0,21,0,0,Thap
SV20674,Vũ Thị Linh,2.33,39,5.8,0,18,0,0,Thap
SV20675,Lê Thị Bình,2.43,44,6.1,0,18,0,0,Thap
SV20676,Vũ Thảo Dũng,2.0,61,5.0,4,18,0,0,Cao
SV20677,Lê Minh Dũng,2.8,33,7.0,0,18,0,0,Thap
SV20678,Hoàng Đức Khánh,2.37,50,5.9,1,18,0,0,Trung Binh
SV20679,Hoàng Minh An,3.0,39,7.5,5,18,1,1,Cao
SV20680,Vũ Quang Cường,0.0,85,0.0,0,0,0,0,Thap
SV20681,Lê Thị Khánh,2.17,39,5.4,0,18,0,0,Thap
SV20682,Trần Thị Bình,2.63,39,6.6,0,18,1,1,Thap
SV20683,Hoàng Đức An,2.88,53,7.2,0,15,1,1,Cao
SV20684,Lê Anh Nam,0.0,0,0.0,6,18,0,0,Cao
SV20685,Đặng Quang Khánh,2.4,47,6.0,5,36,0,0,Thap
SV20686,Hoàng Anh Dũng,2.44,43,6.1,1,30,0,0,Thap
SV20687,Bùi Thị Dũng,2.47,33,6.2,0,9,0,0,Cao
SV20688,Vũ Minh Cường,2.37,38,5.9,0,21,0,0,Thap
SV20689,Nguyễn Ngọc Linh,2.36,33,5.9,0,15,0,0,Thap
SV20690,Phạm Anh Giang,0.0,33,0.0,5,15,1,1,Cao
SV20691,Đặng Thảo Giang,0.0,0,0.0,6,18,0,0,Cao
SV20692,Lê Đức Hương,2.54,33,6.3,0,57,0,0,Thap
SV20693,Lê Văn Giang,2.51,44,6.3,0,18,0,0,Trung Binh
SV20694,Lê Minh An,2.25,86,5.6,4,21,1,1,Cao
SV20695,Trần Đức Hương,2.8,87,7.0,1,15,0,0,Thap
SV20696,Đặng Thị Cường,2.67,100,6.7,1,15,1,1,Cao
SV20697,Bùi Văn Nam,2.73,39,6.8,0,18,0,0,Thap
SV20698,Bùi Đức Bình,2.0,67,5.0,3,18,0,0,Trung Binh
SV20699,Đặng Đức Linh,2.52,67,6.3,1,18,0,0,Thap
SV20700,Phạm Ngọc Nam,3.47,67,8.7,2,15,0,0,Cao
SV20701,Nguyễn Anh Giang,2.64,56,6.6,1,18,0,0,Trung Binh
SV20702,Bùi Quang Bình,2.8,60,7.0,2,15,0,0,Cao
SV20703,Phạm Quang Cường,2.78,33,6.9,0,12,0,0,Cao
SV20704,Hoàng Thảo Giang,0.0,33,0.0,5,15,0,0,Cao
SV20705,Bùi Đức Trang,2.62,33,6.6,0,27,0,0,Thap
SV20706,Lê Đức Nam,2.6,53,6.5,0,15,0,0,Cao
SV20707,Vũ Ngọc Khánh,2.5,33,6.2,0,30,0,0,Thap
SV20708,Nguyễn Ngọc Dũng,2.82,33,7.1,0,54,0,0,Thap
SV20709,Phạm Văn Hương,2.95,33,7.4,0,33,0,0,Thap
SV20710,Bùi Văn Hương,0.0,33,0.0,6,18,1,1,Cao
SV20711,Vũ Anh Giang,0.0,33,0.0,5,15,0,0,Cao
SV20712,Trần Thảo Linh,0.0,33,0.0,5,15,1,1,Cao
SV20713,Lê Thảo An,2.7,47,6.8,1,15,0,0,Thap
SV20714,Bùi Anh Bình,2.62,33,6.6,1,24,0,0,Thap
SV20715,Vũ Thảo Bình,2.7,53,6.8,0,15,0,0,Thap
SV20716,Vũ Quang Hương,2.37,46,5.9,0,39,0,0,Thap
SV20717,Bùi Minh Nam,0.0,33,0.0,5,15,0,0,Cao
SV20718,Nguyễn Đức Hương,2.87,61,7.2,3,18,1,1,Cao
SV20719,Nguyễn Thảo Hương,3.16,67,7.9,0,15,0,0,Trung Binh
SV20720,Lê Thảo Nam,2.76,89,6.9,1,18,0,0,Trung Binh
SV20721,Nguyễn Đức Nam,2.53,60,6.3,4,30,1,1,Cao
SV20722,Vũ Thảo Hương,2.6,56,6.5,0,18,0,0,Trung Binh
SV20723,Vũ Đức Dũng,0.0,85,0.0,0,0,0,0,Thap
SV20724,Nguyễn Thị Linh,2.2,33,5.5,5,18,0,0,Cao
SV20725,Bùi Thị An,0.0,60,0.0,5,15,0,0,Cao
SV20726,Trần Văn An,3.04,33,7.6,0,21,0,0,Thap
SV20727,Nguyễn Anh An,2.89,39,7.2,0,18,0,0,Thap
SV20728,Hoàng Đức Trang,0.0,33,0.0,5,15,0,0,Cao
SV20729,Vũ Quang Bình,0.0,85,0.0,0,0,0,0,Thap
SV20730,Vũ Quang Trang,2.75,72,6.9,2,18,0,0,Trung Binh
SV20731,Vũ Thị Bình,2.43,61,6.1,1,18,1,1,Cao
SV20732,Đặng Thị Trang,2.43,67,6.1,1,18,0,0,Thap
SV20733,Đặng Đức An,2.4,50,6.0,0,18,0,0,Thap
SV20734,Bùi Minh Cường,2.33,67,5.8,2,15,0,0,Thap
SV20735,Lê Ngọc Nam,0.0,50,0.0,6,18,0,0,Cao
SV20736,Vũ Văn Khánh,2.38,56,5.9,0,18,0,0,Thap
SV20737,Đặng Thảo Nam,2.26,45,5.6,4,33,0,0,Trung Binh
SV20738,Trần Đức Linh,2.0,94,5.0,4,18,0,0,Cao
SV20739,Bùi Thị Dũng,2.4,36,6.0,1,36,1,1,Trung Binh
SV20740,Vũ Quang Khánh,2.77,33,6.9,1,21,0,0,Cao
SV20741,Lê Đức Dũng,0.0,0,0.0,6,18,0,0,Cao
SV20742,Vũ Thị Hương,2.89,39,7.2,0,18,0,0,Thap
SV20743,Trần Quang Cường,2.84,38,7.1,2,21,0,0,Cao
SV20744,Đặng Văn Trang,2.3,53,5.8,1,15,0,0,Cao
SV20745,Vũ Minh Bình,2.6,39,6.5,1,18,0,0,Thap
SV20746,Vũ Đức Khánh,0.0,33,0.0,6,18,0,0,Cao
SV20747,Phạm Anh Nam,2.27,67,5.7,3,18,1,1,Cao
SV20748,Hoàng Minh Trang,2.5,83,6.2,0,54,0,0,Thap
SV20749,Lê Quang Dũng,0.0,33,0.0,5,15,0,0,Cao
SV20750,Hoàng Thảo Khánh,2.69,33,6.7,0,21,0,0,Thap
SV20751,Hoàng Quang Cường,2.35,33,5.9,1,15,0,0,Thap
SV20752,Phạm Thị Hương,2.67,50,6.7,0,18,1,1,Thap
SV20753,Trần Minh Hương,2.62,33,6.6,0,24,0,0,Thap
SV20754,Hoàng Thảo Linh,0.0,33,0.0,5,15,1,1,Cao
SV20755,Nguyễn Minh Cường,3.1,33,7.8,0,18,0,0,Thap
SV20756,Phạm Thị Cường,0.0,85,0.0,0,0,1,1,Cao
SV20757,Lê Anh Hương,2.25,33,5.6,2,18,1,1,Cao
SV20758,Đặng Quang An,2.2,53,5.5,3,45,0,0,Cao
SV20759,Đặng Đức An,2.47,56,6.2,0,18,0,0,Thap
SV20760,Vũ Anh Trang,2.28,67,5.7,1,27,0,0,Thap
SV20761,Hoàng Thảo Dũng,2.44,35,6.1,0,54,0,0,Thap
SV20762,Hoàng Đức Dũng,0.0,85,0.0,0,0,0,0,Trung Binh
SV20763,Phạm Thảo Bình,2.4,41,6.0,0,27,0,0,Thap
SV20764,Nguyễn Minh Nam,2.2,67,5.5,4,15,1,1,Trung Binh
SV20765,Phạm Thị Giang,2.82,35,7.1,0,48,0,0,Thap
SV20766,Trần Thảo Dũng,2.04,53,5.1,0,15,0,0,Trung Binh
SV20767,Trần Quang Bình,2.4,47,6.0,1,15,0,0,Trung Binh
SV20768,Phạm Ngọc Khánh,2.47,41,6.2,0,27,0,0,Thap
SV20769,Trần Minh Cường,2.87,33,7.2,0,27,0,0,Thap
SV20770,Trần Ngọc Cường,3.03,33,7.6,0,18,0,0,Thap
SV20771,Hoàng Thị Linh,3.03,44,7.6,0,18,0,0,Thap
SV20772,Hoàng Quang An,0.0,0,0.0,6,18,0,0,Cao
SV20773,Lê Thị Linh,2.68,43,6.7,1,21,0,0,Trung Binh
SV20774,Phạm Thảo Khánh,2.47,39,6.2,0,18,0,0,Thap
SV20775,Trần Đức Bình,2.36,72,5.9,2,18,0,0,Trung Binh
SV20776,Đặng Anh Giang,2.4,50,6.0,0,18,1,1,Cao
SV20777,Vũ Anh Nam,3.0,39,7.5,0,18,0,0,Thap
SV20778,Vũ Ngọc Linh,2.78,33,6.9,4,36,0,0,Cao
SV20779,Đặng Văn Dũng,2.37,43,5.9,1,21,0,0,Trung Binh
SV20780,Trần Quang Hương,2.5,33,6.2,0,18,0,0,Thap
SV20781,Nguyễn Minh Nam,3.0,33,7.5,0,18,0,0,Thap
SV20782,Nguyễn Đức Bình,2.33,56,5.8,4,18,1,1,Cao
SV20783,Lê Anh Giang,2.93,48,7.3,0,21,0,0,Thap
SV20784,Đặng Văn Linh,2.67,38,6.7,2,24,0,0,Trung Binh
SV20785,Phạm Thảo Dũng,2.56,39,6.4,1,18,0,0,Thap
SV20786,Hoàng Quang Trang,2.17,56,5.4,0,18,0,0,Thap
SV20787,Lê Ngọc Trang,2.73,33,6.8,0,18,0,0,Thap
SV20788,Hoàng Thị Nam,2.91,33,7.3,1,24,0,0,Thap
SV20789,Nguyễn Anh Dũng,2.88,33,7.2,0,15,1,1,Cao
SV20790,Bùi Minh An,0.0,85,0.0,0,0,0,0,Thap
SV20791,Nguyễn Thảo Hương,2.63,33,6.6,0,18,0,0,Thap
SV20792,Phạm Đức Nam,2.3,83,5.8,4,18,0,0,Cao
SV20793,Lê Anh Giang,2.27,39,5.7,0,18,0,0,Thap
SV20794,Phạm Anh An,2.4,33,6.0,0,18,0,0,Thap
SV20795,Nguyễn Thảo Linh,2.63,33,6.6,0,18,0,0,Thap
SV20796,Phạm Quang Hương,2.97,33,7.4,0,18,0,0,Thap
SV20797,Phạm Minh Dũng,2.6,33,6.5,0,21,0,0,Thap
SV20798,Trần Ngọc Bình,2.62,38,6.5,0,21,0,0,Thap
SV20799,Nguyễn Quang Giang,2.67,44,6.7,0,18,0,0,Thap
SV20800,Phạm Thị An,2.43,39,6.1,0,18,0,0,Trung Binh
SV20801,Đặng Minh Hương,2.2,44,5.5,0,18,0,0,Trung Binh
SV20802,Hoàng Anh Giang,0.0,0,0.0,6,18,1,1,Cao
SV20803,Nguyễn Văn Cường,2.72,47,6.8,0,15,0,0,Thap
SV20804,Vũ Đức Trang,3.1,33,7.8,0,18,0,0,Thap
SV20805,Phạm Anh Bình,2.77,33,6.9,0,21,0,0,Thap
SV20806,Bùi Minh Bình,2.3,67,5.8,3,15,1,1,Trung Binh
SV20807,Nguyễn Thị Nam,2.6,33,6.5,0,18,0,0,Thap
SV20808,Đặng Quang Linh,2.8,56,7.0,0,18,1,1,Trung Binh
SV20809,Đặng Minh Bình,0.0,33,0.0,4,12,0,0,Cao
SV20810,Đặng Đức Hương,2.23,33,5.6,0,18,0,0,Trung Binh
SV20811,Phạm Quang Dũng,0.0,0,0.0,6,18,1,1,Cao
SV20812,Bùi Thị Trang,2.43,38,6.1,0,21,0,0,Thap
SV20813,Phạm Quang Linh,2.83,33,7.1,0,21,0,0,Thap
SV20814,Trần Anh An,2.89,33,7.2,0,21,0,0,Thap
SV20815,Đặng Thảo Hương,3.14,33,7.9,0,21,0,0,Thap
SV20816,Hoàng Quang Hương,2.56,60,6.4,0,15,0,0,Trung Binh
SV20817,Đặng Thị An,2.5,33,6.2,0,18,0,0,Trung Binh
SV20818,Đặng Quang Trang,2.9,33,7.2,0,18,0,0,Thap
SV20819,Lê Thị Bình,2.69,33,6.7,0,21,0,0,Trung Binh
SV20820,Trần Văn Trang,2.57,33,6.4,0,18,0,0,Thap
SV20821,Bùi Quang Linh,2.4,67,6.0,0,15,0,0,Thap
SV20822,Nguyễn Đức Linh,0.0,85,0.0,0,0,0,0,Thap
SV20823,Nguyễn Ngọc Dũng,2.94,43,7.4,1,21,0,0,Trung Binh
SV20824,Nguyễn Văn Cường,2.51,39,6.3,0,18,0,0,Thap
SV20825,Đặng Thảo Giang,2.5,33,6.2,0,18,0,0,Thap
SV20826,Bùi Anh Nam,2.8,44,7.0,0,18,0,0,Thap
SV20827,Trần Ngọc Bình,2.31,38,5.8,0,21,0,0,Cao
SV20828,Trần Thảo Hương,3.17,33,7.9,0,18,0,0,Thap
SV20829,Đặng Văn An,2.85,33,7.1,0,24,0,0,Thap
SV20830,Nguyễn Văn Nam,0.0,0,0.0,6,18,0,0,Cao
SV20831,Hoàng Anh Nam,2.33,44,5.8,0,18,0,0,Cao
SV20832,Lê Đức Bình,0.0,67,0.0,6,18,0,0,Cao
SV20833,Hoàng Ngọc Dũng,2.64,60,6.6,0,15,1,1,Trung Binh
SV20834,Vũ Minh Hương,2.4,61,6.0,4,18,0,0,Cao
SV20835,Trần Thị Nam,0.0,40,0.0,5,15,0,0,Cao
SV20836,Đặng Minh An,2.4,60,6.0,1,15,0,0,Trung Binh
SV20837,Bùi Ngọc Hương,2.67,67,6.7,2,15,0,0,Cao
SV20838,Đặng Văn Giang,2.48,52,6.2,2,21,0,0,Trung Binh
SV20839,Đặng Văn Trang,0.0,33,0.0,5,15,0,0,Cao
SV20840,Đặng Quang Giang,2.76,33,6.9,0,15,0,0,Thap
SV20841,Lê Đức Nam,0.0,93,0.0,5,15,1,1,Cao
SV20842,Nguyễn Văn An,2.3,67,5.8,1,15,0,0,Trung Binh
SV20843,Lê Đức Hương,0.0,73,0.0,5,15,1,1,Cao
SV20844,Trần Minh Cường,2.8,33,7.0,1,21,0,0,Thap
SV20845,Bùi Ngọc Trang,2.28,50,5.7,1,18,0,0,Thap
SV20846,Trần Ngọc Nam,0.0,85,0.0,0,0,1,1,Cao
SV20847,Lê Anh Trang,2.08,80,5.2,0,15,0,0,Thap
SV20848,Bùi Thảo Bình,2.13,73,5.3,2,15,0,0,Thap
SV20849,Vũ Đức Giang,2.85,60,7.1,1,15,0,0,Trung Binh
SV20850,Hoàng Thị Nam,2.78,33,7.0,0,21,0,0,Thap
SV20851,Phạm Anh Bình,2.75,43,6.9,0,21,0,0,Thap
SV20852,Bùi Anh Dũng,2.52,56,6.3,1,18,0,0,Trung Binh
SV20853,Đặng Minh Khánh,2.77,39,6.9,0,18,0,0,Thap
SV20854,Vũ Ngọc Bình,2.77,33,6.9,1,24,0,0,Thap
SV20855,Phạm Minh Giang,0.0,80,0.0,5,15,1,1,Trung Binh
SV20856,Đặng Minh Khánh,2.36,33,5.9,1,18,0,0,Cao
SV20857,Bùi Quang Giang,2.53,33,6.3,0,18,0,0,Cao
SV20858,Phạm Quang Nam,0.0,33,0.0,6,18,0,0,Cao
SV20859,Phạm Minh Cường,0.0,47,0.0,5,15,0,0,Cao
SV20860,Đặng Đức Giang,2.15,61,5.4,2,18,0,0,Cao
SV20861,Hoàng Ngọc Cường,2.52,47,6.3,0,15,0,0,Cao
SV20862,Trần Ngọc Dũng,0.0,33,0.0,5,15,1,1,Cao
SV20863,Bùi Anh Dũng,2.4,33,6.0,5,21,0,0,Cao
SV20864,Vũ Minh Cường,2.8,39,7.0,3,18,1,1,Cao
SV20865,Bùi Thảo Trang,2.8,33,7.0,0,18,0,0,Cao
SV20866,Phạm Ngọc Bình,2.94,33,7.3,0,21,0,0,Thap
SV20867,Trần Văn Dũng,0.0,33,0.0,3,9,0,0,Cao
SV20868,Trần Văn Khánh,0.0,40,0.0,5,15,0,0,Cao
SV20869,Đặng Đức Trang,2.77,39,6.9,0,18,0,0,Thap
SV20870,Đặng Anh Khánh,0.0,85,0.0,0,0,0,0,Thap
SV20871,Đặng Thảo An,2.63,44,6.6,0,18,0,0,Thap
SV20872,Trần Anh Trang,3.6,93,9.0,4,15,0,0,Cao
SV20873,Bùi Đức Dũng,2.29,33,5.7,2,45,0,0,Thap
SV20874,Phạm Ngọc Khánh,2.24,67,5.6,2,21,0,0,Trung Binh
SV20875,Vũ Văn Linh,3.0,33,7.5,1,18,1,1,Thap
SV20876,Hoàng Thị Khánh,2.85,43,7.1,0,21,0,0,Thap
SV20877,Vũ Ngọc Giang,2.3,44,5.8,2,18,0,0,Cao
SV20878,Vũ Đức Nam,2.0,33,5.0,5,21,0,0,Cao
SV20879,Trần Văn Trang,2.47,47,6.2,2,15,0,0,Thap
SV20880,Bùi Thị Nam,2.44,38,6.1,2,21,0,0,Cao
SV20881,Hoàng Thị Linh,2.73,33,6.8,0,18,0,0,Thap
SV20882,Bùi Thảo An,0.0,85,0.0,0,0,0,0,Thap
SV20883,Trần Minh Giang,2.2,83,5.5,5,18,1,1,Cao
SV20884,Phạm Thị Linh,2.6,44,6.5,3,18,1,1,Cao
SV20885,Lê Đức Khánh,2.52,50,6.3,1,24,0,0,Thap
SV20886,Trần Văn Bình,2.44,37,6.1,0,30,0,0,Thap
SV20887,Lê Đức Trang,2.63,33,6.6,0,18,0,0,Thap
SV20888,Nguyễn Quang Bình,2.2,76,5.5,1,21,0,0,Thap
SV20889,Hoàng Quang An,2.8,33,7.0,0,21,0,0,Thap
SV20890,Lê Đức Bình,2.6,50,6.5,2,18,0,0,Thap
SV20891,Nguyễn Quang Giang,2.8,33,7.0,0,18,0,0,Thap
SV20892,Nguyễn Ngọc Giang,0.0,85,0.0,0,0,0,0,Cao
SV20893,Đặng Minh Khánh,2.89,33,7.2,1,24,0,0,Thap
SV20894,Bùi Minh Trang,0.0,60,0.0,5,15,0,0,Cao
SV20895,Nguyễn Ngọc Nam,2.37,83,5.9,0,54,0,0,Thap
SV20896,Vũ Văn Bình,2.27,80,5.7,2,15,0,0,Cao
SV20897,Bùi Minh Khánh,2.5,50,6.2,0,18,0,0,Thap
SV20898,Hoàng Thị Cường,2.67,33,6.7,0,36,0,0,Thap
SV20899,Trần Ngọc Khánh,2.17,56,5.4,0,18,0,0,Trung Binh
SV20900,Nguyễn Văn Khánh,2.6,33,6.5,0,18,0,0,Thap
SV20901,Bùi Đức Cường,2.0,47,5.0,3,15,0,0,Cao
SV20902,Phạm Thị Hương,2.29,44,5.7,0,18,0,0,Thap
SV20903,Trần Thảo Khánh,2.58,33,6.4,0,24,0,0,Thap
SV20904,Hoàng Ngọc Dũng,2.59,33,6.5,1,21,0,0,Thap
SV20905,Bùi Anh An,2.0,80,5.0,4,15,0,0,Cao
SV20906,Phạm Minh Nam,2.62,33,6.5,0,21,0,0,Thap
SV20907,Bùi Văn Hương,0.0,39,0.0,6,18,0,0,Cao
SV20908,Nguyễn Quang Dũng,2.34,67,5.9,1,18,0,0,Thap
SV20909,Hoàng Văn Bình,2.25,44,5.6,2,18,0,0,Trung Binh
SV20910,Phạm Anh Giang,0.0,85,0.0,0,0,0,0,Cao
SV20911,Bùi Ngọc Linh,2.63,33,6.6,0,18,0,0,Thap
SV20912,Trần Minh Hương,2.55,47,6.4,1,15,0,0,Thap
SV20913,Phạm Anh Trang,2.12,40,5.3,0,15,0,0,Cao
SV20914,Lê Ngọc Hương,2.24,44,5.6,1,18,0,0,Thap
SV20915,Trần Quang Bình,0.0,0,0.0,7,21,0,0,Cao
SV20916,Vũ Văn Cường,2.6,33,6.5,0,18,0,0,Thap
SV20917,Trần Quang Dũng,0.0,67,0.0,5,15,0,0,Cao
SV20918,Bùi Ngọc Trang,0.0,0,0.0,6,18,0,0,Cao
SV20919,Phạm Anh Nam,2.83,44,7.1,0,18,0,0,Thap
SV20920,Đặng Thảo Trang,2.57,56,6.4,1,18,0,0,Thap
SV20921,Vũ Ngọc Nam,2.35,61,5.9,2,18,0,0,Thap
SV20922,Đặng Thảo An,2.17,44,5.4,0,18,0,0,Thap
SV20923,Bùi Đức Linh,2.35,44,5.9,2,18,0,0,Cao
SV20924,Phạm Minh Khánh,2.3,67,5.8,4,21,0,0,Cao
SV20925,Phạm Minh Linh,2.0,93,5.0,3,15,0,0,Trung Binh
SV20926,Vũ Anh Dũng,2.74,33,6.8,1,21,0,0,Thap
SV20927,Bùi Thảo An,2.8,53,7.0,4,15,0,0,Cao
SV20928,Nguyễn Ngọc Giang,2.28,50,5.7,1,24,1,1,Trung Binh
SV20929,Phạm Ngọc Hương,0.0,94,0.0,6,18,1,1,Trung Binh
SV20930,Trần Thảo Khánh,0.0,56,0.0,6,18,0,0,Cao
SV20931,Bùi Văn Giang,2.2,60,5.5,4,15,0,0,Trung Binh
SV20932,Bùi Đức Hương,2.6,48,6.5,1,21,0,0,Thap
SV20933,Phạm Thị Dũng,2.72,45,6.8,3,33,0,0,Thap
SV20934,Nguyễn Quang Bình,2.2,53,5.5,2,15,0,0,Cao
SV20935,Hoàng Thị Nam,2.34,46,5.9,1,24,0,0,Trung Binh
SV20936,Hoàng Thị Nam,2.65,33,6.6,0,36,0,0,Thap
SV20937,Nguyễn Văn Cường,2.15,71,5.4,6,21,0,0,Cao
SV20938,Phạm Ngọc Khánh,2.4,44,6.0,0,18,0,0,Trung Binh
SV20939,Trần Đức Bình,2.53,39,6.3,0,18,0,0,Trung Binh
SV20940,Đặng Ngọc Cường,2.28,44,5.7,1,18,0,0,Cao
SV20941,Vũ Minh Hương,2.6,33,6.5,0,18,0,0,Thap
SV20942,Phạm Anh Dũng,2.8,44,7.0,0,18,0,0,Thap
SV20943,Trần Đức An,0.0,61,0.0,6,18,0,0,Trung Binh
SV20944,Trần Ngọc Bình,0.0,0,0.0,6,18,0,0,Cao
SV20945,Hoàng Minh Linh,3.06,33,7.6,0,21,0,0,Thap
SV20946,Trần Ngọc Hương,2.63,33,6.6,0,18,0,0,Thap
SV20947,Lê Thảo Khánh,2.72,47,6.8,0,15,1,1,Thap
SV20948,Phạm Ngọc Nam,0.0,67,0.0,4,12,0,0,Cao
SV20949,Đặng Anh Cường,2.28,40,5.7,0,30,0,0,Thap
SV20950,Trần Minh Bình,0.0,0,0.0,5,15,0,0,Cao
SV20951,Lê Thị Dũng,2.2,47,5.5,0,15,0,0,Thap
SV20952,Trần Thảo Trang,0.0,60,0.0,5,15,1,1,Cao
SV20953,Nguyễn Thị Nam,2.71,39,6.8,0,18,0,0,Thap
SV20954,Hoàng Ngọc An,0.0,0,0.0,7,21,0,0,Cao
SV20955,Phạm Quang An,2.25,47,5.6,6,30,0,0,Cao
SV20956,Vũ Thảo Hương,2.67,40,6.7,2,15,0,0,Cao
SV20957,Vũ Anh Dũng,2.4,33,6.0,0,18,0,0,Thap
SV20958,Lê Minh Nam,2.5,33,6.2,0,18,0,0,Thap
SV20959,Vũ Văn Giang,2.64,40,6.6,0,15,0,0,Thap
SV20960,Trần Thảo Giang,0.0,33,0.0,5,15,0,0,Cao
SV20961,Trần Đức Nam,2.33,47,5.8,2,15,0,0,Cao
SV20962,Đặng Đức Dũng,2.69,36,6.7,0,45,0,0,Thap
SV20963,Trần Anh Hương,2.73,47,6.8,2,15,0,0,Thap
SV20964,Bùi Anh Bình,2.33,60,5.8,3,15,0,0,Trung Binh
SV20965,Phạm Quang Cường,2.33,39,5.8,0,18,0,0,Thap
SV20966,Đặng Minh Giang,2.68,50,6.7,1,18,0,0,Thap
SV20967,Lê Thị Trang,0.0,33,0.0,5,15,0,0,Cao
SV20968,Nguyễn Thị Bình,0.0,50,0.0,6,18,0,0,Cao
SV20969,Hoàng Quang Linh,0.0,33,0.0,5,15,0,0,Cao
SV20970,Đặng Văn Khánh,2.13,40,5.3,2,15,0,0,Trung Binh
SV20971,Lê Văn Cường,2.75,33,6.9,1,15,0,0,Thap
SV20972,Hoàng Văn Cường,2.0,33,5.0,4,15,0,0,Cao
SV20973,Đặng Thảo An,0.0,73,0.0,5,15,0,0,Cao
SV20974,Phạm Đức Khánh,3.2,67,8.0,1,6,0,0,Thap
SV20975,Bùi Văn Giang,2.46,60,6.1,0,15,0,0,Thap
SV20976,Đặng Đức Dũng,2.4,67,6.0,2,15,1,1,Trung Binh
SV20977,Hoàng Đức Dũng,2.53,33,6.3,1,21,0,0,Thap
SV20978,Phạm Ngọc Khánh,2.36,40,5.9,0,15,0,0,Thap
SV20979,Trần Quang Giang,2.12,40,5.3,0,15,1,1,Cao
SV20980,Phạm Quang Cường,2.38,48,6.0,2,33,0,0,Thap
SV20981,Đặng Minh Hương,2.25,44,5.6,2,18,0,0,Cao
SV20982,Vũ Quang Giang,2.2,60,5.5,1,15,0,0,Trung Binh
SV20983,Hoàng Ngọc Giang,2.4,33,6.0,0,18,0,0,Thap
SV20984,Vũ Quang Bình,2.35,67,5.9,1,15,0,0,Trung Binh
SV20985,Vũ Minh Giang,2.0,53,5.0,3,15,0,0,Cao
SV20986,Vũ Ngọc Giang,2.74,33,6.9,1,24,0,0,Thap
SV20987,Trần Quang Trang,2.98,78,7.4,0,18,0,0,Thap
SV20988,Bùi Quang Giang,2.16,39,5.4,1,18,0,0,Cao
SV20989,Nguyễn Anh Giang,2.4,61,6.0,3,18,0,0,Cao
SV20990,Trần Thị Giang,2.5,56,6.2,1,18,1,1,Cao
SV20991,Hoàng Thị Giang,2.95,33,7.4,0,21,0,0,Thap
SV20992,Hoàng Thảo Dũng,2.4,44,6.0,0,18,0,0,Thap
SV20993,Nguyễn Minh An,2.29,44,5.7,0,18,0,0,Cao
SV20994,Phạm Minh Giang,2.83,33,7.1,0,18,0,0,Thap
SV20995,Phạm Thảo Khánh,2.5,67,6.2,1,18,0,0,Thap
SV20996,Hoàng Thị Dũng,2.83,33,7.1,0,18,0,0,Thap
SV20997,Trần Đức Bình,2.89,48,7.2,2,21,0,0,Trung Binh
SV20998,Bùi Minh Nam,2.56,67,6.4,1,18,0,0,Trung Binh
SV20999,Hoàng Đức Hương,2.53,44,6.3,0,18,0,0,Thap
SV21000,Trần Anh Trang,2.5,33,6.2,0,18,0,0,Cao
SV21001,Hoàng Văn Nam,0.0,0,0.0,6,18,0,0,Cao
SV21002,Bùi Văn Linh,0.0,0,0.0,6,18,0,0,Cao
SV21003,Nguyễn Văn An,0.0,85,0.0,0,0,0,0,Thap
SV21004,Trần Đức An,2.24,53,5.6,0,15,0,0,Thap
SV21005,Trần Thị Trang,3.3,33,8.2,0,18,0,0,Cao
SV21006,Bùi Đức Linh,2.73,60,6.8,2,15,0,0,Thap
SV21007,Hoàng Đức Khánh,3.05,33,7.6,1,24,0,0,Thap
SV21008,Trần Thảo Hương,2.56,37,6.4,0,27,0,0,Thap
SV21009,Bùi Văn An,2.89,33,7.2,1,24,0,0,Thap
SV21010,Phạm Quang Linh,2.78,44,6.9,0,18,0,0,Thap
SV21011,Hoàng Minh Giang,2.63,48,6.6,0,21,0,0,Thap
SV21012,Bùi Đức An,2.32,43,5.8,1,21,0,0,Thap
SV21013,Đặng Anh Linh,2.92,33,7.3,0,15,0,0,Thap
SV21014,Hoàng Thảo Nam,0.0,0,0.0,6,18,0,0,Cao
SV21015,Đặng Minh An,2.36,40,5.9,0,15,0,0,Thap
SV21016,Hoàng Minh Linh,2.47,33,6.2,0,18,0,0,Thap
SV21017,Lê Thảo An,2.2,33,5.5,1,15,1,1,Cao
SV21018,Hoàng Đức Giang,2.64,33,6.6,0,33,0,0,Thap
SV21019,Bùi Thị Dũng,2.2,33,5.5,5,18,1,1,Cao
SV21020,Lê Đức Cường,2.37,33,5.9,0,18,1,1,Thap
SV21021,Đặng Minh Cường,2.6,33,6.5,0,24,0,0,Thap
SV21022,Lê Thị Giang,2.27,48,5.7,1,21,0,0,Thap
SV21023,Hoàng Ngọc Hương,2.34,50,5.8,2,24,0,0,Thap
SV21024,Bùi Thảo Trang,2.9,33,7.2,0,18,0,0,Thap
SV21025,Vũ Quang An,2.63,33,6.6,0,21,0,0,Thap
SV21026,Đặng Thảo Linh,2.3,53,5.8,3,15,0,0,Cao
SV21027,Nguyễn Văn Bình,2.84,40,7.1,0,15,0,0,Thap
SV21028,Đặng Thị Cường,2.33,44,5.8,1,18,0,0,Thap
SV21029,Nguyễn Đức Dũng,2.64,38,6.6,0,21,0,0,Thap
SV21030,Vũ Văn Nam,2.66,33,6.7,1,24,0,0,Thap
SV21031,Nguyễn Thị Khánh,2.12,87,5.3,2,15,0,0,Thap
SV21032,Vũ Quang Bình,2.4,61,6.0,2,18,0,0,Trung Binh
SV21033,Trần Anh Dũng,2.69,39,6.7,0,18,0,0,Thap
SV21034,Phạm Minh Linh,2.65,47,6.6,1,15,0,0,Thap
SV21035,Trần Ngọc Giang,2.6,33,6.5,4,18,0,0,Cao
SV21036,Bùi Quang Bình,2.87,33,7.2,0,18,0,0,Trung Binh
SV21037,Lê Thị An,0.0,0,0.0,6,18,0,0,Cao
SV21038,Bùi Thị Khánh,2.8,33,7.0,0,18,0,0,Thap
SV21039,Nguyễn Văn Linh,2.4,33,6.0,0,6,0,0,Thap
SV21040,Lê Ngọc Trang,2.47,50,6.2,1,18,0,0,Trung Binh
SV21041,Nguyễn Thị Hương,2.36,44,5.9,1,18,0,0,Thap
SV21042,Phạm Ngọc Dũng,2.56,33,6.4,1,24,0,0,Thap
SV21043,Hoàng Đức Cường,2.33,33,5.8,0,24,0,0,Thap
SV21044,Vũ Văn Linh,2.4,52,6.0,1,21,0,0,Thap
SV21045,Hoàng Minh Trang,2.32,50,5.8,1,18,0,0,Thap
SV21046,Bùi Ngọc Khánh,0.0,33,0.0,5,15,0,0,Cao
SV21047,Đặng Văn Nam,2.63,44,6.6,0,18,0,0,Cao
SV21048,Đặng Thị Giang,2.82,33,7.0,1,24,0,0,Thap
SV21049,Hoàng Ngọc Giang,2.48,38,6.2,1,21,0,0,Thap
SV21050,Vũ Thảo Linh,3.0,33,7.5,0,21,0,0,Thap
SV21051,Vũ Quang Khánh,0.0,85,0.0,0,0,0,0,Thap
SV21052,Phạm Thảo Hương,2.81,38,7.0,0,21,0,0,Thap
SV21053,Vũ Minh Nam,2.97,38,7.4,0,21,0,0,Cao
SV21054,Vũ Đức Bình,2.6,56,6.5,0,18,0,0,Thap
SV21055,Trần Anh Giang,2.96,38,7.4,0,21,0,0,Thap
SV21056,Đặng Đức Bình,2.74,33,6.8,0,21,0,0,Thap
SV21057,Đặng Quang Cường,2.5,33,6.2,0,21,0,0,Cao
SV21058,Đặng Thảo Hương,2.91,33,7.3,1,21,0,0,Thap
SV21059,Lê Anh An,2.24,33,5.6,0,15,1,1,Cao
SV21060,Bùi Minh Hương,2.54,33,6.3,1,24,0,0,Thap
SV21061,Lê Quang Khánh,2.71,44,6.8,2,27,1,1,Cao
SV21062,Phạm Quang Nam,0.0,0,0.0,6,18,0,0,Cao
SV21063,Bùi Anh Linh,2.2,44,5.5,1,18,0,0,Thap
SV21064,Trần Thị Linh,2.89,33,7.2,0,24,0,0,Thap
SV21065,Nguyễn Đức Giang,2.72,50,6.8,1,18,1,1,Trung Binh
SV21066,Lê Văn Dũng,2.8,33,7.0,1,36,1,1,Cao
SV21067,Bùi Minh Trang,2.68,33,6.7,1,21,0,0,Thap
SV21068,Trần Minh Nam,2.47,53,6.2,0,15,0,0,Thap
SV21069,Trần Anh Khánh,2.62,38,6.6,0,21,0,0,Thap
SV21070,Lê Minh Bình,2.64,50,6.6,2,18,0,0,Thap
SV21071,Nguyễn Thảo Nam,2.95,33,7.4,0,24,0,0,Thap
SV21072,Phạm Đức Hương,2.63,39,6.6,0,18,0,0,Thap
SV21073,Trần Thị Trang,2.5,50,6.2,2,18,0,0,Trung Binh
SV21074,Vũ Đức An,2.75,40,6.9,1,15,0,0,Thap
SV21075,Vũ Ngọc Nam,2.48,61,6.2,1,18,0,0,Thap
SV21076,Trần Anh Nam,2.67,33,6.7,0,18,0,0,Thap
SV21077,Phạm Minh Cường,2.35,33,5.9,0,33,0,0,Cao
SV21078,Đặng Quang Hương,2.5,44,6.2,2,18,0,0,Cao
SV21079,Bùi Minh Giang,0.0,85,0.0,0,0,1,1,Cao
SV21080,Trần Đức Dũng,2.71,38,6.8,1,21,0,0,Thap
SV21081,Phạm Thị Linh,2.63,33,6.6,0,18,0,0,Thap
SV21082,Vũ Minh Trang,2.64,50,6.6,1,18,0,0,Thap
SV21083,Hoàng Ngọc Giang,2.44,39,6.1,1,18,0,0,Trung Binh
SV21084,Vũ Thảo Khánh,2.69,33,6.7,0,21,0,0,Thap
SV21085,Hoàng Thị Hương,2.54,44,6.4,0,18,0,0,Thap
SV21086,Vũ Đức Nam,0.0,0,0.0,6,18,0,0,Cao
SV21087,Hoàng Đức An,2.73,33,6.8,0,18,0,0,Thap
SV21088,Đặng Quang Dũng,2.2,33,5.5,1,18,1,1,Thap
SV21089,Hoàng Ngọc Cường,2.28,52,5.7,2,21,0,0,Trung Binh
SV21090,Bùi Anh Trang,0.0,85,0.0,0,0,0,0,Trung Binh
SV21091,Đặng Đức Dũng,2.4,47,6.0,1,15,0,0,Thap
SV21092,Bùi Ngọc Linh,0.0,33,0.0,6,18,0,0,Cao
SV21093,Trần Ngọc Bình,2.2,78,5.5,1,18,0,0,Thap
SV21094,Lê Quang Cường,2.4,67,6.0,1,18,0,0,Cao
SV21095,Nguyễn Quang Cường,2.66,33,6.7,0,21,0,0,Thap
SV21096,Vũ Thảo Trang,2.73,44,6.8,3,18,1,1,Cao
SV21097,Vũ Anh Dũng,0.0,33,0.0,6,18,1,1,Cao
SV21098,Bùi Minh Dũng,2.44,56,6.1,1,18,0,0,Thap
SV21099,Vũ Quang An,2.53,39,6.3,0,18,0,0,Thap
SV21100,Đặng Văn Bình,2.81,33,7.0,0,24,0,0,Thap
SV21101,Đặng Đức An,2.85,93,7.1,1,15,0,0,Cao
SV21102,Lê Đức Nam,0.0,0,0.0,6,18,0,0,Cao
SV21103,Phạm Ngọc An,2.4,56,6.0,3,18,0,0,Trung Binh
SV21104,Nguyễn Ngọc Dũng,2.23,60,5.6,4,30,0,0,Trung Binh
SV21105,Phạm Thảo Hương,2.6,67,6.5,4,18,0,0,Thap
SV21106,Đặng Ngọc Khánh,0.0,85,0.0,0,0,0,0,Cao
SV21107,Nguyễn Thị Giang,2.98,33,7.5,1,24,0,0,Cao
SV21108,Nguyễn Đức Trang,2.53,38,6.3,0,21,1,1,Thap
SV21109,Trần Minh An,2.2,33,5.5,5,36,0,0,Cao
SV21110,Vũ Ngọc Hương,2.48,47,6.2,1,15,0,0,Thap
SV21111,Hoàng Ngọc An,2.4,39,6.0,0,18,0,0,Thap
SV21112,Lê Anh Cường,2.43,38,6.1,0,21,0,0,Thap
SV21113,Hoàng Minh Trang,2.52,48,6.3,2,21,0,0,Trung Binh
SV21114,Lê Ngọc Trang,2.13,73,5.3,2,15,0,0,Trung Binh
SV21115,Lê Anh Giang,2.75,57,6.9,1,21,0,0,Thap
SV21116,Phạm Văn Giang,2.62,33,6.6,0,24,0,0,Thap
SV21117,Trần Thảo Giang,0.0,33,0.0,5,15,0,0,Cao
SV21118,Phạm Ngọc Trang,2.54,43,6.4,1,21,0,0,Thap
SV21119,Phạm Ngọc Khánh,2.37,52,5.9,0,21,0,0,Trung Binh
SV21120,Đặng Thị Cường,2.47,33,6.2,1,21,0,0,Thap
SV21121,Nguyễn Thảo Nam,3.15,50,7.9,2,18,0,0,Trung Binh
SV21122,Phạm Ngọc Nam,2.67,40,6.7,0,15,0,0,Thap
SV21123,Vũ Ngọc Nam,2.87,43,7.2,0,21,0,0,Thap
SV21124,Đặng Đức Linh,2.6,44,6.5,0,18,1,1,Thap
SV21125,Nguyễn Đức Giang,2.57,33,6.4,0,18,0,0,Thap
SV21126,Vũ Thảo Trang,2.64,33,6.6,0,15,0,0,Thap
SV21127,Vũ Ngọc Khánh,3.4,43,8.5,0,21,0,0,Thap
SV21128,Lê Quang Linh,2.12,44,5.3,1,18,1,1,Thap
SV21129,Trần Thảo Hương,2.8,33,7.0,0,15,0,0,Thap
SV21130,Đặng Thị Nam,2.42,33,6.1,1,24,0,0,Thap
SV21131,Hoàng Ngọc Nam,2.61,33,6.5,0,24,0,0,Thap
SV21132,Hoàng Đức Linh,2.66,33,6.6,1,24,0,0,Thap
SV21133,Lê Đức Bình,2.2,60,5.5,1,15,0,0,Trung Binh
SV21134,Trần Minh Nam,2.81,33,7.0,0,21,0,0,Thap
SV21135,Hoàng Đức Bình,0.0,0,0.0,6,18,0,0,Cao
SV21136,Nguyễn Minh Khánh,2.25,33,5.6,5,27,0,0,Cao
SV21137,Vũ Quang Bình,2.8,33,7.0,0,18,0,0,Thap
SV21138,Bùi Thảo Dũng,2.43,44,6.1,0,18,0,0,Cao
SV21139,Bùi Quang Khánh,2.66,33,6.6,1,24,0,0,Thap
SV21140,Hoàng Thị Trang,2.78,78,7.0,0,18,0,0,Thap
SV21141,Phạm Thảo Nam,2.67,52,6.7,0,21,0,0,Thap
SV21142,Hoàng Thị Giang,2.48,33,6.2,0,15,0,0,Trung Binh
SV21143,Trần Anh Cường,3.0,33,7.5,1,15,0,0,Cao
SV21144,Đặng Thị Giang,2.67,33,6.7,0,18,1,1,Thap
SV21145,Bùi Văn Cường,2.4,53,6.0,2,15,0,0,Trung Binh
SV21146,Lê Văn Giang,2.68,39,6.7,1,18,0,0,Thap
SV21147,Bùi Đức Nam,0.0,85,0.0,0,0,0,0,Trung Binh
SV21148,Hoàng Văn An,2.3,60,5.8,1,15,0,0,Thap
SV21149,Trần Anh Dũng,2.4,57,6.0,1,21,0,0,Trung Binh
SV21150,Đặng Thị Nam,2.7,33,6.7,1,24,0,0,Thap
SV21151,Đặng Ngọc Khánh,2.4,33,6.0,0,18,0,0,Thap
SV21152,Nguyễn Văn Linh,0.0,85,0.0,0,0,0,0,Cao
SV21153,Hoàng Anh Bình,2.07,47,5.2,2,15,0,0,Trung Binh
SV21154,Phạm Thị Nam,2.59,48,6.5,2,21,0,0,Trung Binh
SV21155,Đặng Ngọc An,2.65,46,6.6,1,24,0,0,Thap
SV21156,Nguyễn Thị Hương,2.45,60,6.1,1,15,0,0,Trung Binh
SV21157,Vũ Ngọc Bình,2.33,50,5.8,3,18,0,0,Cao
SV21158,Nguyễn Thị Giang,2.71,39,6.8,0,18,0,0,Thap
SV21159,Hoàng Thị Hương,2.36,50,5.9,1,18,0,0,Thap
SV21160,Bùi Văn Bình,2.84,47,7.1,0,15,0,0,Thap
SV21161,Trần Thị Cường,2.2,53,5.5,0,15,0,0,Thap
SV21162,Hoàng Quang Hương,2.72,76,6.8,3,21,0,0,Trung Binh
SV21163,Phạm Thảo Linh,2.93,33,7.3,1,24,0,0,Thap
SV21164,Vũ Đức Trang,2.27,50,5.7,0,18,0,0,Thap
SV21165,Lê Thảo Cường,2.74,57,6.8,3,21,1,1,Cao
SV21166,Đặng Văn Khánh,2.75,33,6.9,0,33,0,0,Thap
SV21167,Hoàng Đức Trang,2.35,43,5.9,0,21,0,0,Cao
SV21168,Đặng Đức Dũng,2.47,50,6.2,0,18,0,0,Thap
SV21169,Vũ Quang Linh,2.8,33,7.0,0,18,0,0,Cao
SV21170,Bùi Anh Hương,2.3,47,5.8,1,15,0,0,Thap
SV21171,Phạm Đức Nam,2.24,40,5.6,0,15,0,0,Thap
SV21172,Bùi Thị Trang,3.01,33,7.5,1,24,0,0,Thap
SV21173,Nguyễn Quang Bình,2.0,40,5.0,4,15,0,0,Cao
SV21174,Nguyễn Thảo Cường,2.4,33,6.0,1,15,0,0,Trung Binh
SV21175,Bùi Đức An,2.6,61,6.5,2,18,0,0,Thap
SV21176,Trần Đức Cường,2.2,39,5.5,2,18,0,0,Cao
SV21177,Vũ Quang Dũng,2.71,44,6.8,0,18,0,0,Thap
SV21178,Đặng Văn Bình,2.92,39,7.3,1,18,0,0,Thap
SV21179,Lê Minh Giang,2.37,62,5.9,4,21,1,1,Cao
SV21180,Lê Minh Linh,2.52,52,6.3,0,21,0,0,Thap
SV21181,Phạm Thị Linh,2.3,57,5.8,3,21,0,0,Cao
SV21182,Bùi Đức Nam,2.65,53,6.6,1,15,0,0,Thap
SV21183,Phạm Anh Giang,2.52,43,6.3,0,21,0,0,Thap
SV21184,Bùi Quang Nam,2.75,50,6.9,2,30,1,1,Cao
SV21185,Đặng Quang Linh,2.72,48,6.8,1,21,0,0,Trung Binh
SV21186,Trần Thị Dũng,2.23,61,5.6,1,18,0,0,Thap
SV21187,Vũ Đức Bình,2.54,33,6.4,0,33,0,0,Trung Binh
SV21188,Đặng Thảo Cường,2.0,60,5.0,4,15,0,0,Cao
SV21189,Hoàng Minh Bình,2.33,44,5.8,0,18,1,1,Thap
SV21190,Lê Thảo Hương,2.8,44,7.0,0,18,0,0,Thap
SV21191,Nguyễn Đức An,0.0,60,0.0,5,15,0,0,Cao
SV21192,Đặng Thảo Linh,2.41,38,6.0,1,24,0,0,Thap
SV21193,Hoàng Thảo Giang,0.0,85,0.0,0,0,0,0,Thap
SV21194,Phạm Ngọc Hương,2.75,36,6.9,0,39,0,0,Thap
SV21195,Vũ Ngọc Cường,3.09,37,7.7,0,54,0,0,Thap
SV21196,Bùi Văn Khánh,2.3,43,5.8,1,21,0,0,Trung Binh
SV21197,Bùi Văn Khánh,2.0,33,5.0,1,9,0,0,Cao
SV21198,Hoàng Anh Bình,2.45,44,6.1,2,18,0,0,Cao
SV21199,Phạm Đức Hương,2.9,33,7.2,0,18,0,0,Thap
SV21200,Trần Quang Khánh,3.11,39,7.8,0,18,0,0,Thap
SV21201,Bùi Minh Giang,3.11,39,7.8,0,18,0,0,Thap
SV21202,Nguyễn Minh An,2.76,44,6.9,1,18,0,0,Thap
SV21203,Phạm Văn Dũng,2.13,53,5.3,2,15,1,1,Cao
SV21204,Trần Thị Giang,2.32,44,5.8,1,18,1,1,Thap
SV21205,Lê Anh Nam,2.6,61,6.5,5,18,0,0,Cao
SV21206,Phạm Ngọc Bình,2.4,60,6.0,2,15,0,0,Thap
SV21207,Vũ Minh Nam,2.47,33,6.2,2,42,1,1,Thap
SV21208,Lê Thị Nam,2.58,56,6.4,0,18,1,1,Trung Binh
SV21209,Hoàng Thảo Bình,2.2,67,5.5,5,18,0,0,Cao
SV21210,Vũ Minh Trang,2.45,56,6.1,2,18,1,1,Cao
SV21211,Bùi Anh Linh,0.0,33,0.0,7,21,0,0,Cao
SV21212,Trần Ngọc An,2.15,61,5.4,2,18,0,0,Trung Binh
SV21213,Hoàng Minh Dũng,2.73,38,6.8,0,24,0,0,Thap
SV21214,Trần Văn Cường,2.6,53,6.5,2,15,0,0,Thap
SV21215,Đặng Thị Trang,2.71,43,6.8,1,21,0,0,Trung Binh
SV21216,Lê Văn Khánh,3.38,33,8.4,0,21,0,0,Thap
SV21217,Bùi Thảo Hương,2.4,56,6.0,1,18,0,0,Thap
SV21218,Nguyễn Anh Cường,2.5,33,6.2,0,18,0,0,Thap
SV21219,Nguyễn Đức Bình,2.55,33,6.4,1,24,0,0,Thap
SV21220,Trần Minh Linh,2.75,53,6.9,0,15,0,0,Thap
SV21221,Bùi Đức Khánh,0.0,85,0.0,0,0,1,1,Cao
SV21222,Vũ Văn Dũng,2.92,33,7.3,0,21,0,0,Thap
SV21223,Phạm Văn Linh,0.0,47,0.0,5,15,1,1,Cao
SV21224,Đặng Quang Cường,2.77,50,6.9,1,18,1,1,Thap
SV21225,Phạm Thị Nam,2.72,33,6.8,0,24,0,0,Thap
SV21226,Đặng Ngọc Giang,3.03,39,7.6,0,18,0,0,Thap
SV21227,Lê Văn Giang,2.13,53,5.3,2,15,0,0,Thap
SV21228,Hoàng Ngọc Dũng,2.24,61,5.6,1,18,0,0,Thap
SV21229,Vũ Đức An,2.75,33,6.9,0,24,0,0,Thap
SV21230,Đặng Văn Cường,2.65,37,6.6,1,27,1,1,Trung Binh
SV21231,Phạm Anh Bình,2.14,56,5.4,1,18,0,0,Thap
SV21232,Lê Văn Hương,2.43,33,6.1,0,18,1,1,Thap
SV21233,Lê Minh Khánh,2.87,38,7.2,1,21,0,0,Thap
SV21234,Lê Minh Bình,2.57,33,6.4,0,18,0,0,Thap
SV21235,Bùi Ngọc Hương,2.79,33,7.0,1,24,0,0,Thap
SV21236,Vũ Đức Giang,2.4,60,6.0,3,15,0,0,Cao
SV21237,Bùi Ngọc Cường,2.69,33,6.7,0,21,0,0,Thap
SV21238,Lê Ngọc Dũng,3.2,33,8.0,4,15,0,0,Cao
SV21239,Nguyễn Văn Linh,2.62,44,6.6,0,18,0,0,Thap
SV21240,Bùi Ngọc Trang,0.0,39,0.0,6,18,0,0,Cao
SV21241,Vũ Quang Hương,2.28,33,5.7,4,27,0,0,Cao
SV21242,Bùi Văn Cường,2.2,100,5.5,2,12,0,0,Cao
SV21243,Vũ Minh Cường,2.2,87,5.5,4,15,0,0,Trung Binh
SV21244,Trần Minh Nam,2.73,78,6.8,1,18,0,0,Thap
SV21245,Phạm Đức Khánh,2.35,56,5.9,2,18,0,0,Cao
SV21246,Vũ Quang Nam,2.0,52,5.0,6,21,0,0,Cao
SV21247,Lê Đức Khánh,2.7,44,6.8,0,18,0,0,Thap
SV21248,Nguyễn Đức Cường,0.0,0,0.0,6,18,1,1,Cao
SV21249,Đặng Đức Linh,2.4,67,6.0,5,18,1,1,Trung Binh
SV21250,Vũ Anh Dũng,2.6,61,6.5,3,18,0,0,Cao
SV21251,Bùi Văn Nam,2.97,39,7.4,0,18,0,0,Thap
SV21252,Bùi Văn Linh,2.37,33,5.9,0,18,0,0,Thap
SV21253,Phạm Văn Giang,2.4,56,6.0,1,18,0,0,Thap
SV21254,Lê Văn Nam,2.55,61,6.4,2,18,0,0,Thap
SV21255,Phạm Minh Dũng,0.0,33,0.0,5,15,0,0,Trung Binh
SV21256,Phạm Thảo Bình,0.0,39,0.0,6,18,0,0,Cao
SV21257,Nguyễn Anh Hương,2.4,33,6.0,0,18,0,0,Thap
SV21258,Nguyễn Thảo Khánh,2.34,43,5.8,0,21,0,0,Thap
SV21259,Bùi Anh An,2.72,33,6.8,1,24,0,0,Thap
SV21260,Bùi Ngọc Cường,3.2,39,8.0,0,18,0,0,Thap
SV21261,Lê Thảo Bình,2.36,50,5.9,1,18,0,0,Thap
SV21262,Hoàng Quang Giang,0.0,33,0.0,5,15,1,1,Cao
SV21263,Hoàng Thảo Dũng,0.0,0,0.0,6,18,0,0,Cao
SV21264,Hoàng Minh An,3.23,39,8.1,0,18,1,1,Thap
SV21265,Hoàng Anh Nam,2.36,33,5.9,1,24,0,0,Thap
SV21266,Hoàng Văn Dũng,2.68,33,6.7,0,24,0,0,Thap
SV21267,Lê Văn Bình,2.5,44,6.2,0,18,0,0,Thap
SV21268,Bùi Thảo An,2.49,33,6.2,1,24,0,0,Thap
SV21269,Bùi Anh Khánh,2.48,55,6.2,3,33,1,1,Trung Binh
SV21270,Đặng Thảo Hương,2.0,44,5.0,5,18,0,0,Cao
SV21271,Phạm Ngọc Nam,2.52,44,6.3,1,18,0,0,Trung Binh
SV21272,Lê Thị Dũng,2.52,33,6.3,0,15,0,0,Thap
SV21273,Hoàng Ngọc Linh,2.0,47,5.0,3,15,0,0,Cao
SV21274,Hoàng Minh Hương,0.0,33,0.0,7,21,0,0,Cao
SV21275,Phạm Văn Cường,2.32,47,5.8,0,15,0,0,Thap
SV21276,Phạm Quang Khánh,2.43,44,6.1,0,18,0,0,Thap
SV21277,Phạm Đức Dũng,2.72,56,6.8,2,18,0,0,Thap
SV21278,Vũ Đức Cường,2.5,53,6.2,1,15,0,0,Cao
SV21279,Vũ Đức Bình,2.45,33,6.1,2,18,0,0,Trung Binh
SV21280,Bùi Thị Khánh,2.34,39,5.9,0,18,0,0,Thap
SV21281,Nguyễn Văn Linh,2.7,39,6.8,0,18,0,0,Thap
SV21282,Đặng Ngọc Hương,2.6,33,6.5,1,24,0,0,Thap
SV21283,Vũ Văn Bình,0.0,67,0.0,6,18,0,0,Cao
SV21284,Nguyễn Anh Hương,3.47,40,8.7,0,15,0,0,Thap
SV21285,Trần Minh Linh,2.2,47,5.5,1,15,0,0,Thap
SV21286,Lê Đức Trang,2.73,48,6.8,1,21,0,0,Cao
SV21287,Nguyễn Văn An,2.28,50,5.7,0,18,0,0,Trung Binh
SV21288,Lê Thảo Cường,2.57,33,6.4,0,18,0,0,Thap
SV21289,Bùi Anh Dũng,2.52,50,6.3,1,18,0,0,Thap
SV21290,Bùi Văn Hương,2.87,38,7.2,1,21,0,0,Thap
SV21291,Nguyễn Ngọc An,2.7,53,6.8,1,15,0,0,Trung Binh
SV21292,Vũ Thảo Dũng,2.86,33,7.1,1,24,0,0,Thap
SV21293,Phạm Văn Trang,2.35,83,5.9,3,18,0,0,Cao
SV21294,Đặng Anh Giang,2.96,33,7.4,0,15,0,0,Thap
SV21295,Nguyễn Thảo Trang,0.0,39,0.0,6,18,1,1,Cao
SV21296,Lê Ngọc Nam,2.0,78,5.0,5,18,0,0,Cao
SV21297,Nguyễn Thảo Giang,0.0,33,0.0,5,15,0,0,Cao
SV21298,Nguyễn Văn An,2.52,48,6.3,3,21,0,0,Cao
SV21299,Bùi Anh Cường,2.49,60,6.2,0,15,0,0,Thap
SV21300,Lê Quang Khánh,2.0,56,5.0,2,18,0,0,Trung Binh
SV21301,Nguyễn Quang Cường,2.47,47,6.2,2,15,0,0,Cao
SV21302,Lê Anh An,0.0,0,0.0,6,18,0,0,Cao
SV21303,Bùi Đức Cường,0.0,85,0.0,0,0,1,1,Thap
SV21304,Phạm Thảo Linh,2.42,36,6.0,1,33,1,1,Thap
SV21305,Hoàng Anh An,2.94,39,7.4,0,18,0,0,Thap
SV21306,Hoàng Thị Khánh,2.53,33,6.3,0,18,0,0,Thap
SV21307,Phạm Thị Giang,2.88,39,7.2,0,36,0,0,Thap
SV21308,Bùi Văn Khánh,2.68,33,6.7,0,15,0,0,Thap
SV21309,Vũ Anh Khánh,2.66,33,6.7,1,24,0,0,Thap
SV21310,Nguyễn Quang Dũng,2.4,33,6.0,1,24,0,0,Thap
SV21311,Trần Thị Bình,2.31,52,5.8,0,33,0,0,Thap
SV21312,Phạm Ngọc An,3.29,72,8.2,0,18,0,0,Thap
SV21313,Đặng Đức Bình,2.73,39,6.8,0,18,0,0,Thap
SV21314,Hoàng Minh Linh,2.53,38,6.3,0,21,0,0,Cao
SV21315,Phạm Văn An,2.47,39,6.2,0,18,0,0,Trung Binh
SV21316,Phạm Thị Cường,2.87,38,7.2,1,21,0,0,Thap
SV21317,Đặng Văn Khánh,2.4,87,6.0,2,15,0,0,Trung Binh
SV21318,Trần Quang Nam,2.4,67,6.0,3,18,0,0,Cao
SV21319,Trần Thị Cường,2.4,61,6.0,2,18,0,0,Cao
SV21320,Lê Anh Trang,2.52,56,6.3,1,18,0,0,Thap
SV21321,Vũ Thị Cường,2.43,33,6.1,0,18,1,1,Thap
SV21322,Vũ Văn Nam,2.7,38,6.8,1,21,0,0,Trung Binh
SV21323,Đặng Đức Cường,2.75,33,6.9,0,24,0,0,Thap
SV21324,Phạm Ngọc Giang,2.48,52,6.2,1,21,0,0,Thap
SV21325,Trần Anh Hương,2.13,100,5.3,1,15,0,0,Trung Binh
SV21326,Lê Thảo Linh,2.87,33,7.2,1,21,0,0,Thap
SV21327,Trần Văn Nam,2.5,67,6.2,2,18,0,0,Trung Binh
SV21328,Vũ Đức Cường,2.0,78,5.0,5,18,1,1,Cao
SV21329,Lê Văn Khánh,2.94,38,7.3,0,21,0,0,Thap
SV21330,Hoàng Quang Trang,2.3,78,5.8,2,18,0,0,Trung Binh
SV21331,Hoàng Anh An,2.57,43,6.4,0,21,0,0,Thap
SV21332,Đặng Quang Nam,2.74,33,6.8,0,21,0,0,Thap
SV21333,Đặng Thảo Nam,0.0,60,0.0,5,15,0,0,Cao
SV21334,Vũ Đức Giang,2.24,72,5.6,3,18,0,0,Trung Binh
SV21335,Vũ Minh Bình,2.66,33,6.6,0,21,0,0,Thap
SV21336,Phạm Minh Khánh,2.6,50,6.5,1,18,0,0,Trung Binh
SV21337,Nguyễn Anh Hương,2.52,38,6.3,1,21,0,0,Trung Binh
SV21338,Trần Ngọc Bình,2.56,33,6.4,0,15,1,1,Trung Binh
SV21339,Bùi Minh Cường,2.3,78,5.8,1,18,0,0,Cao
SV21340,Phạm Đức Nam,2.28,33,5.7,1,24,0,0,Thap
SV21341,Đặng Quang Linh,2.47,33,6.2,0,18,0,0,Thap
SV21342,Lê Thảo Trang,2.56,39,6.4,1,18,0,0,Thap
SV21343,Lê Văn Hương,2.4,53,6.0,0,15,0,0,Thap
SV21344,Phạm Đức An,2.6,44,6.5,1,18,0,0,Thap
SV21345,Bùi Quang Bình,2.37,33,5.9,0,18,1,1,Cao
SV21346,Bùi Đức Giang,2.8,44,7.0,0,18,0,0,Thap
SV21347,Đặng Đức Giang,2.47,33,6.2,0,18,0,0,Thap
SV21348,Bùi Văn An,2.61,48,6.5,2,21,0,0,Trung Binh
SV21349,Đặng Đức Cường,2.63,55,6.6,0,33,1,1,Trung Binh
SV21350,Hoàng Thị Bình,2.5,39,6.2,0,18,0,0,Thap
SV21351,Phạm Minh An,0.0,85,0.0,0,0,0,0,Thap
SV21352,Nguyễn Ngọc Giang,3.13,33,7.8,1,24,0,0,Thap
SV21353,Bùi Thị Dũng,2.43,33,6.1,0,18,0,0,Thap
SV21354,Bùi Đức Hương,0.0,0,0.0,6,18,0,0,Cao
SV21355,Nguyễn Quang Dũng,2.12,61,5.3,1,18,0,0,Trung Binh
SV21356,Nguyễn Anh Bình,2.69,56,6.7,0,18,0,0,Trung Binh
SV21357,Hoàng Ngọc Linh,2.35,44,5.9,2,18,0,0,Cao
SV21358,Bùi Minh Cường,0.0,67,0.0,5,15,1,1,Cao
SV21359,Lê Anh Dũng,0.0,85,0.0,0,0,0,0,Cao
SV21360,Trần Minh Hương,0.0,0,0.0,5,15,0,0,Cao
SV21361,Lê Thảo Trang,2.6,60,6.5,4,15,0,0,Cao
SV21362,Lê Thị Hương,2.67,33,6.7,1,24,0,0,Thap
SV21363,Lê Anh Giang,0.0,0,0.0,6,18,0,0,Cao
SV21364,Vũ Thị Giang,0.0,85,0.0,0,0,0,0,Thap
SV21365,Trần Anh Giang,2.74,33,6.8,1,21,0,0,Thap
SV21366,Trần Đức Giang,0.0,33,0.0,5,15,1,1,Cao
SV21367,Lê Quang Hương,2.69,44,6.7,0,27,0,0,Cao
SV21368,Phạm Thị Nam,2.44,33,6.1,1,24,0,0,Thap
SV21369,Nguyễn Anh Dũng,2.0,53,5.0,2,15,0,0,Cao
SV21370,Nguyễn Anh Hương,2.6,39,6.5,1,18,0,0,Thap
SV21371,Phạm Anh Giang,2.4,61,6.0,0,18,0,0,Thap
SV21372,Nguyễn Văn Bình,3.01,33,7.5,1,24,0,0,Thap
SV21373,Hoàng Ngọc Giang,2.4,44,6.0,0,18,0,0,Thap
SV21374,Lê Quang Cường,2.4,44,6.0,1,18,0,0,Thap
SV21375,Lê Thị Bình,2.73,33,6.8,4,21,0,0,Cao
SV21376,Bùi Anh Cường,0.0,85,0.0,0,0,0,0,Cao
SV21377,Trần Văn Giang,2.4,40,6.0,0,15,0,0,Trung Binh
SV21378,Vũ Quang Giang,0.0,85,0.0,0,0,0,0,Thap
SV21379,Phạm Minh Khánh,2.8,33,7.0,5,18,1,1,Cao
SV21380,Phạm Minh An,0.0,33,0.0,6,18,0,0,Cao
SV21381,Phạm Quang Linh,2.48,38,6.2,0,21,0,0,Thap
SV21382,Hoàng Minh Bình,0.0,0,0.0,7,21,0,0,Cao
SV21383,Lê Đức Cường,2.28,39,5.7,0,54,0,0,Thap
SV21384,Hoàng Văn Cường,2.67,33,6.7,1,21,0,0,Thap
SV21385,Phạm Thị Linh,3.0,33,7.5,0,18,0,0,Thap
SV21386,Vũ Văn Linh,2.1,60,5.2,3,15,0,0,Cao
SV21387,Trần Minh Giang,0.0,0,0.0,6,18,0,0,Cao
SV21388,Đặng Anh Linh,2.65,53,6.6,0,15,0,0,Thap
SV21389,Phạm Anh An,0.0,67,0.0,5,15,0,0,Cao
SV21390,Hoàng Đức Hương,2.3,47,5.8,1,15,0,0,Trung Binh
SV21391,Lê Quang Giang,2.78,33,6.9,0,24,0,0,Thap
SV21392,Trần Minh Hương,2.27,44,5.7,0,18,0,0,Thap
SV21393,Hoàng Quang Hương,0.0,85,0.0,0,0,1,1,Cao
SV21394,Hoàng Ngọc Khánh,2.57,39,6.4,0,18,0,0,Thap
SV21395,Phạm Anh An,2.32,33,5.8,1,18,1,1,Thap
SV21396,Bùi Đức Nam,2.28,50,5.7,1,18,0,0,Thap
SV21397,Vũ Thị Hương,2.67,61,6.7,0,18,0,0,Trung Binh
SV21398,Nguyễn Minh Cường,2.71,33,6.8,0,21,1,1,Thap
SV21399,Trần Thảo Dũng,2.37,62,5.9,1,21,0,0,Thap
SV21400,Bùi Ngọc Khánh,2.89,33,7.2,0,21,0,0,Thap
SV21401,Trần Đức Hương,0.0,85,0.0,0,0,0,0,Trung Binh
SV21402,Lê Văn Linh,2.46,44,6.1,0,18,0,0,Thap
SV21403,Đặng Quang Nam,2.88,47,7.2,0,15,0,0,Thap
SV21404,Lê Thị An,2.63,38,6.6,0,21,0,0,Thap
SV21405,Lê Anh Bình,0.0,40,0.0,5,15,1,1,Cao
SV21406,Phạm Minh Dũng,0.0,33,0.0,5,15,1,1,Cao
SV21407,Đặng Anh Cường,2.47,33,6.2,1,24,0,0,Thap
SV21408,Bùi Quang Nam,2.44,33,6.1,1,18,0,0,Trung Binh
SV21409,Bùi Đức An,2.1,56,5.2,2,18,0,0,Cao
SV21410,Nguyễn Văn An,2.12,33,5.3,0,15,0,0,Thap
SV21411,Bùi Thảo Cường,0.0,33,0.0,6,18,0,0,Cao
SV21412,Đặng Ngọc Cường,2.25,44,5.6,2,18,0,0,Thap
SV21413,Lê Anh Khánh,2.1,41,5.2,3,27,0,0,Thap
SV21414,Bùi Thị Hương,2.2,61,5.5,2,18,0,0,Trung Binh
SV21415,Hoàng Ngọc Cường,2.69,33,6.7,0,21,0,0,Thap
SV21416,Vũ Thị Trang,2.52,40,6.3,0,15,0,0,Thap
SV21417,Bùi Ngọc Giang,0.0,0,0.0,6,18,0,0,Cao
SV21418,Bùi Đức Bình,2.73,33,6.8,0,18,0,0,Thap
SV21419,Nguyễn Thảo Cường,2.32,33,5.8,0,15,1,1,Thap
SV21420,Bùi Ngọc Nam,2.51,50,6.3,0,18,0,0,Cao
SV21421,Vũ Quang Cường,2.36,39,5.9,1,18,0,0,Cao
SV21422,Lê Thị Linh,2.32,33,5.8,0,15,0,0,Trung Binh
SV21423,Trần Văn Linh,2.27,44,5.7,0,18,0,0,Thap
SV21424,Đặng Ngọc Khánh,2.13,33,5.3,0,18,0,0,Thap
SV21425,Lê Văn Dũng,2.7,67,6.8,1,15,0,0,Trung Binh
SV21426,Nguyễn Anh An,0.0,85,0.0,0,0,0,0,Thap
SV21427,Đặng Anh Linh,2.67,50,6.7,0,18,0,0,Thap
SV21428,Bùi Anh Nam,2.68,50,6.7,1,18,0,0,Trung Binh
SV21429,Đặng Văn Dũng,2.04,44,5.1,3,18,0,0,Trung Binh
SV21430,Lê Thị Linh,2.6,33,6.5,1,18,0,0,Thap
SV21431,Đặng Văn Bình,2.58,46,6.5,1,24,0,0,Thap
SV21432,Vũ Ngọc Dũng,2.4,67,6.0,2,18,0,0,Cao
SV21433,Vũ Quang Hương,2.17,50,5.4,0,18,0,0,Trung Binh
SV21434,Lê Minh Linh,3.07,33,7.7,0,18,0,0,Thap
SV21435,Lê Ngọc Bình,2.56,43,6.4,1,21,0,0,Trung Binh
SV21436,Hoàng Anh Cường,2.6,33,6.5,1,21,1,1,Cao
SV21437,Lê Ngọc Bình,2.7,61,6.8,4,18,1,1,Trung Binh
SV21438,Bùi Văn Khánh,2.5,39,6.2,0,18,0,0,Thap
SV21439,Trần Thị Hương,2.6,39,6.5,0,18,0,0,Thap
SV21440,Phạm Thị Bình,2.35,40,5.9,1,15,0,0,Thap
SV21441,Trần Anh Linh,2.5,33,6.2,1,15,0,0,Thap
SV21442,Đặng Quang Bình,2.32,37,5.8,0,51,0,0,Thap
SV21443,Đặng Minh Linh,2.8,33,7.0,0,18,0,0,Thap
SV21444,Đặng Ngọc Linh,0.0,44,0.0,6,18,1,1,Cao
SV21445,Vũ Quang Hương,2.76,33,6.9,0,15,0,0,Thap
SV21446,Hoàng Quang Giang,0.0,40,0.0,5,15,0,0,Cao
SV21447,Đặng Văn An,0.0,85,0.0,0,0,0,0,Cao
SV21448,Nguyễn Ngọc Giang,2.45,60,6.1,1,15,0,0,Cao
SV21449,Hoàng Anh Cường,2.3,67,5.8,3,18,0,0,Cao
SV21450,Hoàng Minh Nam,2.51,43,6.3,1,21,0,0,Thap
SV21451,Nguyễn Ngọc An,2.4,50,6.0,0,18,0,0,Cao
SV21452,Đặng Quang Trang,2.4,47,6.0,1,36,0,0,Thap
SV21453,Trần Đức Linh,0.0,85,0.0,0,0,0,0,Cao
SV21454,Vũ Đức Dũng,2.4,43,6.0,1,21,0,0,Thap
SV21455,Bùi Thị Bình,2.32,60,5.8,1,15,0,0,Trung Binh
SV21456,Phạm Ngọc Dũng,0.0,33,0.0,5,15,0,0,Cao
SV21457,Hoàng Thảo Hương,2.4,60,6.0,0,15,0,0,Trung Binh
SV21458,Vũ Quang Dũng,2.8,38,7.0,1,21,0,0,Trung Binh
SV21459,Hoàng Minh Khánh,2.5,56,6.2,2,18,0,0,Trung Binh
SV21460,Bùi Thị Khánh,0.0,33,0.0,5,15,0,0,Cao
SV21461,Đặng Ngọc Bình,2.1,83,5.2,2,18,0,0,Cao
SV21462,Trần Thảo Bình,2.57,44,6.4,1,18,0,0,Thap
SV21463,Đặng Minh Nam,2.33,47,5.8,2,15,0,0,Trung Binh
SV21464,Phạm Văn Nam,2.6,47,6.5,3,15,0,0,Cao
SV21465,Đặng Văn Trang,2.37,44,5.9,0,18,0,0,Trung Binh
SV21466,Hoàng Thị Bình,2.49,33,6.2,0,33,0,0,Thap
SV21467,Bùi Ngọc Hương,2.2,40,5.5,2,15,0,0,Cao
SV21468,Nguyễn Quang Linh,2.64,67,6.6,1,15,0,0,Trung Binh
SV21469,Trần Thảo Nam,3.1,33,7.8,0,18,0,0,Thap
SV21470,Vũ Anh Nam,2.47,44,6.2,0,18,0,0,Thap
SV21471,Bùi Anh Nam,2.4,87,6.0,0,15,0,0,Trung Binh
SV21472,Nguyễn Minh Cường,2.32,67,5.8,2,18,0,0,Trung Binh
SV21473,Nguyễn Minh Bình,2.27,39,5.7,0,18,0,0,Thap
SV21474,Phạm Đức Dũng,0.0,67,0.0,6,18,0,0,Cao
SV21475,Trần Quang Cường,2.4,47,6.0,1,15,0,0,Trung Binh
SV21476,Hoàng Minh An,2.4,73,6.0,1,15,0,0,Thap
SV21477,Vũ Thảo Linh,2.5,73,6.2,3,15,1,1,Cao
SV21478,Phạm Minh Giang,2.73,33,6.8,0,36,0,0,Thap
SV21479,Nguyễn Thị Khánh,2.9,94,7.2,4,18,1,1,Cao
SV21480,Trần Anh An,2.64,56,6.6,2,18,0,0,Cao
SV21481,Phạm Minh Nam,2.43,52,6.1,2,21,0,0,Cao
SV21482,Bùi Quang Trang,2.25,56,5.6,2,18,0,0,Thap
SV21483,Đặng Quang Giang,3.03,44,7.6,0,18,0,0,Thap
SV21484,Hoàng Minh Giang,2.23,44,5.6,0,18,0,0,Thap
SV21485,Nguyễn Thảo An,2.2,38,5.5,1,21,0,0,Thap
SV21486,Phạm Quang Nam,2.15,44,5.4,2,18,0,0,Thap
SV21487,Vũ Văn Giang,2.68,42,6.7,1,36,0,0,Thap
SV21488,Phạm Minh Cường,2.26,44,5.6,0,18,0,0,Trung Binh
SV21489,Phạm Anh Trang,0.0,72,0.0,6,18,0,0,Cao
SV21490,Nguyễn Anh Hương,2.6,47,6.5,1,15,0,0,Thap
SV21491,Bùi Quang Nam,3.22,50,8.1,0,18,0,0,Thap
SV21492,Lê Quang Bình,2.3,44,5.8,0,18,0,0,Thap
SV21493,Bùi Ngọc Cường,2.15,83,5.4,2,18,0,0,Cao
SV21494,Phạm Văn Khánh,2.32,56,5.8,2,18,0,0,Thap
SV21495,Nguyễn Anh Bình,0.0,100,0.0,7,21,1,1,Cao
SV21496,Hoàng Anh Dũng,2.76,33,6.9,0,15,0,0,Thap
SV21497,Đặng Thị Nam,2.72,38,6.8,0,21,0,0,Thap
SV21498,Nguyễn Ngọc Hương,2.77,44,6.9,0,18,0,0,Thap
SV21499,Bùi Ngọc An,2.4,67,6.0,1,18,0,0,Trung Binh
SV21500,Phạm Anh Khánh,2.69,50,6.7,0,18,0,0,Thap
SV21501,Hoàng Anh Bình,2.8,33,7.0,0,18,0,0,Thap
SV21502,Nguyễn Thảo Linh,2.4,56,6.0,5,18,1,1,Cao
SV21503,Đặng Đức Bình,2.84,33,7.1,0,15,0,0,Thap
SV21504,Lê Đức Hương,2.67,52,6.7,2,21,0,0,Trung Binh
SV21505,Phạm Đức Giang,2.49,50,6.2,1,24,0,0,Trung Binh
SV21506,Phạm Thảo Hương,2.2,67,5.5,3,18,0,0,Cao
SV21507,Vũ Văn Dũng,2.1,87,5.2,1,15,0,0,Trung Binh
SV21508,Hoàng Đức Cường,0.0,85,0.0,0,0,0,0,Thap
SV21509,Hoàng Văn An,2.8,33,7.0,0,39,0,0,Thap
SV21510,Vũ Ngọc Trang,0.0,0,0.0,7,21,0,0,Cao
SV21511,Hoàng Đức Giang,0.0,33,0.0,1,3,0,0,Cao
SV21512,Trần Ngọc Giang,2.0,53,5.0,1,15,0,0,Trung Binh
SV21513,Vũ Thảo Bình,0.0,85,0.0,0,0,0,0,Thap
SV21514,Vũ Văn Dũng,2.7,33,6.8,0,18,0,0,Thap
SV21515,Vũ Thị Cường,0.0,0,0.0,7,21,0,0,Cao
SV21516,Nguyễn Minh Hương,2.68,35,6.7,0,51,0,0,Thap
SV21517,Nguyễn Đức Hương,0.0,0,0.0,7,21,0,0,Cao
SV21518,Phạm Thảo Nam,2.72,33,6.8,0,36,0,0,Thap
SV21519,Phạm Thị Trang,0.0,85,0.0,0,0,0,0,Trung Binh
SV21520,Vũ Văn Dũng,0.0,33,0.0,5,15,1,1,Cao
SV21521,Đặng Đức An,2.0,60,5.0,4,15,0,0,Cao
SV21522,Bùi Đức Trang,3.04,33,7.6,0,15,0,0,Thap
SV21523,Phạm Minh Hương,2.56,67,6.4,2,18,0,0,Cao
SV21524,Hoàng Thị Nam,2.23,47,5.6,0,15,0,0,Cao
SV21525,Trần Anh Hương,0.0,85,0.0,0,0,0,0,Trung Binh
SV21526,Đặng Thảo Giang,2.57,38,6.4,1,24,0,0,Thap
SV21527,Nguyễn Văn Khánh,2.5,33,6.2,0,18,1,1,Cao
SV21528,Trần Quang Dũng,2.0,80,5.0,2,15,0,0,Thap
SV21529,Nguyễn Ngọc Giang,2.3,33,5.8,0,18,0,0,Thap
SV21530,Phạm Anh Khánh,2.27,46,5.7,1,24,1,1,Cao
SV21531,Phạm Quang Cường,2.6,83,6.5,4,18,0,0,Trung Binh
SV21532,Nguyễn Thảo Linh,2.61,33,6.5,1,21,0,0,Thap
SV21533,Nguyễn Quang Nam,2.43,44,6.1,0,18,0,0,Thap
SV21534,Bùi Thảo Hương,2.9,40,7.2,1,15,1,1,Trung Binh
SV21535,Lê Đức Linh,2.88,47,7.2,0,15,0,0,Thap
SV21536,Lê Anh Nam,2.45,56,6.1,2,18,0,0,Trung Binh
SV21537,Hoàng Thị Bình,0.0,67,0.0,7,21,0,0,Cao
SV21538,Phạm Anh Khánh,2.53,33,6.3,0,18,0,0,Thap
SV21539,Phạm Thị Dũng,2.4,78,6.0,4,18,1,1,Cao
SV21540,Trần Thảo Nam,0.0,40,0.0,5,15,0,0,Cao
SV21541,Đặng Anh Linh,2.33,33,5.8,2,15,0,0,Cao
SV21542,Bùi Đức Bình,0.0,0,0.0,6,18,0,0,Cao
SV21543,Lê Quang Hương,2.0,80,5.0,4,15,0,0,Cao
SV21544,Nguyễn Văn Trang,0.0,38,0.0,7,21,0,0,Cao
SV21545,Phạm Quang Trang,2.45,61,6.1,2,18,0,0,Cao
SV21546,Nguyễn Thị Nam,2.4,56,6.0,2,18,0,0,Thap
SV21547,Trần Minh Cường,2.52,39,6.3,1,18,0,0,Trung Binh
SV21548,Lê Anh Giang,0.0,33,0.0,5,15,0,0,Cao
SV21549,Bùi Thảo Dũng,0.0,33,0.0,5,15,0,0,Cao
SV21550,Đặng Quang An,0.0,33,0.0,8,24,0,0,Cao
SV21551,Nguyễn Quang Dũng,2.54,33,6.3,0,48,0,0,Thap
SV21552,Vũ Thảo Hương,2.08,56,5.2,3,39,0,0,Thap
SV21553,Phạm Văn Nam,2.09,58,5.2,1,45,0,0,Thap
SV21554,Vũ Thị Trang,2.87,67,7.2,0,15,0,0,Thap
SV21555,Nguyễn Thị Giang,2.93,33,7.3,1,21,0,0,Thap
SV21556,Phạm Đức Nam,2.57,33,6.4,0,21,0,0,Thap
SV21557,Lê Thảo Hương,0.0,33,0.0,5,15,0,0,Cao
SV21558,Nguyễn Thị Hương,0.0,60,0.0,5,15,1,1,Trung Binh
SV21559,Lê Thị Trang,0.0,85,0.0,0,0,0,0,Cao
SV21560,Hoàng Ngọc Giang,2.65,33,6.6,0,24,0,0,Thap
SV21561,Vũ Ngọc Hương,2.57,48,6.4,0,21,0,0,Trung Binh
SV21562,Vũ Thị Trang,2.72,67,6.8,1,18,0,0,Trung Binh
SV21563,Vũ Anh Cường,2.8,40,7.0,2,15,0,0,Thap
SV21564,Vũ Ngọc Linh,2.4,61,6.0,3,18,1,1,Trung Binh
SV21565,Phạm Anh An,2.63,50,6.6,0,18,0,0,Trung Binh
SV21566,Nguyễn Thảo Bình,2.72,44,6.8,0,18,0,0,Thap
SV21567,Lê Quang Hương,2.97,38,7.4,0,21,0,0,Thap
SV21568,Nguyễn Thảo Dũng,2.15,60,5.4,1,15,0,0,Thap
SV21569,Lê Đức Linh,0.0,52,0.0,7,21,1,1,Trung Binh
SV21570,Bùi Minh Trang,0.0,0,0.0,6,18,0,0,Cao
SV21571,Vũ Văn Giang,2.8,39,7.0,0,36,0,0,Trung Binh
SV21572,Nguyễn Thị Cường,0.0,44,0.0,6,18,1,1,Cao
SV21573,Đặng Quang Hương,0.0,33,0.0,5,15,0,0,Cao
SV21574,Vũ Thị Trang,2.6,94,6.5,1,18,1,1,Cao
SV21575,Vũ Đức Cường,2.48,50,6.2,0,24,0,0,Thap
SV21576,Hoàng Minh Bình,0.0,85,0.0,0,0,0,0,Thap
SV21577,Nguyễn Minh Giang,2.28,56,5.7,1,18,0,0,Cao
SV21578,Bùi Thị Bình,2.25,60,5.6,1,15,0,0,Trung Binh
SV21579,Đặng Thảo Trang,2.6,47,6.5,2,15,1,1,Cao
SV21580,Bùi Ngọc Dũng,0.0,85,0.0,0,0,0,0,Trung Binh
SV21581,Đặng Ngọc An,2.7,33,6.8,0,18,0,0,Thap
SV21582,Lê Quang An,2.2,61,5.5,5,18,0,0,Trung Binh
SV21583,Lê Đức Linh,0.0,60,0.0,5,15,0,0,Cao
SV21584,Trần Ngọc Hương,2.4,50,6.0,1,18,0,0,Cao
SV21585,Phạm Văn Giang,2.6,44,6.5,1,18,0,0,Thap
SV21586,Trần Đức Giang,0.0,85,0.0,0,0,0,0,Thap
SV21587,Phạm Thảo Trang,2.4,53,6.0,1,15,0,0,Trung Binh
SV21588,Đặng Minh Giang,2.23,67,5.6,0,15,0,0,Trung Binh
SV21589,Bùi Thị Linh,2.1,72,5.2,4,18,0,0,Cao
SV21590,Trần Quang Linh,2.53,39,6.3,0,18,0,0,Thap
SV21591,Bùi Minh Hương,2.2,33,5.5,5,18,0,0,Cao
SV21592,Hoàng Minh Nam,0.0,85,0.0,0,0,0,0,Cao
SV21593,Hoàng Minh Trang,2.3,40,5.8,1,15,0,0,Trung Binh
SV21594,Phạm Văn Hương,0.0,85,0.0,0,0,1,1,Cao
SV21595,Bùi Quang Bình,2.1,67,5.2,3,15,0,0,Trung Binh
SV21596,Lê Văn Nam,2.5,53,6.2,1,15,0,0,Trung Binh
SV21597,Hoàng Quang An,2.57,43,6.4,1,21,0,0,Trung Binh
SV21598,Lê Đức Dũng,3.11,39,7.8,0,18,0,0,Thap
SV21599,Hoàng Ngọc Cường,2.4,56,6.0,2,18,0,0,Cao
SV21600,Lê Văn Khánh,2.25,33,5.6,2,18,1,1,Cao
SV21601,Lê Thị An,0.0,85,0.0,0,0,0,0,Thap
SV21602,Trần Anh Dũng,2.46,56,6.1,0,18,0,0,Trung Binh
SV21603,Hoàng Đức Giang,2.2,67,5.5,1,18,0,0,Trung Binh
SV21604,Lê Thị Dũng,2.43,44,6.1,0,18,0,0,Thap
SV21605,Nguyễn Thị An,2.3,61,5.8,4,18,1,1,Cao
SV21606,Trần Thị Dũng,2.51,44,6.3,1,36,1,1,Trung Binh
SV21607,Phạm Quang Trang,2.6,56,6.5,2,18,0,0,Thap
SV21608,Lê Minh Nam,2.58,38,6.4,0,24,0,0,Thap
SV21609,Nguyễn Anh Trang,2.53,33,6.3,0,18,0,0,Trung Binh
SV21610,Nguyễn Văn Hương,2.57,39,6.4,0,18,0,0,Thap
SV21611,Trần Thảo Nam,2.13,67,5.3,2,15,0,0,Cao
SV21612,Hoàng Đức Giang,2.6,73,6.5,0,15,0,0,Trung Binh
SV21613,Bùi Minh Linh,2.4,52,6.0,1,21,0,0,Thap
SV21614,Lê Anh Cường,0.0,60,0.0,5,15,0,0,Cao
SV21615,Phạm Thị Cường,2.37,33,5.9,0,18,0,0,Thap
SV21616,Lê Anh Khánh,2.53,100,6.3,3,18,0,0,Cao
SV21617,Đặng Quang Khánh,2.75,60,6.9,1,15,0,0,Thap
SV21618,Trần Thảo Giang,2.28,44,5.7,1,18,0,0,Cao
SV21619,Hoàng Ngọc Dũng,2.63,44,6.6,0,18,0,0,Cao
SV21620,Đặng Thị Dũng,2.57,48,6.4,1,21,0,0,Thap
SV21621,Đặng Thị Dũng,2.82,44,7.1,0,18,0,0,Thap
SV21622,Hoàng Anh Linh,2.33,67,5.8,2,15,0,0,Thap
SV21623,Nguyễn Thảo Cường,2.05,86,5.1,1,21,0,0,Cao
SV21624,Bùi Quang Nam,2.5,76,6.3,1,21,0,0,Cao
SV21625,Lê Đức Trang,2.3,44,5.8,3,39,0,0,Cao
SV21626,Đặng Minh Giang,2.0,33,5.0,4,15,0,0,Cao
SV21627,Nguyễn Minh Linh,3.14,39,7.9,0,18,0,0,Thap
SV21628,Lê Thảo Dũng,2.5,50,6.2,2,18,0,0,Cao
SV21629,Trần Anh Linh,2.4,40,6.0,2,15,0,0,Cao
SV21630,Bùi Thị Dũng,0.0,73,0.0,5,15,1,1,Cao
SV21631,Lê Thị Nam,2.45,60,6.1,1,15,0,0,Thap
SV21632,Nguyễn Quang Giang,0.0,42,0.0,4,12,1,1,Cao
SV21633,Bùi Đức Khánh,2.72,33,6.8,0,15,0,0,Thap
SV21634,Hoàng Anh Giang,2.66,36,6.7,0,39,0,0,Trung Binh
SV21635,Vũ Văn Nam,2.44,40,6.1,0,15,0,0,Thap
SV21636,Hoàng Văn Hương,2.46,39,6.1,0,18,0,0,Thap
SV21637,Vũ Anh Nam,2.4,80,6.0,2,15,0,0,Thap
SV21638,Trần Thảo Khánh,2.67,43,6.7,1,21,0,0,Thap
SV21639,Đặng Ngọc Giang,0.0,33,0.0,5,15,1,1,Cao
SV21640,Hoàng Đức Cường,2.85,33,7.1,1,36,0,0,Thap
SV21641,Bùi Minh Hương,2.43,43,6.1,0,21,0,0,Thap
SV21642,Đặng Đức Hương,2.83,39,7.1,0,18,0,0,Thap
SV21643,Lê Quang Dũng,2.71,33,6.8,0,21,0,0,Thap
SV21644,Đặng Văn Giang,2.4,44,6.0,1,18,0,0,Thap
SV21645,Hoàng Quang Trang,2.28,33,5.7,0,15,0,0,Cao
SV21646,Trần Ngọc Giang,0.0,85,0.0,0,0,0,0,Cao
SV21647,Nguyễn Thảo Cường,2.58,33,6.5,0,36,0,0,Thap
SV21648,Vũ Văn Hương,2.73,38,6.8,0,21,0,0,Thap
SV21649,Phạm Quang Linh,2.58,48,6.4,0,21,0,0,Cao
SV21650,Vũ Anh Hương,2.87,33,7.2,1,24,0,0,Thap
SV21651,Hoàng Thảo An,2.9,33,7.3,1,24,0,0,Trung Binh
SV21652,Bùi Minh Khánh,2.94,33,7.4,1,24,0,0,Thap
SV21653,Đặng Thị Trang,3.04,33,7.6,0,15,0,0,Trung Binh
SV21654,Bùi Minh Bình,2.6,33,6.5,0,21,0,0,Thap
SV21655,Đặng Ngọc Nam,2.7,33,6.8,0,18,0,0,Cao
SV21656,Nguyễn Minh Trang,2.47,73,6.2,0,15,0,0,Thap
SV21657,Vũ Văn An,2.68,40,6.7,0,15,0,0,Thap
SV21658,Phạm Thảo Dũng,2.35,47,5.9,1,15,0,0,Trung Binh
SV21659,Đặng Văn Giang,0.0,85,0.0,0,0,0,0,Thap
SV21660,Hoàng Ngọc An,0.0,85,0.0,0,0,0,0,Trung Binh
SV21661,Nguyễn Quang Nam,2.95,47,7.4,1,36,0,0,Thap
SV21662,Lê Đức An,3.31,39,8.3,0,18,0,0,Thap
SV21663,Nguyễn Quang Linh,3.03,48,7.6,0,21,0,0,Thap
SV21664,Trần Thảo Khánh,2.69,33,6.7,0,21,0,0,Thap
SV21665,Lê Ngọc An,2.83,53,7.1,0,15,0,0,Thap
SV21666,Đặng Quang Trang,2.8,39,7.0,0,18,0,0,Trung Binh
SV21667,Đặng Anh Nam,2.27,50,5.7,0,18,0,0,Thap
SV21668,Nguyễn Thị Nam,2.75,33,6.9,0,24,0,0,Thap
SV21669,Hoàng Văn Hương,2.32,43,5.8,2,21,1,1,Cao
SV21670,Vũ Đức Dũng,2.55,39,6.4,2,18,1,1,Thap
SV21671,Hoàng Minh An,2.5,80,6.2,1,15,0,0,Trung Binh
SV21672,Đặng Văn Khánh,3.06,72,7.7,0,18,0,0,Thap
SV21673,Bùi Văn An,2.66,67,6.6,1,18,0,0,Cao
SV21674,Lê Thị Dũng,2.95,33,7.4,0,21,0,0,Thap
SV21675,Bùi Thảo Dũng,2.55,33,6.4,1,21,0,0,Thap
SV21676,Trần Văn Cường,2.08,33,5.2,0,15,0,0,Cao
SV21677,Lê Đức Cường,0.0,0,0.0,7,21,0,0,Cao
SV21678,Bùi Ngọc Trang,2.1,67,5.2,1,15,0,0,Thap
SV21679,Nguyễn Ngọc Bình,2.85,40,7.1,1,15,0,0,Thap
SV21680,Hoàng Quang Dũng,2.38,52,6.0,4,21,0,0,Cao
SV21681,Bùi Minh Cường,2.13,67,5.3,2,15,0,0,Trung Binh
SV21682,Vũ Văn An,2.45,61,6.1,2,18,0,0,Trung Binh
SV21683,Nguyễn Thảo Cường,2.4,33,6.0,1,15,1,1,Cao
SV21684,Hoàng Văn Giang,2.2,47,5.5,2,15,0,0,Cao
SV21685,Lê Thảo Hương,2.83,33,7.1,0,18,0,0,Thap
SV21686,Bùi Anh Cường,2.93,33,7.3,0,18,0,0,Thap
SV21687,Lê Đức Trang,0.0,73,0.0,5,15,0,0,Thap
SV21688,Nguyễn Đức Dũng,2.53,38,6.3,4,21,1,1,Cao
SV21689,Phạm Quang Bình,0.0,85,0.0,0,0,0,0,Trung Binh
SV21690,Bùi Ngọc Cường,0.0,85,0.0,0,0,0,0,Cao
SV21691,Nguyễn Anh Linh,0.0,0,0.0,5,15,0,0,Cao
SV21692,Đặng Ngọc Linh,0.0,0,0.0,6,18,0,0,Cao
SV21693,Đặng Minh Bình,2.74,33,6.8,0,21,0,0,Thap
SV21694,Bùi Quang Cường,2.36,47,5.9,0,15,0,0,Trung Binh
SV21695,Lê Thị Dũng,0.0,0,0.0,5,15,0,0,Cao
SV21696,Bùi Thảo An,2.67,33,6.7,0,18,0,0,Thap
SV21697,Nguyễn Đức Giang,2.28,39,5.7,1,18,0,0,Thap
SV21698,Lê Anh An,0.0,33,0.0,5,15,0,0,Cao
SV21699,Vũ Văn Giang,3.23,33,8.1,0,21,0,0,Cao
SV21700,Nguyễn Đức Giang,0.0,33,0.0,8,24,0,0,Cao
SV21701,Vũ Thảo An,3.13,33,7.8,0,24,0,0,Thap
SV21702,Vũ Thị Nam,2.73,33,6.8,0,18,0,0,Thap
SV21703,Lê Ngọc Giang,0.0,0,0.0,6,18,0,0,Cao
SV21704,Lê Thị Khánh,2.5,44,6.2,0,18,0,0,Thap
SV21705,Phạm Văn Dũng,2.46,44,6.1,0,18,0,0,Thap
SV21706,Vũ Quang Khánh,2.8,67,7.0,3,15,0,0,Trung Binh
SV21707,Vũ Quang Cường,0.0,85,0.0,0,0,0,0,Cao
SV21708,Bùi Ngọc Linh,2.15,33,5.4,1,15,0,0,Trung Binh
SV21709,Phạm Anh Linh,2.59,67,6.5,3,21,0,0,Cao
SV21710,Trần Quang Trang,2.49,33,6.2,1,21,0,0,Thap
SV21711,Nguyễn Văn Linh,2.45,67,6.1,2,18,0,0,Trung Binh
SV21712,Trần Ngọc Trang,2.68,33,6.7,0,24,0,0,Thap
SV21713,Nguyễn Thị Hương,2.43,48,6.1,2,21,0,0,Cao
SV21714,Trần Anh Nam,2.5,61,6.2,2,18,1,1,Trung Binh
SV21715,Hoàng Thị Trang,2.55,44,6.4,0,18,0,0,Thap
SV21716,Phạm Văn An,2.67,33,6.7,0,24,0,0,Thap
SV21717,Lê Văn Khánh,2.84,48,7.1,0,21,0,0,Thap
SV21718,Lê Minh Trang,2.0,67,5.0,7,24,0,0,Trung Binh
SV21719,Trần Văn Cường,0.0,60,0.0,5,15,0,0,Cao
SV21720,Bùi Thị Linh,0.0,47,0.0,5,15,0,0,Cao
SV21721,Trần Ngọc Hương,2.4,40,6.0,0,15,0,0,Thap
SV21722,Trần Minh Khánh,2.11,44,5.3,0,18,0,0,Thap
SV21723,Đặng Minh Hương,2.83,53,7.1,1,36,0,0,Thap
SV21724,Phạm Minh Nam,2.23,50,5.6,0,18,0,0,Thap
SV21725,Vũ Đức Cường,2.4,39,6.0,0,51,0,0,Thap
SV21726,Phạm Minh Bình,2.27,73,5.7,2,15,0,0,Cao
SV21727,Vũ Anh Bình,2.52,35,6.3,0,48,0,0,Thap
SV21728,Vũ Minh Hương,2.4,61,6.0,2,18,0,0,Trung Binh
SV21729,Đặng Minh Trang,0.0,0,0.0,6,18,0,0,Cao
SV21730,Nguyễn Văn Hương,2.45,36,6.1,0,36,0,0,Thap
SV21731,Nguyễn Minh Dũng,2.32,47,5.8,0,15,0,0,Thap
SV21732,Lê Đức Bình,2.6,47,6.5,1,15,0,0,Cao
SV21733,Hoàng Đức An,2.13,73,5.3,2,15,1,1,Cao
SV21734,Lê Thị Nam,2.47,64,6.2,2,33,0,0,Trung Binh
SV21735,Trần Anh Hương,2.2,47,5.5,3,15,0,0,Cao
SV21736,Lê Thảo Giang,2.69,48,6.7,1,21,0,0,Thap
SV21737,Lê Thảo Hương,2.61,42,6.5,0,24,0,0,Thap
SV21738,Phạm Thị Nam,2.41,48,6.0,1,21,0,0,Trung Binh
SV21739,Hoàng Đức An,2.83,33,7.1,0,18,0,0,Thap
SV21740,Nguyễn Anh Dũng,0.0,33,0.0,6,18,0,0,Cao
SV21741,Đặng Văn Nam,2.72,61,6.8,1,18,0,0,Cao
SV21742,Phạm Minh An,2.44,39,6.1,1,18,0,0,Trung Binh
SV21743,Trần Đức Nam,2.74,44,6.9,0,18,0,0,Cao
SV21744,Hoàng Ngọc Trang,2.33,56,5.8,3,18,1,1,Cao
SV21745,Bùi Thảo Hương,2.8,50,7.0,5,18,1,1,Cao
SV21746,Bùi Ngọc An,2.5,100,6.2,2,18,0,0,Cao
SV21747,Trần Thị Hương,2.37,61,5.9,1,18,1,1,Cao
SV21748,Trần Minh Dũng,0.0,33,0.0,6,18,0,0,Cao
SV21749,Lê Anh Nam,0.0,0,0.0,6,18,1,1,Cao
SV21750,Phạm Quang Dũng,2.31,35,5.8,4,51,0,0,Cao
SV21751,Hoàng Minh Nam,2.26,52,5.6,2,27,0,0,Trung Binh
SV21752,Lê Thị Cường,0.0,85,0.0,0,0,0,0,Thap
SV21753,Bùi Đức An,2.36,39,5.9,1,18,0,0,Trung Binh
SV21754,Lê Văn Nam,0.0,100,0.0,5,15,0,0,Trung Binh
SV21755,Trần Thị Dũng,0.0,33,0.0,5,15,1,1,Cao
SV21756,Hoàng Thảo Khánh,2.84,33,7.1,0,15,0,0,Trung Binh
SV21757,Nguyễn Anh Khánh,2.54,33,6.4,2,36,1,1,Trung Binh
SV21758,Đặng Thảo Dũng,2.53,56,6.3,3,18,0,0,Cao
SV21759,Đặng Thảo An,2.89,39,7.2,0,18,0,0,Thap
SV21760,Nguyễn Ngọc Giang,2.62,33,6.6,0,21,0,0,Thap
SV21761,Lê Thảo Bình,2.53,39,6.3,0,18,1,1,Thap
SV21762,Bùi Minh Bình,0.0,85,0.0,0,0,0,0,Cao
SV21763,Lê Ngọc Trang,3.06,39,7.6,0,18,0,0,Thap
SV21764,Nguyễn Minh Bình,2.1,80,5.2,2,15,1,1,Thap
SV21765,Vũ Thảo Khánh,2.53,33,6.3,0,33,0,0,Thap
SV21766,Trần Thị Hương,0.0,40,0.0,5,15,0,0,Cao
SV21767,Đặng Minh Dũng,2.87,33,7.2,6,27,1,1,Cao
SV21768,Lê Quang Linh,3.02,58,7.6,0,24,0,0,Trung Binh
SV21769,Vũ Minh Trang,0.0,0,0.0,7,21,0,0,Cao
SV21770,Vũ Văn Khánh,2.4,76,6.0,4,21,1,1,Trung Binh
SV21771,Bùi Minh Linh,2.85,56,7.1,2,18,0,0,Trung Binh
SV21772,Lê Ngọc Trang,2.1,80,5.2,3,15,0,0,Trung Binh
SV21773,Nguyễn Văn Hương,2.7,39,6.8,0,18,0,0,Thap
SV21774,Lê Văn Khánh,2.33,78,5.8,1,18,0,0,Trung Binh
SV21775,Nguyễn Đức An,2.16,72,5.4,1,18,0,0,Trung Binh
SV21776,Vũ Anh Nam,0.0,33,0.0,4,12,0,0,Cao
SV21777,Trần Thảo Giang,2.56,41,6.4,0,27,0,0,Thap
SV21778,Trần Anh Trang,2.16,40,5.4,0,15,1,1,Cao
SV21779,Lê Minh Hương,2.28,53,5.7,1,15,0,0,Thap
SV21780,Trần Thảo Dũng,2.75,33,6.9,0,21,0,0,Thap
SV21781,Trần Đức Giang,2.56,33,6.4,1,18,0,0,Trung Binh
SV21782,Đặng Đức Bình,2.7,33,6.8,0,18,0,0,Thap
SV21783,Trần Quang Hương,3.11,33,7.8,1,24,0,0,Cao
SV21784,Bùi Minh Trang,2.2,67,5.5,1,15,1,1,Trung Binh
SV21785,Nguyễn Anh Dũng,2.82,33,7.1,0,21,0,0,Cao
SV21786,Vũ Thảo Khánh,2.2,80,5.5,2,15,0,0,Trung Binh
SV21787,Hoàng Minh Hương,0.0,0,0.0,6,18,0,0,Cao
SV21788,Bùi Đức An,2.7,40,6.8,1,15,0,0,Thap
SV21789,Đặng Minh Hương,2.25,50,5.6,2,18,0,0,Cao
SV21790,Trần Văn An,2.43,39,6.1,0,18,0,0,Thap
SV21791,Vũ Ngọc Giang,2.62,33,6.5,1,24,0,0,Thap
SV21792,Bùi Anh Giang,0.0,0,0.0,5,15,0,0,Cao
SV21793,Nguyễn Thị Giang,2.2,60,5.5,2,15,1,1,Cao
SV21794,Trần Quang Cường,0.0,89,0.0,6,18,0,0,Cao
SV21795,Hoàng Quang Dũng,2.62,57,6.6,3,21,0,0,Trung Binh
SV21796,Lê Minh Dũng,2.7,33,6.8,1,24,0,0,Thap
SV21797,Hoàng Văn Dũng,2.57,39,6.4,0,18,0,0,Thap
SV21798,Phạm Đức Linh,3.0,53,7.5,2,15,0,0,Cao
SV21799,Trần Quang Nam,2.56,67,6.4,1,18,1,1,Cao
SV21800,Hoàng Anh Trang,2.47,78,6.2,3,18,1,1,Cao
SV21801,Phạm Thảo Nam,2.46,62,6.1,3,24,0,0,Cao
SV21802,Hoàng Quang Khánh,2.47,58,6.2,0,36,0,0,Thap
SV21803,Bùi Anh Dũng,2.3,60,5.8,1,15,0,0,Thap
SV21804,Vũ Thị An,2.37,33,5.9,0,18,0,0,Cao
SV21805,Trần Thị Khánh,0.0,33,0.0,5,15,1,1,Cao
SV21806,Bùi Văn An,0.0,33,0.0,5,15,0,0,Cao
SV21807,Hoàng Anh Nam,2.36,67,5.9,0,15,0,0,Trung Binh
SV21808,Vũ Minh Cường,0.0,0,0.0,6,18,0,0,Cao
SV21809,Đặng Ngọc Nam,2.44,40,6.1,0,15,0,0,Trung Binh
SV21810,Vũ Anh Trang,2.47,33,6.2,0,18,0,0,Thap
SV21811,Đặng Văn Khánh,2.49,39,6.2,0,18,0,0,Thap
SV21812,Bùi Minh Nam,2.55,33,6.4,0,21,0,0,Thap
SV21813,Đặng Ngọc Nam,2.42,52,6.0,2,21,0,0,Cao
SV21814,Hoàng Quang Giang,2.4,67,6.0,0,15,0,0,Thap
SV21815,Đặng Anh Dũng,0.0,33,0.0,6,18,0,0,Cao
SV21816,Đặng Thảo Khánh,2.98,56,7.4,0,18,1,1,Trung Binh
SV21817,Hoàng Văn Khánh,2.27,45,5.7,1,42,0,0,Thap
SV21818,Bùi Anh Bình,2.7,33,6.8,0,18,0,0,Thap
SV21819,Hoàng Ngọc Bình,0.0,33,0.0,6,18,1,1,Cao
SV21820,Vũ Ngọc Hương,2.78,33,6.9,0,21,0,0,Cao
SV21821,Nguyễn Ngọc An,2.6,67,6.5,1,18,0,0,Trung Binh
SV21822,Vũ Minh Trang,2.53,52,6.3,3,21,0,0,Trung Binh
SV21823,Lê Ngọc Trang,2.2,67,5.5,4,15,0,0,Trung Binh
SV21824,Trần Quang Cường,2.33,67,5.8,4,18,0,0,Cao
SV21825,Phạm Thị Nam,2.9,33,7.2,0,18,0,0,Thap
SV21826,Trần Đức Khánh,2.94,39,7.4,0,18,0,0,Thap
SV21827,Đặng Quang Hương,2.66,39,6.6,0,18,0,0,Thap
SV21828,Đặng Minh Hương,2.27,87,5.7,2,15,0,0,Trung Binh
SV21829,Đặng Ngọc Linh,0.0,33,0.0,7,21,1,1,Cao
SV21830,Bùi Minh Nam,2.31,73,5.8,1,15,0,0,Trung Binh
SV21831,Đặng Văn An,2.6,56,6.5,1,18,1,1,Cao
SV21832,Lê Minh Trang,2.3,50,5.8,0,18,0,0,Thap
SV21833,Bùi Quang Trang,2.36,53,5.9,0,15,0,0,Thap
SV21834,Nguyễn Anh Bình,2.13,47,5.3,2,15,0,0,Cao
SV21835,Trần Minh Hương,2.78,52,6.9,1,21,0,0,Thap
SV21836,Nguyễn Thị An,2.28,39,5.7,1,18,1,1,Thap
SV21837,Hoàng Thảo Khánh,2.47,52,6.2,2,33,0,0,Thap
SV21838,Bùi Thảo Trang,2.43,38,6.1,2,21,0,0,Trung Binh
SV21839,Nguyễn Quang Giang,2.69,33,6.7,0,24,0,0,Thap
SV21840,Trần Văn Cường,3.03,33,7.6,0,18,0,0,Thap
SV21841,Đặng Thị An,0.0,67,0.0,6,18,0,0,Cao
SV21842,Đặng Anh An,2.1,73,5.2,3,15,0,0,Cao
SV21843,Nguyễn Ngọc An,2.36,33,5.9,0,15,0,0,Thap
SV21844,Lê Văn Cường,2.64,40,6.6,0,15,1,1,Trung Binh
SV21845,Đặng Anh Giang,2.62,38,6.5,0,21,1,1,Thap
SV21846,Lê Thảo Trang,2.32,44,5.8,2,18,0,0,Cao
SV21847,Phạm Thảo Nam,2.73,56,6.8,0,18,0,0,Cao
SV21848,Vũ Đức Nam,2.15,60,5.4,1,15,0,0,Cao
SV21849,Bùi Thảo An,2.7,48,6.7,1,21,0,0,Thap
SV21850,Hoàng Văn Hương,2.5,78,6.2,3,18,0,0,Trung Binh
SV21851,Bùi Văn Cường,0.0,0,0.0,7,21,0,0,Cao
SV21852,Phạm Minh Hương,2.66,80,6.6,0,15,0,0,Cao
SV21853,Nguyễn Quang Cường,2.52,40,6.3,0,15,0,0,Thap
SV21854,Lê Thị Nam,2.8,39,7.0,0,18,0,0,Thap
SV21855,Hoàng Quang Cường,2.3,47,5.8,3,15,1,1,Cao
SV21856,Lê Anh Nam,0.0,33,0.0,6,18,0,0,Cao
SV21857,Bùi Thị Cường,2.37,33,5.9,0,18,1,1,Thap
SV21858,Bùi Thảo Bình,2.3,56,5.8,1,18,1,1,Thap
SV21859,Bùi Thảo Hương,2.83,33,7.1,0,18,0,0,Thap
SV21860,Vũ Đức Nam,2.5,33,6.2,0,6,0,0,Trung Binh
SV21861,Bùi Đức Dũng,0.0,33,0.0,5,15,1,1,Cao
SV21862,Nguyễn Văn Bình,0.0,47,0.0,5,15,0,0,Trung Binh
SV21863,Trần Anh Hương,2.1,78,5.2,4,18,0,0,Cao
SV21864,Đặng Đức Trang,2.37,33,5.9,0,18,0,0,Thap
SV21865,Hoàng Minh Cường,0.0,60,0.0,5,15,0,0,Cao
SV21866,Lê Ngọc Linh,2.48,33,6.2,0,15,0,0,Thap
SV21867,Lê Quang Dũng,2.1,33,5.2,3,15,0,0,Cao
SV21868,Lê Đức Dũng,0.0,60,0.0,5,15,1,1,Cao
SV21869,Lê Thị Bình,2.92,33,7.3,0,36,0,0,Thap
SV21870,Vũ Thảo An,2.33,33,5.8,0,18,0,0,Thap
SV21871,Nguyễn Đức Bình,0.0,33,0.0,5,15,1,1,Cao
SV21872,Hoàng Thảo Nam,2.6,67,6.5,6,21,0,0,Cao
SV21873,Phạm Thảo Nam,3.13,33,7.8,0,21,0,0,Thap
SV21874,Trần Thị Giang,0.0,56,0.0,6,18,0,0,Cao
SV21875,Bùi Anh Khánh,2.43,33,6.1,0,18,0,0,Thap
SV21876,Bùi Thị Dũng,2.66,33,6.6,1,21,0,0,Thap
SV21877,Nguyễn Minh Giang,0.0,71,0.0,7,21,0,0,Cao
SV21878,Lê Thảo Khánh,0.0,0,0.0,7,21,0,0,Cao
SV21879,Phạm Văn Hương,0.0,85,0.0,0,0,1,1,Cao
SV21880,Hoàng Thị An,2.71,33,6.8,1,24,0,0,Thap
SV21881,Bùi Quang Cường,2.87,71,7.2,2,21,1,1,Trung Binh
SV21882,Hoàng Thảo Trang,2.4,89,6.0,2,18,0,0,Cao
SV21883,Phạm Thị Giang,0.0,33,0.0,5,15,0,0,Cao
SV21884,Hoàng Ngọc Trang,0.0,85,0.0,0,0,0,0,Thap
SV21885,Phạm Thị Hương,2.35,52,5.9,3,21,0,0,Trung Binh
SV21886,Bùi Thảo Linh,2.44,33,6.1,1,21,0,0,Thap
SV21887,Lê Văn Linh,2.37,67,5.9,3,27,0,0,Cao
SV21888,Hoàng Minh Bình,0.0,33,0.0,4,12,1,1,Cao
SV21889,Vũ Ngọc Trang,3.0,44,7.5,0,18,0,0,Thap
SV21890,Phạm Minh An,0.0,85,0.0,0,0,0,0,Thap
SV21891,Trần Thị Bình,0.0,85,0.0,0,0,0,0,Thap
SV21892,Phạm Minh Trang,2.69,33,6.7,0,24,0,0,Thap
SV21893,Đặng Thị An,2.7,53,6.8,1,15,0,0,Cao
SV21894,Bùi Ngọc Hương,0.0,85,0.0,0,0,0,0,Trung Binh
SV21895,Nguyễn Quang Cường,2.3,35,5.8,0,51,0,0,Thap
SV21896,Vũ Minh An,2.1,56,5.2,4,18,0,0,Trung Binh
SV21897,Vũ Anh Giang,2.4,72,6.0,2,18,0,0,Trung Binh
SV21898,Trần Ngọc Dũng,2.44,39,6.1,1,18,1,1,Cao
SV21899,Đặng Ngọc Trang,0.0,85,0.0,0,0,0,0,Thap
SV21900,Đặng Anh Dũng,2.9,45,7.2,1,33,0,0,Thap
SV21901,Bùi Quang Khánh,2.67,39,6.7,0,18,1,1,Thap
SV21902,Vũ Thảo Dũng,2.4,88,6.0,2,33,0,0,Thap
SV21903,Trần Anh Dũng,3.02,50,7.6,0,18,0,0,Thap
SV21904,Phạm Văn Linh,2.62,33,6.6,1,21,0,0,Thap
SV21905,Nguyễn Anh Hương,2.57,39,6.4,0,18,0,0,Thap
SV21906,Vũ Anh Giang,2.67,33,6.7,0,18,0,0,Thap
SV21907,Bùi Minh Giang,2.78,33,6.9,0,21,0,0,Thap
SV21908,Phạm Thảo Bình,2.59,33,6.5,1,24,0,0,Thap
SV21909,Bùi Ngọc Nam,2.47,44,6.2,1,18,0,0,Trung Binh
SV21910,Bùi Ngọc Linh,2.85,33,7.1,1,21,0,0,Thap
SV21911,Bùi Quang Khánh,2.6,44,6.5,1,18,0,0,Thap
SV21912,Bùi Anh Hương,2.5,33,6.2,0,24,0,0,Thap
SV21913,Trần Thị Linh,2.69,38,6.7,0,21,0,0,Thap
SV21914,Lê Văn Hương,2.13,50,5.3,3,18,1,1,Cao
SV21915,Hoàng Thảo Hương,3.08,44,7.7,1,18,0,0,Thap
SV21916,Bùi Minh Dũng,2.69,33,6.7,1,21,0,0,Thap
SV21917,Phạm Minh Trang,2.52,33,6.3,1,21,0,0,Thap
SV21918,Lê Anh Cường,2.5,33,6.2,0,21,0,0,Thap
SV21919,Đặng Quang An,2.16,56,5.4,1,18,0,0,Thap
SV21920,Lê Đức Giang,2.44,67,6.1,1,18,1,1,Trung Binh
SV21921,Lê Ngọc Giang,2.84,61,7.1,1,18,0,0,Trung Binh
SV21922,Lê Ngọc Hương,2.77,39,6.9,0,18,0,0,Thap
SV21923,Đặng Ngọc Linh,2.56,44,6.4,1,18,0,0,Trung Binh
SV21924,Trần Văn Dũng,2.64,33,6.6,0,15,0,0,Thap
SV21925,Bùi Quang Trang,2.8,39,7.0,5,18,1,1,Cao
SV21926,Lê Minh Giang,2.78,33,6.9,0,24,0,0,Thap
SV21927,Hoàng Anh Trang,2.5,47,6.2,0,15,0,0,Thap
SV21928,Lê Văn Dũng,2.69,39,6.7,0,18,0,0,Thap
SV21929,Hoàng Anh Cường,2.36,39,5.9,1,18,0,0,Trung Binh
SV21930,Lê Thị Trang,2.97,33,7.4,0,21,0,0,Thap
SV21931,Hoàng Minh Nam,2.61,48,6.5,0,21,0,0,Thap
SV21932,Phạm Thảo Cường,2.91,39,7.3,0,18,0,0,Thap
SV21933,Đặng Thảo Bình,2.2,50,5.5,1,18,0,0,Thap
SV21934,Đặng Đức Giang,2.67,33,6.7,0,24,0,0,Thap
SV21935,Đặng Minh Giang,2.56,33,6.4,1,21,0,0,Thap
SV21936,Lê Anh Bình,2.78,33,7.0,0,21,0,0,Thap
SV21937,Phạm Ngọc An,2.6,44,6.5,0,18,0,0,Thap
SV21938,Trần Đức Hương,2.74,33,6.8,1,21,0,0,Thap
SV21939,Nguyễn Ngọc Bình,2.6,61,6.5,1,18,0,0,Cao
SV21940,Lê Quang Hương,2.56,44,6.4,1,18,0,0,Thap
SV21941,Trần Thảo Khánh,2.71,50,6.8,0,18,0,0,Thap
SV21942,Lê Anh Giang,2.63,33,6.6,0,18,0,0,Thap
SV21943,Đặng Văn Nam,3.0,33,7.5,0,18,0,0,Thap
SV21944,Nguyễn Ngọc Trang,2.53,33,6.3,0,18,0,0,Thap
SV21945,Vũ Minh An,2.77,39,6.9,0,18,0,0,Cao
SV21946,Bùi Quang Dũng,2.94,33,7.3,0,21,0,0,Thap
SV21947,Nguyễn Quang Linh,2.81,33,7.0,0,24,0,0,Thap
SV21948,Phạm Ngọc Hương,2.2,53,5.5,1,15,0,0,Thap
SV21949,Trần Quang An,2.67,33,6.7,0,18,0,0,Thap
SV21950,Hoàng Ngọc Bình,2.35,62,5.9,1,21,0,0,Thap
SV21951,Phạm Thị An,0.0,0,0.0,6,18,0,0,Cao
SV21952,Đặng Minh Linh,0.0,0,0.0,6,18,0,0,Cao
SV21953,Vũ Đức Hương,0.0,85,0.0,0,0,0,0,Cao
SV21954,Lê Đức Linh,2.46,39,6.1,0,18,0,0,Thap
SV21955,Trần Ngọc Bình,2.49,58,6.2,3,24,0,0,Trung Binh
SV21956,Hoàng Văn Hương,2.43,48,6.1,1,21,0,0,Thap
SV21957,Trần Đức Hương,2.37,50,5.9,1,18,0,0,Trung Binh
SV21958,Trần Minh Linh,2.96,33,7.4,1,24,0,0,Thap
SV21959,Phạm Thảo Hương,2.12,61,5.3,1,18,0,0,Cao
SV21960,Phạm Thảo Linh,2.62,33,6.6,1,27,1,1,Trung Binh
SV21961,Trần Ngọc An,2.57,33,6.4,0,18,1,1,Thap
SV21962,Bùi Đức Dũng,0.0,33,0.0,8,24,0,0,Trung Binh
SV21963,Đặng Thảo Khánh,2.6,50,6.5,1,18,0,0,Thap
SV21964,Bùi Anh Linh,2.54,38,6.4,0,21,0,0,Thap
SV21965,Bùi Minh Giang,2.25,67,5.6,1,15,0,0,Thap
SV21966,Đặng Thảo Nam,2.76,33,6.9,1,36,0,0,Thap
SV21967,Lê Minh Dũng,2.47,80,6.2,2,15,0,0,Thap
SV21968,Hoàng Thị An,2.47,93,6.2,2,15,0,0,Trung Binh
SV21969,Đặng Quang Khánh,2.65,44,6.6,2,18,1,1,Trung Binh
SV21970,Nguyễn Thảo Giang,2.73,39,6.8,0,18,0,0,Thap
SV21971,Vũ Ngọc Dũng,2.52,55,6.3,3,33,1,1,Trung Binh
SV21972,Phạm Quang Giang,2.97,33,7.4,0,18,0,0,Thap
SV21973,Đặng Đức An,2.24,39,5.6,1,18,0,0,Cao
SV21974,Nguyễn Thảo Trang,2.28,40,5.7,0,15,0,0,Thap
SV21975,Vũ Anh Cường,2.63,38,6.6,0,21,0,0,Thap
SV21976,Vũ Minh Bình,2.6,33,6.5,0,30,0,0,Cao
SV21977,Trần Quang Trang,2.57,57,6.4,3,21,0,0,Trung Binh
SV21978,Trần Minh Dũng,2.7,33,6.8,0,18,0,0,Thap
SV21979,Trần Ngọc Linh,2.86,39,7.1,0,18,0,0,Trung Binh
SV21980,Trần Thảo Dũng,2.7,44,6.8,1,18,0,0,Thap
SV21981,Đặng Anh Dũng,2.15,53,5.4,1,15,0,0,Thap
SV21982,Lê Anh Nam,2.27,50,5.7,0,18,0,0,Thap
SV21983,Bùi Thảo Linh,2.6,71,6.5,4,21,0,0,Thap
SV21984,Phạm Thảo Khánh,2.79,33,7.0,1,21,0,0,Thap
SV21985,Bùi Minh Linh,2.83,33,7.1,0,24,0,0,Thap
SV21986,Hoàng Ngọc Linh,2.32,56,5.8,2,18,0,0,Thap
SV21987,Phạm Thị Khánh,2.93,33,7.3,0,24,0,0,Thap
SV21988,Phạm Văn Dũng,0.0,33,0.0,5,15,0,0,Trung Binh
SV21989,Hoàng Anh Dũng,2.6,38,6.5,1,21,0,0,Thap
SV21990,Hoàng Thị Hương,2.25,56,5.6,2,18,0,0,Trung Binh
SV21991,Phạm Quang Bình,2.44,44,6.1,1,18,0,0,Thap
SV21992,Bùi Ngọc Linh,0.0,85,0.0,0,0,0,0,Cao
SV21993,Đặng Thảo Khánh,2.27,33,5.7,0,18,1,1,Trung Binh
SV21994,Vũ Thị Khánh,2.44,47,6.1,0,15,0,0,Thap
SV21995,Lê Đức Giang,0.0,67,0.0,6,18,0,0,Cao
SV21996,Bùi Ngọc Trang,2.27,44,5.7,0,18,0,0,Thap
SV21997,Bùi Thảo Linh,2.77,44,6.9,0,18,0,0,Thap
SV21998,Lê Đức Khánh,2.57,39,6.4,0,18,0,0,Thap
SV21999,Nguyễn Văn Khánh,2.0,56,5.0,5,18,0,0,Cao
SV22000,Đặng Quang Trang,2.04,38,5.1,1,45,1,1,Thap
SV22001,Nguyễn Quang Trang,2.26,78,5.6,0,18,1,1,Cao
SV22002,Hoàng Thảo Bình,2.77,33,6.9,0,18,0,0,Cao
SV22003,Nguyễn Ngọc Nam,2.57,44,6.4,0,18,0,0,Thap
SV22004,Bùi Thị Cường,2.33,44,5.8,0,18,0,0,Cao
SV22005,Phạm Thảo An,0.0,67,0.0,6,18,0,0,Cao
SV22006,Đặng Thị Khánh,2.88,47,7.2,0,15,0,0,Thap
SV22007,Đặng Anh An,2.97,33,7.4,0,18,0,0,Thap
SV22008,Bùi Văn Linh,2.87,78,7.2,0,18,0,0,Thap
SV22009,Phạm Thị Giang,0.0,85,0.0,0,0,0,0,Thap
SV22010,Trần Anh Nam,0.0,0,0.0,6,18,0,0,Cao
SV22011,Đặng Đức Hương,2.47,43,6.2,1,21,0,0,Thap
SV22012,Lê Đức Khánh,2.36,33,5.9,0,15,0,0,Thap
SV22013,Nguyễn Minh Bình,2.64,39,6.6,1,18,1,1,Cao
SV22014,Bùi Quang Khánh,0.0,33,0.0,6,18,1,1,Cao
SV22015,Phạm Minh Nam,0.0,0,0.0,6,18,0,0,Cao
SV22016,Bùi Ngọc Linh,2.3,33,5.8,0,18,0,0,Thap
SV22017,Hoàng Anh An,2.52,44,6.3,1,18,0,0,Thap
SV22018,Nguyễn Anh Hương,2.71,33,6.8,0,21,0,0,Thap
SV22019,Lê Anh Nam,2.32,44,5.8,1,18,0,0,Trung Binh
SV22020,Phạm Thị Hương,2.73,39,6.8,0,18,0,0,Thap
SV22021,Phạm Đức Khánh,0.0,56,0.0,6,18,0,0,Cao
SV22022,Bùi Văn Hương,0.0,0,0.0,6,18,0,0,Cao
SV22023,Đặng Ngọc Linh,0.0,85,0.0,0,0,0,0,Cao
SV22024,Phạm Anh Cường,2.3,33,5.8,0,18,0,0,Thap
SV22025,Phạm Minh Hương,2.3,80,5.8,3,15,0,0,Trung Binh
SV22026,Trần Thảo Hương,2.37,33,5.9,0,21,0,0,Thap
SV22027,Bùi Anh Hương,0.0,85,0.0,0,0,0,0,Thap
SV22028,Bùi Quang Linh,0.0,85,0.0,0,0,0,0,Trung Binh
SV22029,Vũ Văn Hương,2.59,33,6.5,1,21,0,0,Thap
SV22030,Vũ Thảo Cường,2.77,33,6.9,0,18,0,0,Thap
SV22031,Trần Minh An,2.83,33,7.1,0,21,0,0,Thap
SV22032,Lê Quang Giang,2.43,40,6.1,5,30,1,1,Cao
SV22033,Vũ Đức Nam,2.53,94,6.3,0,18,0,0,Thap
SV22034,Đặng Văn Giang,0.0,33,0.0,4,12,0,0,Cao
SV22035,Trần Đức Khánh,2.46,44,6.1,0,18,1,1,Thap
SV22036,Đặng Ngọc Dũng,2.9,39,7.2,3,18,0,0,Trung Binh
SV22037,Hoàng Anh Trang,2.0,53,5.0,3,15,0,0,Cao
SV22038,Trần Văn Dũng,2.3,73,5.8,3,15,0,0,Cao
SV22039,Phạm Anh An,2.32,40,5.8,0,15,0,0,Thap
SV22040,Vũ Đức An,2.5,33,6.2,0,18,0,0,Thap
SV22041,Nguyễn Quang An,2.33,50,5.8,3,18,1,1,Cao
SV22042,Bùi Thị Linh,2.69,37,6.7,3,30,0,0,Thap
SV22043,Trần Minh Khánh,2.73,33,6.8,0,18,0,0,Thap
SV22044,Vũ Thảo Linh,2.5,33,6.2,0,18,0,0,Thap
SV22045,Lê Thị Khánh,2.6,39,6.5,0,18,0,0,Thap
SV22046,Hoàng Văn Nam,2.56,43,6.4,1,21,0,0,Thap
SV22047,Hoàng Thảo Khánh,0.0,0,0.0,7,21,0,0,Cao
SV22048,Trần Ngọc Bình,2.7,62,6.8,3,21,0,0,Cao
SV22049,Đặng Văn Khánh,2.69,33,6.7,0,21,0,0,Thap
SV22050,Hoàng Thảo Bình,2.69,33,6.7,1,24,0,0,Thap
SV22051,Hoàng Ngọc Bình,2.2,72,5.5,2,18,0,0,Thap
SV22052,Hoàng Minh Giang,2.27,33,5.7,0,18,0,0,Thap
SV22053,Vũ Anh Khánh,2.0,47,5.0,3,15,0,0,Cao
SV22054,Nguyễn Thảo Cường,2.69,48,6.7,2,21,0,0,Trung Binh
SV22055,Phạm Quang Nam,2.44,38,6.1,0,21,0,0,Thap
SV22056,Phạm Thị Giang,2.83,33,7.1,0,18,0,0,Thap
SV22057,Đặng Thảo Dũng,2.57,36,6.4,0,36,1,1,Thap
SV22058,Vũ Văn Nam,2.6,44,6.5,0,18,0,0,Trung Binh
SV22059,Phạm Văn Hương,2.56,40,6.4,0,15,0,0,Thap
SV22060,Đặng Văn Cường,2.6,72,6.5,2,18,1,1,Cao
SV22061,Lê Thị Nam,2.67,33,6.7,0,21,0,0,Thap
SV22062,Bùi Quang An,2.68,38,6.7,0,21,0,0,Thap
SV22063,Hoàng Ngọc Nam,2.67,33,6.7,1,24,0,0,Thap
SV22064,Nguyễn Thảo Linh,2.8,67,7.0,1,18,0,0,Thap
SV22065,Lê Ngọc An,2.52,33,6.3,0,15,0,0,Thap
SV22066,Lê Thảo Trang,2.8,39,7.0,0,18,0,0,Thap
SV22067,Vũ Minh Khánh,2.69,39,6.7,0,18,0,0,Thap
SV22068,Lê Quang An,2.6,33,6.5,0,18,0,0,Thap
SV22069,Nguyễn Thảo Trang,2.53,44,6.3,1,18,0,0,Trung Binh
SV22070,Hoàng Anh Giang,2.0,60,5.0,2,15,0,0,Cao
SV22071,Bùi Quang Linh,2.57,39,6.4,0,18,0,0,Thap
SV22072,Vũ Ngọc Bình,2.58,33,6.5,1,21,0,0,Thap
SV22073,Vũ Anh Cường,2.66,50,6.6,0,18,0,0,Thap
SV22074,Vũ Thảo Nam,2.92,40,7.3,0,15,0,0,Thap
SV22075,Nguyễn Minh Cường,2.8,33,7.0,0,18,0,0,Thap
SV22076,Lê Thảo An,2.83,39,7.1,0,18,0,0,Thap
SV22077,Hoàng Minh Bình,2.33,44,5.8,0,18,0,0,Thap
SV22078,Đặng Thảo Cường,2.88,38,7.2,0,24,0,0,Thap
SV22079,Đặng Đức An,2.5,38,6.2,0,21,0,0,Thap
SV22080,Vũ Minh Linh,2.83,33,7.1,1,21,0,0,Thap
SV22081,Vũ Đức Bình,2.49,50,6.2,1,24,0,0,Thap
SV22082,Vũ Quang Giang,2.83,33,7.1,1,21,0,0,Thap
SV22083,Lê Đức Dũng,2.81,52,7.0,0,21,0,0,Thap
SV22084,Vũ Thị An,2.97,39,7.4,0,18,0,0,Thap
SV22085,Lê Đức Trang,2.86,39,7.1,0,18,0,0,Thap
SV22086,Hoàng Đức Trang,0.0,33,0.0,4,12,0,0,Cao
SV22087,Bùi Văn Nam,0.0,0,0.0,6,18,0,0,Cao
SV22088,Phạm Quang Cường,3.0,44,7.5,0,18,0,0,Cao
SV22089,Trần Đức Cường,2.53,33,6.3,1,21,0,0,Thap
SV22090,Vũ Thảo Linh,2.24,33,5.6,0,15,1,1,Cao
SV22091,Lê Đức An,2.85,33,7.1,1,21,0,0,Thap
SV22092,Trần Thị Linh,2.44,87,6.1,0,15,0,0,Trung Binh
SV22093,Nguyễn Quang Linh,3.14,33,7.8,1,24,0,0,Thap
SV22094,Bùi Thảo Bình,3.04,33,7.6,1,21,0,0,Thap
SV22095,Phạm Ngọc Nam,3.27,50,8.2,0,18,0,0,Cao
SV22096,Đặng Thảo Linh,2.51,57,6.3,3,51,0,0,Thap
SV22097,Phạm Quang Linh,0.0,0,0.0,7,21,0,0,Cao
SV22098,Đặng Ngọc Nam,2.48,44,6.2,1,18,0,0,Thap
SV22099,Đặng Thị Cường,2.76,38,6.9,0,24,0,0,Thap
SV22100,Trần Thảo Hương,2.43,56,6.1,0,18,1,1,Cao
SV22101,Trần Văn Trang,2.36,44,5.9,1,18,0,0,Trung Binh
SV22102,Phạm Thảo Linh,2.16,72,5.4,2,18,1,1,Thap
SV22103,Trần Minh Cường,2.65,38,6.6,0,21,0,0,Thap
SV22104,Bùi Anh Cường,2.4,56,6.0,2,18,0,0,Cao
SV22105,Trần Minh An,2.38,50,5.9,0,18,0,0,Thap
SV22106,Đặng Minh Nam,2.43,52,6.1,2,21,0,0,Trung Binh
SV22107,Hoàng Đức Trang,3.0,33,7.5,5,18,0,0,Trung Binh
SV22108,Đặng Thị Khánh,2.67,33,6.7,0,18,0,0,Thap
SV22109,Đặng Thị Dũng,2.3,80,5.8,3,15,0,0,Trung Binh
SV22110,Phạm Quang Dũng,2.89,39,7.2,0,18,0,0,Thap
SV22111,Đặng Thảo Khánh,2.6,67,6.5,4,15,0,0,Trung Binh
SV22112,Bùi Văn Hương,3.0,39,7.5,0,18,0,0,Thap
SV22113,Nguyễn Thị Cường,3.03,43,7.6,0,21,0,0,Thap
SV22114,Trần Anh Nam,2.13,44,5.3,0,18,1,1,Thap
SV22115,Phạm Văn Dũng,2.2,50,5.5,1,18,0,0,Cao
SV22116,Vũ Anh An,0.0,0,0.0,6,18,0,0,Cao
SV22117,Phạm Ngọc Trang,2.46,39,6.1,0,18,0,0,Thap
SV22118,Trần Ngọc Dũng,2.57,33,6.4,0,24,0,0,Cao
SV22119,Đặng Ngọc Nam,2.53,33,6.3,0,18,0,0,Thap
SV22120,Hoàng Thảo Nam,0.0,85,0.0,0,0,0,0,Trung Binh
SV22121,Trần Anh Hương,2.6,89,6.5,4,18,1,1,Cao
SV22122,Nguyễn Minh Khánh,2.17,67,5.4,0,15,1,1,Thap
SV22123,Phạm Minh Bình,2.56,33,6.4,0,15,0,0,Thap
SV22124,Hoàng Đức Cường,2.26,56,5.6,1,18,0,0,Cao
SV22125,Vũ Thảo Khánh,0.0,85,0.0,0,0,0,0,Thap
SV22126,Bùi Minh Linh,0.0,0,0.0,6,18,0,0,Cao
SV22127,Trần Thị Nam,2.75,43,6.9,1,21,0,0,Cao
SV22128,Phạm Văn Linh,2.55,38,6.4,2,24,0,0,Cao
SV22129,Đặng Minh Giang,0.0,85,0.0,0,0,0,0,Cao
SV22130,Trần Anh Giang,2.53,33,6.3,0,18,0,0,Thap
SV22131,Đặng Anh Linh,2.4,72,6.0,0,18,0,0,Trung Binh
SV22132,Lê Anh Hương,2.45,44,6.1,0,18,0,0,Thap
SV22133,Hoàng Anh Nam,2.27,53,5.7,2,15,0,0,Thap
SV22134,Lê Thảo Bình,2.7,43,6.8,0,21,0,0,Thap
SV22135,Nguyễn Thảo Cường,2.72,33,6.8,1,24,0,0,Thap
SV22136,Vũ Minh Khánh,0.0,33,0.0,6,18,1,1,Cao
SV22137,Trần Anh Linh,2.3,50,5.8,2,18,0,0,Thap
SV22138,Đặng Thảo Hương,2.47,39,6.2,0,18,0,0,Thap
SV22139,Phạm Thị Nam,2.39,33,6.0,0,21,0,0,Thap
SV22140,Đặng Quang Trang,2.6,80,6.5,3,15,1,1,Cao
SV22141,Hoàng Thảo Bình,2.48,43,6.2,0,21,0,0,Trung Binh
SV22142,Đặng Quang Dũng,2.7,80,6.8,3,15,0,0,Thap
SV22143,Nguyễn Đức An,2.43,44,6.1,0,18,0,0,Thap
SV22144,Đặng Ngọc Linh,0.0,85,0.0,0,0,0,0,Thap
SV22145,Hoàng Quang An,2.33,33,5.8,0,18,0,0,Thap
SV22146,Nguyễn Văn Trang,2.48,50,6.2,1,18,1,1,Trung Binh
SV22147,Vũ Thị Giang,2.68,39,6.7,1,18,0,0,Thap
SV22148,Đặng Văn Hương,2.4,61,6.0,0,18,0,0,Thap
SV22149,Vũ Minh Linh,2.84,40,7.1,0,15,0,0,Thap
SV22150,Vũ Quang An,2.42,44,6.1,0,18,0,0,Thap
SV22151,Nguyễn Ngọc Trang,2.77,33,6.9,0,21,0,0,Thap
SV22152,Hoàng Văn Hương,2.35,72,5.9,3,18,0,0,Trung Binh
SV22153,Nguyễn Thảo Hương,2.86,43,7.1,0,21,0,0,Thap
SV22154,Lê Ngọc Linh,2.65,54,6.6,2,39,0,0,Thap
SV22155,Hoàng Quang Hương,2.93,33,7.3,0,18,0,0,Thap
SV22156,Hoàng Minh An,3.02,48,7.6,0,21,0,0,Thap
SV22157,Đặng Anh Linh,0.0,85,0.0,0,0,0,0,Trung Binh
SV22158,Lê Đức Hương,3.0,72,7.5,0,18,0,0,Thap
SV22159,Hoàng Ngọc Trang,2.64,44,6.6,1,18,0,0,Thap
SV22160,Nguyễn Quang Nam,2.2,78,5.5,4,18,0,0,Cao
SV22161,Trần Thị Giang,2.91,33,7.3,1,24,0,0,Thap
SV22162,Trần Đức Hương,2.4,53,6.0,2,15,1,1,Cao
SV22163,Vũ Minh Bình,0.0,33,0.0,6,18,0,0,Cao
SV22164,Trần Đức An,2.76,33,6.9,1,21,0,0,Thap
SV22165,Nguyễn Ngọc Khánh,2.97,33,7.4,0,18,0,0,Thap
SV22166,Bùi Đức Khánh,2.57,33,6.4,0,18,0,0,Thap
SV22167,Đặng Minh Cường,2.99,33,7.5,1,24,0,0,Thap
SV22168,Nguyễn Minh Cường,2.4,53,6.0,1,15,0,0,Thap
SV22169,Phạm Đức Cường,2.48,38,6.2,0,21,0,0,Thap
SV22170,Bùi Thị Linh,3.11,39,7.8,0,18,0,0,Thap
SV22171,Bùi Anh An,2.74,33,6.9,1,24,0,0,Thap
SV22172,Đặng Minh Bình,2.63,50,6.6,0,18,0,0,Thap
SV22173,Nguyễn Minh Dũng,3.0,39,7.5,0,18,0,0,Thap
SV22174,Hoàng Ngọc Trang,2.6,40,6.5,4,15,1,1,Cao
SV22175,Bùi Ngọc Giang,2.4,36,6.0,0,33,0,0,Thap
SV22176,Bùi Quang Dũng,0.0,85,0.0,0,0,0,0,Thap
SV22177,Bùi Minh Dũng,3.03,33,7.6,0,18,0,0,Thap
SV22178,Hoàng Thị Bình,2.4,50,6.0,2,18,1,1,Cao
SV22179,Đặng Minh Hương,2.73,33,6.8,0,21,0,0,Thap
SV22180,Bùi Thảo Nam,2.53,44,6.3,0,18,0,0,Thap
SV22181,Đặng Anh Bình,0.0,85,0.0,0,0,0,0,Cao
SV22182,Bùi Quang Linh,2.16,44,5.4,1,18,0,0,Thap
SV22183,Phạm Minh Khánh,2.85,43,7.1,1,21,0,0,Thap
SV22184,Trần Anh Nam,2.43,52,6.1,2,42,0,0,Cao
SV22185,Bùi Minh Trang,2.3,78,5.8,5,18,0,0,Trung Binh
SV22186,Vũ Thị Bình,2.45,56,6.1,2,18,0,0,Thap
SV22187,Hoàng Anh Khánh,2.4,44,6.0,0,18,0,0,Trung Binh
SV22188,Phạm Thị Khánh,2.68,33,6.7,0,24,0,0,Thap
SV22189,Hoàng Ngọc Hương,2.27,83,5.7,0,18,0,0,Thap
SV22190,Bùi Thị Dũng,2.44,39,6.1,1,18,1,1,Cao
SV22191,Hoàng Quang Hương,0.0,85,0.0,0,0,0,0,Trung Binh
SV22192,Bùi Thị Bình,0.0,0,0.0,7,21,0,0,Cao
SV22193,Đặng Thảo Trang,3.23,44,8.1,1,18,1,1,Cao
SV22194,Bùi Văn Giang,2.2,67,5.5,2,15,0,0,Trung Binh
SV22195,Trần Đức Hương,0.0,85,0.0,0,0,0,0,Thap
SV22196,Bùi Thảo Cường,2.4,44,6.0,2,18,0,0,Trung Binh
SV22197,Trần Minh An,2.1,53,5.2,3,15,0,0,Trung Binh
SV22198,Bùi Đức Dũng,2.33,39,5.8,3,18,0,0,Trung Binh
SV22199,Nguyễn Văn Cường,2.2,53,5.5,2,15,0,0,Cao
SV22200,Hoàng Thảo Hương,0.0,86,0.0,7,21,0,0,Cao
SV22201,Bùi Ngọc Cường,2.5,61,6.2,2,18,1,1,Cao
SV22202,Vũ Văn Dũng,2.26,52,5.6,0,21,0,0,Thap
SV22203,Vũ Thảo Khánh,2.24,44,5.6,1,18,0,0,Thap
SV22204,Lê Anh Trang,0.0,85,0.0,0,0,0,0,Cao
SV22205,Lê Văn Khánh,2.64,39,6.6,1,18,0,0,Thap
SV22206,Vũ Văn Bình,2.83,57,7.1,1,21,0,0,Trung Binh
SV22207,Nguyễn Minh Nam,0.0,0,0.0,5,15,0,0,Cao
SV22208,Nguyễn Quang Trang,0.0,33,0.0,5,15,0,0,Trung Binh
SV22209,Lê Anh Giang,2.47,47,6.2,2,15,0,0,Trung Binh
SV22210,Đặng Đức Khánh,0.0,33,0.0,6,18,1,1,Cao
SV22211,Vũ Văn Bình,2.62,33,6.6,1,24,0,0,Thap
SV22212,Hoàng Thảo Nam,2.7,33,6.8,0,18,0,0,Thap
SV22213,Trần Ngọc Trang,2.04,47,5.1,0,15,0,0,Trung Binh
SV22214,Nguyễn Ngọc Trang,2.31,56,5.8,1,18,0,0,Cao
SV22215,Vũ Quang Nam,3.06,39,7.6,0,18,1,1,Thap
SV22216,Nguyễn Ngọc Cường,2.52,50,6.3,1,18,0,0,Trung Binh
SV22217,Phạm Thảo Bình,2.69,52,6.7,1,21,0,0,Thap
SV22218,Trần Minh Giang,2.32,53,5.8,0,15,0,0,Cao
SV22219,Hoàng Ngọc Khánh,2.93,33,7.3,0,18,0,0,Thap
SV22220,Đặng Văn Bình,2.93,50,7.3,0,18,0,0,Thap
SV22221,Phạm Văn Trang,2.55,33,6.4,1,24,0,0,Thap
SV22222,Trần Ngọc An,2.4,43,6.0,0,21,0,0,Thap
SV22223,Lê Thị Cường,2.45,60,6.1,1,15,0,0,Trung Binh
SV22224,Hoàng Minh Trang,0.0,85,0.0,0,0,0,0,Cao
SV22225,Bùi Ngọc Nam,2.99,33,7.5,1,24,0,0,Thap
SV22226,Phạm Minh Trang,2.1,89,5.2,4,18,0,0,Cao
SV22227,Phạm Đức Dũng,2.67,50,6.7,1,18,0,0,Thap
SV22228,Đặng Ngọc Bình,0.0,33,0.0,6,18,1,1,Cao
SV22229,Trần Minh Linh,2.76,67,6.9,1,18,0,0,Cao
SV22230,Đặng Quang Khánh,2.37,33,5.9,0,18,0,0,Thap
SV22231,Vũ Quang Linh,0.0,85,0.0,0,0,0,0,Thap
SV22232,Phạm Đức An,0.0,85,0.0,0,0,0,0,Cao
SV22233,Đặng Anh An,2.0,60,5.0,3,15,0,0,Cao
SV22234,Bùi Đức Giang,2.3,56,5.8,2,18,0,0,Cao
SV22235,Bùi Anh Trang,2.13,67,5.3,3,18,0,0,Trung Binh
SV22236,Bùi Đức Hương,0.0,85,0.0,0,0,0,0,Thap
SV22237,Hoàng Quang Giang,2.55,56,6.4,2,18,0,0,Trung Binh
SV22238,Vũ Quang Trang,0.0,39,0.0,6,18,1,1,Cao
SV22239,Đặng Anh Dũng,2.27,61,5.7,0,18,0,0,Trung Binh
SV22240,Phạm Anh Giang,0.0,33,0.0,6,18,1,1,Trung Binh
SV22241,Hoàng Minh Dũng,2.6,56,6.5,0,18,0,0,Thap
SV22242,Đặng Ngọc Dũng,2.15,47,5.4,1,15,0,0,Trung Binh
SV22243,Lê Anh Trang,2.4,53,6.0,0,15,0,0,Trung Binh
SV22244,Hoàng Thảo Giang,2.69,33,6.7,0,21,0,0,Thap
SV22245,Lê Quang Dũng,2.0,72,5.0,3,18,0,0,Cao
SV22246,Hoàng Đức Nam,2.47,33,6.2,0,18,0,0,Thap
SV22247,Vũ Quang Dũng,2.51,52,6.3,1,21,0,0,Trung Binh
SV22248,Trần Ngọc Bình,0.0,33,0.0,8,24,0,0,Trung Binh
SV22249,Hoàng Ngọc Dũng,0.0,40,0.0,5,15,1,1,Cao
SV22250,Vũ Anh Cường,2.72,33,6.8,0,15,0,0,Thap
SV22251,Đặng Thị Hương,2.47,39,6.2,0,18,0,0,Cao
SV22252,Hoàng Đức Hương,2.29,41,5.7,3,39,0,0,Cao
SV22253,Phạm Đức Dũng,2.7,33,6.8,5,39,1,1,Cao
SV22254,Nguyễn Quang Cường,0.0,33,0.0,5,15,0,0,Cao
SV22255,Lê Ngọc Hương,2.2,33,5.5,3,15,0,0,Cao
SV22256,Phạm Quang Nam,2.74,50,6.9,0,18,0,0,Cao
SV22257,Phạm Văn Dũng,2.47,41,6.2,0,63,1,1,Cao
SV22258,Trần Thị Giang,2.13,62,5.3,4,21,0,0,Trung Binh
SV22259,Phạm Quang Giang,2.4,50,6.0,4,18,0,0,Cao
SV22260,Vũ Thị Dũng,2.57,33,6.4,0,21,0,0,Thap
SV22261,Hoàng Đức Bình,2.62,56,6.6,0,18,0,0,Trung Binh
SV22262,Hoàng Thị Nam,0.0,40,0.0,5,15,0,0,Cao
SV22263,Trần Quang Khánh,2.7,72,6.8,4,18,0,0,Cao
SV22264,Phạm Minh Trang,3.02,42,7.5,0,33,1,1,Cao
SV22265,Vũ Quang Cường,2.48,50,6.2,1,18,0,0,Trung Binh
SV22266,Nguyễn Anh Cường,2.8,56,7.0,1,18,0,0,Trung Binh
SV22267,Đặng Anh Bình,2.7,44,6.8,4,18,0,0,Cao
SV22268,Lê Đức Trang,0.0,33,0.0,5,15,0,0,Cao
SV22269,Trần Thị Linh,2.53,57,6.3,3,21,0,0,Cao
SV22270,Nguyễn Thảo Khánh,0.0,47,0.0,5,15,0,0,Cao
SV22271,Hoàng Quang Linh,0.0,33,0.0,5,15,0,0,Cao
SV22272,Nguyễn Minh Khánh,2.67,44,6.7,0,18,0,0,Thap
SV22273,Hoàng Đức Khánh,2.27,60,5.7,2,15,0,0,Cao
SV22274,Trần Quang Bình,0.0,0,0.0,6,18,0,0,Cao
SV22275,Phạm Quang An,0.0,85,0.0,0,0,0,0,Cao
SV22276,Nguyễn Minh An,2.33,47,5.8,2,15,0,0,Cao
SV22277,Đặng Đức Giang,2.43,44,6.1,0,18,0,0,Thap
SV22278,Trần Quang Bình,2.67,39,6.7,0,18,0,0,Thap
SV22279,Trần Thảo Dũng,2.28,39,5.7,1,18,0,0,Trung Binh
SV22280,Phạm Minh Trang,2.43,50,6.1,0,18,0,0,Cao
SV22281,Lê Thảo Bình,2.61,67,6.5,1,54,0,0,Thap
SV22282,Lê Minh Cường,2.35,72,5.9,2,18,0,0,Trung Binh
SV22283,Phạm Minh Trang,2.37,50,5.9,1,18,1,1,Cao
SV22284,Lê Văn Hương,2.48,42,6.2,1,33,0,0,Thap
SV22285,Trần Văn Bình,2.69,44,6.7,0,18,0,0,Trung Binh
SV22286,Phạm Ngọc Dũng,0.0,33,0.0,5,15,0,0,Cao
SV22287,Vũ Đức Nam,2.2,33,5.5,0,15,0,0,Thap
SV22288,Bùi Anh Trang,2.72,44,6.8,0,18,0,0,Thap
SV22289,Phạm Thị Linh,2.36,40,5.9,1,15,0,0,Trung Binh
SV22290,Nguyễn Anh Linh,0.0,33,0.0,5,15,0,0,Cao
SV22291,Nguyễn Ngọc Trang,3.0,50,7.5,4,18,0,0,Cao
SV22292,Đặng Anh Hương,2.16,50,5.4,1,18,0,0,Thap
SV22293,Bùi Anh Hương,2.73,73,6.8,2,15,0,0,Cao
SV22294,Nguyễn Đức Bình,2.57,44,6.4,0,18,0,0,Thap
SV22295,Lê Minh Nam,0.0,85,0.0,0,0,0,0,Cao
SV22296,Bùi Thị Trang,3.02,44,7.6,0,18,0,0,Thap
SV22297,Nguyễn Thị Linh,0.0,73,0.0,5,15,0,0,Cao
SV22298,Nguyễn Đức Trang,2.28,56,5.7,1,18,0,0,Thap
SV22299,Nguyễn Thị Nam,2.45,67,6.1,2,18,0,0,Thap
SV22300,Trần Thảo Dũng,0.0,0,0.0,6,18,0,0,Cao
SV22301,Đặng Đức Bình,2.8,57,7.0,4,21,0,0,Trung Binh
SV22302,Nguyễn Minh Dũng,2.47,39,6.2,0,18,0,0,Trung Binh
SV22303,Bùi Ngọc Bình,2.13,53,5.3,0,15,1,1,Trung Binh
SV22304,Đặng Văn Bình,2.37,60,5.9,0,15,0,0,Trung Binh
SV22305,Hoàng Quang Giang,0.0,93,0.0,5,15,0,0,Cao
SV22306,Phạm Đức Khánh,2.33,33,5.8,0,18,0,0,Trung Binh
SV22307,Bùi Anh Trang,2.6,47,6.5,3,15,0,0,Cao
SV22308,Vũ Ngọc Giang,0.0,83,0.0,2,6,0,0,Cao
SV22309,Trần Thảo Bình,0.0,33,0.0,8,24,0,0,Cao
SV22310,Bùi Thị Hương,2.6,33,6.5,0,15,0,0,Thap
SV22311,Bùi Ngọc Dũng,2.77,39,6.9,0,18,0,0,Thap
SV22312,Hoàng Đức Hương,2.68,33,6.7,1,21,0,0,Thap
SV22313,Vũ Quang Dũng,2.55,47,6.4,1,15,0,0,Cao
SV22314,Bùi Văn An,2.9,47,7.2,1,15,0,0,Thap
SV22315,Hoàng Đức Dũng,2.43,39,6.1,0,18,0,0,Thap
SV22316,Trần Ngọc Cường,3.08,33,7.7,0,15,0,0,Cao
SV22317,Đặng Thảo Giang,2.67,60,6.7,3,15,1,1,Cao
SV22318,Phạm Anh Linh,0.0,33,0.0,5,15,0,0,Cao
SV22319,Lê Ngọc Khánh,0.0,0,0.0,6,18,0,0,Cao
SV22320,Đặng Ngọc Hương,2.74,39,6.9,0,18,0,0,Thap
SV22321,Phạm Thảo An,2.45,39,6.1,2,18,0,0,Cao
SV22322,Hoàng Quang Khánh,3.2,50,8.0,1,18,0,0,Trung Binh
SV22323,Vũ Thảo An,2.2,53,5.5,4,15,0,0,Cao
SV22324,Nguyễn Ngọc Bình,2.82,33,7.0,0,21,0,0,Trung Binh
SV22325,Hoàng Anh Dũng,2.03,50,5.1,0,18,0,0,Thap
SV22326,Đặng Thảo An,2.0,53,5.0,4,15,0,0,Cao
SV22327,Hoàng Quang Cường,0.0,67,0.0,5,15,0,0,Trung Binh
SV22328,Nguyễn Đức Cường,2.1,67,5.2,3,15,0,0,Cao
SV22329,Vũ Ngọc Khánh,0.0,85,0.0,0,0,0,0,Thap
SV22330,Bùi Thảo Dũng,0.0,33,0.0,6,18,1,1,Cao
SV22331,Lê Anh Nam,0.0,67,0.0,6,18,0,0,Cao
SV22332,Hoàng Ngọc Nam,0.0,44,0.0,6,18,0,0,Cao
SV22333,Đặng Ngọc Bình,2.67,83,6.7,1,18,0,0,Thap
SV22334,Hoàng Anh Nam,0.0,85,0.0,0,0,0,0,Cao
SV22335,Bùi Quang An,2.71,39,6.8,0,18,0,0,Thap
SV22336,Phạm Đức Khánh,2.57,33,6.4,0,18,0,0,Thap
SV22337,Bùi Minh Khánh,2.05,40,5.1,1,15,0,0,Cao
SV22338,Đặng Ngọc Linh,0.0,33,0.0,6,18,0,0,Cao
SV22339,Lê Anh Hương,2.9,33,7.2,1,15,1,1,Cao
SV22340,Trần Thảo Cường,3.16,40,7.9,0,15,0,0,Trung Binh
SV22341,Phạm Ngọc Cường,0.0,0,0.0,6,18,0,0,Cao
SV22342,Nguyễn Quang Trang,2.5,53,6.2,1,15,0,0,Trung Binh
SV22343,Hoàng Quang An,2.33,41,5.8,0,54,0,0,Thap
SV22344,Nguyễn Thị Dũng,2.6,40,6.5,1,15,0,0,Thap
SV22345,Vũ Thảo Cường,2.42,38,6.1,0,21,0,0,Thap
SV22346,Nguyễn Minh Cường,2.84,45,7.1,2,33,0,0,Thap
SV22347,Hoàng Minh Dũng,2.5,94,6.2,2,18,0,0,Trung Binh
SV22348,Hoàng Đức Nam,2.43,47,6.1,0,15,0,0,Thap
SV22349,Đặng Đức Cường,0.0,0,0.0,6,18,0,0,Cao
SV22350,Vũ Minh Hương,2.53,33,6.3,0,18,0,0,Thap
SV22351,Lê Anh Nam,2.72,33,6.8,1,24,0,0,Thap
SV22352,Vũ Đức Dũng,2.57,59,6.4,6,54,0,0,Thap
SV22353,Đặng Anh Hương,2.8,47,7.0,1,15,0,0,Thap
SV22354,Lê Minh Linh,2.95,44,7.4,2,18,0,0,Thap
SV22355,Phạm Thảo Trang,0.0,0,0.0,6,18,0,0,Cao
SV22356,Trần Thảo Cường,2.72,44,6.8,0,18,0,0,Thap
SV22357,Trần Quang Nam,0.0,85,0.0,0,0,0,0,Thap
SV22358,Phạm Thảo Cường,2.36,67,5.9,2,18,0,0,Cao
SV22359,Bùi Quang Cường,3.02,44,7.6,0,18,0,0,Thap
SV22360,Phạm Quang Khánh,2.3,56,5.8,2,18,0,0,Cao
SV22361,Vũ Minh Trang,2.0,80,5.0,4,15,1,1,Trung Binh
SV22362,Trần Minh Hương,0.0,67,0.0,4,12,0,0,Cao
SV22363,Trần Minh Cường,2.07,60,5.2,2,15,0,0,Thap
SV22364,Bùi Ngọc Dũng,0.0,60,0.0,5,15,0,0,Trung Binh
SV22365,Vũ Văn Trang,2.4,50,6.0,2,18,0,0,Trung Binh
SV22366,Phạm Văn Cường,2.77,33,6.9,0,18,0,0,Thap
SV22367,Bùi Thảo Dũng,2.43,37,6.1,4,51,1,1,Trung Binh
SV22368,Vũ Quang Linh,2.8,39,7.0,0,18,0,0,Thap
SV22369,Đặng Minh Khánh,3.3,44,8.2,0,18,0,0,Trung Binh
SV22370,Hoàng Đức Nam,3.6,73,9.0,4,15,0,0,Cao
SV22371,Phạm Thị Hương,2.26,61,5.6,0,18,0,0,Trung Binh
SV22372,Vũ Đức Cường,0.0,85,0.0,0,0,0,0,Thap
SV22373,Hoàng Anh Giang,0.0,85,0.0,0,0,0,0,Trung Binh
SV22374,Bùi Thảo Nam,2.8,56,7.0,1,18,0,0,Trung Binh
SV22375,Hoàng Văn Hương,2.75,87,6.9,1,15,0,0,Trung Binh
SV22376,Vũ Văn Dũng,2.65,50,6.6,2,18,0,0,Cao
SV22377,Vũ Đức An,2.85,47,7.1,1,15,0,0,Thap
SV22378,Đặng Ngọc Trang,0.0,60,0.0,5,15,0,0,Cao
SV22379,Lê Đức Hương,2.25,33,5.6,4,36,0,0,Cao
SV22380,Nguyễn Quang Khánh,2.7,39,6.8,0,18,0,0,Thap
SV22381,Trần Đức Nam,2.53,44,6.3,1,18,0,0,Thap
SV22382,Trần Văn Hương,3.03,33,7.6,0,18,0,0,Thap
SV22383,Hoàng Minh An,2.63,33,6.6,0,18,0,0,Cao
SV22384,Phạm Ngọc Cường,2.36,56,5.9,2,36,1,1,Trung Binh
SV22385,Vũ Đức An,2.3,67,5.8,1,15,0,0,Trung Binh
SV22386,Lê Thảo Dũng,2.9,33,7.2,0,18,0,0,Thap
SV22387,Hoàng Anh Linh,2.68,56,6.7,1,18,0,0,Trung Binh
SV22388,Nguyễn Minh Hương,0.0,85,0.0,0,0,1,1,Thap
SV22389,Trần Minh Giang,2.16,53,5.4,1,15,0,0,Cao
SV22390,Bùi Ngọc Dũng,0.0,40,0.0,5,15,0,0,Cao
SV22391,Trần Ngọc Khánh,2.29,77,5.7,4,30,1,1,Cao
SV22392,Nguyễn Thị Khánh,2.5,57,6.2,6,42,0,0,Cao
SV22393,Vũ Văn Bình,2.7,73,6.8,3,15,0,0,Trung Binh
SV22394,Nguyễn Văn Trang,0.0,33,0.0,6,18,0,0,Cao
SV22395,Trần Văn Khánh,2.55,53,6.4,0,15,0,0,Thap
SV22396,Bùi Anh Bình,2.27,94,5.7,3,18,0,0,Trung Binh
SV22397,Vũ Minh Dũng,0.0,44,0.0,6,18,0,0,Cao
SV22398,Nguyễn Văn Giang,2.28,50,5.7,1,18,0,0,Trung Binh
SV22399,Phạm Thị Dũng,2.89,39,7.2,0,18,0,0,Thap
SV22400,Nguyễn Đức Hương,2.5,43,6.2,0,21,0,0,Thap
SV22401,Trần Đức An,2.3,42,5.8,4,24,0,0,Cao
SV22402,Đặng Ngọc Bình,2.24,47,5.6,0,15,0,0,Thap
SV22403,Nguyễn Anh Cường,2.4,60,6.0,2,15,0,0,Cao
SV22404,Bùi Anh Linh,3.18,33,7.9,1,24,0,0,Thap
SV22405,Lê Đức Bình,2.59,57,6.5,3,21,1,1,Cao
SV22406,Phạm Minh Nam,2.8,33,7.0,0,18,0,0,Thap
SV22407,Trần Đức Cường,0.0,85,0.0,0,0,0,0,Thap
SV22408,Đặng Minh Dũng,0.0,33,0.0,7,21,1,1,Cao
SV22409,Hoàng Văn Khánh,0.0,0,0.0,5,15,0,0,Cao
SV22410,Bùi Ngọc Trang,2.25,53,5.6,1,15,0,0,Cao
SV22411,Bùi Quang Nam,0.0,33,0.0,5,15,0,0,Cao
SV22412,Phạm Ngọc Hương,2.25,72,5.6,2,18,0,0,Cao
SV22413,Lê Thị Dũng,2.13,73,5.3,2,15,0,0,Trung Binh
SV22414,Trần Thị Giang,2.36,50,5.9,1,18,0,0,Thap
SV22415,Đặng Quang An,2.33,63,5.8,2,30,0,0,Thap
SV22416,Đặng Thị Trang,0.0,61,0.0,6,18,0,0,Cao
SV22417,Đặng Thị Hương,2.05,44,5.1,2,18,0,0,Cao
SV22418,Vũ Đức Linh,2.16,36,5.4,0,45,0,0,Thap
SV22419,Bùi Ngọc Cường,2.51,42,6.3,1,36,0,0,Thap
SV22420,Hoàng Thị Giang,2.71,33,6.8,0,21,0,0,Trung Binh
SV22421,Vũ Văn Trang,0.0,0,0.0,6,18,0,0,Cao
SV22422,Nguyễn Thị Giang,0.0,33,0.0,5,15,0,0,Cao
SV22423,Phạm Ngọc Khánh,2.96,50,7.4,0,18,0,0,Thap
SV22424,Nguyễn Ngọc Giang,0.0,44,0.0,3,9,0,0,Cao
SV22425,Phạm Quang An,0.0,33,0.0,2,6,0,0,Cao
SV22426,Lê Ngọc Giang,0.0,33,0.0,4,12,0,0,Cao
SV22427,Đặng Thị Dũng,0.0,67,0.0,5,15,0,0,Cao
SV22428,Đặng Anh Hương,2.28,33,5.7,0,15,0,0,Thap
SV22429,Trần Minh Khánh,2.33,48,5.8,3,27,0,0,Cao
SV22430,Lê Thị Hương,2.26,40,5.6,3,30,0,0,Cao
SV22431,Hoàng Thị An,2.3,67,5.8,2,18,0,0,Thap
SV22432,Phạm Minh Trang,3.2,33,8.0,0,15,0,0,Thap
SV22433,Lê Đức Bình,2.5,33,6.2,0,18,0,0,Cao
SV22434,Phạm Văn Bình,2.4,47,6.0,1,15,0,0,Trung Binh
SV22435,Hoàng Thảo Hương,0.0,73,0.0,5,15,0,0,Trung Binh
SV22436,Trần Đức Hương,2.6,67,6.5,0,15,0,0,Thap
SV22437,Trần Văn Khánh,2.74,50,6.9,5,54,0,0,Thap
SV22438,Nguyễn Anh Khánh,2.47,60,6.2,2,15,0,0,Cao
SV22439,Lê Thảo Khánh,2.55,61,6.4,6,51,0,0,Cao
SV22440,Phạm Thảo Cường,2.8,33,7.0,4,15,0,0,Cao
SV22441,Đặng Văn Nam,0.0,0,0.0,5,15,0,0,Cao
SV22442,Trần Anh Hương,2.28,44,5.7,1,18,0,0,Trung Binh
SV22443,Bùi Anh Khánh,0.0,33,0.0,5,15,0,0,Cao
SV22444,Hoàng Thị Giang,3.78,44,9.4,0,18,0,0,Thap
SV22445,Bùi Minh Trang,0.0,67,0.0,6,18,0,0,Cao
SV22446,Lê Quang Trang,2.27,71,5.7,1,21,0,0,Trung Binh
SV22447,Đặng Quang Cường,2.7,43,6.8,0,21,0,0,Cao
SV22448,Lê Thị Cường,3.0,36,7.5,9,33,0,0,Thap
SV22449,Vũ Đức Hương,0.0,67,0.0,5,15,1,1,Cao
SV22450,Hoàng Anh Cường,2.84,33,7.1,0,27,0,0,Cao
SV22451,Lê Thảo Linh,0.0,85,0.0,0,0,1,1,Trung Binh
SV22452,Đặng Thị Dũng,2.4,67,6.0,3,21,1,1,Cao
SV22453,Đặng Đức Cường,2.52,60,6.3,0,15,0,0,Thap
SV22454,Hoàng Minh Linh,3.02,33,7.5,0,36,0,0,Trung Binh
SV22455,Đặng Thảo Cường,0.0,33,0.0,5,15,0,0,Cao
SV22456,Bùi Văn Giang,2.9,44,7.2,0,18,0,0,Thap
SV22457,Nguyễn Quang Khánh,2.9,33,7.2,0,18,0,0,Thap
SV22458,Vũ Thị Nam,2.0,80,5.0,2,15,0,0,Trung Binh
SV22459,Vũ Thảo An,0.0,0,0.0,5,15,0,0,Cao
SV22460,Hoàng Đức An,2.32,33,5.8,0,15,0,0,Thap
SV22461,Trần Minh Linh,2.35,56,5.9,2,18,0,0,Cao
SV22462,Bùi Văn Nam,0.0,0,0.0,6,18,0,0,Cao
SV22463,Trần Đức Nam,0.0,85,0.0,0,0,0,0,Cao
SV22464,Nguyễn Đức Trang,0.0,39,0.0,6,18,1,1,Cao
SV22465,Vũ Thảo Nam,2.25,47,5.6,1,15,1,1,Cao
SV22466,Phạm Văn Khánh,2.31,50,5.8,1,18,1,1,Cao
SV22467,Lê Ngọc Giang,2.0,47,5.0,1,15,0,0,Trung Binh
SV22468,Lê Văn Bình,2.77,61,6.9,1,18,0,0,Trung Binh
SV22469,Vũ Anh Bình,2.55,33,6.4,2,18,0,0,Cao
SV22470,Lê Đức Nam,0.0,33,0.0,4,12,0,0,Cao
SV22471,Phạm Minh Linh,2.32,72,5.8,1,18,0,0,Trung Binh
SV22472,Lê Thảo Nam,0.0,33,0.0,5,15,0,0,Cao
SV22473,Bùi Thảo Dũng,2.25,33,5.6,2,18,0,0,Cao
SV22474,Phạm Văn Dũng,0.0,0,0.0,6,18,0,0,Cao
SV22475,Vũ Văn Bình,2.87,33,7.2,0,18,0,0,Thap
SV22476,Bùi Minh Trang,0.0,39,0.0,6,18,1,1,Cao
SV22477,Bùi Ngọc Linh,2.7,33,6.8,3,69,0,0,Thap
SV22478,Bùi Quang Giang,2.53,44,6.3,0,18,0,0,Trung Binh
SV22479,Nguyễn Đức Hương,2.49,33,6.2,0,21,0,0,Thap
SV22480,Trần Quang Bình,2.13,47,5.3,2,15,0,0,Cao
SV22481,Trần Thị Khánh,0.0,85,0.0,0,0,0,0,Trung Binh
SV22482,Hoàng Thị Bình,2.53,33,6.3,0,18,0,0,Thap
SV22483,Đặng Văn Khánh,2.64,33,6.6,0,15,0,0,Thap
SV22484,Lê Minh Cường,2.54,56,6.4,2,36,0,0,Thap
SV22485,Đặng Anh Trang,2.97,40,7.4,0,15,0,0,Thap
SV22486,Vũ Ngọc Hương,2.3,33,5.8,6,30,0,0,Cao
SV22487,Hoàng Đức Linh,0.0,0,0.0,6,18,0,0,Cao
SV22488,Nguyễn Văn Cường,0.0,0,0.0,5,15,0,0,Cao
SV22489,Lê Quang Hương,2.53,47,6.3,2,15,0,0,Trung Binh
SV22490,Đặng Thảo Hương,2.94,39,7.4,0,18,0,0,Thap
SV22491,Lê Thị Khánh,2.73,61,6.8,3,18,0,0,Trung Binh
SV22492,Phạm Đức An,2.16,60,5.4,0,15,0,0,Trung Binh
SV22493,Lê Đức Dũng,2.1,54,5.2,4,24,1,1,Cao
SV22494,Hoàng Ngọc An,3.0,56,7.5,0,18,0,0,Thap
SV22495,Hoàng Thị Cường,2.53,33,6.3,0,18,1,1,Thap
SV22496,Trần Quang Cường,2.63,39,6.6,0,18,0,0,Thap
SV22497,Bùi Thảo Hương,0.0,85,0.0,0,0,0,0,Thap
SV22498,Hoàng Ngọc Khánh,2.6,33,6.5,0,18,0,0,Thap
SV22499,Phạm Ngọc Hương,0.0,85,0.0,0,0,0,0,Cao
SV22500,Bùi Đức Cường,2.0,72,5.0,4,18,1,1,Cao
SV22501,Phạm Anh Linh,2.67,39,6.7,0,18,0,0,Thap
SV22502,Phạm Quang Khánh,2.47,72,6.2,3,18,0,0,Thap
SV22503,Vũ Anh Trang,2.64,37,6.6,1,63,0,0,Thap
SV22504,Bùi Anh Nam,2.5,33,6.3,1,21,0,0,Thap
SV22505,Nguyễn Văn Hương,0.0,0,0.0,6,18,0,0,Cao
SV22506,Đặng Minh Khánh,2.72,33,6.8,1,24,0,0,Thap
SV22507,Lê Minh Khánh,2.23,43,5.6,0,21,0,0,Thap
SV22508,Bùi Ngọc Bình,2.37,43,5.9,1,21,0,0,Thap
SV22509,Đặng Quang An,0.0,85,0.0,0,0,0,0,Thap
SV22510,Hoàng Văn Khánh,2.8,33,7.0,0,42,0,0,Thap
SV22511,Đặng Minh Bình,2.4,44,6.0,1,18,0,0,Cao
SV22512,Bùi Minh Linh,2.32,71,5.8,3,21,0,0,Trung Binh
SV22513,Lê Thị Khánh,2.64,38,6.6,0,21,0,0,Thap
SV22514,Trần Thảo Dũng,2.7,56,6.8,0,18,0,0,Thap
SV22515,Lê Ngọc Nam,2.67,33,6.7,0,18,0,0,Cao
SV22516,Hoàng Anh Nam,2.85,67,7.1,1,15,0,0,Trung Binh
SV22517,Đặng Anh Trang,2.43,39,6.1,0,18,0,0,Thap
SV22518,Bùi Thảo An,2.44,33,6.1,1,24,0,0,Thap
SV22519,Đặng Đức Giang,2.53,44,6.3,0,18,0,0,Thap
SV22520,Vũ Anh An,2.46,39,6.1,0,18,0,0,Thap
SV22521,Phạm Văn Bình,2.6,39,6.5,0,18,0,0,Thap
SV22522,Nguyễn Thị Bình,2.43,44,6.1,0,18,0,0,Thap
SV22523,Nguyễn Ngọc Nam,2.78,38,6.9,0,21,0,0,Thap
SV22524,Hoàng Ngọc Hương,0.0,0,0.0,6,18,0,0,Cao
SV22525,Hoàng Minh Bình,2.33,67,5.8,0,18,0,0,Cao
SV22526,Bùi Minh Khánh,2.63,72,6.6,0,18,0,0,Thap
SV22527,Hoàng Minh An,2.9,33,7.2,0,18,0,0,Cao
SV22528,Bùi Minh Bình,2.89,33,7.2,0,21,0,0,Thap
SV22529,Bùi Văn Dũng,3.03,33,7.6,0,18,0,0,Thap
SV22530,Hoàng Thảo Cường,2.32,33,5.8,0,15,0,0,Thap
SV22531,Vũ Văn Dũng,2.33,33,5.8,0,18,1,1,Thap
SV22532,Nguyễn Anh An,2.52,44,6.3,0,18,0,0,Thap
SV22533,Phạm Ngọc Bình,2.53,78,6.3,3,18,0,0,Thap
SV22534,Nguyễn Thảo Bình,2.57,39,6.4,0,18,0,0,Trung Binh
SV22535,Hoàng Minh Khánh,2.37,39,5.9,0,18,0,0,Thap
SV22536,Lê Văn Hương,2.28,44,5.7,1,18,0,0,Trung Binh
SV22537,Lê Văn An,2.97,67,7.4,0,15,0,0,Trung Binh
SV22538,Trần Minh An,2.94,39,7.4,0,18,0,0,Thap
SV22539,Trần Thảo Linh,2.7,33,6.8,0,18,1,1,Thap
SV22540,Đặng Thị Bình,2.3,47,5.8,1,15,0,0,Thap
SV22541,Nguyễn Anh Hương,2.8,60,7.0,3,15,0,0,Cao
SV22542,Hoàng Thị Hương,2.57,38,6.4,1,21,0,0,Cao
SV22543,Bùi Văn Khánh,2.69,33,6.7,0,21,0,0,Thap
SV22544,Đặng Thị Trang,0.0,0,0.0,6,18,0,0,Cao
SV22545,Vũ Văn Dũng,2.33,100,5.8,3,18,0,0,Trung Binh
SV22546,Trần Đức Linh,3.2,33,8.0,0,18,0,0,Thap
SV22547,Phạm Anh Nam,2.77,33,6.9,0,18,0,0,Thap
SV22548,Đặng Quang Dũng,2.65,38,6.6,0,24,0,0,Thap
SV22549,Đặng Thảo Nam,2.8,33,7.0,0,18,0,0,Thap
SV22550,Hoàng Văn Trang,2.0,78,5.0,4,18,1,1,Cao
SV22551,Phạm Văn Cường,2.67,33,6.7,1,48,0,0,Thap
SV22552,Nguyễn Đức Giang,2.5,33,6.2,0,18,0,0,Trung Binh
SV22553,Đặng Anh Dũng,2.5,33,6.2,0,18,0,0,Thap
SV22554,Đặng Thị Bình,2.1,53,5.2,3,15,1,1,Cao
SV22555,Hoàng Anh Dũng,2.13,73,5.3,2,15,1,1,Trung Binh
SV22556,Trần Anh Trang,2.1,60,5.2,1,15,0,0,Trung Binh
SV22557,Hoàng Quang Nam,2.4,67,6.0,1,15,0,0,Thap
SV22558,Bùi Minh Nam,0.0,85,0.0,0,0,0,0,Trung Binh
SV22559,Vũ Anh Cường,2.3,73,5.8,0,15,0,0,Trung Binh
SV22560,Hoàng Anh Trang,2.8,33,7.0,0,18,0,0,Cao
SV22561,Hoàng Đức Linh,2.7,39,6.8,0,18,0,0,Thap
SV22562,Hoàng Đức Giang,2.61,33,6.5,0,24,0,0,Thap
SV22563,Trần Đức Linh,2.15,43,5.4,5,21,0,0,Cao
SV22564,Nguyễn Đức Khánh,2.4,61,6.0,5,18,0,0,Trung Binh
SV22565,Trần Ngọc Linh,2.8,33,7.0,0,18,0,0,Thap
SV22566,Phạm Quang Khánh,2.47,39,6.2,0,18,0,0,Thap
SV22567,Bùi Thảo Khánh,2.69,33,6.7,0,21,0,0,Thap
SV22568,Hoàng Quang Trang,2.13,78,5.3,3,18,0,0,Trung Binh
SV22569,Lê Anh Khánh,2.32,40,5.8,0,15,1,1,Trung Binh
SV22570,Đặng Văn Bình,2.73,33,6.8,0,18,0,0,Thap
SV22571,Phạm Đức Khánh,2.88,38,7.2,0,24,1,1,Thap
SV22572,Nguyễn Anh Bình,3.09,43,7.7,0,21,0,0,Thap
SV22573,Nguyễn Anh Trang,2.52,44,6.3,0,18,1,1,Thap
SV22574,Đặng Đức Trang,3.0,33,7.5,1,21,0,0,Thap
SV22575,Đặng Ngọc Cường,3.0,33,7.5,0,18,0,0,Thap
SV22576,Trần Minh Bình,3.18,33,7.9,0,27,0,0,Thap
SV22577,Lê Ngọc Dũng,2.3,78,5.8,2,18,1,1,Cao
SV22578,Bùi Anh Cường,2.1,78,5.2,4,18,0,0,Cao
SV22579,Vũ Minh Cường,2.8,33,7.0,1,21,0,0,Thap
SV22580,Vũ Quang Linh,2.6,33,6.5,0,18,0,0,Thap
SV22581,Nguyễn Đức Nam,2.73,33,6.8,0,18,0,0,Thap
SV22582,Phạm Quang Cường,0.0,44,0.0,6,18,0,0,Cao
SV22583,Đặng Ngọc An,2.88,33,7.2,0,15,0,0,Thap
SV22584,Lê Ngọc Dũng,2.4,67,6.0,1,15,0,0,Trung Binh
SV22585,Đặng Ngọc Cường,2.83,33,7.1,0,18,0,0,Thap
SV22586,Nguyễn Văn Hương,2.44,44,6.1,1,18,0,0,Thap
SV22587,Bùi Minh Linh,2.4,53,6.0,2,15,0,0,Trung Binh
SV22588,Trần Đức Dũng,2.1,73,5.2,3,15,0,0,Trung Binh
SV22589,Lê Thị An,2.47,44,6.2,3,18,0,0,Cao
SV22590,Đặng Anh Khánh,2.44,39,6.1,1,18,0,0,Trung Binh
SV22591,Lê Thị Bình,0.0,33,0.0,6,18,0,0,Cao
SV22592,Phạm Văn Hương,2.3,48,5.8,1,21,1,1,Trung Binh
SV22593,Bùi Thị Khánh,2.18,33,5.4,0,27,0,0,Thap
SV22594,Vũ Anh Nam,2.43,57,6.1,1,21,0,0,Cao
SV22595,Đặng Văn Linh,2.0,47,5.0,3,15,0,0,Trung Binh
SV22596,Lê Thị Cường,2.53,33,6.3,0,18,0,0,Thap
SV22597,Vũ Thị Cường,2.28,50,5.7,1,18,1,1,Cao
SV22598,Lê Ngọc Cường,0.0,85,0.0,0,0,0,0,Cao
SV22599,Trần Thảo Giang,2.6,93,6.5,3,15,0,0,Trung Binh
SV22600,Vũ Thảo Khánh,2.68,44,6.7,1,18,0,0,Trung Binh
SV22601,Vũ Minh Linh,2.7,33,6.8,0,18,0,0,Cao
SV22602,Lê Đức Hương,2.45,78,6.1,2,18,0,0,Trung Binh
SV22603,Lê Quang Nam,2.46,39,6.1,0,18,0,0,Thap
SV22604,Hoàng Văn Linh,0.0,80,0.0,5,15,0,0,Cao
SV22605,Bùi Ngọc Dũng,2.1,56,5.2,4,18,0,0,Cao
SV22606,Lê Minh Cường,2.8,80,7.0,2,15,0,0,Thap
SV22607,Vũ Anh Linh,2.84,47,7.1,0,15,0,0,Thap
SV22608,Đặng Minh An,2.6,44,6.5,1,18,0,0,Cao
SV22609,Lê Thảo Hương,2.2,33,5.5,0,18,0,0,Thap
SV22610,Đặng Đức Khánh,2.2,38,5.5,5,24,0,0,Cao
SV22611,Nguyễn Minh Trang,2.48,43,6.2,1,21,0,0,Thap
SV22612,Hoàng Văn Bình,2.95,67,7.4,2,18,0,0,Thap
SV22613,Đặng Đức Giang,3.23,40,8.1,0,15,0,0,Thap
SV22614,Nguyễn Minh An,0.0,47,0.0,5,15,0,0,Cao
SV22615,Lê Thảo Giang,2.48,40,6.2,0,15,0,0,Cao
SV22616,Bùi Thảo Cường,2.32,44,5.8,1,18,0,0,Cao
SV22617,Phạm Quang Cường,2.44,44,6.1,1,18,0,0,Cao
SV22618,Phạm Ngọc An,2.2,39,5.5,1,18,0,0,Thap
SV22619,Phạm Thảo Dũng,2.47,44,6.2,0,18,0,0,Cao
SV22620,Đặng Thị Bình,2.97,33,7.4,0,18,0,0,Thap
SV22621,Vũ Ngọc Bình,2.31,50,5.8,1,30,0,0,Trung Binh
SV22622,Đặng Quang Hương,2.4,33,6.0,0,18,0,0,Thap
SV22623,Lê Quang Bình,2.55,33,6.4,2,39,1,1,Thap
SV22624,Phạm Quang Linh,2.1,33,5.2,0,6,0,0,Cao
SV22625,Đặng Minh Nam,2.47,33,6.2,0,18,0,0,Thap
SV22626,Trần Thảo Linh,0.0,67,0.0,5,15,0,0,Cao
SV22627,Bùi Anh Dũng,2.97,33,7.4,0,21,0,0,Thap
SV22628,Nguyễn Anh An,2.44,33,6.1,0,21,0,0,Trung Binh
SV22629,Trần Ngọc Nam,2.16,67,5.4,1,15,0,0,Trung Binh
SV22630,Hoàng Thị Bình,2.55,47,6.4,1,15,0,0,Trung Binh
SV22631,Vũ Quang Khánh,2.2,87,5.5,3,15,0,0,Cao
SV22632,Đặng Thảo Nam,2.15,50,5.4,2,18,0,0,Cao
SV22633,Vũ Ngọc Linh,2.51,38,6.3,0,24,0,0,Thap
SV22634,Lê Ngọc Bình,2.53,33,6.3,1,24,0,0,Thap
SV22635,Nguyễn Anh Nam,2.54,56,6.4,0,18,0,0,Trung Binh
SV22636,Bùi Ngọc Dũng,2.35,33,5.9,5,21,0,0,Cao
SV22637,Hoàng Anh Giang,2.2,61,5.5,3,18,0,0,Cao
SV22638,Vũ Minh Giang,0.0,85,0.0,0,0,0,0,Thap
SV22639,Bùi Thị Trang,2.68,33,6.7,0,15,0,0,Thap
SV22640,Bùi Văn An,2.52,41,6.3,0,51,0,0,Thap
SV22641,Bùi Thị Khánh,0.0,0,0.0,5,15,0,0,Cao
SV22642,Trần Đức Giang,2.4,44,6.0,0,18,0,0,Thap
SV22643,Đặng Thị Hương,2.47,33,6.2,3,18,0,0,Cao
SV22644,Nguyễn Quang Nam,2.3,73,5.8,1,15,0,0,Cao
SV22645,Hoàng Anh Dũng,2.56,39,6.4,1,18,0,0,Thap
SV22646,Bùi Thảo Cường,0.0,85,0.0,0,0,0,0,Cao
SV22647,Nguyễn Anh Linh,2.66,38,6.6,0,21,0,0,Trung Binh
SV22648,Nguyễn Anh Trang,2.36,89,5.9,2,18,1,1,Cao
SV22649,Nguyễn Thị Nam,2.27,33,5.7,7,39,0,0,Cao
SV22650,Lê Đức Hương,2.4,50,6.0,3,24,0,0,Cao
SV22651,Bùi Ngọc Hương,2.8,48,7.0,2,21,0,0,Trung Binh
SV22652,Trần Quang Hương,3.04,56,7.6,1,18,0,0,Cao
SV22653,Lê Ngọc An,2.63,39,6.6,0,18,0,0,Thap
SV22654,Trần Quang An,0.0,93,0.0,5,15,0,0,Cao
SV22655,Đặng Văn An,2.77,46,6.9,1,24,0,0,Thap
SV22656,Bùi Đức Dũng,2.54,46,6.3,2,24,0,0,Thap
SV22657,Hoàng Thị An,0.0,85,0.0,0,0,0,0,Thap
SV22658,Phạm Thị Nam,2.4,33,6.0,0,18,0,0,Trung Binh
SV22659,Đặng Đức Hương,0.0,85,0.0,0,0,0,0,Cao
SV22660,Vũ Thảo Bình,2.2,39,5.5,0,18,0,0,Cao
SV22661,Đặng Thị Trang,2.15,73,5.4,1,15,0,0,Cao
SV22662,Bùi Thảo An,2.84,39,7.1,1,18,0,0,Thap
SV22663,Hoàng Thảo Bình,2.52,52,6.3,3,21,0,0,Cao
SV22664,Vũ Anh An,0.0,33,0.0,5,15,0,0,Cao
SV22665,Hoàng Minh Khánh,2.8,40,7.0,0,15,0,0,Thap
SV22666,Hoàng Thị An,2.0,89,5.0,4,18,1,1,Cao
SV22667,Đặng Thị Khánh,2.77,33,6.9,0,18,0,0,Thap
SV22668,Vũ Minh Trang,2.2,53,5.5,3,15,0,0,Cao
SV22669,Trần Thị Dũng,2.33,33,5.8,1,24,0,0,Trung Binh
SV22670,Lê Quang Linh,2.45,33,6.1,2,18,0,0,Cao
SV22671,Trần Thị Khánh,2.5,60,6.2,1,15,1,1,Trung Binh
SV22672,Bùi Ngọc Hương,2.76,33,6.9,0,15,0,0,Thap
SV22673,Trần Văn Dũng,2.4,44,6.0,3,18,0,0,Cao
SV22674,Vũ Văn Dũng,2.2,60,5.5,2,15,0,0,Trung Binh
SV22675,Trần Minh Giang,2.75,39,6.9,2,18,0,0,Thap
SV22676,Trần Ngọc Nam,2.13,33,5.3,0,18,0,0,Trung Binh
SV22677,Lê Quang Trang,0.0,33,0.0,7,21,0,0,Cao
SV22678,Lê Thảo Cường,2.77,40,6.9,0,15,0,0,Thap
SV22679,Vũ Thảo Dũng,0.0,33,0.0,6,18,1,1,Trung Binh
SV22680,Bùi Minh Hương,3.16,33,7.9,0,15,0,0,Thap
SV22681,Bùi Văn Hương,2.51,62,6.3,2,42,0,0,Thap
SV22682,Nguyễn Văn Linh,2.56,43,6.4,1,21,0,0,Cao
SV22683,Bùi Quang Khánh,0.0,33,0.0,5,15,1,1,Cao
SV22684,Lê Ngọc Nam,2.6,53,6.5,2,15,0,0,Thap
SV22685,Đặng Đức Cường,0.0,44,0.0,6,18,0,0,Cao
SV22686,Vũ Ngọc Hương,2.16,47,5.4,0,15,0,0,Trung Binh
SV22687,Lê Đức Cường,2.2,47,5.5,0,15,0,0,Trung Binh
SV22688,Nguyễn Thị Bình,0.0,33,0.0,4,12,1,1,Cao
SV22689,Nguyễn Quang Bình,0.0,47,0.0,5,15,1,1,Trung Binh
SV22690,Đặng Thị An,2.4,56,6.0,4,18,0,0,Cao
SV22691,Vũ Ngọc Khánh,2.15,47,5.4,1,15,0,0,Cao
SV22692,Nguyễn Quang Linh,2.32,53,5.8,0,15,0,0,Thap
SV22693,Vũ Minh Linh,2.36,40,5.9,0,15,0,0,Thap
SV22694,Đặng Minh Nam,3.2,39,8.0,0,18,0,0,Thap
SV22695,Phạm Thị Cường,2.53,33,6.3,0,18,0,0,Thap
SV22696,Trần Anh An,2.88,57,7.2,3,21,1,1,Trung Binh
SV22697,Phạm Anh Hương,0.0,33,0.0,6,18,1,1,Cao
SV22698,Hoàng Văn Cường,2.45,61,6.1,2,18,1,1,Trung Binh
SV22699,Nguyễn Minh Giang,2.52,43,6.3,2,21,0,0,Cao
SV22700,Hoàng Thảo Hương,2.68,33,6.7,1,24,0,0,Thap
SV22701,Bùi Thị An,0.0,85,0.0,0,0,1,1,Cao
SV22702,Phạm Thị An,2.0,50,5.0,5,18,0,0,Cao
SV22703,Nguyễn Minh Khánh,0.0,33,0.0,5,15,1,1,Cao
SV22704,Đặng Đức Giang,2.25,89,5.6,3,18,0,0,Cao
SV22705,Đặng Đức Bình,0.0,67,0.0,5,15,0,0,Trung Binh
SV22706,Vũ Anh Dũng,2.13,53,5.3,2,15,0,0,Cao
SV22707,Vũ Ngọc Khánh,2.35,47,5.9,1,15,0,0,Thap
SV22708,Bùi Minh Bình,0.0,33,0.0,5,15,0,0,Cao
SV22709,Trần Thị An,2.53,33,6.3,0,18,0,0,Thap
SV22710,Hoàng Đức Hương,2.39,67,6.0,0,21,0,0,Trung Binh
SV22711,Vũ Thảo Nam,2.8,39,7.0,1,18,0,0,Thap
SV22712,Phạm Văn Hương,0.0,33,0.0,6,18,0,0,Cao
SV22713,Đặng Anh Trang,2.3,73,5.8,3,15,1,1,Cao
SV22714,Vũ Minh Bình,2.4,56,6.0,0,18,0,0,Thap
SV22715,Vũ Anh An,3.29,39,8.2,0,18,1,1,Cao
SV22716,Đặng Quang Trang,2.67,43,6.7,2,21,0,0,Thap
SV22717,Hoàng Quang Trang,0.0,33,0.0,7,21,0,0,Trung Binh
SV22718,Nguyễn Quang Dũng,2.93,43,7.3,0,21,0,0,Thap
SV22719,Hoàng Quang Nam,2.82,33,7.1,1,24,0,0,Thap
SV22720,Hoàng Anh Bình,2.97,39,7.4,0,18,0,0,Thap
SV22721,Đặng Thị An,2.77,39,6.9,0,18,0,0,Thap
SV22722,Bùi Quang Hương,2.2,67,5.5,2,15,0,0,Trung Binh
SV22723,Đặng Thảo Trang,2.35,61,5.9,2,18,0,0,Trung Binh
SV22724,Lê Quang Cường,2.0,100,5.0,3,15,0,0,Cao
SV22725,Đặng Anh Bình,2.48,62,6.2,2,24,0,0,Thap
SV22726,Nguyễn Văn Nam,2.2,80,5.5,4,15,0,0,Trung Binh
SV22727,Đặng Quang Cường,2.89,78,7.2,1,18,0,0,Thap
SV22728,Trần Thảo Bình,2.86,33,7.2,1,24,0,0,Thap
SV22729,Lê Quang Nam,3.09,44,7.7,0,18,0,0,Trung Binh
SV22730,Nguyễn Anh Dũng,2.4,60,6.0,1,15,0,0,Thap
SV22731,Bùi Ngọc Khánh,2.77,39,6.9,0,18,0,0,Thap
SV22732,Trần Quang Trang,2.43,33,6.1,0,18,0,0,Thap
SV22733,Trần Ngọc Dũng,2.8,33,7.0,1,24,0,0,Trung Binh
SV22734,Hoàng Ngọc An,2.07,83,5.2,4,18,0,0,Trung Binh
SV22735,Nguyễn Thị Cường,2.64,39,6.6,1,18,0,0,Thap
SV22736,Đặng Quang Trang,3.08,33,7.7,1,21,1,1,Thap
SV22737,Lê Thảo Linh,2.68,33,6.7,0,21,0,0,Thap
SV22738,Bùi Văn An,2.17,72,5.4,0,18,1,1,Cao
SV22739,Bùi Ngọc Bình,2.27,73,5.7,0,15,0,0,Thap
SV22740,Trần Thị Dũng,2.9,47,7.2,1,15,0,0,Thap
SV22741,Trần Quang Nam,2.83,33,7.1,0,18,0,0,Thap
SV22742,Đặng Đức Hương,2.57,39,6.4,0,18,0,0,Thap
SV22743,Bùi Quang Trang,2.67,39,6.7,0,18,0,0,Thap
SV22744,Nguyễn Minh Trang,2.73,39,6.8,0,18,0,0,Thap
SV22745,Nguyễn Anh Giang,2.17,33,5.4,0,18,1,1,Cao
SV22746,Vũ Văn Linh,2.69,39,6.7,0,18,0,0,Thap
SV22747,Bùi Ngọc Linh,2.48,33,6.2,0,21,1,1,Trung Binh
SV22748,Nguyễn Văn Linh,0.0,44,0.0,6,18,0,0,Cao
SV22749,Hoàng Văn Bình,0.0,33,0.0,4,12,0,0,Cao
SV22750,Bùi Văn Linh,2.3,60,5.8,1,15,0,0,Cao
SV22751,Nguyễn Đức An,0.0,53,0.0,5,15,0,0,Cao
SV22752,Nguyễn Anh Bình,2.83,44,7.1,0,18,0,0,Thap
SV22753,Bùi Ngọc Linh,0.0,33,0.0,6,18,0,0,Cao
SV22754,Trần Minh Giang,2.76,40,6.9,0,30,0,0,Thap
SV22755,Hoàng Thị Khánh,2.72,33,6.8,0,30,0,0,Cao
SV22756,Hoàng Thảo Trang,2.35,48,5.9,1,48,0,0,Thap
SV22757,Hoàng Văn Bình,2.0,53,5.0,4,15,0,0,Cao
SV22758,Trần Thảo Dũng,0.0,100,0.0,6,18,0,0,Cao
SV22759,Hoàng Anh Bình,0.0,33,0.0,6,18,0,0,Trung Binh
SV22760,Nguyễn Văn An,2.16,67,5.4,2,18,0,0,Trung Binh
SV22761,Hoàng Quang Dũng,2.61,38,6.5,1,21,0,0,Cao
SV22762,Trần Minh Dũng,2.2,48,5.5,1,27,0,0,Trung Binh
SV22763,Bùi Thảo Nam,2.47,56,6.2,3,18,0,0,Trung Binh
SV22764,Hoàng Quang Giang,2.36,48,5.9,1,33,0,0,Thap
SV22765,Đặng Minh Trang,2.2,53,5.5,2,15,0,0,Trung Binh
SV22766,Phạm Thị Nam,2.62,33,6.6,0,24,0,0,Thap
SV22767,Trần Thị An,2.88,33,7.2,1,24,0,0,Thap
SV22768,Trần Thảo Giang,0.0,33,0.0,5,15,0,0,Cao
SV22769,Lê Thị An,2.47,53,6.2,0,15,0,0,Thap
SV22770,Trần Minh An,0.0,43,0.0,7,21,0,0,Cao
SV22771,Phạm Văn An,2.82,43,7.0,0,21,0,0,Thap
SV22772,Bùi Quang Cường,2.61,33,6.5,0,24,0,0,Thap
SV22773,Lê Văn Khánh,2.57,42,6.4,3,24,0,0,Trung Binh
SV22774,Trần Minh Linh,2.85,33,7.1,0,24,0,0,Thap
SV22775,Phạm Đức Giang,2.81,43,7.0,2,21,0,0,Trung Binh
SV22776,Vũ Quang Dũng,3.02,33,7.5,1,24,0,0,Thap
SV22777,Bùi Thảo Hương,0.0,85,0.0,0,0,0,0,Trung Binh
SV22778,Vũ Văn An,2.75,33,6.9,1,15,0,0,Trung Binh
SV22779,Nguyễn Thị Hương,2.63,55,6.6,0,51,0,0,Thap
SV22780,Bùi Thảo Trang,2.47,50,6.2,1,18,0,0,Thap
SV22781,Bùi Anh Khánh,2.76,38,6.9,0,21,0,0,Thap
SV22782,Phạm Ngọc Dũng,2.07,67,5.2,3,18,1,1,Cao
SV22783,Bùi Quang Nam,2.27,61,5.7,3,18,0,0,Trung Binh
SV22784,Vũ Minh Trang,2.64,39,6.6,1,18,0,0,Trung Binh
SV22785,Trần Ngọc Khánh,2.71,44,6.8,0,18,0,0,Thap
SV22786,Nguyễn Thị Nam,2.55,42,6.4,0,33,0,0,Thap
SV22787,Hoàng Đức Cường,2.6,61,6.5,3,18,0,0,Cao
SV22788,Phạm Đức Trang,2.27,47,5.7,2,15,0,0,Trung Binh
SV22789,Lê Thị An,0.0,67,0.0,6,18,1,1,Cao
SV22790,Phạm Thị An,0.0,85,0.0,0,0,1,1,Cao
SV22791,Hoàng Ngọc Linh,2.5,47,6.2,3,15,0,0,Cao
SV22792,Vũ Thị Trang,2.97,39,7.4,0,18,0,0,Thap
SV22793,Hoàng Đức Dũng,2.4,48,6.0,1,27,0,0,Thap
SV22794,Bùi Thị Trang,0.0,85,0.0,0,0,1,1,Thap
SV22795,Nguyễn Quang Khánh,0.0,33,0.0,5,15,0,0,Trung Binh
SV22796,Nguyễn Ngọc Bình,2.57,38,6.4,0,21,0,0,Thap
SV22797,Phạm Đức Cường,0.0,0,0.0,7,21,0,0,Cao
SV22798,Đặng Đức Linh,2.67,33,6.7,0,18,0,0,Thap
SV22799,Trần Thảo Dũng,2.61,48,6.5,0,42,0,0,Thap
SV22800,Vũ Thảo Cường,2.4,62,6.0,2,21,0,0,Cao
SV22801,Trần Đức Hương,3.1,33,7.8,0,18,0,0,Thap
SV22802,Hoàng Thảo Dũng,0.0,33,0.0,6,18,0,0,Cao
SV22803,Vũ Thị Dũng,2.94,39,7.4,0,18,0,0,Thap
SV22804,Lê Ngọc Giang,3.34,39,8.4,0,18,0,0,Thap
SV22805,Lê Thảo Khánh,2.17,50,5.4,0,18,0,0,Thap
SV22806,Bùi Thảo Cường,2.33,38,5.8,1,21,0,0,Thap
SV22807,Vũ Đức Giang,2.32,44,5.8,1,18,0,0,Thap
SV22808,Lê Anh Khánh,2.92,44,7.3,0,18,0,0,Trung Binh
SV22809,Lê Anh Cường,2.43,33,6.1,0,18,0,0,Thap
SV22810,Trần Anh Khánh,2.68,57,6.7,3,21,0,0,Trung Binh
SV22811,Hoàng Anh Nam,2.5,33,6.2,0,18,0,0,Thap
SV22812,Đặng Minh Hương,2.51,38,6.3,2,21,1,1,Cao
SV22813,Nguyễn Thị Giang,2.64,33,6.6,0,21,0,0,Thap
SV22814,Bùi Anh Nam,2.2,61,5.5,3,18,1,1,Thap
SV22815,Lê Ngọc Linh,0.0,85,0.0,0,0,0,0,Thap
SV22816,Trần Thảo Cường,2.32,61,5.8,1,18,0,0,Thap
SV22817,Đặng Ngọc Khánh,2.85,33,7.1,1,21,0,0,Thap
SV22818,Vũ Thị Hương,2.2,40,5.5,1,15,0,0,Trung Binh
SV22819,Phạm Quang Bình,2.53,37,6.3,1,30,0,0,Thap
SV22820,Nguyễn Thị Trang,0.0,33,0.0,6,18,0,0,Trung Binh
SV22821,Nguyễn Văn Cường,2.55,46,6.4,1,24,0,0,Thap
SV22822,Vũ Quang Cường,0.0,80,0.0,5,15,0,0,Cao
SV22823,Nguyễn Đức Khánh,3.1,33,7.8,0,18,0,0,Thap
SV22824,Phạm Thị Bình,2.66,39,6.6,0,18,0,0,Trung Binh
SV22825,Trần Anh Hương,2.34,52,5.9,2,21,0,0,Trung Binh
SV22826,Nguyễn Đức Bình,2.27,44,5.7,0,18,0,0,Cao
SV22827,Hoàng Minh Bình,2.67,33,6.7,0,18,0,0,Thap
SV22828,Phạm Văn Trang,2.47,87,6.2,1,15,0,0,Thap
SV22829,Trần Ngọc Linh,2.47,33,6.2,0,18,0,0,Trung Binh
SV22830,Hoàng Minh Nam,0.0,85,0.0,0,0,0,0,Cao
SV22831,Đặng Đức Nam,2.52,53,6.3,0,15,0,0,Thap
SV22832,Trần Thảo Trang,2.52,33,6.3,0,15,0,0,Trung Binh
SV22833,Lê Đức Giang,2.87,56,7.2,0,18,1,1,Trung Binh
SV22834,Phạm Thị Giang,2.4,53,6.0,2,15,0,0,Trung Binh
SV22835,Phạm Thảo Linh,2.97,39,7.4,0,18,0,0,Thap
SV22836,Phạm Anh Trang,2.38,38,6.0,3,45,0,0,Thap
SV22837,Phạm Anh Hương,0.0,33,0.0,5,15,0,0,Cao
SV22838,Trần Anh Hương,2.67,80,6.7,2,15,0,0,Trung Binh
SV22839,Hoàng Đức Bình,0.0,33,0.0,5,15,0,0,Cao
SV22840,Vũ Quang Dũng,3.4,33,8.5,0,18,0,0,Thap
SV22841,Bùi Quang Khánh,2.33,72,5.8,3,18,0,0,Trung Binh
SV22842,Nguyễn Văn Trang,2.44,42,6.1,0,57,0,0,Thap
SV22843,Vũ Ngọc Hương,2.6,44,6.5,0,18,0,0,Thap
SV22844,Hoàng Đức Hương,0.0,0,0.0,5,15,1,1,Cao
SV22845,Phạm Thị Khánh,2.1,60,5.2,3,15,0,0,Trung Binh
SV22846,Vũ Thị Hương,2.71,39,6.8,0,18,0,0,Thap
SV22847,Nguyễn Minh Bình,2.8,78,7.0,2,9,0,0,Cao
SV22848,Vũ Thảo Cường,0.0,33,0.0,5,15,0,0,Cao
SV22849,Trần Thảo Linh,2.49,44,6.2,2,45,0,0,Cao
SV22850,Hoàng Thảo Hương,2.88,44,7.2,2,18,0,0,Thap
SV22851,Hoàng Văn Khánh,0.0,33,0.0,6,18,0,0,Cao
SV22852,Bùi Văn Bình,2.87,33,7.2,0,18,1,1,Thap
SV22853,Bùi Đức Nam,2.38,54,6.0,2,39,1,1,Thap
SV22854,Phạm Thảo Trang,2.74,44,6.9,0,18,0,0,Thap
SV22855,Lê Thị Nam,0.0,0,0.0,7,21,1,1,Cao
SV22856,Phạm Thị Trang,2.69,48,6.7,2,21,0,0,Cao
SV22857,Trần Văn Khánh,3.0,33,7.5,0,18,0,0,Thap
SV22858,Trần Văn Dũng,0.0,85,0.0,0,0,0,0,Cao
SV22859,Bùi Ngọc Khánh,2.68,39,6.7,1,18,0,0,Thap
SV22860,Hoàng Quang Khánh,2.6,50,6.5,1,18,0,0,Trung Binh
SV22861,Bùi Văn Giang,2.25,72,5.6,2,18,1,1,Thap
SV22862,Trần Thị An,2.52,33,6.3,0,15,0,0,Thap
SV22863,Hoàng Thị Dũng,2.53,44,6.3,0,18,0,0,Thap
SV22864,Lê Minh Bình,2.47,37,6.2,0,63,1,1,Thap
SV22865,Hoàng Ngọc Bình,2.4,61,6.0,1,18,0,0,Cao
SV22866,Vũ Ngọc Linh,3.28,33,8.2,0,15,0,0,Thap
SV22867,Bùi Anh Giang,0.0,33,0.0,1,3,0,0,Cao
SV22868,Trần Quang Dũng,2.55,56,6.4,0,18,0,0,Thap
SV22869,Nguyễn Minh Bình,2.9,93,7.2,1,15,0,0,Trung Binh
SV22870,Trần Thị Dũng,2.96,33,7.4,0,15,0,0,Thap
SV22871,Nguyễn Quang Linh,2.07,43,5.2,0,51,0,0,Thap
SV22872,Nguyễn Đức Trang,0.0,0,0.0,7,21,0,0,Cao
SV22873,Lê Thị Giang,2.13,50,5.3,4,30,0,0,Trung Binh
SV22874,Vũ Minh Trang,2.54,47,6.3,2,45,0,0,Thap
SV22875,Đặng Minh Hương,0.0,0,0.0,5,15,0,0,Cao
SV22876,Bùi Văn Linh,2.36,33,5.9,0,45,0,0,Trung Binh
SV22877,Trần Anh Nam,0.0,33,0.0,7,21,1,1,Cao
SV22878,Bùi Thị Nam,2.47,50,6.2,1,18,0,0,Trung Binh
SV22879,Bùi Anh Trang,2.6,50,6.5,1,36,0,0,Cao
SV22880,Vũ Ngọc Cường,2.5,72,6.2,2,18,0,0,Cao
SV22881,Hoàng Minh Trang,2.44,44,6.1,1,18,0,0,Thap
SV22882,Bùi Minh Trang,2.2,50,5.5,2,30,0,0,Trung Binh
SV22883,Trần Quang Bình,2.0,93,5.0,4,15,0,0,Cao
SV22884,Lê Đức Bình,2.47,39,6.2,0,18,0,0,Thap
SV22885,Hoàng Anh Hương,2.86,33,7.2,0,39,0,0,Thap
SV22886,Phạm Thị Giang,2.89,39,7.2,0,33,0,0,Thap
SV22887,Đặng Thị Trang,2.2,40,5.5,0,15,0,0,Thap
SV22888,Bùi Đức Khánh,2.63,44,6.6,0,18,0,0,Thap
SV22889,Bùi Ngọc Nam,2.75,44,6.9,0,18,0,0,Thap
SV22890,Bùi Quang Giang,2.8,33,7.0,0,18,0,0,Thap
SV22891,Hoàng Anh Trang,2.75,54,6.9,0,24,0,0,Thap
SV22892,Phạm Anh Nam,0.0,33,0.0,5,15,0,0,Cao
SV22893,Hoàng Ngọc Bình,2.63,33,6.6,0,18,0,0,Thap
SV22894,Đặng Thị Linh,2.49,33,6.2,3,36,0,0,Cao
SV22895,Đặng Quang Linh,2.53,39,6.3,0,18,0,0,Thap
SV22896,Phạm Thảo Cường,2.27,39,5.7,0,18,0,0,Thap
SV22897,Đặng Quang Dũng,2.25,60,5.6,1,15,0,0,Trung Binh
SV22898,Hoàng Ngọc An,2.72,38,6.8,0,21,0,0,Thap
SV22899,Phạm Minh Trang,2.48,33,6.2,1,24,0,0,Thap
SV22900,Hoàng Anh Khánh,0.0,85,0.0,0,0,0,0,Thap
SV22901,Hoàng Anh An,2.3,58,5.8,1,36,0,0,Trung Binh
SV22902,Lê Quang Linh,0.0,33,0.0,5,15,0,0,Cao
SV22903,Hoàng Quang Dũng,2.2,48,5.5,0,21,0,0,Thap
SV22904,Bùi Thảo Giang,2.8,33,7.0,0,18,0,0,Thap
SV22905,Trần Văn Trang,2.4,72,6.0,2,18,0,0,Cao
SV22906,Hoàng Thảo An,2.5,39,6.2,0,18,0,0,Thap
SV22907,Phạm Văn Giang,2.27,44,5.7,0,18,0,0,Thap
SV22908,Vũ Đức Hương,2.81,33,7.0,1,21,0,0,Thap
SV22909,Phạm Thảo Cường,2.71,52,6.8,1,27,0,0,Thap
SV22910,Hoàng Thị Bình,2.32,72,5.8,1,18,1,1,Cao
SV22911,Hoàng Quang Trang,0.0,0,0.0,6,18,0,0,Cao
SV22912,Hoàng Thảo Trang,2.66,33,6.6,0,24,0,0,Thap
SV22913,Vũ Minh Trang,0.0,0,0.0,6,18,0,0,Cao
SV22914,Vũ Đức Giang,2.88,44,7.2,0,18,0,0,Thap
SV22915,Nguyễn Quang Linh,0.0,0,0.0,5,15,0,0,Cao
SV22916,Nguyễn Thảo Giang,2.13,39,5.3,0,18,0,0,Trung Binh
SV22917,Bùi Minh Trang,2.68,49,6.7,1,39,0,0,Thap
SV22918,Lê Văn Hương,2.59,43,6.5,1,21,0,0,Thap
SV22919,Đặng Anh Cường,2.19,36,5.5,1,45,0,0,Cao
SV22920,Vũ Minh Trang,0.0,33,0.0,6,18,1,1,Cao
SV22921,Phạm Ngọc Dũng,0.0,85,0.0,0,0,0,0,Thap
SV22922,Đặng Thị Linh,2.65,33,6.6,2,18,0,0,Trung Binh
SV22923,Phạm Văn Khánh,2.27,78,5.7,0,18,0,0,Cao
SV22924,Phạm Thị Dũng,2.2,40,5.5,4,15,0,0,Cao
SV22925,Hoàng Minh Nam,2.55,38,6.4,1,24,0,0,Thap
SV22926,Hoàng Anh Bình,2.9,33,7.2,0,18,0,0,Thap
SV22927,Lê Minh Nam,2.77,33,6.9,0,18,1,1,Thap
SV22928,Đặng Thị Nam,2.25,53,5.6,1,15,0,0,Thap
SV22929,Vũ Đức Nam,0.0,85,0.0,0,0,0,0,Cao
SV22930,Đặng Anh Bình,2.73,42,6.8,7,24,0,0,Trung Binh
SV22931,Đặng Đức Trang,0.0,60,0.0,5,15,0,0,Cao
SV22932,Bùi Đức Dũng,2.6,67,6.5,4,15,1,1,Cao
SV22933,Hoàng Thị Trang,0.0,33,0.0,5,15,1,1,Cao
SV22934,Nguyễn Quang Trang,2.39,50,6.0,1,24,0,0,Thap
SV22935,Nguyễn Thảo Linh,0.0,67,0.0,6,18,0,0,Cao
SV22936,Lê Ngọc Trang,3.2,61,8.0,5,18,1,1,Cao
SV22937,Vũ Quang Trang,0.0,0,0.0,6,18,0,0,Cao
SV22938,Nguyễn Ngọc Hương,2.55,50,6.4,2,18,0,0,Cao
SV22939,Đặng Ngọc Dũng,2.2,60,5.5,1,15,0,0,Trung Binh
SV22940,Nguyễn Minh Nam,0.0,33,0.0,2,6,0,0,Cao
SV22941,Phạm Quang Khánh,2.44,39,6.1,1,18,0,0,Thap
SV22942,Trần Văn Linh,2.49,43,6.2,0,21,0,0,Trung Binh
SV22943,Bùi Quang Linh,2.9,33,7.2,0,36,0,0,Thap
SV22944,Bùi Minh Bình,2.6,36,6.5,6,36,0,0,Thap
SV22945,Đặng Thảo An,2.34,33,5.9,0,21,0,0,Thap
SV22946,Phạm Thị Nam,2.05,57,5.1,3,21,0,0,Cao
SV22947,Đặng Anh Dũng,0.0,0,0.0,6,18,0,0,Cao
SV22948,Bùi Thảo Dũng,2.48,50,6.2,0,18,0,0,Thap
SV22949,Lê Ngọc An,2.53,33,6.3,0,18,0,0,Thap
SV22950,Vũ Thị Nam,2.1,72,5.2,3,18,0,0,Cao
SV22951,Trần Quang An,2.82,61,7.1,0,18,0,0,Thap
SV22952,Phạm Quang Giang,2.93,39,7.3,0,18,0,0,Thap
SV22953,Bùi Đức Trang,2.28,53,5.7,0,15,0,0,Trung Binh
SV22954,Đặng Ngọc Giang,0.0,85,0.0,0,0,0,0,Cao
SV22955,Phạm Quang Khánh,2.8,39,7.0,0,18,0,0,Thap
SV22956,Phạm Thảo Giang,0.0,85,0.0,0,0,0,0,Thap
SV22957,Hoàng Quang An,0.0,33,0.0,7,21,0,0,Cao
SV22958,Trần Anh Cường,2.53,33,6.3,0,33,0,0,Thap
SV22959,Vũ Anh Bình,2.47,61,6.2,3,18,0,0,Cao
SV22960,Vũ Ngọc Dũng,3.0,39,7.5,0,18,0,0,Thap
SV22961,Phạm Đức Dũng,2.35,44,5.9,2,18,0,0,Thap
SV22962,Lê Anh Khánh,2.83,33,7.1,1,24,0,0,Thap
SV22963,Nguyễn Đức Giang,2.4,33,6.0,4,18,0,0,Cao
SV22964,Phạm Minh Bình,2.16,33,5.4,0,15,0,0,Thap
SV22965,Trần Anh Khánh,2.66,44,6.6,0,18,1,1,Cao
SV22966,Trần Thảo Trang,2.72,47,6.8,0,15,1,1,Thap
SV22967,Nguyễn Anh Khánh,2.71,38,6.8,0,21,0,0,Thap
SV22968,Hoàng Thị Trang,0.0,33,0.0,8,24,0,0,Trung Binh
SV22969,Trần Ngọc Cường,2.7,56,6.8,2,18,0,0,Thap
SV22970,Hoàng Thảo An,2.32,44,5.8,1,18,0,0,Thap
SV22971,Phạm Văn Khánh,2.5,53,6.2,0,30,0,0,Thap
SV22972,Vũ Anh Giang,2.2,93,5.5,4,15,0,0,Cao
SV22973,Nguyễn Văn An,2.4,60,6.0,2,15,0,0,Trung Binh
SV22974,Hoàng Thị Nam,2.32,53,5.8,1,15,0,0,Thap
SV22975,Vũ Quang Dũng,0.0,85,0.0,0,0,0,0,Cao
SV22976,Hoàng Thảo Hương,2.93,47,7.3,0,30,0,0,Thap
SV22977,Lê Quang Cường,2.6,44,6.5,0,18,0,0,Thap
SV22978,Phạm Thị An,2.56,43,6.4,4,54,0,0,Cao
SV22979,Hoàng Ngọc Linh,2.9,33,7.2,0,18,0,0,Thap
SV22980,Nguyễn Ngọc An,2.92,80,7.3,1,15,0,0,Cao
SV22981,Phạm Thị Trang,2.5,39,6.2,0,18,0,0,Thap
SV22982,Đặng Ngọc Nam,2.8,33,7.0,0,18,0,0,Thap
SV22983,Nguyễn Quang Trang,2.76,33,6.9,0,21,0,0,Thap
SV22984,Lê Anh Linh,2.89,39,7.2,0,18,1,1,Thap
SV22985,Vũ Quang Dũng,2.87,33,7.2,1,21,0,0,Thap
SV22986,Phạm Ngọc Hương,2.87,33,7.2,0,18,0,0,Thap
SV22987,Nguyễn Đức Giang,2.45,56,6.1,2,18,0,0,Trung Binh
SV22988,Bùi Anh Bình,2.67,50,6.7,0,18,0,0,Thap
SV22989,Đặng Ngọc Nam,2.6,33,6.5,0,36,0,0,Thap
SV22990,Hoàng Minh An,2.35,56,5.9,2,18,0,0,Trung Binh
SV22991,Nguyễn Anh Cường,2.9,44,7.2,0,18,0,0,Thap
SV22992,Trần Anh Cường,2.36,33,5.9,1,24,0,0,Thap
SV22993,Nguyễn Thảo Cường,0.0,0,0.0,6,18,0,0,Cao
SV22994,Nguyễn Quang Hương,2.48,33,6.2,1,18,0,0,Thap
SV22995,Hoàng Quang Dũng,2.51,39,6.3,0,18,0,0,Thap
SV22996,Phạm Đức Bình,2.77,33,6.9,0,21,0,0,Thap
SV22997,Hoàng Thảo Khánh,2.37,50,5.9,1,18,0,0,Thap
SV22998,Bùi Quang Hương,2.2,67,5.5,1,15,0,0,Trung Binh
SV22999,Lê Anh An,2.93,33,7.3,0,18,0,0,Thap
SV23000,Đặng Văn An,0.0,33,0.0,4,12,0,0,Cao
SV23001,Hoàng Thị Cường,2.54,50,6.4,1,24,0,0,Trung Binh
SV23002,Lê Thảo Khánh,2.68,43,6.7,0,21,0,0,Thap
SV23003,Vũ Quang Trang,2.8,39,7.0,0,18,0,0,Cao
SV23004,Trần Minh Dũng,2.43,38,6.1,0,21,0,0,Cao
SV23005,Nguyễn Văn Bình,2.56,33,6.4,0,15,1,1,Thap
SV23006,Đặng Ngọc Dũng,2.91,33,7.3,0,21,0,0,Thap
SV23007,Lê Văn Giang,2.25,60,5.6,1,15,0,0,Thap
SV23008,Đặng Thị Giang,2.0,80,5.0,3,15,0,0,Trung Binh
SV23009,Vũ Minh Khánh,2.88,44,7.2,1,18,0,0,Cao
SV23010,Nguyễn Quang Dũng,2.6,33,6.5,0,21,0,0,Thap
SV23011,Bùi Anh Dũng,3.15,78,7.9,0,18,0,0,Thap
SV23012,Vũ Văn Giang,2.46,61,6.1,1,18,0,0,Cao
SV23013,Vũ Đức Dũng,2.75,33,6.9,1,21,0,0,Thap
SV23014,Bùi Anh Nam,2.77,39,6.9,0,18,0,0,Thap
SV23015,Phạm Minh Linh,0.0,0,0.0,7,21,0,0,Cao
SV23016,Vũ Anh Bình,2.94,43,7.4,0,21,0,0,Thap
SV23017,Trần Văn Cường,2.92,39,7.3,0,33,0,0,Thap
SV23018,Phạm Thị An,2.74,33,6.8,0,21,0,0,Thap
SV23019,Vũ Thảo Cường,2.63,53,6.6,0,15,0,0,Thap
SV23020,Đặng Văn An,2.16,61,5.4,1,18,0,0,Thap
SV23021,Đặng Thảo Nam,2.4,53,6.0,2,15,0,0,Thap
SV23022,Đặng Đức Linh,2.79,38,7.0,1,21,0,0,Thap
SV23023,Phạm Anh Cường,2.6,50,6.5,2,18,0,0,Cao
SV23024,Vũ Minh Cường,0.0,85,0.0,0,0,0,0,Thap
SV23025,Hoàng Đức Dũng,0.0,85,0.0,0,0,0,0,Thap
SV23026,Nguyễn Anh An,2.8,33,7.0,1,24,0,0,Thap
SV23027,Hoàng Văn Trang,2.51,56,6.3,0,18,0,0,Trung Binh
SV23028,Đặng Minh Khánh,2.4,33,6.0,2,18,0,0,Cao
SV23029,Phạm Ngọc Bình,2.72,33,6.8,0,24,0,0,Thap
SV23030,Bùi Ngọc Bình,2.5,47,6.2,1,15,0,0,Thap
SV23031,Lê Quang An,2.49,56,6.2,1,45,0,0,Cao
SV23032,Hoàng Thị Linh,2.68,38,6.7,0,21,0,0,Thap
SV23033,Vũ Quang Bình,2.53,38,6.3,1,21,0,0,Thap
SV23034,Đặng Đức Bình,2.8,33,7.0,0,18,0,0,Thap
SV23035,Phạm Ngọc Nam,2.56,80,6.4,0,15,0,0,Thap
SV23036,Lê Văn Linh,2.27,44,5.7,0,18,0,0,Thap
SV23037,Đặng Minh Cường,0.0,0,0.0,7,21,0,0,Cao
SV23038,Trần Anh Dũng,2.83,33,7.1,0,18,0,0,Thap
SV23039,Đặng Đức Nam,2.57,33,6.4,0,18,0,0,Thap
SV23040,Phạm Đức Bình,2.4,52,6.0,3,21,1,1,Cao
SV23041,Lê Ngọc Hương,2.6,33,6.5,0,18,0,0,Cao
SV23042,Đặng Quang Dũng,2.68,38,6.7,1,21,0,0,Trung Binh
SV23043,Hoàng Ngọc Khánh,2.47,33,6.2,0,18,0,0,Thap
SV23044,Phạm Quang Linh,2.51,44,6.3,0,18,0,0,Thap
SV23045,Nguyễn Văn Khánh,2.47,33,6.2,0,18,0,0,Thap
SV23046,Nguyễn Quang Trang,2.6,44,6.5,1,18,0,0,Thap
SV23047,Hoàng Đức Bình,2.47,47,6.2,2,15,0,0,Trung Binh
SV23048,Trần Ngọc Khánh,2.63,33,6.6,0,18,0,0,Cao
SV23049,Trần Thị Trang,2.67,47,6.7,0,15,0,0,Thap
SV23050,Đặng Ngọc Trang,2.6,60,6.5,1,15,0,0,Thap
SV23051,Nguyễn Đức Khánh,2.18,100,5.4,2,21,0,0,Cao
SV23052,Vũ Văn Cường,2.3,53,5.8,3,15,0,0,Trung Binh
SV23053,Phạm Minh Khánh,3.17,39,7.9,0,18,0,0,Thap
SV23054,Đặng Quang Bình,2.52,33,6.3,0,15,0,0,Cao
SV23055,Vũ Thị Hương,2.8,44,7.0,0,18,0,0,Thap
SV23056,Hoàng Thị Cường,2.93,53,7.3,2,15,0,0,Cao
SV23057,Vũ Thị Hương,2.73,33,6.8,0,18,0,0,Thap
SV23058,Trần Anh Bình,0.0,0,0.0,6,18,0,0,Cao
SV23059,Bùi Minh Cường,2.53,33,6.3,1,24,0,0,Thap
SV23060,Vũ Ngọc Trang,2.85,33,7.1,1,24,0,0,Thap
SV23061,Lê Minh An,3.0,33,7.5,0,18,0,0,Trung Binh
SV23062,Đặng Anh Linh,2.0,83,5.0,4,18,0,0,Cao
SV23063,Trần Đức Trang,2.45,61,6.1,2,18,0,0,Cao
SV23064,Đặng Thảo An,2.7,33,6.8,0,18,1,1,Thap
SV23065,Phạm Ngọc Cường,2.44,44,6.1,1,18,0,0,Thap
SV23066,Hoàng Thảo Trang,0.0,0,0.0,6,18,1,1,Cao
SV23067,Nguyễn Minh Cường,2.4,52,6.0,1,21,0,0,Thap
SV23068,Hoàng Thảo Hương,2.46,43,6.2,2,21,0,0,Trung Binh
SV23069,Phạm Thảo Cường,2.47,52,6.2,1,21,0,0,Thap
SV23070,Lê Đức Nam,0.0,0,0.0,6,18,0,0,Cao
SV23071,Hoàng Thảo Hương,2.27,39,5.7,0,18,0,0,Trung Binh
SV23072,Lê Quang Linh,0.0,33,0.0,6,18,1,1,Cao
SV23073,Phạm Văn Linh,2.32,44,5.8,1,18,1,1,Cao
SV23074,Hoàng Đức Hương,2.4,67,6.0,1,15,0,0,Trung Binh
SV23075,Nguyễn Đức Linh,2.35,38,5.9,3,45,0,0,Cao
SV23076,Nguyễn Minh An,2.56,44,6.4,1,18,0,0,Trung Binh
SV23077,Nguyễn Thị Nam,2.27,47,5.7,2,15,0,0,Cao
SV23078,Hoàng Đức Bình,0.0,33,0.0,5,15,1,1,Trung Binh
SV23079,Phạm Đức Trang,2.16,33,5.4,0,15,0,0,Thap
SV23080,Vũ Quang Khánh,2.5,56,6.2,1,18,0,0,Cao
SV23081,Lê Minh Trang,3.04,33,7.6,0,15,0,0,Thap
SV23082,Phạm Thảo Giang,2.66,33,6.7,0,21,1,1,Thap
SV23083,Phạm Quang Khánh,2.62,33,6.5,1,36,0,0,Thap
SV23084,Hoàng Văn Nam,0.0,0,0.0,6,18,1,1,Cao
SV23085,Hoàng Anh Linh,2.44,44,6.1,1,18,0,0,Thap
SV23086,Trần Văn Nam,2.57,42,6.4,2,24,0,0,Trung Binh
SV23087,Bùi Ngọc Cường,2.24,38,5.6,0,45,0,0,Thap
SV23088,Lê Thảo Giang,2.47,53,6.2,2,15,0,0,Thap
SV23089,Trần Minh Khánh,3.19,33,8.0,1,24,0,0,Thap
SV23090,Hoàng Thảo Trang,0.0,0,0.0,5,15,0,0,Cao
SV23091,Trần Đức Bình,2.05,56,5.1,2,18,0,0,Thap
SV23092,Lê Thảo Khánh,2.64,56,6.6,1,18,0,0,Trung Binh
SV23093,Hoàng Thị Hương,2.83,33,7.1,0,18,0,0,Thap
SV23094,Nguyễn Quang Dũng,2.92,33,7.3,3,69,0,0,Thap
SV23095,Nguyễn Thị Bình,2.0,50,5.0,5,18,0,0,Cao
SV23096,Bùi Văn Khánh,2.46,39,6.1,0,18,0,0,Thap
SV23097,Đặng Văn Hương,2.8,33,7.0,0,18,0,0,Thap
SV23098,Hoàng Quang Hương,2.25,44,5.6,2,18,0,0,Cao
SV23099,Vũ Thị Hương,2.32,61,5.8,1,18,0,0,Trung Binh
SV23100,Phạm Văn An,2.4,67,6.0,5,18,0,0,Cao
SV23101,Hoàng Thảo Giang,2.69,48,6.7,0,21,0,0,Thap
SV23102,Nguyễn Đức An,2.48,40,6.2,0,15,0,0,Thap
SV23103,Vũ Thị Giang,2.35,50,5.9,3,18,0,0,Cao
SV23104,Đặng Thị Hương,0.0,85,0.0,0,0,1,1,Cao
SV23105,Vũ Anh Giang,2.4,39,6.0,0,18,0,0,Thap
SV23106,Vũ Minh Trang,3.07,53,7.7,0,15,0,0,Cao
SV23107,Đặng Thị Bình,2.46,33,6.2,0,24,0,0,Thap
SV23108,Đặng Văn Hương,2.76,33,6.9,0,21,0,0,Thap
SV23109,Vũ Minh Bình,2.63,33,6.6,0,18,0,0,Trung Binh
SV23110,Phạm Thị Nam,3.27,40,8.2,0,15,0,0,Thap
SV23111,Bùi Minh Giang,0.0,85,0.0,0,0,0,0,Cao
SV23112,Đặng Đức Giang,2.95,33,7.4,0,21,0,0,Thap
SV23113,Đặng Anh Dũng,2.33,39,5.8,0,18,0,0,Cao
SV23114,Bùi Anh Trang,2.52,39,6.3,1,18,0,0,Trung Binh
SV23115,Hoàng Minh Trang,2.33,33,5.8,0,18,0,0,Thap
SV23116,Bùi Quang Trang,3.0,33,7.5,0,18,0,0,Thap
SV23117,Đặng Anh Hương,0.0,0,0.0,7,21,1,1,Cao
SV23118,Hoàng Quang Bình,2.71,39,6.8,0,18,0,0,Thap
SV23119,Hoàng Quang Trang,2.16,44,5.4,1,18,0,0,Thap
SV23120,Bùi Quang Cường,2.27,53,5.7,2,15,0,0,Trung Binh
SV23121,Nguyễn Thảo Hương,2.28,53,5.7,5,30,0,0,Cao
SV23122,Hoàng Thị Cường,2.13,67,5.3,0,21,0,0,Thap
SV23123,Đặng Đức Cường,2.1,53,5.2,2,15,0,0,Trung Binh
SV23124,Bùi Thảo Dũng,2.93,33,7.3,1,21,0,0,Thap
SV23125,Lê Văn Hương,2.74,33,6.9,0,21,0,0,Thap
SV23126,Trần Minh An,2.45,40,6.1,1,48,0,0,Thap
SV23127,Hoàng Quang Hương,2.08,61,5.2,0,18,0,0,Trung Binh
SV23128,Vũ Thị Dũng,2.2,53,5.5,0,15,0,0,Thap
SV23129,Lê Quang Bình,2.76,33,6.9,0,15,1,1,Thap
SV23130,Lê Văn Cường,2.53,33,6.3,0,18,0,0,Thap
SV23131,Lê Quang Khánh,2.35,44,5.9,0,18,0,0,Thap
SV23132,Nguyễn Văn Hương,2.56,33,6.4,1,24,0,0,Thap
SV23133,Phạm Minh Cường,2.89,61,7.2,0,18,0,0,Thap
SV23134,Trần Thị Trang,2.65,38,6.6,1,21,0,0,Trung Binh
SV23135,Hoàng Văn Bình,2.5,43,6.3,0,21,0,0,Trung Binh
SV23136,Trần Đức Hương,0.0,85,0.0,0,0,0,0,Thap
SV23137,Hoàng Quang Trang,2.55,53,6.4,1,15,0,0,Thap
SV23138,Trần Đức Dũng,3.37,39,8.4,0,18,0,0,Thap
SV23139,Vũ Anh An,2.63,33,6.6,0,18,0,0,Thap
SV23140,Đặng Ngọc An,2.44,50,6.1,1,18,0,0,Trung Binh
SV23141,Lê Thị Giang,3.3,39,8.2,0,18,0,0,Thap
SV23142,Vũ Thị Giang,2.35,67,5.9,1,15,0,0,Thap
SV23143,Hoàng Thị Hương,2.2,93,5.5,4,15,0,0,Cao
SV23144,Đặng Đức Trang,3.02,33,7.6,1,24,0,0,Thap
SV23145,Bùi Anh An,3.1,44,7.8,0,18,0,0,Thap
SV23146,Bùi Anh Cường,2.23,40,5.6,3,30,0,0,Thap
SV23147,Phạm Quang Linh,2.27,33,5.7,0,18,0,0,Thap
SV23148,Bùi Quang Giang,2.41,43,6.0,2,21,0,0,Trung Binh
SV23149,Trần Ngọc Hương,2.23,47,5.6,0,15,0,0,Trung Binh
SV23150,Trần Thị Hương,2.12,40,5.3,0,15,1,1,Thap
SV23151,Vũ Văn Linh,2.5,67,6.2,1,15,0,0,Trung Binh
SV23152,Bùi Văn Giang,0.0,85,0.0,0,0,1,1,Cao
SV23153,Đặng Thảo Hương,3.13,33,7.8,0,18,1,1,Thap
SV23154,Hoàng Thảo Cường,3.07,33,7.7,0,36,0,0,Thap
SV23155,Vũ Quang Giang,2.44,43,6.1,1,21,0,0,Trung Binh
SV23156,Bùi Thảo Dũng,2.0,53,5.0,3,15,0,0,Trung Binh
SV23157,Bùi Thị Bình,2.4,55,6.0,5,42,0,0,Thap
SV23158,Nguyễn Anh Nam,2.07,53,5.2,2,15,0,0,Cao
SV23159,Đặng Ngọc Trang,2.23,61,5.6,0,18,0,0,Trung Binh
SV23160,Trần Anh Hương,2.2,44,5.5,3,18,0,0,Trung Binh
SV23161,Bùi Đức Dũng,0.0,85,0.0,0,0,0,0,Thap
SV23162,Hoàng Ngọc Giang,2.57,39,6.4,0,18,0,0,Thap
SV23163,Vũ Quang Khánh,2.87,33,7.2,1,24,0,0,Thap
SV23164,Nguyễn Thảo Hương,3.0,39,7.5,0,18,0,0,Thap
SV23165,Phạm Thảo Hương,2.72,60,6.8,0,15,0,0,Thap
SV23166,Đặng Ngọc Giang,2.57,80,6.4,0,15,0,0,Thap
SV23167,Nguyễn Văn Nam,2.9,39,7.2,4,18,0,0,Cao
SV23168,Nguyễn Quang Linh,2.13,47,5.3,2,15,0,0,Cao
SV23169,Hoàng Thị Cường,2.69,39,6.7,0,18,1,1,Cao
SV23170,Nguyễn Minh Linh,2.34,57,5.9,0,21,0,0,Thap
SV23171,Đặng Anh Giang,2.4,73,6.0,1,15,0,0,Thap
SV23172,Trần Quang Trang,2.64,61,6.6,1,18,1,1,Cao
SV23173,Phạm Văn Trang,2.44,39,6.1,1,18,1,1,Cao
SV23174,Vũ Thị Nam,2.52,52,6.3,2,21,0,0,Thap
SV23175,Nguyễn Anh An,2.27,50,5.7,1,18,0,0,Trung Binh
SV23176,Đặng Thị Trang,0.0,43,0.0,7,21,1,1,Cao
SV23177,Phạm Văn Hương,2.49,43,6.2,1,21,0,0,Thap
SV23178,Hoàng Minh Hương,2.6,33,6.5,0,18,0,0,Cao
SV23179,Hoàng Thị Hương,2.91,33,7.3,1,24,0,0,Thap
SV23180,Hoàng Thị Trang,2.24,38,5.6,2,21,0,0,Trung Binh
SV23181,Trần Thị Khánh,3.2,33,8.0,0,18,0,0,Thap
SV23182,Trần Đức Hương,2.63,72,6.6,1,18,1,1,Cao
SV23183,Hoàng Đức Khánh,2.34,55,5.8,3,42,0,0,Thap
SV23184,Bùi Thảo Dũng,2.1,73,5.2,1,15,0,0,Trung Binh
SV23185,Nguyễn Văn An,2.77,50,6.9,0,18,0,0,Thap
SV23186,Lê Văn Giang,0.0,0,0.0,5,15,0,0,Cao
SV23187,Phạm Anh Nam,0.0,87,0.0,5,15,0,0,Cao
SV23188,Đặng Minh Khánh,0.0,43,0.0,7,21,0,0,Cao
SV23189,Lê Thảo Hương,2.0,67,5.0,4,15,0,0,Cao
SV23190,Bùi Đức Trang,0.0,85,0.0,0,0,0,0,Cao
SV23191,Hoàng Văn Linh,0.0,50,0.0,6,18,0,0,Cao
SV23192,Đặng Thị Cường,2.52,39,6.3,2,18,0,0,Cao
SV23193,Bùi Đức Dũng,2.25,67,5.6,2,15,0,0,Trung Binh
SV23194,Bùi Thảo An,2.48,62,6.2,0,21,0,0,Cao
SV23195,Lê Ngọc Nam,2.14,50,5.4,3,30,1,1,Trung Binh
SV23196,Trần Minh An,0.0,33,0.0,6,18,0,0,Cao
SV23197,Đặng Thị Cường,2.4,78,6.0,1,18,0,0,Trung Binh
SV23198,Phạm Minh Giang,2.52,40,6.3,0,15,0,0,Thap
SV23199,Lê Anh Trang,0.0,39,0.0,6,18,0,0,Cao
SV23200,Lê Thị Bình,2.57,33,6.4,1,24,0,0,Thap
SV23201,Đặng Văn Trang,0.0,33,0.0,6,18,0,0,Cao
SV23202,Trần Quang Khánh,2.83,39,7.1,0,18,0,0,Thap
SV23203,Lê Quang Cường,2.43,39,6.1,0,18,0,0,Trung Binh
SV23204,Phạm Quang An,2.16,67,5.4,2,18,0,0,Cao
SV23205,Trần Văn Giang,2.6,33,6.5,0,18,0,0,Cao
SV23206,Bùi Quang Bình,0.0,0,0.0,5,15,0,0,Cao
SV23207,Nguyễn Quang Khánh,2.6,33,6.5,0,15,0,0,Thap
SV23208,Bùi Đức Dũng,2.31,44,5.8,0,18,1,1,Cao
SV23209,Trần Anh Dũng,2.3,33,5.8,2,18,1,1,Cao
SV23210,Bùi Đức An,2.2,44,5.5,1,18,0,0,Thap
SV23211,Phạm Thảo Cường,3.42,56,8.6,0,18,0,0,Thap
SV23212,Bùi Ngọc Hương,0.0,85,0.0,0,0,0,0,Trung Binh
SV23213,Phạm Văn Khánh,2.51,50,6.3,0,18,0,0,Thap
SV23214,Nguyễn Thảo Trang,0.0,33,0.0,6,18,0,0,Cao
SV23215,Lê Văn Giang,2.9,39,7.2,0,18,0,0,Thap
SV23216,Bùi Minh Hương,2.7,33,6.8,0,18,0,0,Thap
SV23217,Bùi Minh Dũng,2.24,50,5.6,1,18,0,0,Cao
SV23218,Hoàng Anh Dũng,2.13,67,5.3,2,15,0,0,Thap
SV23219,Phạm Đức Dũng,2.2,38,5.5,4,39,0,0,Trung Binh
SV23220,Phạm Anh Bình,0.0,67,0.0,1,3,0,0,Cao
SV23221,Trần Thảo Nam,2.0,33,5.0,4,15,1,1,Cao
SV23222,Trần Ngọc Bình,2.47,67,6.2,2,21,1,1,Cao
SV23223,Hoàng Đức Khánh,3.05,44,7.6,0,18,0,0,Thap
SV23224,Đặng Quang Hương,0.0,33,0.0,5,15,1,1,Cao
SV23225,Trần Anh An,2.6,53,6.5,4,15,0,0,Cao
SV23226,Bùi Đức Cường,2.76,33,6.9,0,24,0,0,Thap
SV23227,Nguyễn Quang An,2.66,44,6.6,0,18,1,1,Thap
SV23228,Hoàng Thị Dũng,2.3,61,5.8,2,18,0,0,Trung Binh
SV23229,Bùi Ngọc An,2.39,38,6.0,0,21,0,0,Thap
SV23230,Lê Thị Khánh,2.74,43,6.8,1,21,0,0,Thap
SV23231,Trần Quang Cường,3.0,33,7.5,1,24,0,0,Thap
SV23232,Phạm Thị Cường,2.25,53,5.6,1,15,0,0,Trung Binh
SV23233,Nguyễn Minh Giang,2.5,44,6.2,2,18,0,0,Thap
SV23234,Trần Thảo Dũng,0.0,0,0.0,6,18,0,0,Cao
SV23235,Phạm Anh Khánh,2.76,48,6.9,0,21,0,0,Thap
SV23236,Vũ Quang Cường,2.76,48,6.9,0,21,0,0,Thap
SV23237,Hoàng Văn Trang,2.76,47,6.9,0,15,0,0,Thap
SV23238,Trần Thảo Trang,2.53,47,6.3,2,15,0,0,Trung Binh
SV23239,Lê Văn Giang,2.88,33,7.2,0,21,0,0,Thap
SV23240,Hoàng Thị Nam,2.63,39,6.6,0,18,0,0,Thap
SV23241,Nguyễn Văn Dũng,2.13,67,5.3,2,15,0,0,Trung Binh
SV23242,Phạm Thị Nam,2.41,42,6.0,2,48,0,0,Thap
SV23243,Vũ Văn Bình,2.05,56,5.1,3,18,0,0,Cao
SV23244,Vũ Văn Hương,2.82,33,7.1,0,24,0,0,Thap
SV23245,Bùi Thị Dũng,2.48,50,6.2,1,18,0,0,Cao
SV23246,Trần Thị Nam,2.4,39,6.0,0,18,0,0,Cao
SV23247,Nguyễn Đức Khánh,2.97,33,7.4,0,18,0,0,Thap
SV23248,Bùi Minh Cường,3.09,39,7.7,0,18,0,0,Thap
SV23249,Lê Thị Trang,2.32,47,5.8,0,15,0,0,Thap
SV23250,Bùi Ngọc Trang,2.83,33,7.1,0,18,0,0,Thap
SV23251,Trần Thị Dũng,1.96,43,4.9,6,21,0,0,Cao
SV23252,Trần Thảo Nam,2.14,80,5.4,1,15,0,0,Thap
SV23253,Nguyễn Ngọc Dũng,0.0,47,0.0,5,15,0,0,Cao
SV23254,Đặng Ngọc An,2.47,72,6.2,3,18,1,1,Cao
SV23255,Phạm Đức Giang,2.6,72,6.5,0,18,0,0,Thap
SV23256,Bùi Đức Bình,2.28,47,5.7,1,15,0,0,Thap
SV23257,Phạm Anh Hương,2.55,33,6.4,1,21,0,0,Thap
SV23258,Hoàng Quang Nam,2.52,61,6.3,1,18,1,1,Thap
SV23259,Trần Thảo An,2.6,38,6.5,0,21,0,0,Thap
SV23260,Vũ Minh Bình,2.86,33,7.2,1,21,0,0,Thap
SV23261,Phạm Anh Cường,2.55,47,6.4,1,15,0,0,Thap
SV23262,Trần Văn Nam,2.68,33,6.7,0,15,0,0,Thap
SV23263,Trần Thị Cường,0.0,33,0.0,6,18,1,1,Cao
SV23264,Vũ Đức Nam,3.15,40,7.9,1,15,0,0,Thap
SV23265,Lê Anh Khánh,2.48,50,6.2,1,18,0,0,Cao
SV23266,Phạm Minh Khánh,2.3,44,5.8,0,18,0,0,Thap
SV23267,Đặng Văn Bình,2.68,33,6.7,0,15,0,0,Thap
SV23268,Hoàng Ngọc Nam,2.33,60,5.8,2,15,0,0,Trung Binh
SV23269,Phạm Thảo Bình,0.0,0,0.0,7,21,0,0,Cao
SV23270,Bùi Thị Giang,2.66,46,6.6,1,24,0,0,Cao
SV23271,Trần Thị Trang,2.3,56,5.8,2,18,0,0,Cao
SV23272,Bùi Thảo Nam,2.65,41,6.6,1,27,0,0,Thap
SV23273,Trần Anh Khánh,2.45,57,6.1,3,42,0,0,Thap
SV23274,Đặng Ngọc Hương,2.4,38,6.0,1,21,0,0,Trung Binh
SV23275,Đặng Minh Cường,2.4,56,6.0,5,18,0,0,Cao
SV23276,Trần Văn Linh,2.18,33,5.5,2,45,0,0,Thap
SV23277,Hoàng Ngọc Trang,2.4,33,6.0,2,36,0,0,Cao
SV23278,Nguyễn Thị An,2.74,67,6.9,0,15,0,0,Thap
SV23279,Phạm Thị Khánh,2.0,53,5.0,4,15,0,0,Cao
SV23280,Trần Thị Bình,2.07,100,5.2,4,18,0,0,Thap
SV23281,Hoàng Đức Linh,2.55,38,6.4,0,21,0,0,Thap
SV23282,Phạm Ngọc Hương,2.67,49,6.7,3,45,0,0,Cao
SV23283,Hoàng Minh Bình,2.44,61,6.1,2,33,0,0,Trung Binh
SV23284,Lê Quang Linh,2.27,39,5.7,0,18,0,0,Thap
SV23285,Trần Văn Nam,2.2,53,5.5,1,15,1,1,Trung Binh
SV23286,Lê Đức Linh,2.76,33,6.9,0,15,0,0,Thap
SV23287,Nguyễn Minh Giang,2.4,76,6.0,6,21,0,0,Cao
SV23288,Lê Quang Linh,2.25,50,5.6,2,18,0,0,Cao
SV23289,Lê Quang Linh,2.1,40,5.2,1,15,0,0,Thap
SV23290,Bùi Thị Cường,2.31,37,5.8,0,54,0,0,Thap
SV23291,Bùi Thị Trang,2.8,72,7.0,5,18,0,0,Cao
SV23292,Hoàng Quang Nam,2.6,94,6.5,5,18,0,0,Cao
SV23293,Nguyễn Minh Giang,2.2,72,5.5,4,18,0,0,Cao
SV23294,Lê Văn Khánh,2.74,33,6.8,1,24,0,0,Trung Binh
SV23295,Đặng Thị Linh,2.42,52,6.0,1,21,0,0,Trung Binh
SV23296,Hoàng Thị Giang,2.1,44,5.2,2,18,0,0,Thap
SV23297,Hoàng Văn Trang,2.39,48,6.0,2,21,0,0,Trung Binh
SV23298,Hoàng Ngọc An,2.57,52,6.4,3,21,1,1,Cao
SV23299,Lê Quang An,2.85,56,7.1,0,18,0,0,Thap
SV23300,Lê Thị Bình,0.0,0,0.0,7,21,0,0,Cao
SV23301,Hoàng Ngọc Trang,0.0,85,0.0,0,0,0,0,Cao
SV23302,Bùi Anh Khánh,2.78,33,6.9,0,21,0,0,Thap
SV23303,Nguyễn Thị An,2.69,38,6.7,0,21,0,0,Thap
SV23304,Nguyễn Ngọc Bình,2.72,33,6.8,0,15,0,0,Thap
SV23305,Nguyễn Ngọc Bình,2.93,33,7.3,0,18,0,0,Thap
SV23306,Vũ Thị Linh,2.73,33,6.8,0,18,0,0,Thap
SV23307,Trần Minh Nam,2.66,61,6.6,2,36,0,0,Thap
SV23308,Bùi Đức Trang,2.69,39,6.7,0,33,0,0,Thap
SV23309,Nguyễn Quang Trang,2.68,33,6.7,0,24,0,0,Thap
SV23310,Vũ Ngọc Hương,0.0,0,0.0,7,21,0,0,Cao
SV23311,Vũ Ngọc Trang,2.27,33,5.7,0,18,0,0,Thap
SV23312,Đặng Đức Cường,3.2,44,8.0,0,18,0,0,Cao
SV23313,Vũ Ngọc Cường,2.2,44,5.5,1,18,1,1,Trung Binh
SV23314,Đặng Thảo Khánh,2.57,44,6.4,0,18,0,0,Trung Binh
SV23315,Bùi Thị Nam,0.0,33,0.0,5,15,0,0,Cao
SV23316,Hoàng Anh Nam,2.96,33,7.4,0,15,0,0,Thap
SV23317,Trần Anh Khánh,2.6,47,6.5,4,15,0,0,Cao
SV23318,Lê Văn Dũng,0.0,85,0.0,0,0,0,0,Thap
SV23319,Trần Văn Bình,2.0,52,5.0,5,27,1,1,Cao
SV23320,Lê Thị Bình,2.24,61,5.6,1,18,1,1,Thap
SV23321,Lê Ngọc Cường,2.37,44,5.9,0,18,0,0,Thap
SV23322,Đặng Thị Linh,0.0,0,0.0,5,15,0,0,Cao
SV23323,Lê Ngọc Khánh,2.1,53,5.2,3,15,0,0,Cao
SV23324,Bùi Thảo An,2.5,53,6.2,0,15,0,0,Cao
SV23325,Lê Minh Bình,0.0,85,0.0,0,0,0,0,Cao
SV23326,Đặng Văn Dũng,2.2,33,5.5,5,30,0,0,Trung Binh
SV23327,Phạm Anh Cường,2.47,47,6.2,1,30,0,0,Thap
SV23328,Lê Văn Dũng,0.0,50,0.0,6,18,0,0,Cao
SV23329,Hoàng Văn Bình,3.4,93,8.5,4,15,1,1,Trung Binh
SV23330,Phạm Anh Nam,2.2,33,5.5,0,15,0,0,Trung Binh
SV23331,Trần Anh Linh,2.23,61,5.6,1,18,0,0,Thap
SV23332,Lê Ngọc Dũng,2.43,79,6.1,3,24,0,0,Cao
SV23333,Lê Quang Trang,2.2,60,5.5,3,15,1,1,Cao
SV23334,Vũ Anh Cường,2.2,53,5.5,4,15,0,0,Cao
SV23335,Bùi Ngọc Trang,2.65,56,6.6,2,18,0,0,Thap
SV23336,Nguyễn Minh Trang,0.0,39,0.0,6,18,0,0,Trung Binh
SV23337,Nguyễn Thảo Cường,2.5,94,6.2,4,18,0,0,Cao
SV23338,Trần Thảo Khánh,2.43,33,6.1,3,30,0,0,Cao
SV23339,Trần Ngọc Cường,2.4,53,6.0,2,15,0,0,Cao
SV23340,Bùi Thị Cường,2.25,33,5.6,2,18,0,0,Trung Binh
SV23341,Trần Ngọc Nam,0.0,67,0.0,4,12,0,0,Cao
SV23342,Bùi Văn Giang,2.48,39,6.2,1,18,1,1,Trung Binh
SV23343,Lê Ngọc Trang,2.57,33,6.4,0,18,0,0,Thap
SV23344,Trần Văn Hương,2.6,47,6.5,4,15,0,0,Trung Binh
SV23345,Đặng Anh Nam,2.4,33,6.0,2,21,1,1,Cao
SV23346,Nguyễn Anh Trang,2.4,72,6.0,4,18,0,0,Cao
SV23347,Lê Ngọc Khánh,0.0,86,0.0,7,21,0,0,Cao
SV23348,Bùi Đức Dũng,0.0,0,0.0,5,15,0,0,Cao
SV23349,Phạm Anh An,2.28,56,5.7,0,18,0,0,Thap
SV23350,Đặng Minh Linh,2.4,83,6.0,4,18,1,1,Cao
SV23351,Trần Đức Cường,2.37,33,5.9,0,18,0,0,Trung Binh
SV23352,Phạm Quang Bình,2.4,94,6.0,5,18,0,0,Cao
SV23353,Bùi Ngọc Hương,2.4,39,6.0,3,18,0,0,Cao
SV23354,Đặng Ngọc Giang,2.54,39,6.4,0,18,0,0,Thap
SV23355,Nguyễn Anh Giang,3.06,33,7.6,0,24,0,0,Thap
SV23356,Lê Minh An,2.3,50,5.8,6,24,0,0,Cao
SV23357,Trần Thảo An,2.6,80,6.5,4,15,0,0,Trung Binh
SV23358,Đặng Ngọc Giang,0.0,67,0.0,6,18,0,0,Cao
SV23359,Lê Đức Khánh,0.0,0,0.0,7,21,0,0,Cao
SV23360,Nguyễn Thị Linh,2.2,53,5.5,1,15,0,0,Trung Binh
SV23361,Nguyễn Minh Cường,2.53,39,6.3,3,18,0,0,Cao
SV23362,Trần Quang Giang,2.7,33,6.8,0,18,0,0,Thap
SV23363,Hoàng Thị Giang,2.4,47,6.0,0,15,0,0,Thap
SV23364,Phạm Anh Giang,0.0,40,0.0,5,15,1,1,Cao
SV23365,Hoàng Đức Hương,2.36,44,5.9,1,18,0,0,Cao
SV23366,Phạm Thị Nam,2.3,67,5.8,4,18,0,0,Cao
SV23367,Trần Văn Trang,2.3,73,5.8,3,15,0,0,Trung Binh
SV23368,Vũ Văn Nam,2.92,33,7.3,1,21,0,0,Thap
SV23369,Lê Văn An,2.81,33,7.0,1,24,0,0,Trung Binh
SV23370,Lê Anh Cường,2.2,50,5.5,2,18,1,1,Cao
SV23371,Phạm Thảo Nam,0.0,0,0.0,5,15,0,0,Cao
SV23372,Nguyễn Minh Cường,2.44,52,6.1,7,42,0,0,Thap
SV23373,Phạm Ngọc Giang,2.57,33,6.4,0,18,0,0,Thap
SV23374,Trần Ngọc Khánh,2.58,53,6.4,0,15,0,0,Thap
SV23375,Hoàng Văn Hương,2.43,33,6.1,0,18,0,0,Thap
SV23376,Lê Đức Giang,2.69,61,6.7,0,18,0,0,Thap
SV23377,Phạm Quang Giang,2.9,33,7.2,0,18,0,0,Thap
SV23378,Bùi Thảo Hương,2.43,33,6.1,0,21,0,0,Thap
SV23379,Nguyễn Thảo Linh,2.25,40,5.6,1,15,0,0,Trung Binh
SV23380,Trần Đức Bình,2.78,33,7.0,1,21,0,0,Thap
SV23381,Phạm Đức Trang,2.75,57,6.9,4,21,0,0,Cao
SV23382,Đặng Văn Linh,2.32,38,5.8,2,45,0,0,Cao
SV23383,Bùi Quang Nam,3.03,33,7.6,0,18,0,0,Thap
SV23384,Bùi Thị Khánh,0.0,33,0.0,5,15,0,0,Cao
SV23385,Bùi Thị Bình,2.9,67,7.2,3,15,0,0,Trung Binh
SV23386,Đặng Đức An,2.16,50,5.4,1,18,0,0,Thap
SV23387,Đặng Anh Hương,2.8,33,7.0,0,21,0,0,Thap
SV23388,Bùi Văn Trang,2.66,44,6.6,0,18,0,0,Thap
SV23389,Bùi Thị An,2.55,33,6.4,0,36,0,0,Thap
SV23390,Trần Quang Dũng,2.1,83,5.2,4,18,0,0,Trung Binh
SV23391,Trần Anh Khánh,2.54,33,6.4,0,21,1,1,Thap
SV23392,Bùi Minh Trang,2.58,33,6.4,0,24,0,0,Thap
SV23393,Trần Anh Khánh,2.6,39,6.5,1,18,0,0,Thap
SV23394,Hoàng Ngọc An,2.44,47,6.1,0,15,0,0,Thap
SV23395,Nguyễn Văn Giang,2.56,53,6.4,1,15,0,0,Trung Binh
SV23396,Nguyễn Quang Nam,2.76,45,6.9,0,33,0,0,Thap
SV23397,Lê Văn Trang,0.0,33,0.0,5,15,0,0,Trung Binh
SV23398,Vũ Anh Dũng,2.9,33,7.3,0,24,0,0,Thap
SV23399,Vũ Minh Giang,2.87,33,7.2,1,21,0,0,Thap
SV23400,Đặng Thảo Bình,2.3,33,5.8,0,18,0,0,Thap
SV23401,Đặng Ngọc An,2.34,44,5.9,0,18,0,0,Thap
SV23402,Đặng Thảo Bình,2.71,50,6.8,0,18,0,0,Trung Binh
SV23403,Nguyễn Văn Hương,2.6,33,6.5,1,18,0,0,Thap
SV23404,Nguyễn Minh Hương,2.71,38,6.8,0,21,0,0,Thap
SV23405,Lê Thảo Giang,2.04,33,5.1,0,15,0,0,Trung Binh
SV23406,Trần Đức Nam,0.0,85,0.0,0,0,0,0,Thap
SV23407,Phạm Thị Trang,2.44,44,6.1,1,18,0,0,Trung Binh
SV23408,Bùi Anh Trang,2.83,33,7.1,0,24,0,0,Thap
SV23409,Hoàng Anh An,0.0,33,0.0,8,24,0,0,Cao
SV23410,Bùi Quang Cường,2.77,39,6.9,0,18,0,0,Thap
SV23411,Trần Thảo Linh,2.69,39,6.7,0,18,0,0,Trung Binh
SV23412,Vũ Đức Cường,2.49,33,6.2,1,24,0,0,Thap
SV23413,Nguyễn Anh Bình,2.2,60,5.5,4,15,0,0,Trung Binh
SV23414,Lê Đức An,0.0,0,0.0,7,21,0,0,Cao
SV23415,Bùi Văn Hương,2.65,38,6.6,1,21,0,0,Thap
SV23416,Bùi Minh Dũng,2.71,38,6.8,1,21,0,0,Trung Binh
SV23417,Nguyễn Thị Nam,2.43,33,6.1,0,18,0,0,Trung Binh
SV23418,Phạm Anh Hương,2.2,89,5.5,4,18,0,0,Cao
SV23419,Lê Đức Hương,2.66,33,6.6,0,21,0,0,Thap
SV23420,Đặng Văn Khánh,2.67,33,6.7,0,18,0,0,Thap
SV23421,Nguyễn Anh Hương,2.65,33,6.6,0,24,0,0,Thap
SV23422,Hoàng Thị Trang,0.0,39,0.0,6,18,0,0,Cao
SV23423,Nguyễn Ngọc Trang,2.53,56,6.3,0,18,0,0,Cao
SV23424,Vũ Quang Trang,2.92,33,7.3,0,15,0,0,Cao
SV23425,Đặng Thảo Trang,0.0,87,0.0,5,15,0,0,Cao
SV23426,Bùi Văn Linh,2.47,47,6.2,2,15,0,0,Cao
SV23427,Phạm Thảo Trang,2.16,33,5.4,0,15,0,0,Trung Binh
SV23428,Bùi Thảo Hương,2.33,39,5.8,0,18,0,0,Thap
SV23429,Lê Văn Dũng,2.5,33,6.2,2,18,0,0,Cao
SV23430,Trần Ngọc Bình,0.0,0,0.0,5,15,0,0,Cao
SV23431,Hoàng Thị Nam,3.07,33,7.7,0,18,0,0,Thap
SV23432,Phạm Minh Linh,2.84,33,7.1,1,24,0,0,Thap
SV23433,Phạm Ngọc Trang,2.97,33,7.4,0,18,0,0,Thap
SV23434,Vũ Minh Giang,2.73,33,6.8,0,21,0,0,Cao
SV23435,Phạm Minh An,2.77,33,6.9,0,18,0,0,Cao
SV23436,Bùi Quang Dũng,2.37,33,5.9,0,18,0,0,Thap
SV23437,Vũ Quang Cường,2.69,39,6.7,0,18,0,0,Thap
SV23438,Phạm Quang Giang,2.1,41,5.2,5,39,0,0,Trung Binh
SV23439,Hoàng Quang Bình,2.28,48,5.7,1,21,0,0,Thap
SV23440,Lê Thị Bình,2.55,76,6.4,5,21,0,0,Cao
SV23441,Phạm Quang Dũng,2.23,48,5.6,1,21,0,0,Trung Binh
SV23442,Phạm Ngọc Bình,2.33,44,5.8,3,18,0,0,Trung Binh
SV23443,Vũ Quang Trang,2.3,39,5.8,0,18,0,0,Thap
SV23444,Lê Minh Linh,2.77,33,6.9,0,18,0,0,Thap
SV23445,Trần Minh Linh,2.34,44,5.9,0,18,0,0,Cao
SV23446,Hoàng Minh Giang,2.34,38,5.8,0,21,0,0,Thap
SV23447,Trần Quang Bình,3.14,39,7.9,0,18,0,0,Cao
SV23448,Vũ Ngọc Trang,0.0,85,0.0,0,0,0,0,Thap
SV23449,Lê Văn Cường,2.6,33,6.5,0,18,0,0,Thap
SV23450,Lê Quang Cường,2.9,33,7.2,0,21,0,0,Thap
SV23451,Hoàng Quang Linh,2.46,60,6.1,0,15,0,0,Trung Binh
SV23452,Phạm Minh Khánh,2.68,57,6.7,3,21,1,1,Trung Binh
SV23453,Nguyễn Anh Trang,2.31,33,5.8,1,24,0,0,Thap
SV23454,Lê Quang Cường,2.53,33,6.3,1,24,0,0,Thap
SV23455,Bùi Ngọc Giang,2.0,60,5.0,3,15,0,0,Cao
SV23456,Phạm Đức Bình,2.74,39,6.9,0,18,0,0,Thap
SV23457,Đặng Anh Giang,2.61,50,6.5,1,42,0,0,Thap
SV23458,Phạm Đức Linh,3.07,39,7.7,0,18,0,0,Thap
SV23459,Nguyễn Văn Cường,2.31,50,5.8,1,18,0,0,Thap
SV23460,Lê Anh Giang,0.0,67,0.0,5,15,0,0,Cao
SV23461,Trần Thị An,2.58,33,6.4,1,21,0,0,Thap
SV23462,Bùi Minh An,2.63,50,6.6,3,24,0,0,Trung Binh
SV23463,Bùi Văn Bình,2.3,67,5.8,6,30,0,0,Cao
SV23464,Vũ Ngọc Cường,2.07,61,5.2,3,18,0,0,Trung Binh
SV23465,Phạm Đức Bình,2.7,33,6.8,0,18,0,0,Thap
SV23466,Trần Quang Khánh,0.0,33,0.0,1,3,0,0,Cao
SV23467,Hoàng Văn Khánh,2.4,33,6.0,1,15,0,0,Trung Binh
SV23468,Vũ Đức An,2.23,42,5.6,1,24,0,0,Thap
SV23469,Bùi Ngọc Hương,2.28,73,5.7,0,15,0,0,Trung Binh
SV23470,Lê Thảo Hương,2.55,33,6.4,1,24,0,0,Trung Binh
SV23471,Lê Thị Linh,2.76,33,6.9,1,24,0,0,Thap
SV23472,Hoàng Thảo Linh,2.67,39,6.7,0,18,1,1,Thap
SV23473,Vũ Thị Linh,0.0,61,0.0,6,18,1,1,Cao
SV23474,Đặng Quang Hương,2.27,38,5.7,1,45,0,0,Cao
SV23475,Vũ Thảo An,0.0,73,0.0,5,15,0,0,Cao
SV23476,Trần Đức Nam,3.14,72,7.8,0,18,0,0,Thap
SV23477,Lê Đức Linh,3.01,35,7.5,0,54,1,1,Thap
SV23478,Phạm Quang Khánh,2.3,67,5.8,4,30,0,0,Cao
SV23479,Hoàng Thị Hương,2.2,62,5.5,1,24,1,1,Trung Binh
SV23480,Trần Minh Dũng,2.6,33,6.5,0,18,0,0,Thap
SV23481,Hoàng Thị Bình,2.59,33,6.5,0,24,0,0,Thap
SV23482,Vũ Thị Linh,0.0,85,0.0,0,0,0,0,Thap
SV23483,Bùi Thị Hương,0.0,33,0.0,6,18,0,0,Cao
SV23484,Hoàng Anh Linh,2.6,48,6.5,2,21,0,0,Cao
SV23485,Phạm Minh Dũng,2.44,52,6.1,2,21,0,0,Cao
SV23486,Hoàng Văn An,2.27,72,5.7,3,18,0,0,Cao
SV23487,Trần Ngọc Linh,2.6,33,6.5,1,24,0,0,Thap
SV23488,Đặng Quang Trang,0.0,33,0.0,5,15,0,0,Cao
SV23489,Nguyễn Anh Bình,2.5,87,6.2,3,15,1,1,Cao
SV23490,Đặng Quang Linh,2.2,50,5.5,1,18,0,0,Thap
SV23491,Phạm Quang Khánh,0.0,85,0.0,0,0,0,0,Cao
SV23492,Phạm Quang Giang,0.0,33,0.0,5,15,0,0,Cao
SV23493,Trần Ngọc Dũng,0.0,60,0.0,5,15,0,0,Cao
SV23494,Trần Thị Nam,0.0,40,0.0,5,15,0,0,Cao
SV23495,Đặng Ngọc Giang,2.48,33,6.2,0,15,0,0,Thap
SV23496,Lê Đức Trang,3.1,44,7.8,0,18,0,0,Thap
SV23497,Trần Đức Cường,2.3,87,5.8,3,15,0,0,Cao
SV23498,Bùi Đức Linh,2.67,47,6.7,1,15,0,0,Cao
SV23499,Lê Quang Khánh,2.53,44,6.3,0,18,0,0,Thap
SV23500,Đặng Anh Khánh,0.0,33,0.0,6,18,0,0,Trung Binh
SV23501,Vũ Thị Trang,2.52,53,6.3,0,15,0,0,Cao
SV23502,Lê Thị Nam,2.7,33,6.8,0,18,1,1,Cao
SV23503,Bùi Minh Bình,2.6,33,6.5,0,18,0,0,Thap
SV23504,Nguyễn Thảo Trang,2.34,83,5.9,0,18,0,0,Thap
SV23505,Nguyễn Đức Nam,2.43,44,6.1,0,18,0,0,Thap
SV23506,Lê Quang Khánh,0.0,67,0.0,5,15,0,0,Cao
SV23507,Đặng Thảo Linh,0.0,67,0.0,6,18,0,0,Cao
SV23508,Trần Quang Dũng,2.3,40,5.8,0,15,0,0,Thap
SV23509,Lê Minh Giang,2.25,47,5.6,1,15,0,0,Trung Binh
SV23510,Lê Quang An,2.46,33,6.1,0,21,0,0,Thap
SV23511,Bùi Thị Cường,2.54,33,6.4,0,21,0,0,Cao
SV23512,Vũ Ngọc Cường,2.48,67,6.2,1,18,0,0,Trung Binh
SV23513,Hoàng Văn Bình,0.0,85,0.0,0,0,0,0,Cao
SV23514,Lê Thảo Bình,2.8,89,7.0,5,18,1,1,Cao
SV23515,Phạm Ngọc Hương,2.33,67,5.8,2,15,0,0,Cao
SV23516,Lê Minh Linh,2.6,83,6.5,5,18,0,0,Trung Binh
SV23517,Phạm Anh Bình,0.0,85,0.0,0,0,1,1,Cao
SV23518,Nguyễn Quang Bình,0.0,67,0.0,5,15,0,0,Cao
SV23519,Hoàng Văn Trang,2.3,72,5.8,2,18,0,0,Cao
SV23520,Trần Đức Khánh,2.34,33,5.9,3,30,1,1,Cao
SV23521,Bùi Anh Hương,2.52,47,6.3,0,15,0,0,Thap
SV23522,Phạm Văn Hương,2.33,37,5.8,4,51,0,0,Cao
SV23523,Phạm Quang Linh,2.98,44,7.4,0,18,0,0,Thap
SV23524,Hoàng Minh An,2.0,73,5.0,3,15,0,0,Trung Binh
SV23525,Lê Đức An,2.84,33,7.1,0,15,0,0,Trung Binh
SV23526,Vũ Thảo Giang,2.54,44,6.4,0,18,0,0,Thap
SV23527,Nguyễn Ngọc Linh,2.32,44,5.8,7,36,1,1,Cao
SV23528,Nguyễn Thị Bình,2.39,67,6.0,2,21,0,0,Cao
SV23529,Nguyễn Thảo Khánh,2.32,67,5.8,1,15,0,0,Cao
SV23530,Lê Thị Khánh,2.54,43,6.4,2,21,0,0,Trung Binh
SV23531,Đặng Anh Hương,2.67,33,6.7,0,18,0,0,Thap
SV23532,Phạm Thị Nam,2.67,48,6.7,1,27,0,0,Trung Binh
SV23533,Lê Đức Khánh,2.68,33,6.7,0,15,0,0,Thap
SV23534,Vũ Thảo Bình,0.0,67,0.0,6,18,1,1,Cao
SV23535,Vũ Ngọc Linh,2.2,33,5.5,3,15,0,0,Cao
SV23536,Đặng Minh Cường,2.4,38,6.0,2,45,0,0,Cao
SV23537,Nguyễn Ngọc Hương,0.0,0,0.0,5,15,0,0,Cao
SV23538,Bùi Ngọc Giang,0.0,33,0.0,5,15,0,0,Cao
SV23539,Lê Đức Linh,2.5,67,6.2,2,18,0,0,Cao
SV23540,Trần Thảo An,2.73,39,6.8,0,18,0,0,Thap
SV23541,Nguyễn Quang Dũng,2.0,67,5.0,4,15,0,0,Cao
SV23542,Vũ Thảo Nam,2.3,33,5.8,0,18,0,0,Cao
SV23543,Nguyễn Đức An,2.45,47,6.1,1,15,0,0,Trung Binh
SV23544,Hoàng Anh Giang,2.72,61,6.8,1,18,0,0,Trung Binh
SV23545,Trần Anh Giang,2.1,73,5.2,3,15,0,0,Trung Binh
SV23546,Trần Ngọc Linh,2.65,33,6.6,1,21,0,0,Thap
SV23547,Lê Văn An,2.5,38,6.3,0,21,0,0,Thap
SV23548,Phạm Văn Linh,0.0,60,0.0,5,15,0,0,Cao
SV23549,Trần Văn An,0.0,78,0.0,6,18,0,0,Cao
SV23550,Nguyễn Minh Trang,2.7,33,6.7,1,21,0,0,Thap
SV23551,Nguyễn Văn An,2.51,43,6.3,1,21,0,0,Trung Binh
SV23552,Nguyễn Minh Hương,0.0,44,0.0,6,18,1,1,Cao
SV23553,Phạm Quang Giang,2.6,60,6.5,2,15,0,0,Cao
SV23554,Trần Ngọc Khánh,3.3,40,8.2,0,15,1,1,Cao
SV23555,Bùi Thảo An,2.63,39,6.6,0,18,1,1,Trung Binh
SV23556,Bùi Ngọc Dũng,2.76,61,6.9,0,18,0,0,Thap
SV23557,Hoàng Ngọc Linh,2.23,39,5.6,0,18,0,0,Trung Binh
SV23558,Lê Anh Dũng,0.0,0,0.0,6,18,0,0,Cao
SV23559,Đặng Ngọc Khánh,2.53,39,6.3,0,18,0,0,Trung Binh
SV23560,Phạm Đức Khánh,2.52,33,6.3,0,15,0,0,Thap
SV23561,Vũ Anh Linh,2.61,33,6.5,2,21,0,0,Trung Binh
SV23562,Nguyễn Thị Khánh,2.77,39,6.9,0,18,0,0,Thap
SV23563,Phạm Quang Khánh,0.0,33,0.0,5,15,0,0,Cao
SV23564,Đặng Thị Trang,3.2,33,8.0,4,18,1,1,Cao
SV23565,Bùi Văn Nam,0.0,33,0.0,5,15,1,1,Cao
SV23566,Trần Anh Khánh,2.13,80,5.3,2,15,0,0,Cao
SV23567,Đặng Đức Nam,2.9,33,7.2,0,54,0,0,Thap
SV23568,Bùi Đức An,2.8,40,7.0,0,15,0,0,Thap
SV23569,Trần Anh Bình,2.67,67,6.7,2,15,0,0,Thap
SV23570,Phạm Đức Linh,0.0,0,0.0,6,18,0,0,Cao
SV23571,Đặng Văn Dũng,2.4,50,6.0,1,18,0,0,Thap
SV23572,Trần Đức Giang,3.24,40,8.1,0,15,0,0,Thap
SV23573,Nguyễn Quang Linh,2.06,33,5.1,6,39,0,0,Cao
SV23574,Bùi Thảo Nam,0.0,33,0.0,5,15,0,0,Trung Binh
SV23575,Hoàng Quang Giang,2.71,39,6.8,0,18,0,0,Thap
SV23576,Hoàng Quang Giang,2.86,39,7.1,0,18,0,0,Thap
SV23577,Bùi Thị Hương,2.04,47,5.1,0,15,0,0,Thap
SV23578,Hoàng Anh Nam,2.05,67,5.1,6,24,1,1,Cao
SV23579,Lê Minh Khánh,0.0,0,0.0,6,18,0,0,Cao
SV23580,Đặng Ngọc Cường,2.97,39,7.4,0,18,0,0,Thap
SV23581,Vũ Anh Khánh,2.72,67,6.8,1,18,0,0,Thap
SV23582,Hoàng Quang Bình,2.45,33,6.1,0,21,1,1,Thap
SV23583,Vũ Ngọc Linh,0.0,0,0.0,5,15,0,0,Cao
SV23584,Nguyễn Đức An,2.5,53,6.2,1,15,1,1,Trung Binh
SV23585,Vũ Văn Trang,2.64,37,6.6,0,27,0,0,Thap
SV23586,Phạm Thảo Linh,3.0,62,7.5,5,21,0,0,Cao
SV23587,Đặng Đức Trang,0.0,85,0.0,0,0,0,0,Cao
SV23588,Hoàng Văn Bình,2.63,33,6.6,0,36,0,0,Thap
SV23589,Phạm Thảo An,2.77,44,6.9,1,18,0,0,Thap
SV23590,Bùi Minh Linh,0.0,0,0.0,5,15,0,0,Cao
SV23591,Bùi Thảo Hương,0.0,40,0.0,5,15,0,0,Trung Binh
SV23592,Vũ Anh Nam,2.63,33,6.6,1,24,0,0,Trung Binh
SV23593,Phạm Thị Khánh,2.47,33,6.2,3,36,0,0,Cao
SV23594,Nguyễn Quang Nam,2.6,33,6.5,0,18,1,1,Cao
SV23595,Đặng Thị Nam,2.3,93,5.8,3,15,0,0,Trung Binh
SV23596,Đặng Thị Hương,2.65,83,6.6,3,18,0,0,Cao
SV23597,Trần Đức Dũng,2.67,67,6.7,3,18,0,0,Trung Binh
SV23598,Lê Thị Hương,2.7,33,6.8,0,18,0,0,Thap
SV23599,Bùi Ngọc Nam,2.53,39,6.3,0,18,0,0,Thap
SV23600,Vũ Anh Bình,3.02,55,7.5,0,33,0,0,Cao
SV23601,Bùi Thảo Nam,0.0,85,0.0,0,0,1,1,Cao
SV23602,Bùi Ngọc Trang,2.63,39,6.6,0,18,0,0,Thap
SV23603,Phạm Ngọc Trang,2.57,33,6.4,0,18,0,0,Thap
SV23604,Bùi Văn Giang,2.36,47,5.9,0,15,0,0,Trung Binh
SV23605,Phạm Ngọc Dũng,2.37,33,5.9,0,18,0,0,Thap
SV23606,Hoàng Quang Nam,2.56,33,6.4,1,18,0,0,Thap
SV23607,Trần Minh Hương,2.36,33,5.9,2,21,0,0,Cao
SV23608,Vũ Ngọc Linh,0.0,85,0.0,0,0,0,0,Trung Binh
SV23609,Lê Đức Cường,3.16,47,7.9,0,15,0,0,Cao
SV23610,Vũ Quang Giang,0.0,85,0.0,0,0,1,1,Trung Binh
SV23611,Trần Thị Hương,2.5,60,6.2,3,15,0,0,Trung Binh
SV23612,Bùi Văn Hương,2.93,50,7.3,0,18,0,0,Thap
SV23613,Phạm Thị Bình,2.5,56,6.2,2,18,0,0,Cao
SV23614,Đặng Thị An,2.4,47,6.0,2,15,0,0,Cao
SV23615,Vũ Ngọc Khánh,2.63,33,6.6,1,24,1,1,Trung Binh
SV23616,Vũ Thảo Khánh,2.53,33,6.3,3,18,1,1,Cao
SV23617,Vũ Văn Cường,3.0,40,7.5,0,15,0,0,Trung Binh
SV23618,Lê Ngọc Dũng,2.72,39,6.8,1,18,1,1,Cao
SV23619,Trần Văn An,2.5,33,6.2,0,18,0,0,Thap
SV23620,Lê Thị Cường,2.67,39,6.7,0,18,0,0,Thap
SV23621,Phạm Thảo Bình,2.45,72,6.1,2,18,0,0,Cao
SV23622,Hoàng Đức An,3.02,33,7.6,0,21,0,0,Thap
SV23623,Phạm Quang Khánh,2.63,33,6.6,0,18,0,0,Thap
SV23624,Bùi Thị Hương,2.2,44,5.5,2,18,0,0,Cao
SV23625,Vũ Minh Nam,2.33,60,5.8,2,15,0,0,Thap
SV23626,Vũ Quang Bình,2.0,72,5.0,5,18,0,0,Trung Binh
SV23627,Phạm Anh An,2.31,71,5.8,0,21,0,0,Cao
SV23628,Bùi Thảo Hương,2.43,33,6.1,0,18,0,0,Trung Binh
SV23629,Phạm Anh Linh,0.0,85,0.0,0,0,0,0,Cao
SV23630,Lê Minh Bình,2.77,33,6.9,0,18,0,0,Thap
SV23631,Hoàng Minh Cường,2.47,48,6.2,1,21,0,0,Thap
SV23632,Đặng Ngọc Linh,2.43,39,6.1,0,18,1,1,Cao
SV23633,Bùi Thị Dũng,2.4,44,6.0,3,18,1,1,Trung Binh
SV23634,Bùi Minh Khánh,2.48,47,6.2,1,30,0,0,Thap
SV23635,Bùi Văn An,2.55,47,6.4,1,15,0,0,Thap
SV23636,Phạm Anh Trang,2.99,52,7.5,3,63,0,0,Thap
SV23637,Đặng Ngọc Khánh,2.6,33,6.5,0,18,0,0,Thap
SV23638,Nguyễn Văn Dũng,2.57,33,6.4,0,21,1,1,Trung Binh
SV23639,Hoàng Anh Dũng,2.89,48,7.2,0,21,0,0,Thap
SV23640,Bùi Quang Nam,2.8,44,7.0,0,18,0,0,Thap
SV23641,Đặng Quang Trang,2.7,33,6.8,0,18,0,0,Thap
SV23642,Nguyễn Anh Khánh,0.0,0,0.0,6,18,0,0,Cao
SV23643,Nguyễn Quang Trang,2.33,33,5.8,0,18,0,0,Thap
SV23644,Bùi Minh Nam,2.4,40,6.0,1,15,0,0,Thap
SV23645,Phạm Minh Dũng,2.34,39,5.9,0,18,0,0,Thap
SV23646,Phạm Đức Nam,2.53,44,6.3,0,18,0,0,Thap
SV23647,Hoàng Quang Cường,2.35,61,5.9,3,18,0,0,Trung Binh
SV23648,Trần Anh Khánh,0.0,0,0.0,6,18,0,0,Cao
SV23649,Bùi Thảo An,2.47,33,6.2,1,24,0,0,Thap
SV23650,Phạm Thị Khánh,2.33,67,5.8,1,21,0,0,Cao
SV23651,Lê Quang Bình,2.65,33,6.6,0,36,0,0,Thap
SV23652,Đặng Quang Nam,2.37,44,5.9,1,18,0,0,Trung Binh
SV23653,Lê Thị Khánh,2.66,33,6.6,0,21,0,0,Thap
SV23654,Phạm Minh Bình,2.51,72,6.3,0,18,0,0,Trung Binh
SV23655,Hoàng Thảo Khánh,2.57,33,6.4,0,18,0,0,Thap
SV23656,Hoàng Anh An,2.57,33,6.4,0,18,0,0,Thap
SV23657,Hoàng Đức Cường,2.53,67,6.3,2,15,0,0,Thap
SV23658,Đặng Ngọc Linh,2.65,38,6.6,1,21,0,0,Thap
SV23659,Hoàng Anh Bình,2.48,33,6.2,0,15,0,0,Thap
SV23660,Nguyễn Ngọc Linh,2.9,67,7.2,3,15,0,0,Trung Binh
SV23661,Vũ Anh Trang,0.0,39,0.0,6,18,1,1,Cao
SV23662,Đặng Văn Khánh,2.86,39,7.1,0,18,0,0,Thap
SV23663,Lê Ngọc Khánh,2.47,47,6.2,2,15,0,0,Thap
SV23664,Trần Minh Dũng,2.52,48,6.3,1,21,0,0,Thap
SV23665,Trần Ngọc An,2.75,38,6.9,1,21,0,0,Cao
SV23666,Nguyễn Anh Khánh,2.58,44,6.4,0,18,0,0,Trung Binh
SV23667,Nguyễn Văn An,2.92,47,7.3,2,30,0,0,Cao
SV23668,Đặng Văn Cường,0.0,33,0.0,3,9,0,0,Cao
SV23669,Vũ Thị Trang,2.53,44,6.3,0,18,1,1,Thap
SV23670,Phạm Minh An,2.5,46,6.2,2,24,0,0,Thap
SV23671,Nguyễn Anh Giang,2.73,33,6.8,0,36,0,0,Thap
SV23672,Phạm Văn Dũng,3.2,72,8.0,0,18,0,0,Thap
SV23673,Lê Thị Nam,2.83,44,7.1,0,18,0,0,Thap
SV23674,Vũ Quang An,2.37,50,5.9,0,18,1,1,Thap
SV23675,Đặng Ngọc Dũng,2.53,33,6.3,0,18,0,0,Thap
SV23676,Hoàng Thị Giang,2.5,33,6.2,0,18,0,0,Thap
SV23677,Nguyễn Ngọc Nam,2.18,48,5.4,2,33,1,1,Thap
SV23678,Trần Quang Hương,2.6,61,6.5,5,18,0,0,Cao
SV23679,Hoàng Đức Dũng,3.03,33,7.6,0,18,0,0,Thap
SV23680,Vũ Đức Giang,2.53,44,6.3,0,18,0,0,Thap
SV23681,Hoàng Ngọc Giang,0.0,85,0.0,0,0,1,1,Cao
SV23682,Đặng Văn Trang,2.4,60,6.0,0,15,0,0,Trung Binh
SV23683,Đặng Quang Dũng,0.0,33,0.0,5,15,0,0,Cao
SV23684,Nguyễn Ngọc Linh,0.0,85,0.0,0,0,1,1,Thap
SV23685,Phạm Văn Giang,2.2,53,5.5,3,15,0,0,Cao
SV23686,Vũ Thảo Linh,3.14,39,7.9,0,18,0,0,Cao
SV23687,Phạm Anh Linh,2.16,33,5.4,4,45,0,0,Cao
SV23688,Bùi Minh Nam,2.4,100,6.0,4,15,0,0,Cao
SV23689,Lê Văn Bình,2.52,44,6.3,1,18,0,0,Thap
SV23690,Đặng Ngọc Trang,2.6,80,6.5,4,15,0,0,Trung Binh
SV23691,Trần Ngọc An,2.32,53,5.8,0,15,0,0,Thap
SV23692,Lê Anh An,2.0,73,5.0,4,15,1,1,Cao
SV23693,Hoàng Thị Nam,2.8,39,7.0,5,18,0,0,Cao
SV23694,Bùi Ngọc Linh,2.52,60,6.3,0,15,0,0,Cao
SV23695,Lê Quang Cường,0.0,85,0.0,0,0,0,0,Cao
SV23696,Đặng Văn Cường,2.27,73,5.7,3,15,0,0,Cao
SV23697,Bùi Quang An,2.53,33,6.3,0,18,0,0,Thap
SV23698,Bùi Văn Giang,2.16,39,5.4,1,18,0,0,Trung Binh
SV23699,Nguyễn Quang Dũng,2.58,67,6.4,2,21,0,0,Thap
SV23700,Bùi Minh Nam,0.0,33,0.0,5,15,0,0,Cao
SV23701,Nguyễn Thị Trang,2.57,33,6.4,0,18,0,0,Trung Binh
SV23702,Trần Minh Hương,2.52,33,6.3,0,15,1,1,Trung Binh
SV23703,Phạm Thảo Khánh,0.0,0,0.0,5,15,0,0,Cao
SV23704,Đặng Minh Trang,0.0,73,0.0,5,15,0,0,Cao
SV23705,Nguyễn Anh Giang,2.83,33,7.1,0,18,0,0,Thap
SV23706,Vũ Văn Hương,2.68,47,6.7,0,15,0,0,Cao
SV23707,Trần Ngọc Nam,2.24,53,5.6,0,15,0,0,Thap
SV23708,Bùi Văn Trang,0.0,85,0.0,0,0,0,0,Thap
SV23709,Bùi Minh Linh,2.53,33,6.3,0,18,1,1,Cao
SV23710,Bùi Ngọc Hương,2.47,47,6.2,2,15,0,0,Cao
SV23711,Vũ Minh Trang,2.45,47,6.1,1,15,0,0,Thap
SV23712,Nguyễn Đức Dũng,0.0,85,0.0,0,0,1,1,Cao
SV23713,Trần Đức Hương,2.15,87,5.4,2,15,0,0,Cao
SV23714,Lê Đức Trang,0.0,33,0.0,7,21,0,0,Cao
SV23715,Trần Quang Khánh,0.0,72,0.0,6,18,1,1,Cao
SV23716,Lê Đức Dũng,2.87,60,7.2,3,15,0,0,Trung Binh
SV23717,Đặng Văn Bình,2.3,53,5.8,3,15,0,0,Cao
SV23718,Nguyễn Thị Linh,0.0,85,0.0,0,0,0,0,Thap
SV23719,Bùi Văn Khánh,2.1,73,5.2,3,15,0,0,Cao
SV23720,Hoàng Văn Trang,2.7,33,6.8,0,18,0,0,Cao
SV23721,Phạm Thị Hương,2.2,94,5.5,5,18,0,0,Trung Binh
SV23722,Đặng Minh Hương,2.0,33,5.0,5,18,0,0,Cao
SV23723,Lê Thảo Dũng,0.0,94,0.0,6,18,0,0,Cao
SV23724,Phạm Thị Hương,2.4,67,6.0,4,15,1,1,Cao
SV23725,Đặng Văn Bình,2.45,40,6.1,1,15,0,0,Cao
SV23726,Trần Quang Bình,2.28,70,5.7,5,30,0,0,Cao
SV23727,Trần Đức Nam,0.0,33,0.0,5,15,0,0,Cao
SV23728,Bùi Thị Linh,2.85,44,7.1,2,18,0,0,Thap
SV23729,Phạm Thị Trang,2.89,33,7.2,1,36,0,0,Thap
SV23730,Đặng Ngọc Trang,2.91,36,7.3,0,36,1,1,Thap
SV23731,Hoàng Minh An,2.55,48,6.4,1,21,0,0,Thap
SV23732,Trần Thảo An,2.64,36,6.6,7,36,0,0,Cao
SV23733,Lê Thị Giang,0.0,85,0.0,0,0,0,0,Thap
SV23734,Phạm Anh Khánh,2.47,39,6.2,0,18,0,0,Cao
SV23735,Hoàng Thảo Dũng,2.24,33,5.6,4,27,0,0,Cao
SV23736,Đặng Đức Hương,2.64,33,6.6,1,21,0,0,Thap
SV23737,Phạm Thị An,2.37,53,5.9,0,15,0,0,Trung Binh
SV23738,Vũ Ngọc An,2.27,56,5.7,1,18,0,0,Trung Binh
SV23739,Bùi Ngọc Dũng,2.72,33,6.8,0,15,0,0,Thap
SV23740,Hoàng Minh Linh,0.0,67,0.0,5,15,0,0,Cao
SV23741,Phạm Quang Khánh,2.57,61,6.4,1,18,0,0,Cao
SV23742,Hoàng Thảo Linh,2.87,100,7.2,2,15,0,0,Trung Binh
SV23743,Hoàng Thảo Hương,2.7,50,6.8,1,18,0,0,Thap
SV23744,Trần Thị Hương,2.89,44,7.2,0,18,0,0,Trung Binh
SV23745,Vũ Văn An,0.0,67,0.0,6,18,0,0,Cao
SV23746,Lê Minh Cường,0.0,85,0.0,0,0,0,0,Thap
SV23747,Lê Anh Giang,2.57,33,6.4,0,24,0,0,Thap
SV23748,Nguyễn Thị Hương,0.0,40,0.0,5,15,0,0,Thap
SV23749,Đặng Thị Cường,0.0,0,0.0,7,21,1,1,Cao
SV23750,Phạm Thị Trang,2.93,33,7.3,0,18,0,0,Thap
SV23751,Vũ Đức Trang,2.79,33,7.0,1,24,0,0,Thap
SV23752,Vũ Thảo Trang,2.94,33,7.4,2,36,0,0,Thap
SV23753,Bùi Thị Cường,2.33,33,5.8,0,18,0,0,Thap
SV23754,Nguyễn Thảo Trang,2.97,33,7.4,1,21,0,0,Thap
SV23755,Trần Thị An,2.4,73,6.0,4,15,0,0,Cao
SV23756,Vũ Thảo Khánh,2.74,38,6.8,0,21,0,0,Cao
SV23757,Đặng Đức Nam,2.48,78,6.2,1,18,0,0,Thap
SV23758,Vũ Thị An,2.68,48,6.7,0,21,0,0,Thap
SV23759,Nguyễn Văn Dũng,2.36,72,5.9,1,18,0,0,Trung Binh
SV23760,Hoàng Minh Dũng,0.0,0,0.0,5,15,0,0,Cao
SV23761,Phạm Thảo Dũng,2.35,42,5.9,2,45,0,0,Thap
SV23762,Nguyễn Văn Hương,0.0,44,0.0,6,18,1,1,Cao
SV23763,Trần Đức Trang,2.66,44,6.6,0,18,0,0,Thap
SV23764,Lê Quang Nam,2.33,33,5.8,0,18,0,0,Thap
SV23765,Vũ Minh Khánh,2.3,72,5.8,0,18,0,0,Thap
SV23766,Bùi Anh An,2.62,43,6.5,1,21,0,0,Thap
SV23767,Lê Anh Khánh,2.53,33,6.3,0,18,0,0,Thap
SV23768,Lê Ngọc Giang,2.27,33,5.7,3,18,1,1,Cao
SV23769,Hoàng Văn Trang,2.72,44,6.8,1,18,0,0,Trung Binh
SV23770,Vũ Ngọc Linh,2.63,33,6.6,0,18,0,0,Cao
SV23771,Hoàng Anh An,0.0,0,0.0,6,18,0,0,Cao
SV23772,Trần Ngọc Dũng,2.33,56,5.8,1,18,0,0,Thap
SV23773,Phạm Thị Nam,2.7,33,6.8,0,18,0,0,Thap
SV23774,Trần Thảo Linh,0.0,39,0.0,6,18,1,1,Cao
SV23775,Phạm Anh Dũng,2.63,33,6.6,0,18,0,0,Thap
SV23776,Hoàng Văn Bình,2.5,73,6.2,1,15,1,1,Cao
SV23777,Hoàng Minh Linh,2.68,56,6.7,0,18,0,0,Thap
SV23778,Trần Thảo An,2.63,33,6.6,0,18,0,0,Thap
SV23779,Trần Minh Nam,2.68,67,6.7,2,18,0,0,Trung Binh
SV23780,Phạm Minh Nam,2.6,48,6.5,4,21,0,0,Trung Binh
SV23781,Đặng Anh Trang,2.63,33,6.6,1,24,0,0,Thap
SV23782,Nguyễn Thị Giang,2.57,33,6.4,0,18,0,0,Thap
SV23783,Nguyễn Đức Cường,2.43,48,6.1,0,21,0,0,Thap
SV23784,Nguyễn Anh Nam,2.67,43,6.7,2,21,0,0,Trung Binh
SV23785,Trần Ngọc Nam,2.6,50,6.5,6,30,0,0,Cao
SV23786,Đặng Quang Linh,2.4,100,6.0,3,18,0,0,Trung Binh
SV23787,Đặng Đức Nam,0.0,85,0.0,0,0,0,0,Cao
SV23788,Lê Văn Hương,2.2,50,5.5,1,18,0,0,Cao
SV23789,Đặng Thị Nam,2.3,44,5.8,1,18,0,0,Trung Binh
SV23790,Phạm Anh An,2.67,33,6.7,6,27,1,1,Cao
SV23791,Nguyễn Minh Hương,2.92,43,7.3,0,21,0,0,Thap
SV23792,Hoàng Quang Bình,2.2,50,5.5,2,18,1,1,Cao
SV23793,Nguyễn Ngọc Trang,0.0,53,0.0,5,15,1,1,Cao
SV23794,Vũ Đức Dũng,0.0,33,0.0,6,18,0,0,Cao
SV23795,Hoàng Quang Linh,2.4,60,6.0,4,15,0,0,Cao
SV23796,Trần Đức Giang,2.8,53,7.0,0,15,0,0,Thap
SV23797,Phạm Đức Hương,2.71,44,6.8,0,18,0,0,Thap
SV23798,Phạm Thảo Cường,0.0,67,0.0,6,18,0,0,Cao
SV23799,Bùi Ngọc Trang,2.85,44,7.1,0,18,0,0,Thap
SV23800,Hoàng Anh Bình,0.0,39,0.0,6,18,1,1,Cao
SV23801,Trần Thị Khánh,0.0,67,0.0,6,18,0,0,Cao
SV23802,Trần Văn Khánh,2.71,33,6.8,1,24,0,0,Thap
SV23803,Hoàng Văn Dũng,2.62,33,6.6,0,27,0,0,Thap
SV23804,Phạm Anh Dũng,2.53,41,6.3,0,27,0,0,Thap
SV23805,Trần Quang Nam,2.15,67,5.4,1,15,0,0,Cao
SV23806,Trần Đức An,2.15,47,5.4,6,30,0,0,Cao
SV23807,Trần Quang Trang,2.73,33,6.8,0,18,0,0,Thap
SV23808,Vũ Đức An,2.77,33,6.9,0,18,0,0,Thap
SV23809,Hoàng Văn Giang,2.64,33,6.6,1,54,0,0,Cao
SV23810,Bùi Quang An,2.55,44,6.4,2,18,0,0,Cao
SV23811,Phạm Quang Khánh,2.57,38,6.4,2,21,0,0,Trung Binh
SV23812,Bùi Anh An,2.4,50,6.0,4,24,1,1,Cao
SV23813,Nguyễn Thị Trang,2.33,33,5.8,2,33,0,0,Thap
SV23814,Bùi Minh An,3.3,33,8.2,0,42,0,0,Thap
SV23815,Đặng Văn Trang,2.47,47,6.2,1,30,0,0,Thap
SV23816,Bùi Anh Bình,2.52,38,6.3,0,21,0,0,Trung Binh
SV23817,Hoàng Ngọc An,2.3,50,5.8,2,18,0,0,Cao
SV23818,Lê Đức Nam,2.38,35,5.9,0,54,0,0,Thap
SV23819,Trần Anh An,0.0,0,0.0,6,18,0,0,Cao
SV23820,Phạm Đức Hương,0.0,0,0.0,6,18,0,0,Cao
SV23821,Trần Văn Cường,2.6,72,6.5,1,18,0,0,Trung Binh
SV23822,Nguyễn Ngọc Khánh,0.0,50,0.0,6,18,0,0,Cao
SV23823,Phạm Thị Bình,3.03,33,7.6,0,18,0,0,Thap
SV23824,Lê Thị Hương,2.35,44,5.9,2,18,0,0,Cao
SV23825,Vũ Thị Bình,0.0,33,0.0,5,15,0,0,Trung Binh
SV23826,Vũ Thị Trang,0.0,85,0.0,0,0,0,0,Cao
SV23827,Bùi Đức An,2.27,61,5.7,3,18,0,0,Cao
SV23828,Hoàng Thảo Bình,2.52,56,6.3,1,18,0,0,Thap
SV23829,Hoàng Quang Giang,0.0,67,0.0,5,15,0,0,Cao
SV23830,Phạm Thảo Trang,3.1,44,7.8,0,18,0,0,Cao
SV23831,Vũ Anh Bình,2.47,33,6.2,1,24,0,0,Thap
SV23832,Lê Quang Hương,2.64,39,6.6,1,18,0,0,Trung Binh
SV23833,Lê Minh Giang,2.29,33,5.7,5,36,0,0,Trung Binh
SV23834,Lê Đức Dũng,0.0,0,0.0,6,18,0,0,Cao
SV23835,Hoàng Thị Nam,2.8,56,7.0,2,18,0,0,Thap
SV23836,Trần Thị Bình,2.4,33,6.0,9,36,0,0,Cao
SV23837,Trần Ngọc Nam,0.0,33,0.0,4,12,0,0,Cao
SV23838,Vũ Minh Trang,2.0,87,5.0,1,15,0,0,Cao
SV23839,Đặng Đức Hương,2.0,60,5.0,4,15,0,0,Cao
SV23840,Vũ Đức Trang,0.0,85,0.0,0,0,0,0,Cao
SV23841,Đặng Thảo Khánh,2.23,39,5.6,0,18,0,0,Trung Binh
SV23842,Nguyễn Minh Cường,2.35,67,5.9,2,18,0,0,Trung Binh
SV23843,Nguyễn Ngọc Nam,2.35,72,5.9,3,18,0,0,Cao
SV23844,Bùi Minh Khánh,2.0,53,5.0,4,15,0,0,Cao
SV23845,Trần Thảo Hương,2.8,53,7.0,2,15,0,0,Thap
SV23846,Nguyễn Minh Trang,0.0,33,0.0,5,15,1,1,Cao
SV23847,Trần Văn Dũng,2.4,67,6.0,3,18,0,0,Cao
SV23848,Đặng Quang Nam,0.0,56,0.0,6,18,0,0,Cao
SV23849,Trần Thị Nam,2.38,63,5.9,2,30,1,1,Cao
SV23850,Phạm Anh Cường,2.77,33,6.9,0,18,0,0,Thap
SV23851,Nguyễn Anh Giang,0.0,33,0.0,5,15,0,0,Cao
SV23852,Bùi Ngọc Bình,2.28,44,5.7,1,18,0,0,Cao
SV23853,Bùi Minh Nam,0.0,44,0.0,6,18,0,0,Cao
SV23854,Bùi Thị Hương,2.13,33,5.3,3,51,1,1,Cao
SV23855,Bùi Ngọc Linh,2.2,56,5.5,4,18,0,0,Cao
SV23856,Trần Đức Giang,3.37,33,8.4,0,18,0,0,Thap
SV23857,Nguyễn Văn Nam,2.71,44,6.8,0,18,0,0,Thap
SV23858,Trần Quang Dũng,2.94,73,7.4,0,15,1,1,Thap
SV23859,Lê Ngọc Trang,0.0,53,0.0,5,15,0,0,Cao
SV23860,Đặng Minh Hương,2.0,93,5.0,4,15,0,0,Cao
SV23861,Phạm Anh An,2.2,83,5.5,5,18,0,0,Cao
SV23862,Bùi Minh Bình,2.2,33,5.5,5,18,0,0,Cao
SV23863,Lê Anh Nam,2.4,33,6.0,1,18,0,0,Thap
SV23864,Lê Anh Bình,2.22,56,5.6,0,18,0,0,Thap
SV23865,Phạm Quang Bình,2.27,72,5.7,3,18,1,1,Cao
SV23866,Nguyễn Ngọc Trang,2.4,83,6.0,4,18,0,0,Cao
SV23867,Bùi Thị Trang,0.0,38,0.0,7,21,0,0,Cao
SV23868,Bùi Thị Nam,2.91,33,7.3,1,24,0,0,Thap
SV23869,Đặng Anh Cường,2.43,50,6.1,0,18,0,0,Thap
SV23870,Bùi Đức Linh,2.7,87,6.8,1,15,1,1,Cao
SV23871,Đặng Minh Cường,2.95,44,7.4,0,18,0,0,Thap
SV23872,Phạm Quang Hương,2.48,53,6.2,0,15,0,0,Thap
SV23873,Nguyễn Đức An,2.55,33,6.4,1,21,0,0,Thap
SV23874,Vũ Minh Nam,2.5,50,6.2,2,18,0,0,Cao
SV23875,Vũ Ngọc Giang,0.0,33,0.0,5,15,1,1,Cao
SV23876,Phạm Anh Dũng,0.0,33,0.0,7,21,0,0,Cao
SV23877,Lê Anh Dũng,2.69,33,6.7,0,21,0,0,Cao
SV23878,Bùi Đức Linh,2.84,33,7.1,0,24,0,0,Thap
SV23879,Vũ Quang Giang,2.71,33,6.8,1,21,0,0,Thap
SV23880,Phạm Đức Dũng,2.32,33,5.8,0,15,0,0,Thap
SV23881,Lê Anh Nam,2.71,39,6.8,0,18,0,0,Thap
SV23882,Phạm Đức Nam,2.77,33,6.9,0,18,0,0,Thap
SV23883,Hoàng Thảo Trang,2.25,39,5.6,2,18,1,1,Cao
SV23884,Vũ Thị Khánh,2.04,39,5.1,1,18,0,0,Thap
SV23885,Phạm Thị Cường,3.14,33,7.8,1,24,0,0,Thap
SV23886,Bùi Minh An,2.17,50,5.4,0,18,1,1,Thap
SV23887,Hoàng Anh Trang,2.9,33,7.2,0,18,0,0,Trung Binh
SV23888,Phạm Anh Bình,2.08,67,5.2,2,18,0,0,Trung Binh
SV23889,Trần Ngọc Hương,2.6,47,6.5,0,15,0,0,Thap
SV23890,Hoàng Thị Nam,2.45,33,6.1,0,21,0,0,Thap
SV23891,Nguyễn Ngọc Dũng,2.6,33,6.5,0,21,1,1,Trung Binh
SV23892,Đặng Thảo An,2.83,33,7.1,0,18,0,0,Trung Binh
SV23893,Nguyễn Thảo Bình,2.85,73,7.1,1,15,0,0,Thap
SV23894,Nguyễn Thảo Linh,2.4,93,6.0,4,15,0,0,Cao
SV23895,Phạm Minh Dũng,2.65,52,6.6,3,21,0,0,Trung Binh
SV23896,Bùi Ngọc Giang,2.64,33,6.6,1,21,0,0,Thap
SV23897,Nguyễn Quang An,2.2,33,5.5,5,18,0,0,Trung Binh
SV23898,Lê Ngọc An,2.39,38,6.0,0,21,0,0,Thap
SV23899,Vũ Minh Bình,2.48,39,6.2,1,18,0,0,Thap
SV23900,Đặng Đức Khánh,2.52,38,6.3,3,24,0,0,Trung Binh
SV23901,Vũ Ngọc An,2.78,33,7.0,1,21,0,0,Thap
SV23902,Hoàng Ngọc Khánh,2.3,61,5.8,2,18,0,0,Trung Binh
SV23903,Đặng Đức Trang,2.84,40,7.1,1,15,0,0,Trung Binh
SV23904,Vũ Thảo Hương,2.13,80,5.3,2,15,0,0,Cao
SV23905,Vũ Thảo Nam,0.0,67,0.0,7,21,0,0,Cao
SV23906,Vũ Đức Nam,2.2,56,5.5,0,18,0,0,Thap
SV23907,Phạm Ngọc Linh,2.79,33,7.0,1,24,0,0,Thap
SV23908,Nguyễn Minh Bình,2.5,61,6.2,2,18,0,0,Trung Binh
SV23909,Vũ Đức An,2.67,44,6.7,0,18,1,1,Thap
SV23910,Bùi Văn Nam,0.0,33,0.0,5,15,0,0,Cao
SV23911,Trần Văn Khánh,2.33,50,5.8,0,18,0,0,Trung Binh
SV23912,Hoàng Quang Nam,3.14,39,7.9,0,18,0,0,Thap
SV23913,Bùi Thảo Hương,2.2,44,5.5,1,18,0,0,Thap
SV23914,Bùi Anh Dũng,2.45,53,6.1,1,15,1,1,Thap
SV23915,Hoàng Quang An,2.44,83,6.1,5,30,1,1,Cao
SV23916,Vũ Minh Hương,2.6,40,6.5,0,15,0,0,Thap
SV23917,Vũ Ngọc Dũng,2.4,61,6.0,2,18,0,0,Thap
SV23918,Trần Quang Nam,2.67,33,6.7,0,18,0,0,Thap
SV23919,Trần Minh Trang,2.6,40,6.5,2,15,0,0,Trung Binh
SV23920,Nguyễn Quang An,2.58,33,6.5,1,24,0,0,Thap
SV23921,Lê Văn An,2.2,44,5.5,0,18,0,0,Thap
SV23922,Hoàng Quang Cường,2.72,38,6.8,1,21,0,0,Thap
SV23923,Nguyễn Thảo Cường,2.48,56,6.2,2,18,0,0,Thap
SV23924,Đặng Anh Khánh,2.58,48,6.4,1,27,0,0,Thap
SV23925,Phạm Ngọc Dũng,2.31,33,5.8,1,36,1,1,Trung Binh
SV23926,Hoàng Minh Nam,2.0,40,5.0,4,15,0,0,Trung Binh
SV23927,Trần Văn Khánh,2.87,33,7.2,0,24,0,0,Thap
SV23928,Trần Thị Khánh,2.83,44,7.1,0,18,1,1,Cao
SV23929,Đặng Minh Giang,0.0,85,0.0,0,0,0,0,Thap
SV23930,Bùi Văn Cường,2.36,56,5.9,1,18,0,0,Trung Binh
SV23931,Bùi Đức An,2.67,33,6.7,0,18,0,0,Thap
SV23932,Vũ Đức An,2.9,44,7.2,0,18,0,0,Thap
SV23933,Trần Quang Cường,2.53,43,6.3,2,30,0,0,Thap
SV23934,Nguyễn Anh Linh,2.0,87,5.0,4,15,1,1,Trung Binh
SV23935,Đặng Anh Dũng,0.0,56,0.0,6,18,0,0,Cao
SV23936,Nguyễn Thảo Dũng,2.2,67,5.5,2,18,0,0,Trung Binh
SV23937,Lê Thảo Nam,2.4,67,6.0,3,15,1,1,Cao
SV23938,Trần Đức Dũng,2.0,56,5.0,2,18,0,0,Trung Binh
SV23939,Vũ Văn Bình,2.84,33,7.1,0,21,0,0,Thap
SV23940,Vũ Đức Giang,2.86,33,7.2,0,21,0,0,Thap
SV23941,Đặng Đức Nam,2.2,53,5.5,2,15,0,0,Trung Binh
SV23942,Phạm Anh Nam,0.0,67,0.0,7,21,0,0,Cao
SV23943,Lê Thảo Nam,2.4,56,6.0,0,18,0,0,Thap
SV23944,Vũ Thị Nam,0.0,0,0.0,5,15,1,1,Cao
SV23945,Lê Đức An,0.0,33,0.0,6,18,1,1,Cao
SV23946,Vũ Văn An,2.77,39,6.9,0,18,0,0,Thap
SV23947,Nguyễn Minh Linh,0.0,85,0.0,0,0,0,0,Thap
SV23948,Hoàng Anh Nam,0.0,0,0.0,7,21,0,0,Cao
SV23949,Lê Minh Khánh,2.2,44,5.5,1,18,0,0,Thap
SV23950,Nguyễn Ngọc Bình,2.64,60,6.6,0,15,0,0,Thap
SV23951,Bùi Văn Bình,2.7,39,6.8,0,18,0,0,Cao
SV23952,Vũ Ngọc An,0.0,33,0.0,5,15,0,0,Cao
SV23953,Trần Thị Nam,2.84,33,7.1,1,24,0,0,Thap
SV23954,Bùi Quang Trang,2.6,33,6.5,0,15,0,0,Thap
SV23955,Đặng Đức Linh,2.4,72,6.0,4,18,0,0,Cao
SV23956,Đặng Quang Cường,0.0,0,0.0,7,21,0,0,Cao
SV23957,Bùi Thị Bình,2.56,40,6.4,0,15,0,0,Thap
SV23958,Lê Thị Cường,2.72,73,6.8,1,15,0,0,Thap
SV23959,Đặng Văn Linh,2.79,33,7.0,0,21,0,0,Thap
SV23960,Phạm Quang Dũng,3.0,44,7.5,0,18,0,0,Thap
SV23961,Vũ Quang Giang,0.0,0,0.0,6,18,0,0,Cao
SV23962,Trần Anh An,3.02,35,7.5,0,78,0,0,Thap
SV23963,Phạm Thảo An,2.68,33,6.7,1,21,0,0,Thap
SV23964,Nguyễn Thị An,2.65,33,6.6,0,36,1,1,Thap
SV23965,Đặng Quang Dũng,2.34,56,5.9,1,18,1,1,Cao
SV23966,Đặng Anh Bình,2.6,33,6.5,0,24,0,0,Thap
SV23967,Phạm Minh Linh,2.13,67,5.3,3,18,0,0,Cao
SV23968,Hoàng Thảo Hương,0.0,67,0.0,7,21,0,0,Trung Binh
SV23969,Đặng Thị Nam,2.6,50,6.5,0,18,0,0,Thap
SV23970,Lê Đức Nam,2.4,33,6.0,0,15,0,0,Thap
SV23971,Phạm Thảo An,2.43,33,6.1,0,18,0,0,Thap
SV23972,Nguyễn Quang Trang,2.37,48,5.9,1,21,0,0,Thap
SV23973,Đặng Anh Bình,2.2,53,5.5,1,15,0,0,Thap
SV23974,Đặng Ngọc Khánh,2.47,43,6.2,0,21,1,1,Thap
SV23975,Nguyễn Ngọc Linh,2.4,60,6.0,1,15,0,0,Thap
SV23976,Phạm Anh Khánh,2.89,33,7.2,0,21,0,0,Thap
SV23977,Trần Ngọc Dũng,2.76,33,6.9,0,21,0,0,Thap
SV23978,Đặng Quang Khánh,2.76,33,6.9,1,21,0,0,Thap
SV23979,Trần Văn Trang,2.97,33,7.4,0,21,0,0,Thap
SV23980,Trần Thảo Khánh,2.6,44,6.5,1,18,0,0,Trung Binh
SV23981,Phạm Ngọc Giang,2.43,39,6.1,0,18,0,0,Thap
SV23982,Đặng Minh Bình,3.13,39,7.8,0,18,0,0,Thap
SV23983,Lê Quang Giang,2.5,62,6.2,2,21,0,0,Thap
SV23984,Phạm Anh Linh,2.57,39,6.4,0,18,0,0,Thap
SV23985,Phạm Đức Nam,0.0,33,0.0,6,18,1,1,Cao
SV23986,Đặng Thị Khánh,2.5,33,6.2,0,18,0,0,Thap
SV23987,Đặng Anh Linh,2.25,78,5.6,2,18,0,0,Thap
SV23988,Phạm Ngọc Linh,3.05,33,7.6,1,21,0,0,Thap
SV23989,Lê Thị Trang,2.8,87,7.0,0,15,0,0,Thap
SV23990,Vũ Văn Hương,2.42,33,6.0,3,48,1,1,Thap
SV23991,Nguyễn Văn Bình,2.92,35,7.3,0,48,0,0,Thap
SV23992,Lê Thị Khánh,2.1,48,5.2,3,21,0,0,Cao
SV23993,Trần Thị Linh,2.57,44,6.4,0,18,0,0,Thap
SV23994,Vũ Ngọc Khánh,2.5,33,6.2,0,18,1,1,Thap
SV23995,Đặng Thảo Hương,2.25,36,5.6,0,36,0,0,Thap
SV23996,Trần Minh Nam,2.1,33,5.2,3,15,0,0,Cao
SV23997,Hoàng Văn Khánh,2.4,61,6.0,3,18,0,0,Cao
SV23998,Nguyễn Anh Trang,2.2,48,5.5,0,21,0,0,Thap
SV23999,Lê Minh An,2.52,48,6.3,2,21,0,0,Cao
SV24000,Hoàng Thảo Dũng,2.6,43,6.5,1,21,0,0,Cao
SV24001,Trần Thảo Nam,0.0,33,0.0,5,15,0,0,Cao
SV24002,Lê Quang Linh,0.0,0,0.0,5,15,0,0,Cao
SV24003,Bùi Ngọc Giang,2.7,33,6.8,0,18,0,0,Thap
SV24004,Nguyễn Thảo Dũng,2.7,33,6.8,1,21,0,0,Thap
SV24005,Lê Văn Giang,2.63,33,6.6,0,18,0,0,Thap
SV24006,Vũ Thị Cường,0.0,0,0.0,6,18,0,0,Cao
SV24007,Lê Ngọc Hương,2.62,44,6.6,0,18,0,0,Thap
SV24008,Phạm Văn Giang,2.88,83,7.2,3,18,0,0,Cao
SV24009,Phạm Thị Hương,2.4,56,6.0,2,18,0,0,Cao
SV24010,Trần Thị Khánh,0.0,33,0.0,5,15,0,0,Cao
SV24011,Lê Văn Giang,0.0,33,0.0,7,21,0,0,Cao
SV24012,Bùi Minh Hương,2.16,100,5.4,2,15,0,0,Trung Binh
SV24013,Vũ Đức Trang,0.0,0,0.0,6,18,0,0,Cao
SV24014,Bùi Anh Cường,3.23,33,8.1,0,21,0,0,Thap
SV24015,Lê Anh Trang,2.97,33,7.4,0,21,0,0,Thap
SV24016,Lê Thảo Trang,2.07,47,5.2,2,15,0,0,Cao
SV24017,Hoàng Đức Linh,2.4,61,6.0,3,18,0,0,Cao
SV24018,Trần Đức Dũng,0.0,33,0.0,6,18,0,0,Cao
SV24019,Trần Anh An,2.63,33,6.6,0,18,0,0,Thap
SV24020,Phạm Đức Dũng,2.79,33,7.0,0,24,0,0,Thap
SV24021,Trần Văn Cường,2.27,40,5.7,2,15,0,0,Cao
SV24022,Đặng Thị Nam,2.55,46,6.4,1,24,0,0,Thap
SV24023,Nguyễn Văn Hương,2.52,40,6.3,0,15,0,0,Thap
SV24024,Trần Thảo Cường,2.45,33,6.1,2,24,0,0,Cao
SV24025,Lê Văn Bình,0.0,67,0.0,7,21,0,0,Trung Binh
SV24026,Vũ Văn Khánh,2.2,53,5.5,0,15,0,0,Trung Binh
SV24027,Lê Quang Dũng,2.37,47,5.9,0,36,0,0,Thap
SV24028,Nguyễn Anh Cường,2.61,42,6.5,2,24,0,0,Cao
SV24029,Đặng Thảo Hương,2.77,33,6.9,0,18,1,1,Thap
SV24030,Trần Minh Linh,2.77,33,6.9,4,21,0,0,Cao
SV24031,Đặng Thị Khánh,2.36,33,5.9,0,15,0,0,Thap
SV24032,Trần Ngọc An,2.67,33,6.7,0,36,0,0,Trung Binh
SV24033,Nguyễn Minh Giang,2.75,33,6.9,0,24,0,0,Thap
SV24034,Đặng Quang Khánh,0.0,85,0.0,0,0,0,0,Cao
SV24035,Lê Quang Dũng,0.0,0,0.0,6,18,0,0,Cao
SV24036,Trần Quang Linh,0.0,50,0.0,6,18,0,0,Cao
SV24037,Trần Văn Khánh,2.67,33,6.7,0,18,0,0,Thap
SV24038,Bùi Anh Linh,2.0,44,5.0,5,18,0,0,Trung Binh
SV24039,Vũ Ngọc Nam,3.13,39,7.8,0,18,0,0,Thap
SV24040,Phạm Minh Giang,2.37,43,5.9,0,21,0,0,Thap
SV24041,Nguyễn Văn Dũng,2.9,80,7.2,0,15,0,0,Thap
SV24042,Đặng Minh Nam,2.43,33,6.1,0,18,0,0,Thap
SV24043,Đặng Ngọc Trang,2.52,33,6.3,1,18,0,0,Thap
SV24044,Vũ Đức Linh,2.46,50,6.1,1,24,0,0,Trung Binh
SV24045,Hoàng Văn Trang,2.53,33,6.3,0,18,1,1,Thap
SV24046,Phạm Văn Linh,0.0,0,0.0,7,21,0,0,Cao
SV24047,Trần Minh An,2.57,39,6.4,0,18,0,0,Thap
SV24048,Hoàng Quang Trang,2.78,33,7.0,1,24,0,0,Thap
SV24049,Nguyễn Minh Nam,2.76,33,6.9,1,24,0,0,Thap
SV24050,Lê Ngọc Khánh,2.66,48,6.7,1,21,0,0,Thap
SV24051,Vũ Thị Nam,0.0,0,0.0,6,18,0,0,Cao
SV24052,Đặng Thị Linh,2.43,33,6.1,0,18,0,0,Thap
SV24053,Vũ Thảo Khánh,2.25,67,5.6,2,18,0,0,Cao
SV24054,Phạm Thị Linh,2.48,33,6.2,1,18,0,0,Trung Binh
SV24055,Lê Anh Hương,2.93,33,7.3,0,18,0,0,Thap
SV24056,Vũ Minh Khánh,2.4,83,6.0,2,18,0,0,Cao
SV24057,Đặng Quang Trang,2.8,44,7.0,0,18,0,0,Thap
SV24058,Nguyễn Thảo Dũng,2.51,56,6.3,0,18,0,0,Trung Binh
SV24059,Hoàng Văn An,3.11,78,7.8,0,18,0,0,Thap
SV24060,Lê Thị Hương,0.0,0,0.0,6,18,0,0,Cao
SV24061,Lê Thị An,3.0,33,7.5,0,18,0,0,Thap
SV24062,Phạm Thảo Trang,2.45,73,6.1,1,15,0,0,Thap
SV24063,Bùi Anh Nam,3.14,39,7.8,0,33,0,0,Thap
SV24064,Lê Minh Hương,2.46,47,6.1,0,15,0,0,Thap
SV24065,Nguyễn Ngọc Hương,2.37,37,5.9,5,51,1,1,Trung Binh
SV24066,Hoàng Ngọc Linh,2.43,33,6.1,0,18,0,0,Trung Binh
SV24067,Đặng Ngọc Giang,2.38,48,5.9,0,21,0,0,Thap
SV24068,Đặng Minh Bình,0.0,0,0.0,6,18,0,0,Cao
SV24069,Phạm Ngọc Trang,2.36,40,5.9,0,15,0,0,Thap
SV24070,Hoàng Thị Dũng,2.23,39,5.6,0,18,0,0,Thap
SV24071,Bùi Thị Khánh,2.81,33,7.0,0,21,0,0,Thap
SV24072,Trần Thảo Trang,2.35,56,5.9,2,18,0,0,Cao
SV24073,Trần Văn Giang,2.63,33,6.6,0,18,0,0,Trung Binh
SV24074,Phạm Anh An,2.7,39,6.8,0,18,0,0,Thap
SV24075,Nguyễn Quang An,2.52,48,6.3,0,21,0,0,Thap
SV24076,Vũ Văn Trang,0.0,0,0.0,6,18,0,0,Cao
SV24077,Hoàng Minh An,2.79,33,7.0,1,24,0,0,Thap
SV24078,Hoàng Quang Nam,2.2,39,5.5,4,18,0,0,Cao
SV24079,Vũ Văn An,2.56,33,6.4,0,15,0,0,Thap
SV24080,Bùi Thảo An,2.71,44,6.8,0,18,0,0,Trung Binh
SV24081,Đặng Thảo An,0.0,85,0.0,0,0,0,0,Cao
SV24082,Phạm Anh Linh,2.3,60,5.8,3,15,1,1,Trung Binh
SV24083,Bùi Ngọc Nam,2.25,44,5.6,2,18,0,0,Trung Binh
SV24084,Nguyễn Văn An,2.74,47,6.9,0,15,0,0,Thap
SV24085,Bùi Thị Trang,0.0,33,0.0,4,12,0,0,Cao
SV24086,Lê Văn Cường,2.4,50,6.0,0,18,1,1,Cao
SV24087,Phạm Minh Bình,2.53,39,6.3,0,18,0,0,Thap
SV24088,Trần Văn Linh,2.66,46,6.6,1,24,0,0,Trung Binh
SV24089,Nguyễn Đức Dũng,2.08,50,5.2,2,30,0,0,Trung Binh
SV24090,Hoàng Văn An,2.4,62,6.0,4,21,0,0,Cao
SV24091,Phạm Đức Dũng,2.28,56,5.7,1,18,0,0,Thap
SV24092,Trần Minh Nam,2.65,100,6.6,3,15,1,1,Cao
SV24093,Trần Đức An,2.77,33,6.9,1,21,0,0,Cao
SV24094,Trần Anh Trang,2.43,33,6.1,0,18,0,0,Thap
SV24095,Đặng Văn Khánh,2.75,94,6.9,2,18,0,0,Thap
SV24096,Phạm Ngọc Linh,3.09,33,7.7,1,21,0,0,Thap
SV24097,Hoàng Thảo Hương,2.77,33,6.9,0,18,0,0,Thap
SV24098,Bùi Ngọc Bình,2.37,50,5.9,2,42,0,0,Thap
SV24099,Nguyễn Thảo Linh,0.0,33,0.0,7,21,0,0,Cao
SV24100,Nguyễn Ngọc An,0.0,33,0.0,1,3,0,0,Cao
SV24101,Vũ Văn Cường,2.47,43,6.2,0,21,0,0,Trung Binh
SV24102,Lê Ngọc Trang,2.23,33,5.6,0,18,0,0,Thap
SV24103,Hoàng Thị Nam,2.93,33,7.3,0,18,0,0,Thap
SV24104,Lê Anh Cường,2.24,33,5.6,0,15,0,0,Trung Binh
SV24105,Hoàng Anh Giang,2.74,50,6.9,0,18,0,0,Thap
SV24106,Trần Thảo Khánh,2.56,33,6.4,0,15,0,0,Thap
SV24107,Phạm Minh Dũng,2.65,50,6.6,2,18,0,0,Thap
SV24108,Đặng Văn Dũng,2.76,42,6.9,2,24,0,0,Cao
SV24109,Phạm Ngọc Hương,3.02,33,7.6,1,24,0,0,Thap
SV24110,Đặng Quang An,2.2,56,5.5,2,18,0,0,Thap
SV24111,Hoàng Minh Cường,3.16,33,7.9,1,24,0,0,Thap
SV24112,Nguyễn Ngọc Hương,2.76,33,6.9,0,21,0,0,Thap
SV24113,Hoàng Minh Cường,2.43,46,6.1,1,24,0,0,Thap
SV24114,Lê Anh An,0.0,0,0.0,7,21,0,0,Cao
SV24115,Lê Đức Giang,2.87,33,7.2,0,18,0,0,Thap
SV24116,Trần Văn Dũng,2.37,33,5.9,0,18,0,0,Trung Binh
SV24117,Lê Thị An,2.97,39,7.4,0,18,0,0,Trung Binh
SV24118,Hoàng Thị Hương,2.84,33,7.1,1,24,0,0,Thap
SV24119,Đặng Thị Linh,2.44,40,6.1,0,15,0,0,Thap
SV24120,Phạm Văn Dũng,2.6,56,6.5,2,18,0,0,Thap
SV24121,Lê Anh Bình,2.5,33,6.2,1,24,0,0,Thap
SV24122,Nguyễn Thảo Hương,3.4,39,8.5,0,18,0,0,Thap
SV24123,Hoàng Anh Nam,2.16,39,5.4,1,18,0,0,Thap
SV24124,Hoàng Minh Bình,2.94,33,7.4,1,21,0,0,Thap
SV24125,Trần Đức Linh,2.7,67,6.8,3,15,0,0,Trung Binh
SV24126,Lê Ngọc Trang,2.39,33,6.0,1,24,0,0,Trung Binh
SV24127,Hoàng Văn An,2.4,47,6.0,2,15,0,0,Trung Binh
SV24128,Đặng Thảo Cường,2.47,39,6.2,0,18,0,0,Thap
SV24129,Vũ Đức Cường,3.06,61,7.7,6,36,0,0,Thap
SV24130,Đặng Văn Cường,2.53,33,6.3,1,21,0,0,Thap
SV24131,Hoàng Ngọc Linh,2.87,48,7.2,0,21,0,0,Thap
SV24132,Vũ Thị Khánh,2.42,33,6.0,1,24,0,0,Thap
SV24133,Trần Thị Bình,2.45,50,6.1,4,36,0,0,Trung Binh
SV24134,Lê Quang An,2.44,56,6.1,1,18,0,0,Trung Binh
SV24135,Vũ Thảo An,2.2,67,5.5,2,18,0,0,Thap
SV24136,Vũ Thảo Khánh,2.56,44,6.4,1,18,0,0,Thap
SV24137,Bùi Quang Giang,2.37,33,5.9,1,24,0,0,Thap
SV24138,Lê Thảo Cường,2.46,44,6.1,0,18,0,0,Thap
SV24139,Nguyễn Minh Trang,2.47,61,6.2,3,18,0,0,Cao
SV24140,Vũ Minh An,2.25,61,5.6,2,18,0,0,Thap
SV24141,Nguyễn Thị An,0.0,0,0.0,6,18,1,1,Cao
SV24142,Đặng Đức Khánh,3.2,33,8.0,1,9,0,0,Cao
SV24143,Vũ Ngọc Giang,2.33,56,5.8,0,18,0,0,Thap
SV24144,Lê Đức Dũng,2.48,71,6.2,2,21,0,0,Trung Binh
SV24145,Lê Thị Linh,2.15,67,5.4,1,21,0,0,Trung Binh
SV24146,Đặng Văn An,0.0,0,0.0,6,18,0,0,Cao
SV24147,Đặng Thị Dũng,2.4,57,6.0,3,21,0,0,Cao
SV24148,Đặng Anh An,2.55,67,6.4,2,18,0,0,Trung Binh
SV24149,Hoàng Minh Giang,2.0,60,5.0,3,15,0,0,Trung Binh
SV24150,Phạm Thị Dũng,2.68,62,6.7,2,42,0,0,Thap
SV24151,Lê Anh An,3.03,33,7.6,0,18,0,0,Thap
SV24152,Phạm Thảo Trang,2.77,56,6.9,1,18,1,1,Thap
SV24153,Bùi Thảo Giang,2.67,40,6.7,0,15,0,0,Thap
SV24154,Phạm Thị Giang,0.0,85,0.0,0,0,1,1,Trung Binh
SV24155,Phạm Minh Giang,2.33,61,5.8,3,18,0,0,Cao
SV24156,Phạm Quang An,3.0,67,7.5,1,18,0,0,Thap
SV24157,Phạm Minh Trang,2.65,33,6.6,1,24,0,0,Trung Binh
SV24158,Đặng Thị Linh,2.6,87,6.5,4,15,0,0,Cao
SV24159,Đặng Thị An,2.62,38,6.5,1,21,0,0,Thap
SV24160,Lê Thảo Giang,2.7,33,6.8,0,18,0,0,Thap
SV24161,Trần Quang An,2.36,44,5.9,1,18,0,0,Thap
SV24162,Lê Minh Giang,2.52,39,6.3,1,18,0,0,Trung Binh
SV24163,Lê Anh Nam,2.43,33,6.1,0,18,0,0,Cao
SV24164,Nguyễn Đức Trang,2.43,50,6.1,0,18,0,0,Thap
SV24165,Trần Đức An,0.0,85,0.0,0,0,0,0,Cao
SV24166,Vũ Thị An,2.71,33,6.8,0,21,0,0,Thap
SV24167,Vũ Thảo Cường,2.45,40,6.1,1,15,0,0,Trung Binh
SV24168,Đặng Anh Nam,2.87,33,7.2,0,18,0,0,Thap
SV24169,Đặng Đức Giang,2.1,56,5.2,2,18,0,0,Thap
SV24170,Hoàng Minh Giang,0.0,67,0.0,4,12,0,0,Cao
SV24171,Trần Văn Trang,2.55,56,6.4,2,18,0,0,Trung Binh
SV24172,Lê Ngọc Linh,0.0,78,0.0,6,18,0,0,Trung Binh
SV24173,Lê Văn Khánh,2.8,67,7.0,4,15,0,0,Trung Binh
SV24174,Phạm Minh An,2.82,43,7.0,0,21,0,0,Thap
SV24175,Phạm Anh Hương,2.67,33,6.7,0,18,0,0,Thap
SV24176,Lê Ngọc An,2.41,50,6.0,1,24,0,0,Thap
SV24177,Vũ Ngọc An,2.53,33,6.3,0,18,0,0,Thap
SV24178,Nguyễn Minh An,2.42,61,6.1,0,18,1,1,Trung Binh
SV24179,Hoàng Ngọc An,2.64,43,6.6,0,21,0,0,Thap
SV24180,Phạm Quang Cường,2.83,38,7.1,0,21,0,0,Thap
SV24181,Vũ Quang An,2.7,67,6.8,2,18,1,1,Trung Binh
SV24182,Nguyễn Anh Giang,0.0,0,0.0,6,18,1,1,Cao
SV24183,Vũ Quang Nam,2.44,62,6.1,2,21,0,0,Cao
SV24184,Bùi Ngọc An,2.96,40,7.4,0,15,0,0,Thap
SV24185,Hoàng Đức Trang,2.2,44,5.5,1,18,0,0,Thap
SV24186,Bùi Thị Nam,0.0,67,0.0,5,15,0,0,Trung Binh
SV24187,Đặng Anh Cường,2.8,100,7.0,2,15,0,0,Trung Binh
SV24188,Lê Thị Dũng,2.37,44,5.9,1,18,0,0,Thap
SV24189,Trần Văn Cường,2.35,47,5.9,1,15,0,0,Thap
SV24190,Đặng Anh An,2.47,52,6.2,2,42,0,0,Thap
SV24191,Trần Văn Linh,2.33,53,5.8,7,30,0,0,Cao
SV24192,Hoàng Thảo Cường,2.53,50,6.3,0,18,0,0,Trung Binh
SV24193,Hoàng Đức Khánh,2.45,50,6.1,2,18,0,0,Trung Binh
SV24194,Bùi Quang Hương,2.26,39,5.6,0,18,0,0,Thap
SV24195,Hoàng Anh Khánh,2.3,80,5.8,3,15,1,1,Cao
SV24196,Vũ Đức Bình,2.33,56,5.8,0,18,0,0,Thap
SV24197,Bùi Thảo Giang,2.7,33,6.8,1,24,0,0,Thap
SV24198,Đặng Văn Giang,2.6,39,6.5,0,18,0,0,Thap
SV24199,Nguyễn Đức Linh,3.0,61,7.5,3,18,0,0,Trung Binh
SV24200,Đặng Đức Dũng,2.55,33,6.4,1,24,0,0,Thap
SV24201,Trần Anh An,2.35,67,5.9,1,15,0,0,Thap
SV24202,Nguyễn Anh Hương,2.43,33,6.1,0,18,1,1,Thap
SV24203,Trần Thị Trang,0.0,85,0.0,0,0,0,0,Trung Binh
SV24204,Nguyễn Đức Khánh,2.68,50,6.7,1,18,0,0,Thap
SV24205,Vũ Thảo Trang,2.36,50,5.9,1,18,0,0,Cao
SV24206,Nguyễn Văn Linh,2.71,33,6.8,1,21,0,0,Thap
SV24207,Phạm Thảo Giang,2.83,39,7.1,0,18,0,0,Thap
SV24208,Hoàng Quang Linh,2.93,33,7.3,0,21,0,0,Thap
SV24209,Đặng Thị Khánh,0.0,85,0.0,0,0,0,0,Cao
SV24210,Trần Ngọc Dũng,2.72,33,6.8,0,15,0,0,Thap
SV24211,Trần Đức An,2.57,50,6.4,0,18,0,0,Thap
SV24212,Trần Văn Cường,2.93,33,7.3,0,18,0,0,Thap
SV24213,Phạm Minh Trang,2.67,33,6.7,0,18,0,0,Thap
SV24214,Nguyễn Thị Cường,2.68,56,6.7,1,18,0,0,Thap
SV24215,Bùi Thảo Bình,2.66,43,6.7,0,21,0,0,Thap
SV24216,Vũ Anh Cường,0.0,85,0.0,0,0,1,1,Cao
SV24217,Trần Văn Bình,0.0,33,0.0,4,12,1,1,Cao
SV24218,Bùi Văn Bình,2.47,39,6.2,0,18,0,0,Thap
SV24219,Đặng Thảo Giang,2.7,33,6.8,0,18,0,0,Trung Binh
SV24220,Lê Văn Hương,2.6,44,6.5,1,18,0,0,Thap
SV24221,Lê Văn Giang,2.5,40,6.2,3,15,0,0,Cao
SV24222,Đặng Thảo Dũng,3.4,56,8.5,0,18,0,0,Thap
SV24223,Bùi Thị Giang,2.7,39,6.8,0,18,0,0,Thap
SV24224,Nguyễn Văn Nam,2.54,39,6.4,0,18,0,0,Thap
SV24225,Nguyễn Thị Cường,2.6,43,6.5,1,21,0,0,Thap
SV24226,Vũ Đức Trang,2.51,39,6.3,0,18,0,0,Thap
SV24227,Nguyễn Thị Hương,2.3,56,5.8,2,18,0,0,Cao
SV24228,Nguyễn Đức Nam,2.7,33,6.8,0,18,0,0,Thap
SV24229,Vũ Đức Dũng,2.72,44,6.8,1,18,0,0,Trung Binh
SV24230,Lê Quang Cường,2.4,93,6.0,4,15,0,0,Cao
SV24231,Trần Thị Linh,2.99,38,7.5,0,21,0,0,Thap
SV24232,Phạm Thảo Linh,2.25,67,5.6,1,15,1,1,Trung Binh
SV24233,Nguyễn Quang Giang,2.13,72,5.3,3,18,1,1,Cao
SV24234,Hoàng Văn An,3.0,33,7.5,1,24,0,0,Thap
SV24235,Lê Anh Dũng,2.1,80,5.2,2,15,0,0,Trung Binh
SV24236,Vũ Thảo Trang,2.25,33,5.6,2,18,0,0,Trung Binh
SV24237,Bùi Thảo Cường,2.47,33,6.2,0,18,0,0,Thap
SV24238,Hoàng Thảo Khánh,2.6,33,6.5,1,21,0,0,Trung Binh
SV24239,Nguyễn Quang Khánh,2.27,47,5.7,2,15,1,1,Cao
SV24240,Hoàng Đức Linh,3.23,39,8.1,0,18,0,0,Thap
SV24241,Bùi Thảo Nam,2.97,44,7.4,0,18,0,0,Thap
SV24242,Vũ Đức Hương,2.67,33,6.7,1,24,1,1,Cao
SV24243,Trần Minh Dũng,2.2,72,5.5,2,18,0,0,Cao
SV24244,Phạm Thảo An,2.34,56,5.9,0,18,0,0,Trung Binh
SV24245,Trần Thảo Dũng,2.47,36,6.2,0,36,0,0,Cao
SV24246,Lê Đức Dũng,0.0,43,0.0,7,21,1,1,Cao
SV24247,Nguyễn Thảo Cường,2.38,33,6.0,3,45,0,0,Cao
SV24248,Hoàng Ngọc Nam,2.37,50,5.9,0,18,1,1,Thap
SV24249,Nguyễn Văn An,2.47,52,6.2,4,21,1,1,Cao
SV24250,Phạm Văn Linh,2.86,37,7.2,0,30,0,0,Thap
SV24251,Bùi Thị An,2.37,46,5.9,3,24,0,0,Cao
SV24252,Nguyễn Đức Hương,2.0,87,5.0,3,15,0,0,Cao
SV24253,Nguyễn Quang Giang,2.4,33,6.0,0,15,0,0,Thap
SV24254,Lê Thảo Bình,2.44,52,6.1,2,21,1,1,Cao
SV24255,Nguyễn Thị An,2.27,47,5.7,2,15,0,0,Cao
SV24256,Lê Ngọc Linh,2.77,50,6.9,3,48,0,0,Cao
SV24257,Lê Thị Nam,2.48,33,6.2,1,24,0,0,Thap
SV24258,Trần Anh Khánh,2.53,47,6.3,2,15,0,0,Trung Binh
SV24259,Bùi Minh Bình,2.51,46,6.3,1,24,0,0,Thap
SV24260,Trần Anh An,2.6,67,6.5,3,18,0,0,Cao
SV24261,Đặng Thị Nam,0.0,33,0.0,6,18,1,1,Cao
SV24262,Đặng Thảo Hương,2.44,33,6.1,3,36,0,0,Cao
SV24263,Nguyễn Quang Giang,2.66,67,6.6,0,15,0,0,Thap
SV24264,Đặng Thảo Nam,2.33,47,5.8,2,15,0,0,Cao
SV24265,Bùi Ngọc Hương,2.71,50,6.8,0,18,0,0,Thap
SV24266,Lê Thảo Dũng,2.63,33,6.6,0,18,0,0,Thap
SV24267,Hoàng Thảo An,0.0,85,0.0,0,0,0,0,Trung Binh
SV24268,Hoàng Thảo Nam,2.33,33,5.8,0,18,0,0,Thap
SV24269,Hoàng Thảo Linh,2.2,73,5.5,1,15,0,0,Cao
SV24270,Hoàng Đức Nam,2.6,33,6.5,0,18,0,0,Trung Binh
SV24271,Lê Minh An,2.73,33,6.8,0,18,0,0,Thap
SV24272,Nguyễn Ngọc Bình,2.92,40,7.3,0,15,0,0,Cao
SV24273,Bùi Đức Nam,2.5,33,6.3,1,24,0,0,Thap
SV24274,Nguyễn Thị Bình,2.8,33,7.0,2,15,0,0,Trung Binh
SV24275,Hoàng Quang Dũng,2.63,44,6.6,0,18,0,0,Trung Binh
SV24276,Hoàng Văn Linh,2.6,67,6.5,1,15,0,0,Trung Binh
SV24277,Trần Ngọc Cường,2.6,33,6.5,4,15,0,0,Cao
SV24278,Hoàng Ngọc Cường,2.0,67,5.0,4,15,0,0,Cao
SV24279,Đặng Quang Bình,2.87,33,7.2,0,18,1,1,Thap
SV24280,Hoàng Anh Khánh,0.0,33,0.0,6,18,0,0,Cao
SV24281,Lê Ngọc Trang,2.2,47,5.5,4,15,0,0,Cao
SV24282,Nguyễn Anh Nam,2.25,83,5.6,3,18,0,0,Trung Binh
SV24283,Trần Quang Giang,2.15,47,5.4,1,15,0,0,Cao
SV24284,Hoàng Ngọc An,2.2,47,5.5,4,15,1,1,Cao
SV24285,Đặng Ngọc Dũng,2.17,62,5.4,1,21,0,0,Trung Binh
SV24286,Nguyễn Văn Dũng,2.35,67,5.9,1,15,0,0,Trung Binh
SV24287,Trần Thảo Linh,2.56,53,6.4,0,15,0,0,Thap
SV24288,Trần Anh Hương,2.47,100,6.2,2,15,0,0,Thap
SV24289,Lê Anh Linh,2.27,67,5.7,4,18,1,1,Cao
SV24290,Lê Văn An,2.32,56,5.8,1,18,0,0,Thap
SV24291,Phạm Đức Giang,2.18,36,5.5,2,42,0,0,Thap
SV24292,Hoàng Quang Nam,0.0,85,0.0,0,0,0,0,Thap
SV24293,Lê Ngọc Khánh,2.73,33,6.8,0,21,0,0,Thap
SV24294,Đặng Thảo Giang,2.07,89,5.2,3,18,0,0,Cao
SV24295,Hoàng Văn Nam,2.75,46,6.9,0,54,0,0,Thap
SV24296,Vũ Văn Cường,2.33,49,5.8,5,39,0,0,Trung Binh
SV24297,Bùi Anh Bình,2.3,33,5.8,3,21,0,0,Thap
SV24298,Trần Thảo Giang,2.8,44,7.0,1,18,0,0,Thap
SV24299,Đặng Anh Linh,2.27,47,5.7,2,15,0,0,Cao
SV24300,Lê Thị Linh,2.0,87,5.0,4,15,0,0,Cao
SV24301,Phạm Thị Trang,2.34,78,5.9,1,18,0,0,Thap
SV24302,Đặng Văn Giang,0.0,85,0.0,0,0,0,0,Cao
SV24303,Hoàng Văn Khánh,2.15,33,5.4,2,45,0,0,Cao
SV24304,Bùi Minh Cường,2.32,56,5.8,1,18,0,0,Cao
SV24305,Đặng Đức Cường,2.75,40,6.9,1,15,0,0,Cao
SV24306,Đặng Thảo Cường,2.2,93,5.5,1,15,0,0,Cao
SV24307,Hoàng Ngọc Khánh,0.0,40,0.0,5,15,0,0,Cao
SV24308,Trần Minh An,0.0,85,0.0,0,0,0,0,Cao
SV24309,Phạm Ngọc Linh,0.0,85,0.0,0,0,0,0,Cao
SV24310,Nguyễn Anh Trang,2.47,39,6.2,0,18,0,0,Thap
SV24311,Phạm Văn Cường,2.69,50,6.7,0,18,0,0,Thap
SV24312,Lê Đức An,0.0,67,0.0,5,15,0,0,Trung Binh
SV24313,Nguyễn Minh Cường,2.95,80,7.4,1,15,0,0,Cao
SV24314,Hoàng Thị Dũng,2.5,33,6.2,0,63,0,0,Thap
SV24315,Nguyễn Đức An,0.0,53,0.0,5,15,0,0,Cao
SV24316,Hoàng Anh Khánh,2.33,83,5.8,3,18,0,0,Cao
SV24317,Vũ Thảo Dũng,2.4,33,6.0,0,18,1,1,Thap
SV24318,Đặng Đức Cường,2.4,39,6.0,0,18,0,0,Thap
SV24319,Đặng Ngọc Dũng,3.05,33,7.6,0,36,0,0,Thap
SV24320,Vũ Minh Nam,2.48,50,6.2,1,18,0,0,Thap
SV24321,Hoàng Anh Khánh,2.47,60,6.2,2,15,1,1,Trung Binh
SV24322,Phạm Ngọc Hương,2.3,53,5.8,1,15,0,0,Trung Binh
SV24323,Trần Thảo Giang,2.44,44,6.1,1,18,1,1,Cao
SV24324,Đặng Minh Hương,2.1,93,5.2,3,15,1,1,Cao
SV24325,Trần Thị Cường,2.88,33,7.2,1,24,0,0,Thap
SV24326,Trần Đức Cường,2.57,43,6.4,1,42,0,0,Thap
SV24327,Nguyễn Thảo Hương,2.4,72,6.0,2,18,1,1,Cao
SV24328,Bùi Anh Bình,0.0,0,0.0,5,15,0,0,Cao
SV24329,Bùi Ngọc Khánh,2.73,38,6.8,1,21,0,0,Cao
SV24330,Lê Văn Khánh,2.37,56,5.9,1,18,0,0,Thap
SV24331,Lê Minh Linh,0.0,0,0.0,6,18,0,0,Cao
SV24332,Vũ Đức Linh,0.0,85,0.0,0,0,0,0,Cao
SV24333,Nguyễn Thị Bình,2.64,44,6.6,1,18,0,0,Thap
SV24334,Bùi Quang Hương,2.54,44,6.4,0,18,0,0,Cao
SV24335,Hoàng Anh Trang,2.5,33,6.2,0,18,0,0,Thap
SV24336,Lê Minh Linh,2.13,60,5.3,2,15,0,0,Trung Binh
SV24337,Vũ Thảo Giang,3.4,67,8.5,5,18,0,0,Trung Binh
SV24338,Bùi Thị Linh,2.6,40,6.5,0,15,0,0,Thap
SV24339,Lê Thảo Bình,2.53,47,6.3,2,15,0,0,Trung Binh
SV24340,Nguyễn Thị Nam,2.66,33,6.6,2,42,0,0,Thap
SV24341,Phạm Đức Bình,2.33,80,5.8,2,15,0,0,Thap
SV24342,Trần Văn Dũng,2.85,33,7.1,1,24,0,0,Thap
SV24343,Nguyễn Đức Nam,2.6,67,6.5,2,15,0,0,Cao
SV24344,Phạm Văn Hương,2.81,43,7.0,2,21,0,0,Trung Binh
SV24345,Nguyễn Thị Hương,2.37,56,5.9,1,18,1,1,Cao
SV24346,Nguyễn Anh Bình,2.57,33,6.4,0,18,0,0,Thap
SV24347,Vũ Thị Dũng,2.0,89,5.0,5,18,0,0,Cao
SV24348,Bùi Quang Linh,2.2,60,5.5,3,15,0,0,Cao
SV24349,Hoàng Quang Nam,2.82,33,7.1,0,21,0,0,Thap
SV24350,Đặng Văn Bình,2.49,50,6.2,1,24,0,0,Thap
SV24351,Bùi Ngọc Khánh,2.37,61,5.9,0,18,0,0,Thap
SV24352,Lê Văn Khánh,2.5,33,6.2,0,18,0,0,Thap
SV24353,Vũ Ngọc Hương,2.33,39,5.8,0,18,0,0,Cao
SV24354,Nguyễn Anh Giang,0.0,85,0.0,0,0,0,0,Thap
SV24355,Trần Minh Khánh,2.07,73,5.2,2,15,0,0,Trung Binh
SV24356,Trần Minh Giang,3.23,53,8.1,0,15,0,0,Thap
SV24357,Đặng Ngọc Cường,2.53,61,6.3,3,18,0,0,Cao
SV24358,Hoàng Anh Trang,2.1,78,5.2,4,18,1,1,Cao
SV24359,Trần Ngọc Linh,2.3,72,5.8,4,18,1,1,Cao
SV24360,Phạm Văn Linh,2.6,33,6.5,0,18,0,0,Thap
SV24361,Đặng Ngọc Khánh,2.39,33,6.0,1,21,0,0,Thap
SV24362,Lê Ngọc Hương,2.67,33,6.7,0,24,0,0,Thap
SV24363,Hoàng Anh Giang,2.4,47,6.0,0,15,0,0,Thap
SV24364,Nguyễn Minh Cường,2.1,56,5.2,4,18,0,0,Cao
SV24365,Hoàng Đức An,2.3,50,5.8,2,18,0,0,Trung Binh
SV24366,Phạm Thị Cường,0.0,85,0.0,0,0,0,0,Thap
SV24367,Lê Đức Nam,2.71,50,6.8,0,18,0,0,Thap
SV24368,Lê Đức Hương,2.94,56,7.4,0,18,0,0,Thap
SV24369,Vũ Quang Nam,0.0,33,0.0,5,15,0,0,Cao
SV24370,Phạm Quang An,2.37,38,5.9,1,21,0,0,Trung Binh
SV24371,Bùi Quang Linh,0.0,85,0.0,0,0,0,0,Thap
SV24372,Hoàng Văn Trang,2.64,33,6.6,0,21,0,0,Thap
SV24373,Hoàng Quang Giang,0.0,39,0.0,6,18,0,0,Cao
SV24374,Hoàng Quang Bình,2.6,67,6.5,4,18,0,0,Trung Binh
SV24375,Phạm Minh Cường,2.75,46,6.9,1,24,0,0,Thap
SV24376,Trần Văn Khánh,0.0,33,0.0,5,15,0,0,Cao
SV24377,Nguyễn Minh Bình,2.44,38,6.1,0,21,0,0,Thap
SV24378,Nguyễn Văn Linh,2.21,33,5.5,1,45,0,0,Cao
SV24379,Đặng Anh Bình,2.69,48,6.7,0,21,0,0,Thap
SV24380,Nguyễn Quang Bình,2.28,47,5.7,0,15,0,0,Cao
SV24381,Nguyễn Thị Khánh,2.26,58,5.7,4,24,0,0,Cao
SV24382,Đặng Thị Hương,0.0,72,0.0,6,18,0,0,Trung Binh
SV24383,Hoàng Minh Cường,3.0,33,7.5,1,24,0,0,Thap
SV24384,Lê Anh Nam,2.63,39,6.6,0,18,0,0,Thap
SV24385,Phạm Văn Dũng,2.2,67,5.5,4,18,0,0,Cao
SV24386,Trần Quang Dũng,0.0,0,0.0,6,18,0,0,Cao
SV24387,Vũ Ngọc Giang,2.47,47,6.2,2,15,0,0,Cao
SV24388,Đặng Quang An,2.45,40,6.1,1,15,0,0,Cao
SV24389,Lê Anh Hương,2.38,33,6.0,0,39,1,1,Cao
SV24390,Vũ Thảo An,2.87,33,7.2,0,18,0,0,Thap
SV24391,Vũ Ngọc Nam,2.4,40,6.0,0,15,0,0,Thap
SV24392,Vũ Minh Trang,2.75,43,6.9,0,21,0,0,Trung Binh
SV24393,Hoàng Minh Bình,2.25,40,5.6,1,15,0,0,Trung Binh
SV24394,Bùi Quang Cường,2.47,67,6.2,2,15,0,0,Thap
SV24395,Vũ Thảo Bình,2.98,33,7.4,0,24,0,0,Thap
SV24396,Đặng Anh Dũng,2.43,44,6.1,0,18,1,1,Cao
SV24397,Nguyễn Ngọc Trang,2.53,39,6.3,0,18,0,0,Thap
SV24398,Nguyễn Quang Linh,2.52,50,6.3,1,18,0,0,Trung Binh
SV24399,Lê Minh Giang,2.6,53,6.5,1,15,0,0,Thap
SV24400,Trần Thị Khánh,2.78,50,6.9,0,18,0,0,Thap
SV24401,Hoàng Thảo Nam,2.15,67,5.4,1,15,1,1,Cao
SV24402,Lê Minh Khánh,2.93,67,7.3,2,15,0,0,Cao
SV24403,Trần Quang Trang,2.52,39,6.3,1,18,0,0,Trung Binh
SV24404,Hoàng Thảo Nam,2.48,52,6.2,1,21,0,0,Thap
SV24405,Vũ Đức Trang,2.2,67,5.5,5,18,1,1,Cao
SV24406,Trần Thị Dũng,2.86,33,7.2,1,24,0,0,Thap
SV24407,Đặng Văn Khánh,2.4,33,6.0,2,18,0,0,Trung Binh
SV24408,Trần Thảo Khánh,2.57,33,6.4,0,18,0,0,Thap
SV24409,Nguyễn Thảo Cường,2.28,44,5.7,1,18,0,0,Cao
SV24410,Nguyễn Thị Bình,2.92,33,7.3,0,15,0,0,Thap
SV24411,Bùi Đức Hương,2.7,39,6.8,0,18,0,0,Thap
SV24412,Phạm Văn Dũng,2.5,44,6.2,0,18,0,0,Cao
SV24413,Vũ Ngọc Trang,2.6,33,6.5,2,18,0,0,Trung Binh
SV24414,Lê Thị An,2.32,43,5.8,5,30,0,0,Trung Binh
SV24415,Bùi Đức Cường,2.36,40,5.9,0,15,0,0,Thap
SV24416,Đặng Anh Hương,2.47,67,6.2,4,21,1,1,Cao
SV24417,Lê Thảo Bình,2.52,36,6.3,2,42,0,0,Thap
SV24418,Đặng Anh An,2.77,33,6.9,0,18,0,0,Thap
SV24419,Nguyễn Minh Khánh,2.5,33,6.2,1,21,0,0,Thap
SV24420,Lê Đức Hương,2.72,39,6.8,1,18,0,0,Thap
SV24421,Lê Đức Khánh,2.4,33,6.0,0,18,1,1,Cao
SV24422,Hoàng Ngọc Nam,2.98,38,7.5,0,21,0,0,Cao
SV24423,Phạm Quang Giang,2.76,33,6.9,0,15,0,0,Thap
SV24424,Phạm Minh Trang,2.33,44,5.8,0,18,0,0,Thap
