Debtor,Tuition fees up to date,1st_sem_enrolled,1st_sem_evaluations,1st_sem_approved,1st_sem_grade,1st_sem_without_evaluations,1st_sem_failed,1st_sem_pass_rate,2nd_sem_enrolled,2nd_sem_evaluations,2nd_sem_approved,2nd_sem_grade,2nd_sem_without_evaluations,2nd_sem_failed,2nd_sem_pass_rate,total_failed,avg_grade,Target
0,1,0,0,0,0.0,0,0,0.0,0,0,0,0.0,0,0,0.0,0,0.0,Dropout
0,0,6,6,6,7.0,0,0,1.0,6,6,6,0.0,0,0,1.0,0,3.5,Graduate
0,0,6,0,0,0.0,0,0,0.0,6,0,0,0.0,0,0,0.0,0,0.0,Dropout
0,1,6,8,6,6.714285714285714,0,2,0.75,6,10,5,0.0,0,5,0.5,7,3.3571,Graduate
0,1,6,9,5,6.166666666666667,0,4,0.5556,6,6,6,0.0,0,0,1.0,4,3.0833,Graduate
1,1,5,10,5,5.928571428571429,0,5,0.5,5,17,5,0.0,5,12,0.2941,17,2.9643,Graduate
0,1,7,9,7,6.65,0,2,0.7778,8,8,8,0.0,0,0,1.0,2,3.325,Graduate
0,0,5,5,0,0.0,0,5,0.0,5,5,0,0.0,0,5,0.0,10,0.0,Dropout
0,1,6,8,6,6.9375,0,2,0.75,6,7,6,0.0,0,1,0.8571,3,3.4688,Graduate
1,0,6,9,5,5.7,0,4,0.5556,6,14,2,0.0,0,12,0.1429,16,2.85,Dropout
0,1,6,6,6,6.166666666666667,0,0,1.0,6,7,5,0.0,0,2,0.7143,2,3.0833,Graduate
0,1,8,8,7,6.607142857142857,0,1,0.875,8,8,7,0.0,0,1,0.875,2,3.3036,Graduate
0,1,6,6,0,0.0,0,6,0.0,6,0,0,0.0,0,0,0.0,6,0.0,Dropout
0,1,6,7,6,5.285714285714286,0,1,0.8571,6,8,5,0.0,0,3,0.625,4,2.6429,Graduate
0,1,5,7,4,6.625,0,3,0.5714,5,5,5,0.0,0,0,1.0,3,3.3125,Graduate
0,1,6,6,5,6.6,0,1,0.8333,6,7,0,0.0,0,7,0.0,8,3.3,Dropout
0,1,6,10,1,6.0,0,9,0.1,6,14,2,0.0,0,12,0.1429,21,3.0,Enrolled
0,1,7,8,7,6.653125,0,1,0.875,8,8,8,0.0,0,0,1.0,1,3.3266,Graduate
0,1,5,8,4,6.25,1,4,0.5,5,8,4,0.0,2,4,0.5,8,3.125,Graduate
0,1,7,7,6,5.833333333333333,0,1,0.8571,7,8,6,0.0,0,2,0.75,3,2.9167,Enrolled
0,1,0,0,0,0.0,0,0,0.0,0,0,0,0.0,0,0,0.0,0,0.0,Graduate
0,1,7,14,7,5.71875,0,7,0.5,8,9,8,0.0,0,1,0.8889,8,2.8594,Enrolled
0,1,8,12,7,6.428571428571429,0,5,0.5833,8,12,7,0.0,0,5,0.5833,10,3.2143,Graduate
0,1,6,8,6,6.6875,0,2,0.75,6,7,6,0.0,0,1,0.8571,3,3.3438,Graduate
0,1,7,8,6,6.648333333333334,0,2,0.75,8,9,7,0.0,0,2,0.7778,4,3.3242,Graduate
1,1,6,8,5,5.8,0,3,0.625,6,12,4,0.0,0,8,0.3333,11,2.9,Enrolled
0,1,6,9,6,5.6875,0,3,0.6667,6,9,6,0.0,0,3,0.6667,6,2.8438,Graduate
0,1,5,9,5,6.333333333333333,2,4,0.5556,5,7,4,0.0,0,3,0.5714,7,3.1667,Enrolled
0,1,5,6,5,6.0,0,1,0.8333,5,6,5,0.0,0,1,0.8333,2,3.0,Graduate
0,1,7,9,6,6.466666666666666,0,3,0.6667,7,7,6,0.0,0,1,0.8571,4,3.2333,Enrolled
0,1,6,15,5,5.928571428571429,0,10,0.3333,6,17,5,0.0,0,12,0.2941,22,2.9643,Enrolled
0,1,6,7,6,6.416666666666667,0,1,0.8571,6,9,4,0.0,0,5,0.4444,6,3.2083,Graduate
0,0,5,9,3,5.666666666666667,0,6,0.3333,5,8,2,0.0,0,6,0.25,12,2.8333,Enrolled
0,1,6,6,6,6.333333333333333,0,0,1.0,6,8,6,0.0,0,2,0.75,2,3.1667,Graduate
0,1,5,6,5,6.2,0,1,0.8333,5,9,5,0.0,0,4,0.5556,5,3.1,Graduate
1,0,7,7,0,0.0,0,7,0.0,7,7,1,0.0,0,6,0.1429,13,0.0,Dropout
0,1,5,0,0,0.0,0,0,0.0,5,0,0,0.0,0,0,0.0,0,0.0,Dropout
0,1,5,10,1,5.0,0,9,0.1,5,8,2,0.0,2,6,0.25,15,2.5,Dropout
0,1,5,8,5,5.5,0,3,0.625,5,5,5,0.0,0,0,1.0,3,2.75,Graduate
1,0,6,13,3,5.833333333333333,0,10,0.2308,6,11,3,0.0,0,8,0.2727,18,2.9167,Dropout
1,1,6,6,4,6.375,0,2,0.6667,5,5,0,0.0,0,5,0.0,7,3.1875,Dropout
0,1,5,5,5,7.4,0,0,1.0,5,5,5,0.0,0,0,1.0,0,3.7,Graduate
0,1,7,9,5,6.964,0,4,0.5556,8,9,7,0.0,0,2,0.7778,6,3.482,Graduate
0,0,6,7,4,6.5,0,3,0.5714,6,7,5,0.0,0,2,0.7143,5,3.25,Dropout
0,1,5,0,0,0.0,0,0,0.0,5,0,0,0.0,0,0,0.0,0,0.0,Dropout
0,1,5,9,2,5.75,0,7,0.2222,5,11,3,0.0,1,8,0.2727,15,2.875,Enrolled
0,1,6,6,6,5.833333333333333,0,0,1.0,6,8,5,0.0,0,3,0.625,3,2.9167,Graduate
0,1,7,8,6,6.758333333333333,0,2,0.75,8,9,7,0.0,0,2,0.7778,4,3.3792,Graduate
0,1,6,6,6,5.75,0,0,1.0,6,7,6,0.0,0,1,0.8571,1,2.875,Graduate
0,1,6,7,5,6.166666666666667,0,2,0.7143,6,7,6,0.0,0,1,0.8571,3,3.0833,Graduate
0,1,6,6,6,6.833333333333333,0,0,1.0,6,6,6,0.0,0,0,1.0,0,3.4167,Graduate
0,1,8,10,6,5.916666666666667,0,4,0.6,8,10,6,0.0,0,4,0.6,8,2.9583,Enrolled
0,1,6,11,4,7.0,0,7,0.3636,6,12,3,0.0,0,9,0.25,16,3.5,Enrolled
0,1,5,7,5,7.357142857142857,0,2,0.7143,5,5,5,0.0,0,0,1.0,2,3.6786,Graduate
0,1,5,12,5,5.3,0,7,0.4167,5,10,5,0.0,0,5,0.5,12,2.65,Dropout
0,1,7,9,7,6.522222222222222,0,2,0.7778,8,10,8,0.0,0,2,0.8,4,3.2611,Graduate
0,1,6,10,0,0.0,0,10,0.0,6,6,0,0.0,0,6,0.0,16,0.0,Dropout
0,1,6,9,5,6.5,0,4,0.5556,11,13,10,0.0,0,3,0.7692,7,3.25,Dropout
0,1,8,8,8,7.4675,0,0,1.0,8,8,8,0.0,0,0,1.0,0,3.7338,Graduate
0,1,0,0,0,0.0,0,0,0.0,0,0,0,0.0,0,0,0.0,0,0.0,Enrolled
0,1,7,8,6,6.566666666666666,0,2,0.75,8,12,7,0.0,0,5,0.5833,7,3.2833,Graduate
0,1,6,7,6,6.0,0,1,0.8571,6,7,6,0.0,0,1,0.8571,2,3.0,Graduate
0,1,0,0,0,0.0,0,0,0.0,0,0,0,0.0,0,0,0.0,0,0.0,Enrolled
0,1,6,6,5,5.7,0,1,0.8333,6,8,1,0.0,0,7,0.125,8,2.85,Enrolled
0,1,6,6,0,0.0,0,6,0.0,6,6,0,0.0,0,6,0.0,12,0.0,Enrolled
0,1,7,10,5,5.95,0,5,0.5,8,10,5,0.0,0,5,0.5,10,2.975,Dropout
0,1,0,0,0,0.0,0,0,0.0,0,0,0,0.0,0,0,0.0,0,0.0,Graduate
0,1,6,8,6,6.285714285714286,0,2,0.75,6,7,6,0.0,0,1,0.8571,3,3.1429,Graduate
1,1,5,8,5,5.6,0,3,0.625,5,10,4,0.0,3,6,0.4,9,2.8,Dropout
0,1,6,7,6,6.0,0,1,0.8571,6,8,5,0.0,0,3,0.625,4,3.0,Enrolled
0,1,5,9,0,0.0,0,9,0.0,5,5,0,0.0,0,5,0.0,14,0.0,Enrolled
0,1,7,8,7,5.9875,0,1,0.875,8,8,8,0.0,0,0,1.0,1,2.9937,Graduate
0,1,0,0,0,0.0,0,0,0.0,0,0,0,0.0,0,0,0.0,0,0.0,Dropout
0,1,6,12,3,5.833333333333333,0,9,0.25,6,12,1,0.0,0,11,0.0833,20,2.9167,Dropout
0,1,6,8,6,6.166666666666667,0,2,0.75,6,11,3,0.0,0,8,0.2727,10,3.0833,Graduate
1,1,5,8,3,5.166666666666667,0,5,0.375,5,11,3,0.0,0,8,0.2727,13,2.5833,Dropout
0,1,6,8,4,5.25,0,4,0.5,6,11,1,0.0,0,10,0.0909,14,2.625,Dropout
1,1,6,6,6,6.833333333333333,0,0,1.0,6,6,6,0.0,0,0,1.0,0,3.4167,Graduate
0,1,7,7,7,7.421428571428571,0,0,1.0,8,9,8,0.0,0,1,0.8889,1,3.7107,Graduate
0,1,6,8,6,6.0,0,2,0.75,6,6,6,0.0,0,0,1.0,2,3.0,Graduate
0,1,6,8,5,6.1,0,3,0.625,6,7,5,0.0,0,2,0.7143,5,3.05,Dropout
0,1,1,1,0,0.0,1,1,0.0,5,0,0,0.0,0,0,0.0,1,0.0,Dropout
1,1,12,17,6,6.083333333333333,0,11,0.3529,12,14,10,0.0,0,4,0.7143,15,3.0417,Dropout
0,1,5,6,5,6.0,0,1,0.8333,5,8,3,0.0,0,5,0.375,6,3.0,Enrolled
0,1,6,7,6,5.5,0,1,0.8571,6,11,5,0.0,0,6,0.4545,7,2.75,Graduate
0,1,8,8,7,6.54,0,1,0.875,8,8,7,0.0,0,1,0.875,2,3.27,Graduate
0,1,5,7,4,5.25,0,3,0.5714,5,7,5,0.0,0,2,0.7143,5,2.625,Graduate
0,1,6,9,6,5.333333333333333,1,3,0.6667,6,6,5,0.0,0,1,0.8333,4,2.6667,Graduate
0,1,5,6,4,7.0,0,2,0.6667,5,5,5,0.0,0,0,1.0,2,3.5,Enrolled
1,1,5,9,2,5.0,0,7,0.2222,5,9,0,0.0,0,9,0.0,16,2.5,Enrolled
0,1,7,18,0,0.0,0,18,0.0,7,7,0,0.0,0,7,0.0,25,0.0,Dropout
0,0,6,6,6,7.0,0,0,1.0,6,6,6,0.0,0,0,1.0,0,3.5,Graduate
0,1,6,7,2,6.0,1,5,0.2857,6,6,0,0.0,0,6,0.0,11,3.0,Dropout
0,1,6,12,3,6.333333333333333,0,9,0.25,6,14,0,0.0,1,14,0.0,23,3.1667,Dropout
0,1,8,11,8,5.9375,0,3,0.7273,6,7,6,0.0,0,1,0.8571,4,2.9688,Graduate
0,1,5,9,5,7.0,0,4,0.5556,5,11,3,0.0,0,8,0.2727,12,3.5,Enrolled
0,1,6,6,6,6.833333333333333,0,0,1.0,6,6,6,0.0,0,0,1.0,0,3.4167,Graduate
0,1,7,7,7,6.875,0,0,1.0,8,9,8,0.0,0,1,0.8889,1,3.4375,Graduate
0,1,5,7,5,7.1,2,2,0.7143,5,7,5,0.0,0,2,0.7143,4,3.55,Enrolled
1,0,7,10,4,5.98,0,6,0.4,7,7,0,0.0,0,7,0.0,13,2.99,Dropout
0,1,10,12,8,6.4375,0,4,0.6667,9,14,5,0.0,0,9,0.3571,13,3.2188,Dropout
0,1,0,0,0,0.0,0,0,0.0,0,0,0,0.0,0,0,0.0,0,0.0,Graduate
0,1,6,0,0,0.0,0,0,0.0,6,0,0,0.0,0,0,0.0,0,0.0,Dropout
0,1,18,19,18,7.31578947368421,0,1,0.9474,13,14,13,0.0,1,1,0.9286,2,3.6579,Graduate
0,1,6,0,0,0.0,0,0,0.0,6,0,0,0.0,0,0,0.0,0,0.0,Dropout
1,1,10,12,10,6.5,0,2,0.8333,11,11,11,0.0,0,0,1.0,2,3.25,Graduate
0,1,6,0,0,0.0,0,0,0.0,6,0,0,0.0,0,0,0.0,0,0.0,Dropout
0,1,6,15,4,7.1,0,11,0.2667,6,17,4,0.0,0,13,0.2353,24,3.55,Dropout
0,1,7,9,6,6.633333333333333,0,3,0.6667,7,10,5,0.0,0,5,0.5,8,3.3167,Dropout
0,1,7,12,6,5.833333333333333,0,6,0.5,7,10,3,0.0,0,7,0.3,13,2.9167,Enrolled
0,1,6,8,6,6.928571428571429,0,2,0.75,6,6,6,0.0,0,0,1.0,2,3.4643,Graduate
0,1,5,9,3,6.5,0,6,0.3333,5,11,3,0.0,0,8,0.2727,14,3.25,Enrolled
0,1,5,6,5,6.7,0,1,0.8333,5,5,5,0.0,0,0,1.0,1,3.35,Graduate
0,1,6,6,6,6.333333333333333,0,0,1.0,6,7,6,0.0,0,1,0.8571,1,3.1667,Graduate
0,1,7,7,6,6.258333333333333,1,1,0.8571,7,7,6,0.0,1,1,0.8571,2,3.1292,Dropout
0,1,7,11,6,5.808333333333334,0,5,0.5455,7,7,7,0.0,0,0,1.0,5,2.9042,Enrolled
0,1,6,13,2,5.0,0,11,0.1538,6,12,4,0.0,0,8,0.3333,19,2.5,Enrolled
0,1,5,11,3,5.166666666666667,0,8,0.2727,5,10,3,0.0,0,7,0.3,15,2.5833,Enrolled
0,1,5,12,5,6.571428571428571,2,7,0.4167,5,6,5,0.0,0,1,0.8333,8,3.2857,Graduate
0,1,5,5,5,6.3,0,0,1.0,5,5,5,0.0,0,0,1.0,0,3.15,Graduate
0,1,6,12,3,5.5,0,9,0.25,6,12,2,0.0,0,10,0.1667,19,2.75,Dropout
0,1,5,8,5,5.4,0,3,0.625,5,9,4,0.0,2,5,0.4444,8,2.7,Graduate
0,1,0,0,0,0.0,0,0,0.0,0,0,0,0.0,0,0,0.0,0,0.0,Dropout
0,1,5,5,5,6.4,0,0,1.0,5,5,5,0.0,0,0,1.0,0,3.2,Graduate
0,1,6,15,6,7.083333333333333,0,9,0.4,6,13,6,0.0,0,7,0.4615,16,3.5417,Graduate
0,1,7,12,5,6.05,0,7,0.4167,7,0,0,0.0,0,0,0.0,7,3.025,Dropout
0,1,6,7,6,7.083333333333333,0,1,0.8571,6,17,5,0.0,0,12,0.2941,13,3.5417,Graduate
0,1,6,8,5,6.4,0,3,0.625,6,7,5,0.0,0,2,0.7143,5,3.2,Enrolled
0,1,6,7,6,6.5,0,1,0.8571,6,6,6,0.0,0,0,1.0,1,3.25,Graduate
0,1,7,7,7,6.733571428571428,0,0,1.0,8,9,8,0.0,0,1,0.8889,1,3.3668,Graduate
0,1,7,9,7,6.61875,0,2,0.7778,8,9,7,0.0,0,2,0.7778,4,3.3094,Dropout
0,1,6,6,6,6.166666666666667,0,0,1.0,6,6,6,0.0,0,0,1.0,0,3.0833,Graduate
0,1,5,7,5,6.2,0,2,0.7143,5,5,5,0.0,0,0,1.0,2,3.1,Graduate
0,1,7,8,5,7.0,0,3,0.625,7,7,0,0.0,0,7,0.0,10,3.5,Dropout
0,1,9,15,9,5.833333333333333,0,6,0.6,7,8,7,0.0,0,1,0.875,7,2.9167,Graduate
1,0,6,7,5,6.0,0,2,0.7143,6,9,4,0.0,0,5,0.4444,7,3.0,Dropout
0,1,5,7,4,6.1,0,3,0.5714,5,5,4,0.0,0,1,0.8,4,3.05,Graduate
1,1,6,6,6,7.416666666666667,0,0,1.0,6,6,6,0.0,0,0,1.0,0,3.7083,Graduate
0,1,7,9,5,6.594,0,4,0.5556,8,9,7,0.0,0,2,0.7778,6,3.297,Enrolled
0,1,7,8,7,8.5625,0,1,0.875,8,8,8,0.0,0,0,1.0,1,4.2812,Graduate
0,1,7,7,6,6.333333333333333,0,1,0.8571,7,7,6,0.0,0,1,0.8571,2,3.1667,Graduate
0,1,6,8,6,6.333333333333333,0,2,0.75,6,10,5,0.0,0,5,0.5,7,3.1667,Graduate
1,0,5,8,0,0.0,0,8,0.0,5,7,0,0.0,0,7,0.0,15,0.0,Enrolled
0,1,6,7,6,5.666666666666667,0,1,0.8571,6,6,6,0.0,0,0,1.0,1,2.8333,Graduate
0,1,7,10,7,6.8025,0,3,0.7,8,11,8,0.0,0,3,0.7273,6,3.4013,Graduate
0,1,6,10,5,6.0,0,5,0.5,6,9,5,0.0,0,4,0.5556,9,3.0,Graduate
0,1,5,10,0,0.0,0,10,0.0,5,10,0,0.0,0,10,0.0,20,0.0,Dropout
0,1,6,8,5,5.6,0,3,0.625,6,12,3,0.0,0,9,0.25,12,2.8,Dropout
0,1,5,10,5,6.6875,0,5,0.5,5,9,5,0.0,0,4,0.5556,9,3.3438,Graduate
0,1,7,8,6,6.931666666666668,0,2,0.75,8,9,7,0.0,0,2,0.7778,4,3.4658,Graduate
0,1,0,0,0,0.0,0,0,0.0,0,0,0,0.0,0,0,0.0,0,0.0,Enrolled
0,1,5,6,5,6.2,0,1,0.8333,5,6,5,0.0,0,1,0.8333,2,3.1,Graduate
0,1,6,11,3,6.166666666666667,0,8,0.2727,6,10,5,0.0,0,5,0.5,13,3.0833,Enrolled
0,1,6,7,6,6.666666666666667,0,1,0.8571,6,8,5,0.0,0,3,0.625,4,3.3333,Graduate
0,1,6,10,3,6.333333333333333,0,7,0.3,6,12,3,0.0,0,9,0.25,16,3.1667,Dropout
0,1,6,8,6,6.0,0,2,0.75,6,10,4,0.0,0,6,0.4,8,3.0,Dropout
0,1,5,5,5,5.3,0,0,1.0,5,5,5,0.0,0,0,1.0,0,2.65,Graduate
0,1,6,8,6,6.125,0,2,0.75,6,7,6,0.0,0,1,0.8571,3,3.0625,Graduate
0,1,6,10,4,5.5,0,6,0.4,6,9,6,0.0,0,3,0.6667,9,2.75,Graduate
0,1,6,11,5,5.5,0,6,0.4545,6,9,5,0.0,0,4,0.5556,10,2.75,Graduate
0,1,6,6,6,6.583333333333333,0,0,1.0,6,9,6,0.0,0,3,0.6667,3,3.2917,Dropout
0,1,7,9,7,6.427777777777777,0,2,0.7778,8,12,7,0.0,0,5,0.5833,7,3.2139,Graduate
0,1,7,8,7,7.459375,0,1,0.875,8,8,8,0.0,0,0,1.0,1,3.7297,Graduate
0,1,6,13,4,5.75,0,9,0.3077,6,10,3,0.0,0,7,0.3,16,2.875,Dropout
0,1,5,5,5,7.1,0,0,1.0,5,5,5,0.0,0,0,1.0,0,3.55,Graduate
0,1,6,6,6,6.25,0,0,1.0,6,7,6,0.0,0,1,0.8571,1,3.125,Graduate
1,1,1,1,0,0.0,0,1,0.0,6,0,0,0.0,0,0,0.0,1,0.0,Enrolled
0,1,6,10,5,5.833333333333333,0,5,0.5,6,12,4,0.0,0,8,0.3333,13,2.9167,Graduate
0,1,8,8,7,7.128571428571428,0,1,0.875,8,8,7,0.0,0,1,0.875,2,3.5643,Graduate
0,1,6,13,3,6.0,0,10,0.2308,6,12,2,0.0,0,10,0.1667,20,3.0,Dropout
0,1,5,13,4,5.625,1,9,0.3077,5,11,4,0.0,0,7,0.3636,16,2.8125,Enrolled
0,1,7,8,7,6.228571428571428,0,1,0.875,8,8,8,0.0,0,0,1.0,1,3.1143,Graduate
0,1,7,7,6,5.841666666666666,0,1,0.8571,7,7,6,0.0,0,1,0.8571,2,2.9208,Graduate
0,1,6,10,3,5.833333333333333,0,7,0.3,6,8,5,0.0,0,3,0.625,10,2.9167,Graduate
1,0,6,8,4,5.875,0,4,0.5,6,6,6,0.0,0,0,1.0,4,2.9375,Dropout
0,1,5,6,3,5.833333333333333,0,3,0.5,5,6,4,0.0,0,2,0.6667,5,2.9167,Enrolled
0,1,6,9,5,6.6,0,4,0.5556,6,10,5,0.0,0,5,0.5,9,3.3,Graduate
0,1,7,8,4,5.975,0,4,0.5,7,8,4,0.0,0,4,0.5,8,2.9875,Dropout
0,1,6,8,5,6.2,0,3,0.625,6,12,5,0.0,0,7,0.4167,10,3.1,Dropout
0,1,7,8,6,7.175,0,2,0.75,8,10,6,0.0,0,4,0.6,6,3.5875,Dropout
0,1,21,21,21,6.30952380952381,0,0,1.0,19,19,19,0.0,0,0,1.0,0,3.1548,Graduate
0,1,6,7,6,6.333333333333333,0,1,0.8571,6,7,6,0.0,1,1,0.8571,2,3.1667,Enrolled
1,0,6,6,5,6.0,0,1,0.8333,6,6,0,0.0,0,6,0.0,7,3.0,Dropout
0,0,6,6,6,6.083333333333333,0,0,1.0,6,6,0,0.0,0,6,0.0,6,3.0417,Dropout
0,1,6,0,0,0.0,0,0,0.0,6,0,0,0.0,0,0,0.0,0,0.0,Dropout
1,0,5,9,3,5.0,0,6,0.3333,5,9,3,0.0,0,6,0.3333,12,2.5,Dropout
1,0,10,18,8,5.75,0,10,0.4444,6,12,4,0.0,0,8,0.3333,18,2.875,Enrolled
0,1,7,7,6,6.525,0,1,0.8571,7,7,6,0.0,0,1,0.8571,2,3.2625,Graduate
0,1,6,10,2,5.5,0,8,0.2,6,6,0,0.0,0,6,0.0,14,2.75,Dropout
0,1,6,7,6,5.75,0,1,0.8571,6,6,6,0.0,0,0,1.0,1,2.875,Graduate
0,1,6,7,6,6.0,0,1,0.8571,6,6,6,0.0,0,0,1.0,1,3.0,Graduate
0,1,6,13,2,5.0,0,11,0.1538,5,12,1,0.0,0,11,0.0833,22,2.5,Enrolled
0,1,5,5,0,0.0,0,5,0.0,5,5,0,0.0,0,5,0.0,10,0.0,Dropout
0,1,6,0,0,0.0,0,0,0.0,6,0,0,0.0,0,0,0.0,0,0.0,Dropout
0,1,8,8,7,6.121428571428572,0,1,0.875,8,8,7,0.0,0,1,0.875,2,3.0607,Graduate
0,1,5,0,0,0.0,0,0,0.0,5,0,0,0.0,0,0,0.0,0,0.0,Dropout
0,1,8,8,8,6.466875,0,0,1.0,8,8,8,0.0,0,0,1.0,0,3.2334,Graduate
0,1,5,0,0,0.0,0,0,0.0,5,0,0,0.0,0,0,0.0,0,0.0,Dropout
0,1,7,9,7,6.285714285714286,0,2,0.7778,7,8,7,0.0,0,1,0.875,3,3.1429,Graduate
0,1,3,4,3,5.908333333333334,0,1,0.75,3,3,3,0.0,0,0,1.0,1,2.9542,Enrolled
0,1,5,9,4,6.875,0,5,0.4444,5,13,4,0.0,2,9,0.3077,14,3.4375,Graduate
0,1,6,8,6,5.583333333333333,0,2,0.75,6,6,6,0.0,0,0,1.0,2,2.7917,Graduate
0,1,8,8,7,6.162142857142856,0,1,0.875,8,8,7,0.0,0,1,0.875,2,3.0811,Graduate
1,1,6,6,6,6.083333333333333,0,0,1.0,6,7,6,0.0,0,1,0.8571,1,3.0417,Graduate
0,1,6,11,5,5.571428571428571,0,6,0.4545,6,11,4,0.0,0,7,0.3636,13,2.7857,Graduate
0,1,6,9,4,5.5,0,5,0.4444,6,9,4,0.0,0,5,0.4444,10,2.75,Graduate
0,1,8,8,7,6.457142857142856,0,1,0.875,8,8,7,0.0,0,1,0.875,2,3.2286,Graduate
0,1,6,6,6,6.916666666666667,0,0,1.0,6,6,6,0.0,0,0,1.0,0,3.4583,Graduate
0,1,6,8,6,6.928571428571429,0,2,0.75,6,9,5,0.0,0,4,0.5556,6,3.4643,Graduate
0,1,6,7,6,6.857142857142857,0,1,0.8571,6,6,5,0.0,0,1,0.8333,2,3.4286,Dropout
0,1,8,8,7,6.321428571428571,0,1,0.875,8,8,7,0.0,0,1,0.875,2,3.1607,Graduate
0,1,7,7,6,6.458333333333333,0,1,0.8571,7,7,6,0.0,0,1,0.8571,2,3.2292,Graduate
0,1,6,8,6,7.8125,0,2,0.75,6,8,6,0.0,0,2,0.75,4,3.9062,Graduate
0,1,5,7,0,0.0,0,7,0.0,5,8,0,0.0,0,8,0.0,15,0.0,Dropout
0,1,6,8,6,5.857142857142857,0,2,0.75,6,7,6,0.0,0,1,0.8571,3,2.9286,Graduate
0,1,7,10,6,6.0625,0,4,0.6,8,9,8,0.0,0,1,0.8889,5,3.0312,Enrolled
0,1,5,7,5,5.8,0,2,0.7143,5,5,5,0.0,0,0,1.0,2,2.9,Graduate
0,1,6,11,1,5.0,0,10,0.0909,6,6,0,0.0,6,6,0.0,16,2.5,Dropout
0,1,6,16,1,5.0,0,15,0.0625,6,13,0,0.0,0,13,0.0,28,2.5,Dropout
0,1,5,10,0,0.0,1,10,0.0,5,9,2,0.0,0,7,0.2222,17,0.0,Dropout
0,1,5,7,4,6.5,0,3,0.5714,5,8,3,0.0,0,5,0.375,8,3.25,Graduate
0,1,6,6,6,6.666666666666667,0,0,1.0,6,6,6,0.0,0,0,1.0,0,3.3333,Graduate
0,1,6,9,4,5.625,0,5,0.4444,6,13,2,0.0,0,11,0.1538,16,2.8125,Dropout
0,1,7,9,5,6.925,0,4,0.5556,8,9,7,0.0,0,2,0.7778,6,3.4625,Graduate
0,1,7,8,6,6.870833333333334,0,2,0.75,8,9,7,0.0,0,2,0.7778,4,3.4354,Graduate
0,1,6,7,6,7.666666666666667,0,1,0.8571,5,5,5,0.0,0,0,1.0,1,3.8333,Graduate
0,1,5,6,5,5.5,0,1,0.8333,5,5,5,0.0,0,0,1.0,1,2.75,Graduate
0,1,6,6,6,6.0,0,0,1.0,6,7,6,0.0,0,1,0.8571,1,3.0,Graduate
0,1,5,5,0,0.0,0,5,0.0,5,5,0,0.0,0,5,0.0,10,0.0,Dropout
0,1,8,15,7,5.785714285714286,0,8,0.4667,8,15,7,0.0,0,8,0.4667,16,2.8929,Graduate
0,1,6,10,6,6.428571428571429,0,4,0.6,6,6,3,0.0,0,3,0.5,7,3.2143,Graduate
0,1,6,0,0,0.0,0,0,0.0,6,0,0,0.0,0,0,0.0,0,0.0,Dropout
0,1,5,5,5,6.5,0,0,1.0,5,5,5,0.0,0,0,1.0,0,3.25,Graduate
0,1,6,9,5,5.5,0,4,0.5556,6,8,5,0.0,0,3,0.625,7,2.75,Graduate
0,1,5,12,3,6.0,0,9,0.25,5,12,1,0.0,3,11,0.0833,20,3.0,Dropout
0,1,6,6,5,6.3,0,1,0.8333,6,6,6,0.0,0,0,1.0,1,3.15,Graduate
0,1,6,8,5,6.7,0,3,0.625,6,7,6,0.0,0,1,0.8571,4,3.35,Graduate
0,1,6,9,6,5.666666666666667,0,3,0.6667,6,9,6,0.0,0,3,0.6667,6,2.8333,Graduate
0,0,5,14,4,6.75,2,10,0.2857,5,10,4,0.0,0,6,0.4,16,3.375,Dropout
1,0,6,11,3,5.875,0,8,0.2727,6,14,3,0.0,0,11,0.2143,19,2.9375,Dropout
0,1,7,10,6,6.235714285714286,0,4,0.6,7,8,7,0.0,0,1,0.875,5,3.1179,Enrolled
0,1,17,19,11,6.454545454545454,0,8,0.5789,13,15,9,0.0,0,6,0.6,14,3.2273,Enrolled
0,1,5,5,5,5.8,0,0,1.0,5,5,5,0.0,0,0,1.0,0,2.9,Graduate
0,0,5,5,0,0.0,0,5,0.0,5,9,0,0.0,0,9,0.0,14,0.0,Dropout
0,1,10,13,9,6.45,0,4,0.6923,10,12,10,0.0,0,2,0.8333,6,3.225,Graduate
0,1,8,8,8,6.61,0,0,1.0,8,8,8,0.0,0,0,1.0,0,3.305,Graduate
0,1,8,8,7,6.575714285714286,0,1,0.875,8,8,7,0.0,0,1,0.875,2,3.2879,Graduate
1,0,6,13,3,6.375,0,10,0.2308,6,8,3,0.0,0,5,0.375,15,3.1875,Dropout
0,1,6,8,6,5.666666666666667,0,2,0.75,6,8,4,0.0,0,4,0.5,6,2.8333,Graduate
0,1,6,10,6,6.625,0,4,0.6,6,13,5,0.0,0,8,0.3846,12,3.3125,Graduate
0,1,6,7,5,6.2,0,2,0.7143,6,6,5,0.0,0,1,0.8333,3,3.1,Enrolled
0,1,6,6,6,7.5,0,0,1.0,6,6,6,0.0,0,0,1.0,0,3.75,Dropout
0,1,5,6,5,7.2,0,1,0.8333,5,6,5,0.0,0,1,0.8333,2,3.6,Graduate
0,1,6,12,1,5.5,0,11,0.0833,6,12,0,0.0,0,12,0.0,23,2.75,Enrolled
0,1,5,8,5,6.2,0,3,0.625,5,6,5,0.0,0,1,0.8333,4,3.1,Graduate
1,0,7,13,1,8.0,0,12,0.0769,7,12,0,0.0,0,12,0.0,24,4.0,Dropout
0,1,5,10,5,6.785714285714286,0,5,0.5,5,14,5,0.0,3,9,0.3571,14,3.3929,Graduate
0,1,6,6,6,5.916666666666667,0,0,1.0,6,6,6,0.0,0,0,1.0,0,2.9583,Enrolled
0,1,6,8,5,5.833333333333333,0,3,0.625,6,9,5,0.0,0,4,0.5556,7,2.9167,Graduate
1,0,10,16,6,5.916666666666667,0,10,0.375,7,8,2,0.0,0,6,0.25,16,2.9583,Dropout
0,1,6,8,6,5.583333333333333,0,2,0.75,6,10,5,0.0,0,5,0.5,7,2.7917,Graduate
0,1,6,0,0,0.0,0,0,0.0,6,0,0,0.0,0,0,0.0,0,0.0,Dropout
1,0,12,17,8,5.875,0,9,0.4706,12,19,6,0.0,2,13,0.3158,22,2.9375,Dropout
0,1,6,7,6,7.0,0,1,0.8571,6,7,6,0.0,0,1,0.8571,2,3.5,Graduate
0,1,6,6,6,6.416666666666667,0,0,1.0,6,6,6,0.0,0,0,1.0,0,3.2083,Graduate
0,1,6,11,4,6.125,0,7,0.3636,6,10,3,0.0,0,7,0.3,14,3.0625,Graduate
0,1,8,8,7,7.414285714285714,0,1,0.875,8,8,7,0.0,0,1,0.875,2,3.7071,Graduate
0,1,6,7,5,5.7,0,2,0.7143,6,8,5,0.0,0,3,0.625,5,2.85,Graduate
0,1,6,6,6,6.5,0,0,1.0,6,8,6,0.0,0,2,0.75,2,3.25,Graduate
0,1,8,8,7,6.835714285714286,0,1,0.875,8,8,7,0.0,0,1,0.875,2,3.4179,Graduate
0,1,6,9,6,6.333333333333333,0,3,0.6667,6,8,5,0.0,0,3,0.625,6,3.1667,Graduate
0,0,5,10,2,5.0,0,8,0.2,5,12,1,0.0,0,11,0.0833,19,2.5,Dropout
0,1,5,10,5,6.75,0,5,0.5,5,8,5,0.0,0,3,0.625,8,3.375,Graduate
0,1,7,8,7,6.335,0,1,0.875,8,8,8,0.0,0,0,1.0,1,3.1675,Graduate
0,1,6,8,6,7.25,0,2,0.75,6,7,6,0.0,0,1,0.8571,3,3.625,Graduate
0,1,7,7,7,6.842857142857142,0,0,1.0,8,8,8,0.0,0,0,1.0,0,3.4214,Graduate
0,1,6,8,5,5.5,0,3,0.625,6,10,3,0.0,0,7,0.3,10,2.75,Dropout
1,0,9,16,7,5.777777777777778,4,9,0.4375,7,12,5,0.0,2,7,0.4167,16,2.8889,Dropout
0,1,7,7,7,6.89857142857143,0,0,1.0,8,8,8,0.0,0,0,1.0,0,3.4493,Enrolled
0,1,7,8,7,7.001875,0,1,0.875,8,11,7,0.0,0,4,0.6364,5,3.5009,Graduate
0,1,5,8,4,6.0,0,4,0.5,5,8,4,0.0,2,4,0.5,8,3.0,Graduate
0,1,6,9,5,7.083333333333333,0,4,0.5556,6,7,6,0.0,0,1,0.8571,5,3.5417,Graduate
0,1,5,5,5,7.0,0,0,1.0,5,5,5,0.0,0,0,1.0,0,3.5,Graduate
0,1,6,7,5,6.9,0,2,0.7143,6,6,6,0.0,0,0,1.0,2,3.45,Graduate
0,1,6,8,5,6.4,0,3,0.625,6,10,6,0.0,0,4,0.6,7,3.2,Graduate
0,1,6,6,6,6.083333333333333,0,0,1.0,6,6,6,0.0,0,0,1.0,0,3.0417,Graduate
0,1,6,8,6,6.25,0,2,0.75,6,6,6,0.0,0,0,1.0,2,3.125,Enrolled
0,1,6,9,4,6.0,0,5,0.4444,6,12,4,0.0,0,8,0.3333,13,3.0,Graduate
0,1,6,8,6,5.416666666666667,0,2,0.75,6,9,6,0.0,0,3,0.6667,5,2.7083,Graduate
0,1,8,8,8,6.6925,0,0,1.0,8,8,8,0.0,0,0,1.0,0,3.3462,Graduate
0,1,6,14,6,7.833333333333333,0,8,0.4286,6,9,6,0.0,0,3,0.6667,11,3.9167,Graduate
1,1,6,9,6,7.166666666666667,0,3,0.6667,6,7,6,0.0,0,1,0.8571,4,3.5833,Graduate
0,1,6,10,6,5.714285714285714,0,4,0.6,6,12,5,0.0,0,7,0.4167,11,2.8571,Enrolled
0,1,6,9,6,5.833333333333333,0,3,0.6667,6,8,6,0.0,0,2,0.75,5,2.9167,Graduate
0,1,6,9,5,6.0,0,4,0.5556,6,10,2,0.0,0,8,0.2,12,3.0,Dropout
0,1,8,8,7,7.362857142857144,0,1,0.875,8,8,7,0.0,0,1,0.875,2,3.6814,Graduate
0,1,6,6,6,7.083333333333333,0,0,1.0,6,6,6,0.0,0,0,1.0,0,3.5417,Graduate
0,1,6,10,6,5.785714285714286,0,4,0.6,6,8,6,0.0,0,2,0.75,6,2.8929,Graduate
0,1,7,7,7,6.25,0,0,1.0,8,8,8,0.0,0,0,1.0,0,3.125,Graduate
0,1,8,10,8,6.43,2,2,0.8,8,10,8,0.0,2,2,0.8,4,3.215,Graduate
0,1,6,10,6,6.125,0,4,0.6,6,9,6,0.0,0,3,0.6667,7,3.0625,Graduate
0,1,5,7,4,6.0,0,3,0.5714,5,5,5,0.0,0,0,1.0,3,3.0,Graduate
0,1,7,9,7,7.558333333333334,0,2,0.7778,8,9,8,0.0,0,1,0.8889,3,3.7792,Graduate
1,0,5,6,2,6.25,0,4,0.3333,5,6,4,0.0,0,2,0.6667,6,3.125,Dropout
0,1,6,11,0,0.0,0,11,0.0,6,0,0,0.0,0,0,0.0,11,0.0,Dropout
0,1,6,8,4,5.5,0,4,0.5,6,9,4,0.0,0,5,0.4444,9,2.75,Enrolled
0,1,6,8,6,5.9375,0,2,0.75,6,11,4,0.0,0,7,0.3636,9,2.9688,Graduate
0,1,5,6,1,5.5,0,5,0.1667,5,5,0,0.0,0,5,0.0,10,2.75,Dropout
0,1,5,5,5,7.6,0,0,1.0,5,6,5,0.0,0,1,0.8333,1,3.8,Graduate
1,0,6,7,5,5.8,0,2,0.7143,6,12,2,0.0,0,10,0.1667,12,2.9,Dropout
1,1,6,6,6,7.416666666666667,0,0,1.0,6,7,6,0.0,0,1,0.8571,1,3.7083,Graduate
0,1,6,12,3,5.666666666666667,0,9,0.25,6,10,3,0.0,0,7,0.3,16,2.8333,Dropout
0,1,5,5,5,5.6,0,0,1.0,5,5,5,0.0,0,0,1.0,0,2.8,Graduate
0,1,6,8,5,6.7,0,3,0.625,6,9,5,0.0,0,4,0.5556,7,3.35,Graduate
0,1,5,12,2,5.25,0,10,0.1667,5,5,0,0.0,0,5,0.0,15,2.625,Dropout
0,1,5,5,5,8.1,0,0,1.0,5,5,5,0.0,0,0,1.0,0,4.05,Graduate
0,1,7,7,7,7.271428571428572,0,0,1.0,8,11,8,0.0,0,3,0.7273,3,3.6357,Graduate
0,1,7,7,7,6.847142857142857,0,0,1.0,8,9,8,0.0,0,1,0.8889,1,3.4236,Graduate
0,1,6,8,6,5.642857142857143,0,2,0.75,6,10,6,0.0,0,4,0.6,6,2.8214,Graduate
0,1,7,11,6,5.878571428571428,0,5,0.5455,8,12,6,0.0,0,6,0.5,11,2.9393,Enrolled
1,0,3,3,0,0.0,0,3,0.0,6,0,0,0.0,0,0,0.0,3,0.0,Dropout
0,1,8,8,7,6.529285714285714,0,1,0.875,8,8,7,0.0,0,1,0.875,2,3.2646,Graduate
0,1,7,7,7,7.15,0,0,1.0,8,9,8,0.0,0,1,0.8889,1,3.575,Graduate
0,1,10,15,5,5.9,0,10,0.3333,10,14,8,0.0,0,6,0.5714,16,2.95,Graduate
0,1,5,9,3,5.166666666666667,1,6,0.3333,5,8,3,0.0,0,5,0.375,11,2.5833,Enrolled
0,1,6,7,6,5.285714285714286,0,1,0.8571,6,11,3,0.0,0,8,0.2727,9,2.6429,Graduate
0,1,7,7,6,6.666666666666667,0,1,0.8571,7,7,6,0.0,0,1,0.8571,2,3.3333,Graduate
1,1,6,10,6,5.928571428571429,0,4,0.6,6,9,5,0.0,0,4,0.5556,8,2.9643,Graduate
0,1,6,9,5,6.3,0,4,0.5556,6,8,5,0.0,0,3,0.625,7,3.15,Enrolled
0,1,5,11,5,7.0,3,6,0.4545,5,7,5,0.0,0,2,0.7143,8,3.5,Enrolled
0,1,7,12,5,6.0,0,7,0.4167,7,9,6,0.0,0,3,0.6667,10,3.0,Enrolled
1,1,5,6,0,0.0,0,6,0.0,5,5,0,0.0,0,5,0.0,11,0.0,Dropout
0,1,6,7,6,6.0,0,1,0.8571,6,7,6,0.0,0,1,0.8571,2,3.0,Graduate
0,1,6,6,6,6.333333333333333,0,0,1.0,6,6,6,0.0,0,0,1.0,0,3.1667,Graduate
0,1,6,6,6,6.083333333333333,0,0,1.0,6,9,6,0.0,0,3,0.6667,3,3.0417,Graduate
0,1,6,6,6,6.666666666666667,0,0,1.0,6,6,6,0.0,0,0,1.0,0,3.3333,Graduate
1,1,7,8,7,7.5,0,1,0.875,7,7,7,0.0,0,0,1.0,1,3.75,Graduate
0,1,8,8,8,6.695625,0,0,1.0,8,8,8,0.0,0,0,1.0,0,3.3478,Graduate
0,1,6,9,5,6.083333333333333,0,4,0.5556,6,8,6,0.0,0,2,0.75,6,3.0417,Graduate
0,1,5,9,4,5.625,0,5,0.4444,5,6,4,0.0,0,2,0.6667,7,2.8125,Graduate
0,1,5,13,4,6.0,2,9,0.3077,5,8,3,0.0,0,5,0.375,14,3.0,Enrolled
0,1,0,0,0,0.0,0,0,0.0,0,0,0,0.0,0,0,0.0,0,0.0,Dropout
0,1,6,7,6,6.416666666666667,0,1,0.8571,6,8,6,0.0,0,2,0.75,3,3.2083,Graduate
0,1,6,10,6,7.0,0,4,0.6,6,11,6,0.0,0,5,0.5455,9,3.5,Graduate
0,1,5,5,4,6.5,0,1,0.8,5,7,2,0.0,0,5,0.2857,6,3.25,Enrolled
0,1,6,7,6,6.75,0,1,0.8571,6,8,6,0.0,0,2,0.75,3,3.375,Graduate
0,1,16,24,13,5.346153846153846,1,11,0.5417,13,19,9,0.0,0,10,0.4737,21,2.6731,Enrolled
0,1,5,6,5,5.5,0,1,0.8333,5,9,5,0.0,0,4,0.5556,5,2.75,Graduate
0,1,6,8,6,6.5,0,2,0.75,6,6,6,0.0,0,0,1.0,2,3.25,Graduate
0,1,6,10,5,6.0,0,5,0.5,6,9,4,0.0,0,5,0.4444,10,3.0,Enrolled
0,1,6,9,4,6.3,0,5,0.4444,6,6,4,0.0,0,2,0.6667,7,3.15,Dropout
0,1,6,6,6,6.833333333333333,0,0,1.0,6,6,6,0.0,0,0,1.0,0,3.4167,Graduate
0,0,0,0,0,0.0,0,0,0.0,0,0,0,0.0,0,0,0.0,0,0.0,Dropout
1,1,7,7,6,7.1,0,1,0.8571,7,7,6,0.0,0,1,0.8571,2,3.55,Graduate
1,0,6,10,5,5.5,0,5,0.5,6,12,0,0.0,0,12,0.0,17,2.75,Dropout
0,1,6,7,6,7.5,0,1,0.8571,6,7,6,0.0,0,1,0.8571,2,3.75,Graduate
0,1,7,9,6,6.292857142857142,0,3,0.6667,8,9,7,0.0,0,2,0.7778,5,3.1464,Graduate
0,1,5,0,0,0.0,0,0,0.0,5,0,0,0.0,0,0,0.0,0,0.0,Dropout
1,1,6,6,0,0.0,0,6,0.0,6,6,0,0.0,0,6,0.0,12,0.0,Enrolled
0,1,6,0,0,0.0,0,0,0.0,6,0,0,0.0,0,0,0.0,0,0.0,Dropout
0,1,6,7,6,5.833333333333333,0,1,0.8571,6,10,6,0.0,0,4,0.6,5,2.9167,Graduate
1,1,6,13,3,6.333333333333333,0,10,0.2308,6,12,2,0.0,0,10,0.1667,20,3.1667,Dropout
0,1,5,10,3,5.166666666666667,0,7,0.3,5,9,4,0.0,2,5,0.4444,12,2.5833,Enrolled
0,1,11,18,8,6.75,0,10,0.4444,9,16,7,0.0,0,9,0.4375,19,3.375,Graduate
0,1,7,8,5,6.99,0,3,0.625,7,8,5,0.0,0,3,0.625,6,3.495,Enrolled
0,1,6,13,6,8.076923076923077,0,7,0.4615,6,10,6,0.0,0,4,0.6,11,4.0385,Graduate
0,1,7,7,6,7.016666666666666,0,1,0.8571,7,7,6,0.0,0,1,0.8571,2,3.5083,Graduate
0,1,5,8,1,5.5,0,7,0.125,5,6,5,0.0,0,1,0.8333,8,2.75,Enrolled
0,1,7,8,7,6.928571428571429,0,1,0.875,7,8,6,0.0,0,2,0.75,3,3.4643,Graduate
0,1,8,8,7,6.707142857142858,0,1,0.875,8,8,7,0.0,0,1,0.875,2,3.3536,Dropout
0,1,11,11,11,6.772727272727272,0,0,1.0,7,7,7,0.0,0,0,1.0,0,3.3864,Graduate
0,1,5,11,4,5.625,0,7,0.3636,5,10,4,0.0,0,6,0.4,13,2.8125,Enrolled
0,1,6,6,6,6.916666666666667,0,0,1.0,6,7,6,0.0,0,1,0.8571,1,3.4583,Graduate
0,1,5,8,5,6.0,0,3,0.625,5,9,5,0.0,0,4,0.5556,7,3.0,Graduate
0,1,6,0,0,0.0,0,0,0.0,6,0,0,0.0,0,0,0.0,0,0.0,Dropout
1,1,11,14,10,5.95,0,4,0.7143,11,14,10,0.0,0,4,0.7143,8,2.975,Enrolled
0,0,5,5,0,0.0,0,5,0.0,5,0,0,0.0,0,0,0.0,5,0.0,Dropout
0,1,7,7,7,7.567857142857143,0,0,1.0,8,8,8,0.0,0,0,1.0,0,3.7839,Graduate
0,0,7,7,7,6.142857142857143,0,0,1.0,7,8,6,0.0,0,2,0.75,2,3.0714,Enrolled
0,1,6,16,5,6.333333333333333,0,11,0.3125,6,15,2,0.0,0,13,0.1333,24,3.1667,Enrolled
0,1,7,13,5,6.37,0,8,0.3846,8,12,6,0.0,0,6,0.5,14,3.185,Dropout
0,1,7,8,6,6.625,0,2,0.75,8,8,8,0.0,0,0,1.0,2,3.3125,Enrolled
0,1,6,13,3,5.166666666666667,0,10,0.2308,6,12,3,0.0,0,9,0.25,19,2.5833,Enrolled
0,1,6,7,6,6.714285714285714,0,1,0.8571,6,6,6,0.0,0,0,1.0,1,3.3571,Graduate
0,1,11,19,9,6.277777777777778,0,10,0.4737,9,14,8,0.0,0,6,0.5714,16,3.1389,Graduate
0,1,6,8,6,5.75,0,2,0.75,6,7,6,0.0,0,1,0.8571,3,2.875,Graduate
0,1,6,6,6,6.833333333333333,0,0,1.0,6,9,6,0.0,0,3,0.6667,3,3.4167,Graduate
0,1,14,16,11,5.636363636363636,0,5,0.6875,11,16,10,0.0,0,6,0.625,11,2.8182,Graduate
0,1,6,10,5,6.583333333333333,0,5,0.5,6,8,5,0.0,0,3,0.625,8,3.2917,Enrolled
0,1,6,6,6,7.333333333333333,0,0,1.0,6,6,6,0.0,0,0,1.0,0,3.6667,Graduate
0,1,6,11,4,6.375,0,7,0.3636,6,19,1,0.0,0,18,0.0526,25,3.1875,Enrolled
0,1,7,11,5,5.6,0,6,0.4545,8,13,5,0.0,0,8,0.3846,14,2.8,Enrolled
1,0,6,8,5,6.5,0,3,0.625,6,8,5,0.0,0,3,0.625,6,3.25,Dropout
0,0,5,8,2,5.25,0,6,0.25,5,8,2,0.0,0,6,0.25,12,2.625,Dropout
0,1,6,7,6,7.428571428571429,0,1,0.8571,6,7,6,0.0,0,1,0.8571,2,3.7143,Graduate
0,1,8,11,7,6.43,0,4,0.6364,8,11,7,0.0,0,4,0.6364,8,3.215,Graduate
0,1,11,12,11,5.863636363636364,0,1,0.9167,11,14,11,0.0,0,3,0.7857,4,2.9318,Graduate
0,1,6,11,6,6.571428571428571,0,5,0.5455,6,10,3,0.0,0,7,0.3,12,3.2857,Graduate
1,1,6,6,5,5.9,0,1,0.8333,6,9,4,0.0,0,5,0.4444,6,2.95,Dropout
0,1,5,10,3,5.333333333333333,0,7,0.3,5,9,0,0.0,3,9,0.0,16,2.6667,Dropout
0,1,6,9,5,5.8,0,4,0.5556,6,8,4,0.0,0,4,0.5,8,2.9,Enrolled
0,1,6,13,3,5.166666666666667,0,10,0.2308,6,12,3,0.0,0,9,0.25,19,2.5833,Enrolled
0,1,6,11,4,6.125,0,7,0.3636,6,11,3,0.0,0,8,0.2727,15,3.0625,Enrolled
0,1,6,6,6,6.0,0,0,1.0,6,7,4,0.0,0,3,0.5714,3,3.0,Enrolled
0,1,8,8,7,7.365714285714286,0,1,0.875,8,8,7,0.0,0,1,0.875,2,3.6829,Graduate
0,1,0,0,0,0.0,0,0,0.0,0,0,0,0.0,0,0,0.0,0,0.0,Graduate
0,1,13,14,13,6.807692307692308,1,1,0.9286,12,12,12,0.0,0,0,1.0,1,3.4038,Graduate
0,1,5,5,5,7.9,0,0,1.0,5,5,5,0.0,0,0,1.0,0,3.95,Graduate
0,1,6,6,6,7.333333333333333,0,0,1.0,6,7,6,0.0,0,1,0.8571,1,3.6667,Graduate
0,1,5,5,0,0.0,0,5,0.0,5,5,0,0.0,0,5,0.0,10,0.0,Dropout
0,1,8,8,7,7.327142857142858,0,1,0.875,8,8,7,0.0,0,1,0.875,2,3.6636,Graduate
0,1,8,8,7,6.200714285714286,0,1,0.875,8,8,7,0.0,0,1,0.875,2,3.1004,Graduate
0,1,7,8,7,5.79375,0,1,0.875,8,9,7,0.0,0,2,0.7778,3,2.8969,Graduate
0,1,5,5,5,7.0,0,0,1.0,5,5,5,0.0,0,0,1.0,0,3.5,Graduate
0,1,6,9,6,6.166666666666667,0,3,0.6667,6,6,6,0.0,0,0,1.0,3,3.0833,Graduate
0,1,5,5,5,7.0,0,0,1.0,5,6,5,0.0,0,1,0.8333,1,3.5,Graduate
0,1,6,13,6,7.615384615384615,0,7,0.4615,6,10,6,0.0,0,4,0.6,11,3.8077,Graduate
0,1,6,9,5,5.8,0,4,0.5556,6,9,3,0.0,0,6,0.3333,10,2.9,Dropout
0,1,7,7,6,5.8,0,1,0.8571,7,7,6,0.0,0,1,0.8571,2,2.9,Graduate
0,1,7,0,0,0.0,0,0,0.0,8,0,0,0.0,0,0,0.0,0,0.0,Dropout
0,1,7,7,7,6.450714285714286,0,0,1.0,8,9,8,0.0,0,1,0.8889,1,3.2254,Graduate
0,1,7,9,7,7.071428571428571,0,2,0.7778,5,5,5,0.0,0,0,1.0,2,3.5357,Graduate
0,1,6,0,0,0.0,0,0,0.0,6,0,0,0.0,0,0,0.0,0,0.0,Dropout
0,1,8,8,8,6.626875,0,0,1.0,8,8,8,0.0,0,0,1.0,0,3.3134,Graduate
0,1,7,7,7,6.892857142857143,0,0,1.0,8,8,8,0.0,0,0,1.0,0,3.4464,Graduate
0,1,7,7,6,6.958333333333333,0,1,0.8571,7,7,6,0.0,0,1,0.8571,2,3.4792,Graduate
0,1,6,8,6,6.75,0,2,0.75,6,9,6,0.0,0,3,0.6667,5,3.375,Graduate
0,1,5,8,3,5.666666666666667,0,5,0.375,5,12,2,0.0,0,10,0.1667,15,2.8333,Enrolled
0,1,5,8,0,0.0,4,8,0.0,5,12,0,0.0,4,12,0.0,20,0.0,Dropout
0,1,6,10,5,5.75,0,5,0.5,6,9,4,0.0,0,5,0.4444,10,2.875,Graduate
0,1,8,8,7,6.041428571428571,0,1,0.875,8,8,7,0.0,0,1,0.875,2,3.0207,Graduate
0,1,6,8,6,5.916666666666667,0,2,0.75,6,10,5,0.0,0,5,0.5,7,2.9583,Graduate
0,1,5,6,5,6.7,0,1,0.8333,5,5,5,0.0,0,0,1.0,1,3.35,Graduate
0,1,7,7,0,0.0,2,7,0.0,7,7,0,0.0,2,7,0.0,14,0.0,Dropout
0,1,6,7,5,7.1,0,2,0.7143,6,7,6,0.0,0,1,0.8571,3,3.55,Graduate
0,1,8,8,7,6.907142857142858,0,1,0.875,8,8,7,0.0,0,1,0.875,2,3.4536,Graduate
0,1,6,10,4,5.625,0,6,0.4,6,6,6,0.0,0,0,1.0,6,2.8125,Enrolled
0,1,6,6,6,7.25,0,0,1.0,6,8,6,0.0,0,2,0.75,2,3.625,Graduate
0,1,6,0,0,0.0,0,0,0.0,6,0,0,0.0,0,0,0.0,0,0.0,Dropout
0,1,7,7,6,5.65,0,1,0.8571,7,7,6,0.0,0,1,0.8571,2,2.825,Graduate
0,1,2,2,0,0.0,0,2,0.0,4,4,1,0.0,0,3,0.25,5,0.0,Enrolled
1,1,5,11,1,6.0,0,10,0.0909,5,9,3,0.0,0,6,0.3333,16,3.0,Enrolled
0,1,8,9,7,6.15,0,2,0.7778,8,9,7,0.0,0,2,0.7778,4,3.075,Graduate
0,1,8,8,7,6.347142857142857,0,1,0.875,8,8,7,0.0,0,1,0.875,2,3.1736,Graduate
0,1,5,5,4,5.5,0,1,0.8,5,5,4,0.0,0,1,0.8,2,2.75,Graduate
0,1,6,6,6,6.5,0,0,1.0,6,6,6,0.0,0,0,1.0,0,3.25,Graduate
0,1,7,8,7,7.20625,0,1,0.875,8,8,8,0.0,0,0,1.0,1,3.6031,Graduate
0,1,7,8,7,6.464375,0,1,0.875,8,8,8,0.0,0,0,1.0,1,3.2322,Dropout
0,1,6,6,6,6.666666666666667,0,0,1.0,6,10,5,0.0,0,5,0.5,5,3.3333,Graduate
0,1,6,8,5,6.4,0,3,0.625,6,9,5,0.0,0,4,0.5556,7,3.2,Enrolled
0,1,8,8,7,7.201428571428571,0,1,0.875,8,8,7,0.0,0,1,0.875,2,3.6007,Graduate
0,1,8,8,7,6.690714285714286,0,1,0.875,8,8,7,0.0,0,1,0.875,2,3.3454,Graduate
0,1,7,8,7,7.065625,0,1,0.875,8,8,8,0.0,0,0,1.0,1,3.5328,Graduate
0,1,5,11,5,5.857142857142857,2,6,0.4545,5,6,5,0.0,0,1,0.8333,7,2.9286,Graduate
0,1,5,5,5,5.9,0,0,1.0,5,8,4,0.0,0,4,0.5,4,2.95,Enrolled
0,1,6,9,6,5.583333333333333,0,3,0.6667,6,15,2,0.0,1,13,0.1333,16,2.7917,Graduate
0,1,6,7,0,0.0,0,7,0.0,6,6,0,0.0,0,6,0.0,13,0.0,Dropout
0,1,6,9,5,6.8,0,4,0.5556,6,8,5,0.0,0,3,0.625,7,3.4,Dropout
0,1,12,14,12,6.923076923076924,0,2,0.8571,12,18,11,0.0,0,7,0.6111,9,3.4615,Graduate
0,1,6,7,6,6.25,0,1,0.8571,6,8,6,0.0,0,2,0.75,3,3.125,Graduate
0,1,5,5,5,8.2,0,0,1.0,5,5,5,0.0,0,0,1.0,0,4.1,Graduate
0,1,11,11,11,6.909090909090909,0,0,1.0,11,11,11,0.0,0,0,1.0,0,3.4545,Graduate
0,1,6,8,5,5.3,0,3,0.625,6,11,4,0.0,0,7,0.3636,10,2.65,Graduate
1,1,5,8,5,5.1,0,3,0.625,5,6,5,0.0,0,1,0.8333,4,2.55,Graduate
0,1,6,11,5,5.3,0,6,0.4545,6,11,4,0.0,0,7,0.3636,13,2.65,Enrolled
0,1,10,10,9,5.722222222222222,0,1,0.9,11,11,5,0.0,0,6,0.4545,7,2.8611,Dropout
0,1,6,9,5,7.166666666666667,0,4,0.5556,8,8,8,0.0,0,0,1.0,4,3.5833,Enrolled
0,1,16,18,16,6.5,0,2,0.8889,13,15,13,0.0,0,2,0.8667,4,3.25,Graduate
0,1,8,9,8,6.655,1,1,0.8889,8,9,8,0.0,1,1,0.8889,2,3.3275,Graduate
0,1,6,10,5,5.285714285714286,1,5,0.5,6,9,5,0.0,0,4,0.5556,9,2.6429,Graduate
0,1,8,8,7,6.743571428571428,0,1,0.875,8,8,7,0.0,0,1,0.875,2,3.3718,Graduate
0,1,6,6,6,6.166666666666667,0,0,1.0,6,7,6,0.0,0,1,0.8571,1,3.0833,Graduate
0,1,6,11,6,5.9375,0,5,0.5455,6,9,5,0.0,0,4,0.5556,9,2.9688,Dropout
0,1,7,7,6,6.983333333333334,0,1,0.8571,7,7,6,0.0,0,1,0.8571,2,3.4917,Graduate
0,0,5,10,0,0.0,0,10,0.0,5,10,0,0.0,0,10,0.0,20,0.0,Dropout
0,1,5,8,4,5.75,0,4,0.5,5,5,5,0.0,0,0,1.0,4,2.875,Graduate
0,1,2,2,2,6.25,0,0,1.0,7,0,0,0.0,0,0,0.0,0,3.125,Dropout
0,1,7,0,0,0.0,0,0,0.0,8,0,0,0.0,0,0,0.0,0,0.0,Dropout
0,1,7,10,6,5.99,0,4,0.6,8,11,7,0.0,0,4,0.6364,8,2.995,Graduate
0,1,6,8,5,6.6,0,3,0.625,6,7,5,0.0,0,2,0.7143,5,3.3,Enrolled
0,1,7,10,6,5.807142857142857,0,4,0.6,8,8,8,0.0,0,0,1.0,4,2.9036,Graduate
0,1,8,8,7,7.157142857142858,0,1,0.875,8,8,7,0.0,0,1,0.875,2,3.5786,Graduate
0,1,7,0,0,0.0,0,0,0.0,8,0,0,0.0,0,0,0.0,0,0.0,Dropout
0,1,6,9,6,6.333333333333333,0,3,0.6667,6,12,2,0.0,0,10,0.1667,13,3.1667,Enrolled
0,1,7,9,6,6.383333333333333,0,3,0.6667,8,10,7,0.0,0,3,0.7,6,3.1917,Graduate
0,1,6,7,6,6.333333333333333,0,1,0.8571,6,7,5,0.0,0,2,0.7143,3,3.1667,Graduate
0,1,6,7,6,5.75,0,1,0.8571,6,10,4,0.0,0,6,0.4,7,2.875,Dropout
0,1,6,13,5,5.7,0,8,0.3846,6,14,4,0.0,0,10,0.2857,18,2.85,Dropout
0,1,7,8,7,7.353125,0,1,0.875,8,8,8,0.0,0,0,1.0,1,3.6766,Graduate
0,1,7,9,6,5.907142857142858,0,3,0.6667,8,8,7,0.0,0,1,0.875,4,2.9536,Graduate
0,1,6,8,6,6.5,1,2,0.75,6,8,6,0.0,0,2,0.75,4,3.25,Graduate
0,1,6,7,6,7.428571428571429,0,1,0.8571,6,6,6,0.0,0,0,1.0,1,3.7143,Graduate
0,1,7,7,6,6.3,0,1,0.8571,7,7,6,0.0,0,1,0.8571,2,3.15,Graduate
1,1,6,9,5,6.666666666666667,0,4,0.5556,6,17,4,0.0,0,13,0.2353,17,3.3333,Enrolled
0,1,7,10,6,5.333333333333333,0,4,0.6,7,12,6,0.0,0,6,0.5,10,2.6667,Enrolled
1,0,5,6,2,5.75,0,4,0.3333,5,5,1,0.0,0,4,0.2,8,2.875,Dropout
0,1,7,9,1,5.0,0,8,0.1111,7,0,0,0.0,0,0,0.0,8,2.5,Dropout
0,1,6,10,5,5.9,0,5,0.5,6,10,5,0.0,0,5,0.5,10,2.95,Graduate
0,1,6,7,5,5.9,0,2,0.7143,6,6,6,0.0,0,0,1.0,2,2.95,Graduate
0,1,8,8,8,6.385625,0,0,1.0,8,8,8,0.0,0,0,1.0,0,3.1928,Graduate
0,1,5,13,3,5.666666666666667,2,10,0.2308,5,8,5,0.0,0,3,0.625,13,2.8333,Enrolled
0,1,6,6,6,6.333333333333333,0,0,1.0,6,7,5,0.0,0,2,0.7143,2,3.1667,Graduate
0,0,6,10,5,6.1,1,5,0.5,6,11,4,0.0,0,7,0.3636,12,3.05,Enrolled
0,0,5,9,1,6.0,1,8,0.1111,4,10,0,0.0,4,10,0.0,18,3.0,Dropout
0,1,8,12,7,5.860714285714286,0,5,0.5833,8,12,7,0.0,0,5,0.5833,10,2.9304,Graduate
0,1,7,12,4,7.0,0,8,0.3333,7,14,3,0.0,0,11,0.2143,19,3.5,Enrolled
0,1,7,9,7,7.375,0,2,0.7778,7,12,5,0.0,3,7,0.4167,9,3.6875,Enrolled
0,1,6,6,6,6.333333333333333,0,0,1.0,6,6,6,0.0,0,0,1.0,0,3.1667,Graduate
0,1,5,12,4,6.5,2,8,0.3333,5,6,5,0.0,0,1,0.8333,9,3.25,Dropout
0,1,5,6,0,0.0,0,6,0.0,5,5,0,0.0,0,5,0.0,11,0.0,Dropout
0,1,6,8,4,5.375,0,4,0.5,6,9,0,0.0,0,9,0.0,13,2.6875,Enrolled
0,0,5,5,0,0.0,0,5,0.0,5,10,0,0.0,0,10,0.0,15,0.0,Dropout
0,1,5,6,4,6.25,0,2,0.6667,5,7,4,0.0,0,3,0.5714,5,3.125,Graduate
0,0,4,4,0,0.0,0,4,0.0,5,0,0,0.0,0,0,0.0,4,0.0,Dropout
1,0,5,5,0,0.0,0,5,0.0,4,4,0,0.0,0,4,0.0,9,0.0,Dropout
1,0,6,0,0,0.0,0,0,0.0,6,0,0,0.0,0,0,0.0,0,0.0,Dropout
0,1,6,7,6,6.25,0,1,0.8571,6,15,5,0.0,0,10,0.3333,11,3.125,Graduate
0,1,6,10,5,6.4,0,5,0.5,6,9,3,0.0,0,6,0.3333,11,3.2,Dropout
0,1,6,11,1,5.0,0,10,0.0909,6,11,1,0.0,0,10,0.0909,20,2.5,Dropout
0,1,6,11,4,5.625,0,7,0.3636,6,10,5,0.0,0,5,0.5,12,2.8125,Dropout
0,1,8,8,7,6.305,0,1,0.875,8,8,7,0.0,0,1,0.875,2,3.1525,Graduate
0,1,5,14,2,6.0,2,12,0.1429,5,6,5,0.0,0,1,0.8333,13,3.0,Graduate
0,0,6,9,5,6.5,0,4,0.5556,6,7,6,0.0,0,1,0.8571,5,3.25,Graduate
0,1,5,9,4,6.0,0,5,0.4444,5,8,5,0.0,0,3,0.625,8,3.0,Graduate
0,1,7,8,4,6.0,0,4,0.5,8,8,0,0.0,0,8,0.0,12,3.0,Dropout
0,1,5,12,1,6.0,0,11,0.0833,5,9,1,0.0,4,8,0.1111,19,3.0,Dropout
0,1,5,9,1,6.0,0,8,0.1111,5,6,3,0.0,0,3,0.5,11,3.0,Enrolled
0,1,0,0,0,0.0,0,0,0.0,0,0,0,0.0,0,0,0.0,0,0.0,Graduate
1,0,5,5,0,0.0,0,5,0.0,5,9,0,0.0,0,9,0.0,14,0.0,Dropout
1,1,6,11,5,6.8125,0,6,0.4545,6,9,4,0.0,0,5,0.4444,11,3.4062,Dropout
0,1,5,12,3,5.833333333333333,0,9,0.25,5,10,3,0.0,0,7,0.3,16,2.9167,Enrolled
0,1,6,0,0,0.0,0,0,0.0,6,0,0,0.0,0,0,0.0,0,0.0,Dropout
0,1,8,8,7,5.845,0,1,0.875,8,8,7,0.0,0,1,0.875,2,2.9225,Graduate
1,0,6,11,0,0.0,6,11,0.0,6,12,0,0.0,12,12,0.0,23,0.0,Dropout
0,1,0,0,0,0.0,0,0,0.0,0,0,0,0.0,0,0,0.0,0,0.0,Graduate
0,1,5,10,4,5.75,0,6,0.4,5,11,5,0.0,0,6,0.4545,12,2.875,Graduate
0,1,5,10,1,7.0,0,9,0.1,5,0,0,0.0,0,0,0.0,9,3.5,Dropout
0,1,6,7,5,5.5,0,2,0.7143,6,7,5,0.0,0,2,0.7143,4,2.75,Graduate
0,1,6,7,6,6.428571428571429,0,1,0.8571,6,6,6,0.0,0,0,1.0,1,3.2143,Graduate
0,1,6,9,4,6.25,0,5,0.4444,6,6,6,0.0,0,0,1.0,5,3.125,Dropout
0,1,7,7,7,7.264285714285714,0,0,1.0,8,11,8,0.0,0,3,0.7273,3,3.6321,Graduate
0,1,5,8,5,5.0,0,3,0.625,5,10,2,0.0,0,8,0.2,11,2.5,Enrolled
0,1,6,8,6,6.5,0,2,0.75,6,10,6,0.0,0,4,0.6,6,3.25,Graduate
0,1,7,7,7,7.978571428571428,0,0,1.0,8,9,8,0.0,0,1,0.8889,1,3.9893,Graduate
0,1,5,6,5,6.6,0,1,0.8333,5,8,5,0.0,0,3,0.625,4,3.3,Enrolled
0,1,5,9,4,5.1,0,5,0.4444,5,6,3,0.0,0,3,0.5,8,2.55,Enrolled
0,1,5,6,5,7.1,0,1,0.8333,5,5,2,0.0,0,3,0.4,4,3.55,Enrolled
1,1,6,8,6,6.3125,0,2,0.75,6,11,2,0.0,0,9,0.1818,11,3.1562,Enrolled
0,1,8,11,6,6.748333333333334,1,5,0.5455,8,11,6,0.0,1,5,0.5455,10,3.3742,Enrolled
0,1,5,8,5,6.625,0,3,0.625,5,8,5,0.0,0,3,0.625,6,3.3125,Graduate
0,1,5,12,3,6.0,0,9,0.25,5,10,3,0.0,0,7,0.3,16,3.0,Dropout
1,0,6,10,4,6.5,0,6,0.4,6,9,4,0.0,0,5,0.4444,11,3.25,Dropout
1,1,11,12,9,5.88888888888889,0,3,0.75,8,11,3,0.0,0,8,0.2727,11,2.9444,Dropout
0,1,5,10,2,5.5,0,8,0.2,6,10,0,0.0,0,10,0.0,18,2.75,Dropout
0,1,5,14,0,0.0,0,14,0.0,5,5,0,0.0,0,5,0.0,19,0.0,Dropout
0,1,14,16,14,6.214285714285714,0,2,0.875,9,13,6,0.0,0,7,0.4615,9,3.1071,Dropout
0,1,5,8,3,5.5,0,5,0.375,5,11,3,0.0,0,8,0.2727,13,2.75,Enrolled
0,1,0,0,0,0.0,0,0,0.0,0,0,0,0.0,0,0,0.0,0,0.0,Graduate
1,1,6,12,3,5.75,0,9,0.25,6,12,3,0.0,0,9,0.25,18,2.875,Enrolled
0,1,8,8,8,6.25375,0,0,1.0,8,8,8,0.0,0,0,1.0,0,3.1269,Graduate
0,1,12,18,11,6.045454545454546,0,7,0.6111,12,14,11,0.0,0,3,0.7857,10,3.0227,Graduate
0,1,5,14,2,5.5,3,12,0.1429,5,9,3,0.0,0,6,0.3333,18,2.75,Enrolled
0,1,5,13,1,5.0,0,12,0.0769,5,8,2,0.0,0,6,0.25,18,2.5,Dropout
0,1,6,6,6,6.75,0,0,1.0,6,9,5,0.0,0,4,0.5556,4,3.375,Graduate
0,1,6,6,6,7.083333333333333,0,0,1.0,6,8,6,0.0,0,2,0.75,2,3.5417,Graduate
0,1,6,7,6,7.0,0,1,0.8571,6,7,6,0.0,0,1,0.8571,2,3.5,Graduate
0,1,3,4,0,0.0,0,4,0.0,3,5,0,0.0,0,5,0.0,9,0.0,Dropout
0,1,5,9,3,5.833333333333333,0,6,0.3333,5,10,3,0.0,4,7,0.3,13,2.9167,Dropout
0,1,5,7,5,7.3,1,2,0.7143,5,5,5,0.0,0,0,1.0,2,3.65,Graduate
0,1,6,10,5,6.5,0,5,0.5,6,13,5,0.0,0,8,0.3846,13,3.25,Graduate
0,1,6,7,6,6.083333333333333,0,1,0.8571,6,9,6,0.0,0,3,0.6667,4,3.0417,Graduate
0,1,5,9,0,0.0,0,9,0.0,5,5,1,0.0,0,4,0.2,13,0.0,Dropout
0,1,5,10,3,5.25,0,7,0.3,5,11,3,0.0,0,8,0.2727,15,2.625,Dropout
0,1,5,14,3,6.2,0,11,0.2143,5,8,5,0.0,0,3,0.625,14,3.1,Enrolled
0,1,0,0,0,0.0,0,0,0.0,0,0,0,0.0,0,0,0.0,0,0.0,Graduate
0,0,5,12,0,0.0,4,12,0.0,5,8,0,0.0,1,8,0.0,20,0.0,Dropout
0,1,8,8,7,6.914285714285714,0,1,0.875,8,8,7,0.0,0,1,0.875,2,3.4571,Graduate
0,1,5,7,5,5.3,0,2,0.7143,5,6,5,0.0,0,1,0.8333,3,2.65,Enrolled
0,1,6,7,6,5.75,0,1,0.8571,6,6,6,0.0,0,0,1.0,1,2.875,Graduate
0,1,6,6,4,6.75,0,2,0.6667,6,8,6,0.0,0,2,0.75,4,3.375,Graduate
0,1,6,12,0,0.0,0,12,0.0,6,0,0,0.0,0,0,0.0,12,0.0,Dropout
0,1,7,8,7,6.26875,0,1,0.875,8,9,7,0.0,0,2,0.7778,3,3.1344,Graduate
0,1,6,6,6,7.416666666666667,0,0,1.0,6,8,6,0.0,0,2,0.75,2,3.7083,Enrolled
0,1,5,10,4,6.0,0,6,0.4,5,9,4,0.0,0,5,0.4444,11,3.0,Graduate
0,1,6,8,5,5.9,0,3,0.625,6,8,5,0.0,0,3,0.625,6,2.95,Graduate
0,1,5,5,5,7.5,0,0,1.0,5,5,5,0.0,0,0,1.0,0,3.75,Graduate
0,1,5,7,3,6.0,0,4,0.4286,5,7,5,0.0,0,2,0.7143,6,3.0,Graduate
0,1,6,6,6,6.416666666666667,0,0,1.0,6,7,6,0.0,0,1,0.8571,1,3.2083,Graduate
0,1,6,12,6,5.833333333333333,0,6,0.5,6,14,3,0.0,0,11,0.2143,17,2.9167,Graduate
0,1,7,9,7,6.08125,0,2,0.7778,8,8,8,0.0,0,0,1.0,2,3.0406,Graduate
0,1,6,6,6,6.916666666666667,0,0,1.0,6,11,6,0.0,0,5,0.5455,5,3.4583,Graduate
0,1,7,12,4,6.225,0,8,0.3333,7,11,5,0.0,0,6,0.4545,14,3.1125,Enrolled
0,1,6,9,6,6.0625,0,3,0.6667,6,7,6,0.0,0,1,0.8571,4,3.0312,Graduate
0,1,6,8,5,6.7,0,3,0.625,6,10,4,0.0,0,6,0.4,9,3.35,Enrolled
1,1,6,8,6,6.666666666666667,0,2,0.75,6,8,5,0.0,0,3,0.625,5,3.3333,Enrolled
0,1,15,15,11,5.727272727272728,0,4,0.7333,13,16,11,0.0,0,5,0.6875,9,2.8636,Dropout
0,0,6,10,4,6.0,0,6,0.4,6,14,3,0.0,0,11,0.2143,17,3.0,Dropout
1,0,7,8,6,6.333333333333333,0,2,0.75,7,9,5,0.0,0,4,0.5556,6,3.1667,Dropout
0,1,6,7,6,6.333333333333333,0,1,0.8571,6,9,6,0.0,0,3,0.6667,4,3.1667,Graduate
0,1,18,22,18,5.944444444444445,1,4,0.8182,13,13,13,0.0,0,0,1.0,4,2.9722,Graduate
0,1,6,0,0,0.0,0,0,0.0,6,0,0,0.0,0,0,0.0,0,0.0,Dropout
1,0,6,6,4,6.5,0,2,0.6667,6,8,4,0.0,0,4,0.5,6,3.25,Dropout
0,1,7,7,7,8.442857142857141,0,0,1.0,8,9,8,0.0,0,1,0.8889,1,4.2214,Graduate
0,1,6,6,6,6.25,0,0,1.0,6,6,6,0.0,0,0,1.0,0,3.125,Graduate
0,1,7,9,7,6.527777777777778,0,2,0.7778,8,8,8,0.0,0,0,1.0,2,3.2639,Graduate
0,0,0,0,0,0.0,0,0,0.0,0,0,0,0.0,0,0,0.0,0,0.0,Dropout
1,1,5,7,0,0.0,0,7,0.0,5,5,0,0.0,0,5,0.0,12,0.0,Dropout
0,1,8,8,7,6.177857142857142,0,1,0.875,8,8,7,0.0,0,1,0.875,2,3.0889,Graduate
0,1,6,0,0,0.0,0,0,0.0,6,0,0,0.0,0,0,0.0,0,0.0,Dropout
0,1,7,8,5,5.99,0,3,0.625,7,8,5,0.0,0,3,0.625,6,2.995,Enrolled
1,1,7,7,7,6.928571428571429,0,0,1.0,7,8,7,0.0,0,1,0.875,1,3.4643,Graduate
0,1,6,9,5,6.5,0,4,0.5556,6,6,6,0.0,0,0,1.0,4,3.25,Graduate
0,1,6,6,6,6.416666666666667,0,0,1.0,6,10,6,0.0,0,4,0.6,4,3.2083,Graduate
0,1,5,11,4,5.5,0,7,0.3636,5,7,5,0.0,0,2,0.7143,9,2.75,Enrolled
0,1,8,8,7,6.178571428571429,0,1,0.875,8,8,7,0.0,0,1,0.875,2,3.0893,Graduate
0,1,8,8,7,6.928571428571429,0,1,0.875,8,8,7,0.0,0,1,0.875,2,3.4643,Graduate
0,1,6,6,6,6.166666666666667,0,0,1.0,6,6,6,0.0,0,0,1.0,0,3.0833,Graduate
0,1,7,8,7,6.423571428571429,0,1,0.875,8,10,8,0.0,0,2,0.8,3,3.2118,Graduate
0,1,7,9,6,6.169999999999999,0,3,0.6667,8,9,8,0.0,0,1,0.8889,4,3.085,Graduate
0,1,6,10,5,6.333333333333333,0,5,0.5,6,19,4,0.0,0,15,0.2105,20,3.1667,Enrolled
0,1,6,6,6,6.916666666666667,0,0,1.0,6,6,6,0.0,0,0,1.0,0,3.4583,Graduate
0,1,5,15,2,5.375,0,13,0.1333,5,11,2,0.0,0,9,0.1818,22,2.6875,Dropout
0,1,6,11,4,6.625,0,7,0.3636,6,10,4,0.0,0,6,0.4,13,3.3125,Dropout
0,1,8,8,8,6.865625,0,0,1.0,8,8,8,0.0,0,0,1.0,0,3.4328,Graduate
0,1,6,6,6,6.666666666666667,0,0,1.0,6,8,3,0.0,0,5,0.375,5,3.3333,Dropout
0,1,6,8,5,6.0,0,3,0.625,6,9,5,0.0,0,4,0.5556,7,3.0,Dropout
0,1,9,10,9,5.444444444444445,0,1,0.9,8,10,6,0.0,0,4,0.6,5,2.7222,Graduate
0,1,7,8,7,6.5125,0,1,0.875,8,9,8,0.0,0,1,0.8889,2,3.2563,Graduate
0,1,6,6,6,6.5,0,0,1.0,6,6,6,0.0,0,0,1.0,0,3.25,Graduate
0,1,6,10,5,5.9,0,5,0.5,6,10,5,0.0,0,5,0.5,10,2.95,Graduate
0,1,8,8,7,6.021428571428572,0,1,0.875,8,8,7,0.0,0,1,0.875,2,3.0107,Graduate
0,1,6,9,5,6.1,0,4,0.5556,6,10,4,0.0,0,6,0.4,10,3.05,Enrolled
0,1,7,8,7,6.41875,0,1,0.875,8,8,8,0.0,0,0,1.0,1,3.2094,Graduate
1,1,7,13,7,5.5,0,6,0.5385,8,13,7,0.0,0,6,0.5385,12,2.75,Graduate
0,1,6,7,6,6.75,0,1,0.8571,6,9,5,0.0,0,4,0.5556,5,3.375,Graduate
0,1,6,8,6,6.0625,0,2,0.75,6,7,6,0.0,0,1,0.8571,3,3.0312,Graduate
0,1,8,12,7,6.314285714285715,0,5,0.5833,8,12,7,0.0,0,5,0.5833,10,3.1571,Graduate
0,1,5,9,3,5.333333333333333,0,6,0.3333,5,7,4,0.0,0,3,0.5714,9,2.6667,Enrolled
0,1,6,11,5,5.6,0,6,0.4545,6,13,5,0.0,0,8,0.3846,14,2.8,Graduate
0,1,6,6,6,6.333333333333333,0,0,1.0,6,6,6,0.0,0,0,1.0,0,3.1667,Dropout
1,0,6,7,4,6.75,0,3,0.5714,6,6,0,0.0,6,6,0.0,9,3.375,Dropout
0,1,5,9,3,5.833333333333333,0,6,0.3333,5,15,2,0.0,0,13,0.1333,19,2.9167,Enrolled
0,1,5,8,2,5.25,0,6,0.25,5,7,3,0.0,0,4,0.4286,10,2.625,Enrolled
0,1,8,8,8,7.134375,0,0,1.0,8,8,8,0.0,0,0,1.0,0,3.5672,Enrolled
1,0,6,0,0,0.0,0,0,0.0,6,0,0,0.0,0,0,0.0,0,0.0,Dropout
0,1,5,8,2,5.25,0,6,0.25,5,11,3,0.0,0,8,0.2727,14,2.625,Enrolled
0,1,6,11,5,5.6,0,6,0.4545,6,15,1,0.0,0,14,0.0667,20,2.8,Enrolled
0,1,5,5,5,6.0,0,0,1.0,5,6,5,0.0,0,1,0.8333,1,3.0,Graduate
0,1,7,9,7,6.114285714285714,0,2,0.7778,8,10,8,0.0,0,2,0.8,4,3.0571,Graduate
0,1,5,6,4,5.75,0,2,0.6667,5,5,4,0.0,0,1,0.8,3,2.875,Graduate
0,1,6,8,6,7.6875,0,2,0.75,6,7,6,0.0,0,1,0.8571,3,3.8438,Graduate
0,0,12,19,9,6.833333333333333,0,10,0.4737,9,15,6,0.0,0,9,0.4,19,3.4167,Enrolled
0,1,8,11,7,6.307142857142857,0,4,0.6364,8,11,7,0.0,0,4,0.6364,8,3.1536,Graduate
0,1,6,7,5,6.1,0,2,0.7143,6,6,6,0.0,0,0,1.0,2,3.05,Graduate
0,1,6,13,4,5.875,0,9,0.3077,6,10,4,0.0,0,6,0.4,15,2.9375,Graduate
1,1,6,9,5,5.7,0,4,0.5556,6,9,3,0.0,0,6,0.3333,10,2.85,Enrolled
1,1,6,10,5,5.3,0,5,0.5,6,14,2,0.0,0,12,0.1429,17,2.65,Enrolled
0,1,16,16,13,5.461538461538462,0,3,0.8125,13,13,11,0.0,0,2,0.8462,5,2.7308,Graduate
0,1,6,6,5,6.2,0,1,0.8333,6,9,5,0.0,0,4,0.5556,5,3.1,Graduate
0,1,6,6,0,0.0,0,6,0.0,6,6,0,0.0,0,6,0.0,12,0.0,Dropout
0,1,6,6,6,7.916666666666667,0,0,1.0,6,8,6,0.0,0,2,0.75,2,3.9583,Graduate
0,1,7,12,5,5.9,0,7,0.4167,7,9,6,0.0,0,3,0.6667,10,2.95,Enrolled
0,1,6,7,6,6.285714285714286,0,1,0.8571,6,6,6,0.0,0,0,1.0,1,3.1429,Graduate
0,1,5,7,3,6.0,0,4,0.4286,5,7,4,0.0,1,3,0.5714,7,3.0,Graduate
0,1,7,8,7,6.68125,0,1,0.875,8,9,8,0.0,0,1,0.8889,2,3.3406,Graduate
0,1,5,6,5,7.7,0,1,0.8333,5,5,5,0.0,0,0,1.0,1,3.85,Graduate
1,0,6,9,5,6.1,0,4,0.5556,6,9,4,0.0,0,5,0.4444,9,3.05,Dropout
0,1,11,11,11,6.409090909090909,0,0,1.0,11,11,11,0.0,0,0,1.0,0,3.2045,Graduate
0,1,7,0,0,0.0,0,0,0.0,8,0,0,0.0,0,0,0.0,0,0.0,Dropout
0,1,17,21,17,6.697368421052632,0,4,0.8095,17,19,17,0.0,0,2,0.8947,6,3.3487,Graduate
0,1,6,8,6,7.125,0,2,0.75,6,8,6,0.0,0,2,0.75,4,3.5625,Graduate
0,1,11,19,9,6.722222222222222,1,10,0.4737,7,7,7,0.0,0,0,1.0,10,3.3611,Dropout
0,1,7,8,7,6.142857142857143,0,1,0.875,8,10,8,0.0,0,2,0.8,3,3.0714,Graduate
0,1,6,7,6,5.833333333333333,0,1,0.8571,6,7,5,0.0,0,2,0.7143,3,2.9167,Graduate
0,1,6,8,6,6.083333333333333,0,2,0.75,6,6,6,0.0,0,0,1.0,2,3.0417,Graduate
0,1,6,11,2,5.0,0,9,0.1818,6,15,2,0.0,0,13,0.1333,22,2.5,Dropout
0,1,6,6,6,7.0,0,0,1.0,6,6,6,0.0,0,0,1.0,0,3.5,Graduate
0,1,6,9,5,5.916666666666667,0,4,0.5556,6,6,4,0.0,0,2,0.6667,6,2.9583,Enrolled
1,0,6,7,1,7.5,0,6,0.1429,5,12,0,0.0,0,12,0.0,18,3.75,Dropout
0,1,0,0,0,0.0,0,0,0.0,0,0,0,0.0,0,0,0.0,0,0.0,Graduate
0,1,6,7,6,5.416666666666667,0,1,0.8571,6,6,6,0.0,0,0,1.0,1,2.7083,Graduate
1,1,6,7,6,6.571428571428571,0,1,0.8571,6,6,6,0.0,0,0,1.0,1,3.2857,Graduate
1,0,5,8,5,7.2,1,3,0.625,5,6,5,0.0,0,1,0.8333,4,3.6,Dropout
0,0,6,0,0,0.0,0,0,0.0,6,0,0,0.0,0,0,0.0,0,0.0,Dropout
0,1,12,17,7,6.0,0,10,0.4118,12,19,9,0.0,0,10,0.4737,20,3.0,Graduate
0,1,10,13,9,6.1,0,4,0.6923,10,12,10,0.0,0,2,0.8333,6,3.05,Graduate
0,0,3,3,3,6.166666666666667,0,0,1.0,2,2,2,0.0,0,0,1.0,0,3.0833,Dropout
0,1,7,8,7,5.91875,0,1,0.875,8,9,8,0.0,0,1,0.8889,2,2.9594,Graduate
0,1,5,5,5,5.9,0,0,1.0,5,6,5,0.0,0,1,0.8333,1,2.95,Graduate
1,0,5,5,0,0.0,0,5,0.0,5,9,0,0.0,0,9,0.0,14,0.0,Dropout
0,1,6,0,0,0.0,0,0,0.0,6,0,0,0.0,0,0,0.0,0,0.0,Dropout
0,1,19,19,19,6.342105263157895,0,0,1.0,13,13,13,0.0,0,0,1.0,0,3.1711,Graduate
0,1,6,8,6,6.285714285714286,0,2,0.75,6,10,4,0.0,0,6,0.4,8,3.1429,Enrolled
1,0,7,18,3,5.625,0,15,0.1667,7,7,0,0.0,0,7,0.0,22,2.8125,Dropout
0,1,5,13,4,7.0,3,9,0.3077,5,9,4,0.0,2,5,0.4444,14,3.5,Graduate
1,1,5,15,4,6.666666666666667,0,11,0.2667,5,6,2,0.0,0,4,0.3333,15,3.3333,Dropout
0,1,6,7,6,6.833333333333333,0,1,0.8571,6,6,6,0.0,0,0,1.0,1,3.4167,Graduate
0,1,6,12,3,5.0,0,9,0.25,6,9,5,0.0,0,4,0.5556,13,2.5,Enrolled
0,1,6,12,5,6.3,0,7,0.4167,6,11,6,0.0,0,5,0.5455,12,3.15,Graduate
0,1,5,10,3,8.666666666666666,0,7,0.3,5,11,1,0.0,0,10,0.0909,17,4.3333,Dropout
0,0,6,10,5,6.6,0,5,0.5,6,21,3,0.0,0,18,0.1429,23,3.3,Enrolled
0,1,5,9,3,7.0,0,6,0.3333,5,8,3,0.0,0,5,0.375,11,3.5,Dropout
0,1,4,4,4,6.9375,0,0,1.0,1,1,1,0.0,0,0,1.0,0,3.4688,Dropout
0,1,5,5,0,0.0,0,5,0.0,5,5,0,0.0,0,5,0.0,10,0.0,Dropout
0,1,9,9,9,6.555555555555555,0,0,1.0,7,7,7,0.0,0,0,1.0,0,3.2778,Graduate
0,1,5,8,5,6.5,0,3,0.625,5,11,4,0.0,2,7,0.3636,10,3.25,Dropout
0,1,10,10,10,6.25,0,0,1.0,7,7,7,0.0,0,0,1.0,0,3.125,Graduate
0,1,18,18,18,7.055555555555555,0,0,1.0,13,13,13,0.0,0,0,1.0,0,3.5278,Graduate
0,1,11,11,11,7.363636363636364,0,0,1.0,9,9,9,0.0,0,0,1.0,0,3.6818,Graduate
1,0,6,6,0,0.0,0,6,0.0,5,6,0,0.0,0,6,0.0,12,0.0,Dropout
0,1,5,5,0,0.0,0,5,0.0,5,5,0,0.0,0,5,0.0,10,0.0,Dropout
1,0,5,5,0,0.0,0,5,0.0,5,5,0,0.0,0,5,0.0,10,0.0,Dropout
0,1,5,7,4,6.75,0,3,0.5714,5,6,5,0.0,0,1,0.8333,4,3.375,Graduate
0,1,8,8,7,6.552857142857142,0,1,0.875,8,8,7,0.0,0,1,0.875,2,3.2764,Graduate
0,1,5,8,5,6.75,2,3,0.625,5,5,5,0.0,0,0,1.0,3,3.375,Graduate
0,1,13,18,13,5.923076923076924,0,5,0.7222,11,11,11,0.0,0,0,1.0,5,2.9615,Graduate
0,1,5,5,0,0.0,0,5,0.0,5,5,0,0.0,0,5,0.0,10,0.0,Dropout
1,0,6,11,3,7.166666666666667,0,8,0.2727,6,6,0,0.0,0,6,0.0,14,3.5833,Dropout
0,1,5,10,5,7.9,0,5,0.5,5,5,5,0.0,0,0,1.0,5,3.95,Enrolled
0,1,6,16,5,6.9,0,11,0.3125,6,7,5,0.0,0,2,0.7143,13,3.45,Enrolled
1,1,10,18,6,6.333333333333333,0,12,0.3333,9,11,3,0.0,2,8,0.2727,20,3.1667,Dropout
0,1,6,10,6,6.5,0,4,0.6,6,9,6,0.0,0,3,0.6667,7,3.25,Enrolled
0,1,0,0,0,0.0,0,0,0.0,0,0,0,0.0,0,0,0.0,0,0.0,Graduate
0,0,6,6,1,5.5,0,5,0.1667,6,0,0,0.0,0,0,0.0,5,2.75,Dropout
0,0,5,9,0,0.0,4,9,0.0,5,9,0,0.0,3,9,0.0,18,0.0,Dropout
0,1,7,7,7,7.6,0,0,1.0,8,8,8,0.0,0,0,1.0,0,3.8,Graduate
0,1,6,7,6,7.214285714285714,0,1,0.8571,7,8,7,0.0,0,1,0.875,2,3.6071,Graduate
0,1,5,5,0,0.0,0,5,0.0,5,5,0,0.0,0,5,0.0,10,0.0,Dropout
0,1,0,0,0,0.0,0,0,0.0,0,0,0,0.0,0,0,0.0,0,0.0,Graduate
0,1,6,13,4,6.875,0,9,0.3077,6,8,5,0.0,0,3,0.625,12,3.4375,Enrolled
1,0,6,11,5,6.083333333333333,0,6,0.4545,6,15,3,0.0,0,12,0.2,18,3.0417,Dropout
0,1,6,12,5,6.071428571428571,0,7,0.4167,6,11,5,0.0,0,6,0.4545,13,3.0357,Graduate
0,1,6,9,6,6.0,0,3,0.6667,6,8,5,0.0,0,3,0.625,6,3.0,Graduate
0,1,5,10,3,5.833333333333333,1,7,0.3,5,7,4,0.0,0,3,0.5714,10,2.9167,Graduate
0,1,6,9,0,0.0,0,9,0.0,6,6,0,0.0,0,6,0.0,15,0.0,Dropout
0,1,6,10,6,5.9375,0,4,0.6,6,8,5,0.0,0,3,0.625,7,2.9688,Graduate
0,1,11,15,7,5.642857142857143,0,8,0.4667,7,10,6,0.0,0,4,0.6,12,2.8214,Enrolled
0,1,6,17,2,5.0,0,15,0.1176,6,15,3,0.0,0,12,0.2,27,2.5,Dropout
1,1,12,13,11,6.0,0,2,0.8462,11,15,10,0.0,0,5,0.6667,7,3.0,Enrolled
0,1,7,7,6,6.916666666666667,0,1,0.8571,6,7,5,0.0,0,2,0.7143,3,3.4583,Dropout
0,1,6,0,0,0.0,0,0,0.0,6,0,0,0.0,0,0,0.0,0,0.0,Dropout
0,1,6,7,6,7.214285714285714,0,1,0.8571,6,6,6,0.0,0,0,1.0,1,3.6071,Graduate
0,1,7,8,5,7.1,0,3,0.625,7,9,6,0.0,0,3,0.6667,6,3.55,Dropout
0,1,5,8,4,5.75,0,4,0.5,5,9,3,0.0,0,6,0.3333,10,2.875,Dropout
0,1,6,7,5,6.5,0,2,0.7143,6,6,6,0.0,0,0,1.0,2,3.25,Graduate
0,0,6,6,0,0.0,0,6,0.0,6,8,0,0.0,0,8,0.0,14,0.0,Dropout
1,0,6,12,3,5.666666666666667,0,9,0.25,6,13,2,0.0,0,11,0.1538,20,2.8333,Dropout
0,1,18,45,18,6.25,12,27,0.4,13,26,12,0.0,6,14,0.4615,41,3.125,Graduate
0,1,5,5,0,0.0,0,5,0.0,5,5,0,0.0,0,5,0.0,10,0.0,Dropout
0,1,7,7,7,6.735714285714286,0,0,1.0,8,9,8,0.0,0,1,0.8889,1,3.3679,Graduate
0,1,5,5,4,5.875,0,1,0.8,5,5,3,0.0,0,2,0.6,3,2.9375,Graduate
1,1,6,9,6,6.666666666666667,0,3,0.6667,6,10,6,0.0,0,4,0.6,7,3.3333,Graduate
0,1,8,8,8,6.5525,0,0,1.0,8,8,8,0.0,0,0,1.0,0,3.2763,Graduate
1,0,5,5,0,0.0,0,5,0.0,5,6,0,0.0,0,6,0.0,11,0.0,Dropout
0,1,6,6,6,7.75,0,0,1.0,6,7,6,0.0,0,1,0.8571,1,3.875,Graduate
1,0,0,0,0,0.0,0,0,0.0,0,0,0,0.0,0,0,0.0,0,0.0,Dropout
1,0,6,6,4,5.625,0,2,0.6667,6,7,3,0.0,0,4,0.4286,6,2.8125,Dropout
0,0,15,24,12,5.5,0,12,0.5,14,21,11,0.0,1,10,0.5238,22,2.75,Dropout
0,1,6,10,6,6.166666666666667,0,4,0.6,6,9,4,0.0,0,5,0.4444,9,3.0833,Graduate
0,1,9,18,8,5.6875,2,10,0.4444,5,11,5,0.0,0,6,0.4545,16,2.8438,Graduate
0,1,18,19,18,6.11111111111111,0,1,0.9474,12,15,12,0.0,0,3,0.8,4,3.0556,Graduate
0,1,0,0,0,0.0,0,0,0.0,0,0,0,0.0,0,0,0.0,0,0.0,Enrolled
0,1,9,11,9,6.0,0,2,0.8182,7,8,6,0.0,0,2,0.75,4,3.0,Graduate
1,1,5,10,1,5.5,0,9,0.1,5,10,1,0.0,0,9,0.1,18,2.75,Enrolled
0,1,16,17,16,7.0625,0,1,0.9412,11,14,10,0.0,0,4,0.7143,5,3.5312,Graduate
0,1,5,8,5,5.1,0,3,0.625,5,7,5,0.0,0,2,0.7143,5,2.55,Enrolled
0,1,5,7,4,6.0,1,3,0.5714,5,6,4,0.0,0,2,0.6667,5,3.0,Enrolled
0,1,9,11,9,6.166666666666667,0,2,0.8182,7,7,7,0.0,0,0,1.0,2,3.0833,Graduate
0,1,9,9,9,7.166666666666667,0,0,1.0,7,7,7,0.0,0,0,1.0,0,3.5833,Graduate
0,1,6,6,6,7.583333333333333,0,0,1.0,6,9,6,0.0,0,3,0.6667,3,3.7917,Graduate
0,1,6,8,6,7.571428571428571,0,2,0.75,6,8,6,0.0,0,2,0.75,4,3.7857,Graduate
0,1,6,0,0,0.0,0,0,0.0,6,0,0,0.0,0,0,0.0,0,0.0,Dropout
0,1,7,9,6,6.705714285714286,0,3,0.6667,8,12,7,0.0,0,5,0.5833,8,3.3529,Enrolled
0,1,6,7,6,6.166666666666667,0,1,0.8571,6,7,6,0.0,0,1,0.8571,2,3.0833,Graduate
0,1,6,13,4,5.9,0,9,0.3077,6,18,4,0.0,0,14,0.2222,23,2.95,Enrolled
1,1,6,9,6,6.0,0,3,0.6667,6,12,3,0.0,0,9,0.25,12,3.0,Dropout
0,1,6,7,6,7.5,0,1,0.8571,6,8,6,0.0,0,2,0.75,3,3.75,Graduate
0,1,12,12,8,6.9375,0,4,0.6667,11,13,9,0.0,1,4,0.6923,8,3.4688,Dropout
0,1,7,9,6,5.916666666666667,0,3,0.6667,7,7,6,0.0,0,1,0.8571,4,2.9583,Enrolled
0,1,6,6,6,6.25,0,0,1.0,6,6,6,0.0,0,0,1.0,0,3.125,Graduate
0,1,6,6,6,7.5,0,0,1.0,6,6,6,0.0,0,0,1.0,0,3.75,Graduate
1,1,6,10,2,5.833333333333333,0,8,0.2,6,10,4,0.0,0,6,0.4,14,2.9167,Dropout
0,1,7,10,7,7.334,0,3,0.7,8,8,8,0.0,0,0,1.0,3,3.667,Graduate
0,1,8,9,6,6.6725,2,3,0.6667,8,9,6,0.0,2,3,0.6667,6,3.3363,Enrolled
0,1,6,7,5,6.4,0,2,0.7143,6,6,6,0.0,0,0,1.0,2,3.2,Graduate
0,1,6,10,6,5.416666666666667,0,4,0.6,6,7,6,0.0,0,1,0.8571,5,2.7083,Graduate
0,1,6,6,6,6.833333333333333,0,0,1.0,6,6,5,0.0,0,1,0.8333,1,3.4167,Graduate
0,1,8,8,7,7.268571428571428,0,1,0.875,8,8,7,0.0,0,1,0.875,2,3.6343,Graduate
1,1,5,5,5,7.2,0,0,1.0,5,5,5,0.0,0,0,1.0,0,3.6,Dropout
0,1,0,0,0,0.0,0,0,0.0,0,0,0,0.0,0,0,0.0,0,0.0,Graduate
0,1,6,6,6,6.583333333333333,0,0,1.0,6,6,6,0.0,0,0,1.0,0,3.2917,Graduate
0,0,6,15,2,5.75,0,13,0.1333,7,9,0,0.0,0,9,0.0,22,2.875,Dropout
0,1,6,7,6,5.666666666666667,0,1,0.8571,6,7,6,0.0,0,1,0.8571,2,2.8333,Graduate
0,1,6,6,6,6.0,0,0,1.0,6,6,5,0.0,0,1,0.8333,1,3.0,Graduate
0,1,6,6,6,6.583333333333333,0,0,1.0,6,6,6,0.0,0,0,1.0,0,3.2917,Graduate
0,1,6,6,6,7.416666666666667,0,0,1.0,6,6,6,0.0,0,0,1.0,0,3.7083,Graduate
0,1,7,7,7,6.5,0,0,1.0,9,9,9,0.0,0,0,1.0,0,3.25,Graduate
0,1,7,8,7,6.543571428571428,0,1,0.875,8,8,8,0.0,0,0,1.0,1,3.2718,Graduate
0,1,6,8,6,6.666666666666667,0,2,0.75,6,7,6,0.0,0,1,0.8571,3,3.3333,Graduate
0,1,6,7,6,6.083333333333333,0,1,0.8571,6,10,4,0.0,0,6,0.4,7,3.0417,Enrolled
0,0,6,8,6,5.5,0,2,0.75,6,10,4,0.0,0,6,0.4,8,2.75,Enrolled
1,0,6,0,0,0.0,0,0,0.0,6,0,0,0.0,0,0,0.0,0,0.0,Dropout
0,1,5,7,5,6.8,0,2,0.7143,5,6,5,0.0,0,1,0.8333,3,3.4,Graduate
0,1,6,6,6,7.75,0,0,1.0,6,6,6,0.0,0,0,1.0,0,3.875,Graduate
0,1,7,7,7,6.928571428571429,0,0,1.0,7,7,7,0.0,0,0,1.0,0,3.4643,Graduate
1,1,5,10,2,5.75,0,8,0.2,5,8,3,0.0,0,5,0.375,13,2.875,Enrolled
0,1,6,6,6,6.5,0,0,1.0,6,6,6,0.0,0,0,1.0,0,3.25,Graduate
1,0,6,10,6,7.0,0,4,0.6,6,11,4,0.0,0,7,0.3636,11,3.5,Enrolled
0,1,4,4,0,0.0,0,4,0.0,6,0,0,0.0,0,0,0.0,4,0.0,Dropout
0,1,6,6,6,5.583333333333333,0,0,1.0,6,9,6,0.0,0,3,0.6667,3,2.7917,Enrolled
1,0,6,0,0,0.0,0,0,0.0,6,0,0,0.0,0,0,0.0,0,0.0,Dropout
0,1,7,8,7,6.071428571428571,0,1,0.875,7,9,6,0.0,0,3,0.6667,4,3.0357,Graduate
0,1,7,7,7,7.072857142857143,0,0,1.0,8,9,8,0.0,0,1,0.8889,1,3.5364,Graduate
0,1,7,7,7,7.225,0,0,1.0,8,9,8,0.0,0,1,0.8889,1,3.6125,Graduate
0,1,7,7,7,7.857142857142857,0,0,1.0,7,7,7,0.0,0,0,1.0,0,3.9286,Graduate
0,1,5,9,5,6.4,0,4,0.5556,5,11,3,0.0,0,8,0.2727,12,3.2,Enrolled
0,1,6,6,6,6.25,0,0,1.0,6,8,6,0.0,0,2,0.75,2,3.125,Enrolled
0,1,6,6,6,7.25,0,0,1.0,6,6,6,0.0,0,0,1.0,0,3.625,Graduate
0,0,7,7,7,6.731428571428572,0,0,1.0,8,10,7,0.0,0,3,0.7,3,3.3657,Enrolled
0,1,6,6,6,6.416666666666667,0,0,1.0,6,6,6,0.0,0,0,1.0,0,3.2083,Graduate
0,1,5,10,5,6.0,0,5,0.5,5,8,4,0.0,0,4,0.5,9,3.0,Graduate
0,1,0,0,0,0.0,0,0,0.0,0,0,0,0.0,0,0,0.0,0,0.0,Graduate
0,1,7,9,6,7.357142857142857,0,3,0.6667,7,16,6,0.0,0,10,0.375,13,3.6786,Enrolled
0,1,6,7,6,6.285714285714286,0,1,0.8571,6,7,6,0.0,0,1,0.8571,2,3.1429,Graduate
0,1,6,6,6,6.25,0,0,1.0,6,6,6,0.0,0,0,1.0,0,3.125,Graduate
0,1,6,8,6,7.0,0,2,0.75,6,9,5,0.0,0,4,0.5556,6,3.5,Graduate
0,1,7,8,7,5.785714285714286,0,1,0.875,7,9,6,0.0,0,3,0.6667,4,2.8929,Dropout
0,1,6,6,6,7.916666666666667,0,0,1.0,6,6,6,0.0,0,0,1.0,0,3.9583,Graduate
0,1,8,8,8,7.125,0,0,1.0,8,8,8,0.0,0,0,1.0,0,3.5625,Graduate
0,1,6,0,0,0.0,0,0,0.0,6,0,0,0.0,0,0,0.0,0,0.0,Dropout
0,1,6,8,6,5.833333333333333,0,2,0.75,6,10,6,0.0,0,4,0.6,6,2.9167,Dropout
0,1,6,12,0,0.0,0,12,0.0,5,10,0,0.0,0,10,0.0,22,0.0,Dropout
1,1,5,9,5,6.6,2,4,0.5556,5,7,2,0.0,2,5,0.2857,9,3.3,Enrolled
0,1,6,11,2,6.0,1,9,0.1818,6,12,1,0.0,1,11,0.0833,20,3.0,Dropout
0,1,5,6,0,0.0,0,6,0.0,5,5,0,0.0,0,5,0.0,11,0.0,Dropout
0,1,5,9,4,6.0,0,5,0.4444,5,10,2,0.0,0,8,0.2,13,3.0,Enrolled
0,1,5,10,3,6.666666666666667,0,7,0.3,5,9,4,0.0,0,5,0.4444,12,3.3333,Dropout
0,1,7,11,5,6.207142857142856,0,6,0.4545,7,13,2,0.0,0,11,0.1538,17,3.1036,Enrolled
0,0,5,5,0,0.0,0,5,0.0,5,5,0,0.0,0,5,0.0,10,0.0,Dropout
0,1,5,5,5,6.9,0,0,1.0,5,7,5,0.0,0,2,0.7143,2,3.45,Graduate
1,0,5,14,0,0.0,0,14,0.0,5,5,0,0.0,0,5,0.0,19,0.0,Dropout
0,0,5,10,4,5.75,0,6,0.4,5,11,4,0.0,0,7,0.3636,13,2.875,Enrolled
1,0,5,11,0,0.0,4,11,0.0,5,6,0,0.0,1,6,0.0,17,0.0,Dropout
0,1,7,7,6,7.008333333333333,0,1,0.8571,7,7,6,0.0,0,1,0.8571,2,3.5042,Graduate
0,1,6,9,5,5.7,0,4,0.5556,6,8,5,0.0,0,3,0.625,7,2.85,Graduate
1,0,0,0,0,0.0,0,0,0.0,0,0,0,0.0,0,0,0.0,0,0.0,Dropout
0,1,5,12,5,5.2,0,7,0.4167,5,11,5,0.0,0,6,0.4545,13,2.6,Graduate
0,1,5,11,3,5.333333333333333,0,8,0.2727,5,9,4,0.0,0,5,0.4444,13,2.6667,Graduate
0,1,5,9,4,7.125,0,5,0.4444,5,8,5,0.0,0,3,0.625,8,3.5625,Enrolled
0,1,7,7,7,6.957142857142856,0,0,1.0,8,8,8,0.0,0,0,1.0,0,3.4786,Graduate
0,1,7,9,7,6.880555555555556,0,2,0.7778,8,11,7,0.0,0,4,0.6364,6,3.4403,Graduate
0,1,6,10,5,6.3,0,5,0.5,6,9,4,0.0,0,5,0.4444,10,3.15,Enrolled
0,1,6,7,6,6.928571428571429,0,1,0.8571,6,6,6,0.0,0,0,1.0,1,3.4643,Graduate
0,1,8,8,7,6.921428571428572,0,1,0.875,8,8,7,0.0,0,1,0.875,2,3.4607,Graduate
1,0,5,12,0,0.0,0,12,0.0,5,8,0,0.0,0,8,0.0,20,0.0,Enrolled
0,1,6,6,5,5.9,0,1,0.8333,6,9,0,0.0,0,9,0.0,10,2.95,Dropout
0,1,6,6,6,6.333333333333333,0,0,1.0,6,6,6,0.0,0,0,1.0,0,3.1667,Dropout
0,1,6,6,0,0.0,0,6,0.0,6,6,0,0.0,0,6,0.0,12,0.0,Dropout
0,1,5,7,0,0.0,0,7,0.0,5,5,0,0.0,0,5,0.0,12,0.0,Dropout
0,1,6,11,4,5.375,0,7,0.3636,6,13,2,0.0,0,11,0.1538,18,2.6875,Dropout
0,1,5,7,5,6.3,0,2,0.7143,5,9,3,0.0,0,6,0.3333,8,3.15,Dropout
1,0,5,5,0,0.0,0,5,0.0,5,5,0,0.0,0,5,0.0,10,0.0,Dropout
0,1,7,7,2,6.0,0,5,0.2857,9,10,7,0.0,0,3,0.7,8,3.0,Dropout
1,0,6,7,3,7.0,0,4,0.4286,6,9,2,0.0,0,7,0.2222,11,3.5,Dropout
0,0,6,6,6,7.0,0,0,1.0,6,11,6,0.0,0,5,0.5455,5,3.5,Dropout
0,1,7,7,7,7.341428571428572,0,0,1.0,8,9,8,0.0,0,1,0.8889,1,3.6707,Graduate
0,1,3,3,0,0.0,3,3,0.0,5,0,0,0.0,0,0,0.0,3,0.0,Dropout
0,1,5,6,0,0.0,0,6,0.0,5,7,0,0.0,0,7,0.0,13,0.0,Dropout
0,1,6,7,6,6.928571428571429,0,1,0.8571,6,7,5,0.0,0,2,0.7143,3,3.4643,Graduate
0,1,0,0,0,0.0,0,0,0.0,0,0,0,0.0,0,0,0.0,0,0.0,Graduate
0,1,6,8,6,6.571428571428571,0,2,0.75,6,7,6,0.0,0,1,0.8571,3,3.2857,Graduate
0,1,5,14,1,9.0,0,13,0.0714,5,9,2,0.0,0,7,0.2222,20,4.5,Dropout
0,1,15,15,13,5.730769230769231,0,2,0.8667,11,15,10,0.0,1,5,0.6667,7,2.8654,Graduate
0,1,7,14,5,5.6,0,9,0.3571,8,11,6,0.0,0,5,0.5455,14,2.8,Enrolled
1,1,6,6,5,7.5,0,1,0.8333,6,8,4,0.0,0,4,0.5,5,3.75,Graduate
0,1,7,9,7,7.122222222222222,0,2,0.7778,8,12,8,0.0,0,4,0.6667,6,3.5611,Graduate
0,1,6,8,4,5.75,0,4,0.5,6,7,5,0.0,0,2,0.7143,6,2.875,Dropout
0,1,7,7,2,5.0,0,5,0.2857,7,7,0,0.0,0,7,0.0,12,2.5,Dropout
0,1,5,7,3,6.166666666666667,0,4,0.4286,5,5,5,0.0,0,0,1.0,4,3.0833,Graduate
0,1,7,8,5,6.1,0,3,0.625,9,10,7,0.0,1,3,0.7,6,3.05,Dropout
0,1,6,6,6,6.833333333333333,0,0,1.0,6,7,5,0.0,0,2,0.7143,2,3.4167,Graduate
0,1,0,0,0,0.0,0,0,0.0,0,0,0,0.0,0,0,0.0,0,0.0,Graduate
1,0,6,15,1,5.5,0,14,0.0667,6,10,0,0.0,0,10,0.0,24,2.75,Dropout
1,0,6,8,3,6.5,0,5,0.375,10,14,6,0.0,0,8,0.4286,13,3.25,Dropout
0,1,8,12,7,6.299999999999999,0,5,0.5833,8,12,7,0.0,0,5,0.5833,10,3.15,Graduate
0,1,10,11,10,6.1,0,1,0.9091,10,12,9,0.0,0,3,0.75,4,3.05,Graduate
0,1,6,6,6,6.583333333333333,0,0,1.0,6,6,6,0.0,0,0,1.0,0,3.2917,Graduate
0,1,7,16,6,5.5,0,10,0.375,7,9,7,0.0,0,2,0.7778,12,2.75,Graduate
0,1,7,7,7,7.007142857142857,0,0,1.0,8,8,8,0.0,0,0,1.0,0,3.5036,Graduate
0,1,6,9,4,6.5,0,5,0.4444,6,13,4,0.0,0,9,0.3077,14,3.25,Graduate
0,1,6,6,6,7.0,0,0,1.0,6,6,6,0.0,0,0,1.0,0,3.5,Graduate
0,0,0,0,0,0.0,0,0,0.0,0,0,0,0.0,0,0,0.0,0,0.0,Dropout
0,1,8,8,7,7.214285714285714,0,1,0.875,8,8,7,0.0,0,1,0.875,2,3.6071,Graduate
0,0,5,9,0,0.0,0,9,0.0,5,10,0,0.0,0,10,0.0,19,0.0,Dropout
0,1,18,45,18,5.916666666666667,10,27,0.4,13,27,13,0.0,5,14,0.4815,41,2.9583,Graduate
0,0,5,12,3,5.666666666666667,0,9,0.25,5,10,1,0.0,0,9,0.1,18,2.8333,Dropout
0,1,6,9,6,6.25,0,3,0.6667,6,9,6,0.0,0,3,0.6667,6,3.125,Graduate
0,1,12,12,12,6.666666666666667,0,0,1.0,12,12,11,0.0,0,1,0.9167,1,3.3333,Graduate
0,1,6,10,6,5.416666666666667,0,4,0.6,6,10,4,0.0,0,6,0.4,10,2.7083,Enrolled
0,1,6,6,6,6.5,0,0,1.0,6,6,6,0.0,0,0,1.0,0,3.25,Graduate
0,1,5,7,2,5.0,0,5,0.2857,5,11,2,0.0,0,9,0.1818,14,2.5,Dropout
0,1,6,8,6,5.714285714285714,0,2,0.75,6,11,5,0.0,0,6,0.4545,8,2.8571,Graduate
0,1,8,8,8,6.44375,0,0,1.0,8,8,8,0.0,0,0,1.0,0,3.2219,Graduate
0,1,7,7,6,6.475,0,1,0.8571,7,7,6,0.0,0,1,0.8571,2,3.2375,Graduate
0,1,5,12,1,5.0,2,11,0.0833,5,5,0,0.0,0,5,0.0,16,2.5,Dropout
0,1,7,7,7,6.547142857142857,0,0,1.0,8,8,8,0.0,0,0,1.0,0,3.2736,Graduate
0,1,6,7,0,0.0,0,7,0.0,6,6,0,0.0,0,6,0.0,13,0.0,Dropout
0,1,6,12,5,5.857142857142857,0,7,0.4167,6,11,6,0.0,0,5,0.5455,12,2.9286,Graduate
0,1,6,8,4,5.625,0,4,0.5,6,15,3,0.0,0,12,0.2,16,2.8125,Enrolled
0,1,0,0,0,0.0,0,0,0.0,0,0,0,0.0,0,0,0.0,0,0.0,Dropout
0,1,6,6,6,6.583333333333333,0,0,1.0,6,6,6,0.0,0,0,1.0,0,3.2917,Graduate
0,1,5,7,4,6.375,0,3,0.5714,5,5,5,0.0,0,0,1.0,3,3.1875,Graduate
0,0,5,6,5,5.3,0,1,0.8333,5,9,2,0.0,0,7,0.2222,8,2.65,Dropout
0,1,6,8,5,5.6,0,3,0.625,6,6,6,0.0,0,0,1.0,3,2.8,Graduate
0,1,7,0,0,0.0,0,0,0.0,8,0,0,0.0,0,0,0.0,0,0.0,Dropout
0,1,6,6,6,6.5,0,0,1.0,6,6,6,0.0,0,0,1.0,0,3.25,Graduate
0,1,5,10,0,0.0,0,10,0.0,5,5,0,0.0,0,5,0.0,15,0.0,Dropout
0,1,6,0,0,0.0,0,0,0.0,6,0,0,0.0,0,0,0.0,0,0.0,Dropout
0,1,6,8,6,7.083333333333333,0,2,0.75,6,9,6,0.0,0,3,0.6667,5,3.5417,Graduate
0,1,6,10,5,6.416666666666667,0,5,0.5,6,6,6,0.0,0,0,1.0,5,3.2083,Graduate
0,1,6,11,4,5.875,0,7,0.3636,6,9,5,0.0,0,4,0.5556,11,2.9375,Graduate
0,1,6,8,6,5.416666666666667,0,2,0.75,6,7,6,0.0,0,1,0.8571,3,2.7083,Graduate
0,1,6,8,4,5.875,0,4,0.5,6,8,4,0.0,0,4,0.5,8,2.9375,Dropout
0,0,7,14,3,5.75,0,11,0.2143,7,9,2,0.0,0,7,0.2222,18,2.875,Dropout
0,1,5,14,2,5.0,0,12,0.1429,5,7,3,0.0,0,4,0.4286,16,2.5,Enrolled
0,1,7,7,6,6.85,0,1,0.8571,7,7,6,0.0,0,1,0.8571,2,3.425,Graduate
0,1,5,8,1,7.0,2,7,0.125,5,12,0,0.0,4,12,0.0,19,3.5,Dropout
1,1,8,12,7,5.6875,0,5,0.5833,7,10,6,0.0,0,4,0.6,9,2.8438,Enrolled
1,1,6,17,0,0.0,0,17,0.0,6,6,0,0.0,0,6,0.0,23,0.0,Enrolled
0,1,6,10,0,0.0,4,10,0.0,6,0,0,0.0,0,0,0.0,10,0.0,Dropout
0,1,5,9,1,5.5,0,8,0.1111,5,9,2,0.0,0,7,0.2222,15,2.75,Enrolled
0,1,7,10,6,6.5,0,4,0.6,7,7,7,0.0,0,0,1.0,4,3.25,Graduate
0,1,11,15,8,6.8,0,7,0.5333,8,10,8,0.0,0,2,0.8,9,3.4,Graduate
0,1,5,8,3,5.5,0,5,0.375,5,9,2,0.0,0,7,0.2222,12,2.75,Dropout
0,1,8,11,7,5.852857142857142,0,4,0.6364,8,11,7,0.0,0,4,0.6364,8,2.9264,Enrolled
0,1,12,12,12,6.625,0,0,1.0,11,14,11,0.0,0,3,0.7857,3,3.3125,Graduate
0,1,7,15,1,5.375,0,14,0.0667,7,10,1,0.0,0,9,0.1,23,2.6875,Dropout
0,1,6,8,6,6.0,0,2,0.75,7,8,7,0.0,0,1,0.875,3,3.0,Enrolled
0,1,6,7,6,6.333333333333333,0,1,0.8571,6,8,4,0.0,0,4,0.5,5,3.1667,Enrolled
0,0,6,8,5,5.7,0,3,0.625,6,9,3,0.0,0,6,0.3333,9,2.85,Dropout
0,1,6,6,6,6.5,0,0,1.0,6,8,5,0.0,0,3,0.625,3,3.25,Graduate
0,1,6,8,6,7.0,0,2,0.75,6,8,6,0.0,0,2,0.75,4,3.5,Graduate
0,1,6,11,0,0.0,0,11,0.0,5,10,0,0.0,0,10,0.0,21,0.0,Enrolled
0,1,6,0,0,0.0,0,0,0.0,6,0,0,0.0,0,0,0.0,0,0.0,Dropout
0,1,7,7,7,7.642857142857143,0,0,1.0,8,8,8,0.0,0,0,1.0,0,3.8214,Graduate
0,1,6,6,6,6.583333333333333,0,0,1.0,6,6,6,0.0,0,0,1.0,0,3.2917,Graduate
1,1,5,7,5,6.8,0,2,0.7143,5,11,5,0.0,5,6,0.4545,8,3.4,Graduate
0,0,4,8,0,0.0,0,8,0.0,4,8,0,0.0,0,8,0.0,16,0.0,Dropout
0,1,10,12,10,5.7,0,2,0.8333,9,9,4,0.0,0,5,0.4444,7,2.85,Graduate
0,1,5,0,0,0.0,0,0,0.0,5,0,0,0.0,0,0,0.0,0,0.0,Dropout
0,1,5,7,5,5.5,0,2,0.7143,5,5,5,0.0,0,0,1.0,2,2.75,Graduate
1,0,5,9,0,0.0,0,9,0.0,5,11,0,0.0,0,11,0.0,20,0.0,Dropout
0,1,6,7,6,6.785714285714286,0,1,0.8571,6,6,6,0.0,0,0,1.0,1,3.3929,Graduate
0,1,7,0,0,0.0,0,0,0.0,8,0,0,0.0,0,0,0.0,0,0.0,Dropout
0,1,10,14,4,5.625,0,10,0.2857,11,11,4,0.0,0,7,0.3636,17,2.8125,Dropout
0,1,5,6,3,6.666666666666667,0,3,0.5,5,5,1,0.0,0,4,0.2,7,3.3333,Dropout
0,1,6,6,6,6.0,0,0,1.0,6,7,6,0.0,0,1,0.8571,1,3.0,Graduate
0,1,6,6,6,6.25,0,0,1.0,6,7,5,0.0,0,2,0.7143,2,3.125,Graduate
0,1,5,6,5,6.6,0,1,0.8333,5,6,5,0.0,0,1,0.8333,2,3.3,Graduate
0,0,5,5,0,0.0,0,5,0.0,4,4,0,0.0,0,4,0.0,9,0.0,Dropout
0,0,5,7,3,5.833333333333333,0,4,0.4286,5,8,2,0.0,1,6,0.25,10,2.9167,Dropout
0,1,15,16,15,6.733333333333334,1,1,0.9375,14,14,14,0.0,0,0,1.0,1,3.3667,Graduate
0,1,5,7,3,6.833333333333333,0,4,0.4286,5,5,5,0.0,0,0,1.0,4,3.4167,Graduate
0,1,5,9,2,5.833333333333333,0,7,0.2222,5,9,2,0.0,2,7,0.2222,14,2.9167,Enrolled
0,1,6,7,6,5.833333333333333,0,1,0.8571,6,12,5,0.0,0,7,0.4167,8,2.9167,Graduate
0,1,6,9,5,6.7,0,4,0.5556,6,9,5,0.0,0,4,0.5556,8,3.35,Graduate
0,0,5,5,0,0.0,0,5,0.0,5,6,0,0.0,0,6,0.0,11,0.0,Dropout
0,1,6,9,0,0.0,0,9,0.0,6,6,0,0.0,0,6,0.0,15,0.0,Dropout
0,0,5,5,0,0.0,0,5,0.0,5,5,0,0.0,0,5,0.0,10,0.0,Dropout
0,1,5,6,3,5.333333333333333,0,3,0.5,5,9,2,0.0,0,7,0.2222,10,2.6667,Enrolled
0,1,5,5,4,6.875,0,1,0.8,5,5,4,0.0,0,1,0.8,2,3.4375,Graduate
0,1,5,5,1,5.0,0,4,0.2,5,5,0,0.0,0,5,0.0,9,2.5,Dropout
0,0,5,11,0,0.0,0,11,0.0,5,5,0,0.0,0,5,0.0,16,0.0,Dropout
0,1,2,4,1,8.0,0,3,0.25,4,5,4,0.0,0,1,0.8,4,4.0,Graduate
0,1,5,9,5,6.142857142857143,0,4,0.5556,5,8,5,0.0,0,3,0.625,7,3.0714,Graduate
1,0,5,10,3,6.0,0,7,0.3,5,8,3,0.0,0,5,0.375,12,3.0,Enrolled
0,1,7,7,6,6.333333333333333,1,1,0.8571,7,7,6,0.0,1,1,0.8571,2,3.1667,Graduate
0,1,5,6,5,5.9,0,1,0.8333,5,7,4,0.0,1,3,0.5714,4,2.95,Graduate
1,0,5,6,5,5.3,0,1,0.8333,5,7,5,0.0,0,2,0.7143,3,2.65,Dropout
0,1,11,16,9,5.95,0,7,0.5625,9,14,8,0.0,0,6,0.5714,13,2.975,Graduate
0,1,6,8,4,5.625,0,4,0.5,5,8,2,0.0,0,6,0.25,10,2.8125,Dropout
0,1,5,9,4,5.5,0,5,0.4444,5,6,5,0.0,0,1,0.8333,6,2.75,Enrolled
0,1,6,6,6,6.0,0,0,1.0,6,6,6,0.0,0,0,1.0,0,3.0,Graduate
0,1,5,10,4,5.875,0,6,0.4,5,10,4,0.0,0,6,0.4,12,2.9375,Enrolled
0,1,5,8,2,5.0,0,6,0.25,5,8,1,0.0,0,7,0.125,13,2.5,Dropout
0,1,8,8,7,6.857142857142857,0,1,0.875,8,8,7,0.0,0,1,0.875,2,3.4286,Graduate
0,1,6,14,6,7.4375,0,8,0.4286,6,12,6,0.0,0,6,0.5,14,3.7188,Graduate
0,1,6,7,5,5.4,1,2,0.7143,6,6,0,0.0,0,6,0.0,8,2.7,Dropout
0,1,6,11,3,6.0,0,8,0.2727,6,12,2,0.0,0,10,0.1667,18,3.0,Dropout
1,0,6,10,5,6.25,0,5,0.5,6,19,2,0.0,0,17,0.1053,22,3.125,Dropout
0,1,7,7,7,7.364285714285714,0,0,1.0,8,11,8,0.0,0,3,0.7273,3,3.6821,Graduate
0,1,6,8,6,6.0,0,2,0.75,6,8,5,0.0,0,3,0.625,5,3.0,Graduate
0,1,6,8,6,5.714285714285714,0,2,0.75,6,7,6,0.0,0,1,0.8571,3,2.8571,Dropout
0,1,6,6,6,7.083333333333333,0,0,1.0,6,6,6,0.0,0,0,1.0,0,3.5417,Graduate
0,1,6,12,5,6.25,0,7,0.4167,6,10,5,0.0,0,5,0.5,12,3.125,Graduate
0,1,6,6,6,7.083333333333333,0,0,1.0,6,6,6,0.0,0,0,1.0,0,3.5417,Graduate
0,1,7,10,5,7.23,0,5,0.5,7,8,6,0.0,0,2,0.75,7,3.615,Enrolled
0,1,6,12,5,6.4,0,7,0.4167,6,19,2,0.0,0,17,0.1053,24,3.2,Enrolled
0,1,6,8,6,6.333333333333333,0,2,0.75,6,8,5,0.0,0,3,0.625,5,3.1667,Graduate
0,1,6,6,6,6.25,0,0,1.0,6,6,6,0.0,0,0,1.0,0,3.125,Dropout
0,1,6,0,0,0.0,0,0,0.0,6,0,0,0.0,0,0,0.0,0,0.0,Dropout
0,0,6,0,0,0.0,0,0,0.0,6,0,0,0.0,0,0,0.0,0,0.0,Dropout
0,1,0,0,0,0.0,0,0,0.0,0,0,0,0.0,0,0,0.0,0,0.0,Graduate
0,1,5,8,5,5.6,0,3,0.625,5,5,3,0.0,0,2,0.6,5,2.8,Graduate
0,1,6,6,6,8.25,0,0,1.0,6,7,6,0.0,0,1,0.8571,1,4.125,Dropout
0,1,5,9,3,6.833333333333333,1,6,0.3333,5,5,5,0.0,0,0,1.0,6,3.4167,Graduate
0,1,8,8,7,7.614285714285714,0,1,0.875,8,8,7,0.0,0,1,0.875,2,3.8071,Graduate
0,1,9,10,9,6.38888888888889,0,1,0.9,9,9,9,0.0,0,0,1.0,1,3.1944,Graduate
0,1,8,8,7,7.214285714285714,0,1,0.875,8,8,7,0.0,0,1,0.875,2,3.6071,Graduate
0,1,6,8,6,6.9375,0,2,0.75,6,7,6,0.0,0,1,0.8571,3,3.4688,Graduate
0,1,7,10,7,6.564,0,3,0.7,8,13,6,0.0,0,7,0.4615,10,3.282,Graduate
0,1,7,9,6,5.8025,0,3,0.6667,8,10,7,0.0,0,3,0.7,6,2.9013,Graduate
0,1,5,5,5,7.3,0,0,1.0,5,8,5,0.0,0,3,0.625,3,3.65,Graduate
0,1,6,0,0,0.0,0,0,0.0,6,0,0,0.0,0,0,0.0,0,0.0,Dropout
0,1,5,6,5,5.9,0,1,0.8333,5,6,5,0.0,0,1,0.8333,2,2.95,Graduate
0,1,6,6,6,6.166666666666667,0,0,1.0,6,6,6,0.0,0,0,1.0,0,3.0833,Graduate
1,1,5,5,4,5.5,0,1,0.8,5,5,0,0.0,0,5,0.0,6,2.75,Dropout
0,1,11,11,11,6.590909090909091,0,0,1.0,11,11,11,0.0,0,0,1.0,0,3.2955,Graduate
1,0,6,6,1,5.5,0,5,0.1667,6,0,0,0.0,0,0,0.0,5,2.75,Dropout
1,1,6,6,6,5.916666666666667,0,0,1.0,6,7,6,0.0,0,1,0.8571,1,2.9583,Graduate
0,1,8,8,8,6.490625,0,0,1.0,8,8,8,0.0,0,0,1.0,0,3.2453,Graduate
0,1,7,10,6,5.666666666666667,0,4,0.6,5,6,5,0.0,0,1,0.8333,5,2.8333,Graduate
0,1,8,12,6,5.84,0,6,0.5,8,12,6,0.0,0,6,0.5,12,2.92,Graduate
0,1,6,6,6,7.25,0,0,1.0,6,7,6,0.0,0,1,0.8571,1,3.625,Graduate
0,1,7,7,7,6.571428571428571,0,0,1.0,7,8,7,0.0,0,1,0.875,1,3.2857,Graduate
0,0,5,8,2,5.75,0,6,0.25,5,7,2,0.0,0,5,0.2857,11,2.875,Dropout
0,1,5,6,5,7.1,0,1,0.8333,5,7,5,0.0,0,2,0.7143,3,3.55,Graduate
0,1,6,8,5,5.833333333333333,0,3,0.625,6,7,5,0.0,0,2,0.7143,5,2.9167,Graduate
0,1,7,8,7,6.5875,0,1,0.875,8,8,8,0.0,0,0,1.0,1,3.2938,Graduate
0,1,8,8,7,6.657142857142858,0,1,0.875,8,8,7,0.0,0,1,0.875,2,3.3286,Graduate
0,1,5,13,3,5.3,0,10,0.2308,5,12,3,0.0,0,9,0.25,19,2.65,Graduate
0,1,6,11,4,6.0,0,7,0.3636,6,8,4,0.0,0,4,0.5,11,3.0,Enrolled
0,1,6,7,6,6.714285714285714,0,1,0.8571,6,7,6,0.0,0,1,0.8571,2,3.3571,Graduate
0,1,5,7,4,6.625,0,3,0.5714,5,8,5,0.0,0,3,0.625,6,3.3125,Graduate
0,1,6,6,2,6.5,0,4,0.3333,6,6,0,0.0,0,6,0.0,10,3.25,Dropout
0,1,6,6,6,7.166666666666667,0,0,1.0,6,7,6,0.0,0,1,0.8571,1,3.5833,Enrolled
0,1,6,0,0,0.0,0,0,0.0,6,0,0,0.0,0,0,0.0,0,0.0,Dropout
0,1,6,6,6,7.0,0,0,1.0,6,6,6,0.0,0,0,1.0,0,3.5,Graduate
0,1,2,2,2,6.0,0,0,1.0,6,11,6,0.0,0,5,0.5455,5,3.0,Graduate
0,1,6,9,5,6.166666666666667,0,4,0.5556,6,10,5,0.0,0,5,0.5,9,3.0833,Enrolled
0,1,6,8,5,5.9,0,3,0.625,6,7,5,0.0,1,2,0.7143,5,2.95,Graduate
0,1,8,8,7,6.395714285714286,1,1,0.875,8,8,7,0.0,1,1,0.875,2,3.1979,Graduate
0,1,8,8,8,5.8125,0,0,1.0,7,12,5,0.0,0,7,0.4167,7,2.9062,Graduate
0,1,7,11,6,5.997222222222222,0,5,0.5455,8,11,7,0.0,0,4,0.6364,9,2.9986,Graduate
0,1,6,9,5,5.8,0,4,0.5556,6,12,5,0.0,0,7,0.4167,11,2.9,Graduate
0,1,5,5,0,0.0,0,5,0.0,5,6,0,0.0,0,6,0.0,11,0.0,Dropout
0,1,6,8,6,6.583333333333333,0,2,0.75,6,7,6,0.0,0,1,0.8571,3,3.2917,Dropout
0,1,8,8,7,7.05,0,1,0.875,8,8,7,0.0,0,1,0.875,2,3.525,Graduate
0,1,7,8,6,6.198333333333334,0,2,0.75,8,9,7,0.0,0,2,0.7778,4,3.0992,Graduate
0,1,7,7,7,7.507142857142857,0,0,1.0,8,8,8,0.0,0,0,1.0,0,3.7536,Graduate
0,1,0,0,0,0.0,0,0,0.0,0,0,0,0.0,0,0,0.0,0,0.0,Graduate
0,1,7,8,7,7.025,0,1,0.875,8,8,8,0.0,0,0,1.0,1,3.5125,Graduate
0,1,7,8,7,7.425,0,1,0.875,8,8,8,0.0,0,0,1.0,1,3.7125,Dropout
0,1,6,10,6,6.5,0,4,0.6,6,19,5,0.0,0,14,0.2632,18,3.25,Graduate
0,1,7,8,7,7.39375,0,1,0.875,8,8,8,0.0,0,0,1.0,1,3.6969,Graduate
0,1,7,7,7,6.85,0,0,1.0,8,9,7,0.0,0,2,0.7778,2,3.425,Graduate
0,1,7,7,7,6.247857142857143,0,0,1.0,8,9,7,0.0,0,2,0.7778,2,3.1239,Dropout
0,1,7,7,6,7.283333333333334,0,1,0.8571,7,7,6,0.0,0,1,0.8571,2,3.6417,Graduate
1,0,5,5,5,5.6,0,0,1.0,5,5,4,0.0,0,1,0.8,1,2.8,Dropout
0,1,8,8,7,6.342857142857142,0,1,0.875,8,8,7,0.0,0,1,0.875,2,3.1714,Graduate
1,0,9,12,7,6.785714285714286,0,5,0.5833,9,14,4,0.0,0,10,0.2857,15,3.3929,Dropout
0,1,6,0,0,0.0,0,0,0.0,6,0,0,0.0,0,0,0.0,0,0.0,Dropout
0,1,6,8,5,5.5,0,3,0.625,6,7,6,0.0,0,1,0.8571,4,2.75,Graduate
0,1,8,8,8,7.2225,0,0,1.0,8,8,8,0.0,0,0,1.0,0,3.6113,Graduate
1,1,6,9,5,6.8,0,4,0.5556,6,10,4,0.0,0,6,0.4,10,3.4,Enrolled
1,0,12,12,11,7.0,0,1,0.9167,10,11,8,0.0,0,3,0.7273,4,3.5,Dropout
0,1,7,7,6,6.708333333333333,0,1,0.8571,7,7,6,0.0,0,1,0.8571,2,3.3542,Graduate
0,1,5,8,5,6.166666666666667,2,3,0.625,5,7,5,0.0,0,2,0.7143,5,3.0833,Graduate
0,1,7,8,7,6.55,0,1,0.875,8,8,8,0.0,0,0,1.0,1,3.275,Graduate
0,1,6,9,4,6.6,0,5,0.4444,6,10,5,0.0,0,5,0.5,10,3.3,Graduate
0,1,8,8,8,7.375,0,0,1.0,8,8,8,0.0,0,0,1.0,0,3.6875,Graduate
0,1,6,7,6,6.571428571428571,0,1,0.8571,6,6,6,0.0,0,0,1.0,1,3.2857,Graduate
0,1,6,9,4,6.25,0,5,0.4444,6,9,5,0.0,0,4,0.5556,9,3.125,Enrolled
0,1,5,6,4,6.875,0,2,0.6667,5,8,5,0.0,0,3,0.625,5,3.4375,Graduate
0,1,6,11,5,6.2,0,6,0.4545,6,7,6,0.0,0,1,0.8571,7,3.1,Graduate
0,1,6,6,6,6.666666666666667,0,0,1.0,6,6,6,0.0,0,0,1.0,0,3.3333,Graduate
0,0,11,11,11,5.863636363636364,0,0,1.0,8,8,8,0.0,0,0,1.0,0,2.9318,Dropout
0,1,6,8,4,6.25,0,4,0.5,6,11,1,0.0,0,10,0.0909,14,3.125,Dropout
1,1,0,0,0,0.0,0,0,0.0,0,0,0,0.0,0,0,0.0,0,0.0,Dropout
0,1,7,8,6,6.766666666666666,0,2,0.75,8,9,7,0.0,0,2,0.7778,4,3.3833,Graduate
0,1,6,6,6,6.583333333333333,0,0,1.0,6,6,6,0.0,0,0,1.0,0,3.2917,Graduate
0,1,6,9,5,6.6,0,4,0.5556,6,8,5,0.0,0,3,0.625,7,3.3,Graduate
0,1,6,7,5,6.1,0,2,0.7143,6,7,4,0.0,0,3,0.5714,5,3.05,Enrolled
0,1,7,7,7,6.714285714285714,0,0,1.0,7,7,7,0.0,0,0,1.0,0,3.3571,Graduate
0,1,6,8,6,6.357142857142857,1,2,0.75,6,8,6,0.0,0,2,0.75,4,3.1786,Graduate
0,1,6,0,0,0.0,0,0,0.0,6,0,0,0.0,0,0,0.0,0,0.0,Dropout
0,1,6,6,6,6.833333333333333,0,0,1.0,6,9,6,0.0,0,3,0.6667,3,3.4167,Graduate
1,1,6,6,5,5.5,0,1,0.8333,6,6,6,0.0,0,0,1.0,1,2.75,Graduate
0,1,7,11,5,5.7,0,6,0.4545,7,9,6,0.0,0,3,0.6667,9,2.85,Enrolled
0,1,0,0,0,0.0,0,0,0.0,0,0,0,0.0,0,0,0.0,0,0.0,Enrolled
0,1,5,7,4,6.0,0,3,0.5714,5,6,5,0.0,0,1,0.8333,4,3.0,Graduate
0,1,6,6,0,0.0,0,6,0.0,6,0,0,0.0,0,0,0.0,6,0.0,Dropout
0,1,6,14,5,5.5,0,9,0.3571,6,6,6,0.0,0,0,1.0,9,2.75,Graduate
0,1,6,12,5,6.0,0,7,0.4167,6,8,6,0.0,0,2,0.75,9,3.0,Dropout
0,1,7,7,7,6.654285714285714,0,0,1.0,8,10,8,0.0,0,2,0.8,2,3.3271,Graduate
1,0,6,8,3,6.833333333333333,0,5,0.375,6,7,3,0.0,0,4,0.4286,9,3.4167,Dropout
1,0,6,6,0,0.0,0,6,0.0,6,9,0,0.0,0,9,0.0,15,0.0,Dropout
0,1,6,10,5,6.1,0,5,0.5,6,8,4,0.0,0,4,0.5,9,3.05,Graduate
0,1,6,7,6,6.333333333333333,0,1,0.8571,6,6,6,0.0,0,0,1.0,1,3.1667,Graduate
0,1,8,8,8,7.035625,0,0,1.0,8,8,8,0.0,0,0,1.0,0,3.5178,Graduate
0,1,5,14,4,7.125,3,10,0.2857,5,9,5,0.0,4,4,0.5556,14,3.5625,Dropout
0,0,6,0,0,0.0,0,0,0.0,2,2,0,0.0,2,2,0.0,2,0.0,Dropout
0,1,6,10,3,6.0,0,7,0.3,6,8,4,0.0,0,4,0.5,11,3.0,Enrolled
0,1,10,18,6,5.583333333333333,2,12,0.3333,10,16,7,0.0,0,9,0.4375,21,2.7917,Enrolled
0,1,6,12,2,6.5,0,10,0.1667,6,8,5,0.0,0,3,0.625,13,3.25,Graduate
0,1,0,0,0,0.0,0,0,0.0,0,0,0,0.0,0,0,0.0,0,0.0,Dropout
0,1,8,8,7,7.450714285714286,1,1,0.875,8,8,7,0.0,1,1,0.875,2,3.7254,Dropout
1,1,7,8,7,6.325,0,1,0.875,8,9,8,0.0,0,1,0.8889,2,3.1625,Graduate
0,0,12,12,7,5.5,0,5,0.5833,5,5,5,0.0,0,0,1.0,5,2.75,Dropout
0,1,5,7,4,6.2,0,3,0.5714,5,9,5,0.0,0,4,0.5556,7,3.1,Graduate
0,1,6,7,6,6.0,0,1,0.8571,6,7,6,0.0,0,1,0.8571,2,3.0,Graduate
0,1,7,8,7,6.067857142857143,0,1,0.875,8,10,7,0.0,0,3,0.7,4,3.0339,Graduate
0,1,7,10,5,6.31,0,5,0.5,7,8,6,0.0,0,2,0.75,7,3.155,Enrolled
0,1,5,11,3,5.333333333333333,0,8,0.2727,5,11,3,0.0,0,8,0.2727,16,2.6667,Enrolled
0,1,7,12,6,6.883333333333333,0,6,0.5,8,10,7,0.0,0,3,0.7,9,3.4417,Graduate
0,1,8,8,8,6.558125,0,0,1.0,8,8,8,0.0,0,0,1.0,0,3.2791,Graduate
0,0,5,5,0,0.0,0,5,0.0,6,0,0,0.0,0,0,0.0,5,0.0,Dropout
0,1,7,9,6,6.35,0,3,0.6667,8,8,7,0.0,0,1,0.875,4,3.175,Graduate
0,1,7,11,7,5.928571428571429,0,4,0.6364,8,21,5,0.0,0,16,0.2381,20,2.9643,Enrolled
0,1,7,7,6,6.166666666666667,0,1,0.8571,7,7,6,0.0,0,1,0.8571,2,3.0833,Graduate
0,1,6,9,4,7.875,0,5,0.4444,6,10,5,0.0,0,5,0.5,10,3.9375,Enrolled
0,1,5,6,5,6.666666666666667,0,1,0.8333,5,6,5,0.0,0,1,0.8333,2,3.3333,Graduate
0,1,7,9,7,7.177777777777777,0,2,0.7778,8,8,8,0.0,0,0,1.0,2,3.5889,Graduate
1,1,6,8,6,6.5,0,2,0.75,6,11,5,0.0,0,6,0.4545,8,3.25,Graduate
0,1,6,6,6,6.416666666666667,0,0,1.0,6,6,6,0.0,0,0,1.0,0,3.2083,Graduate
0,1,5,5,5,6.6,0,0,1.0,5,5,4,0.0,0,1,0.8,1,3.3,Graduate
0,1,7,9,7,8.502777777777778,0,2,0.7778,8,9,8,0.0,0,1,0.8889,3,4.2514,Graduate
1,0,6,8,5,5.3,0,3,0.625,6,8,5,0.0,0,3,0.625,6,2.65,Graduate
0,1,5,5,5,7.0,0,0,1.0,5,6,5,0.0,0,1,0.8333,1,3.5,Graduate
0,1,8,8,7,6.057142857142857,0,1,0.875,8,8,7,0.0,0,1,0.875,2,3.0286,Graduate
0,1,8,8,8,6.529375,0,0,1.0,8,8,8,0.0,0,0,1.0,0,3.2647,Graduate
0,1,8,8,7,6.642857142857143,0,1,0.875,8,8,7,0.0,0,1,0.875,2,3.3214,Graduate
0,1,5,9,4,5.5,0,5,0.4444,5,8,3,0.0,0,5,0.375,10,2.75,Enrolled
0,1,7,7,7,7.035714285714286,0,0,1.0,8,8,8,0.0,0,0,1.0,0,3.5179,Graduate
0,0,6,0,0,0.0,0,0,0.0,6,0,0,0.0,0,0,0.0,0,0.0,Dropout
0,0,9,9,4,5.625,0,5,0.4444,10,12,3,0.0,0,9,0.25,14,2.8125,Dropout
0,1,6,6,6,7.0,0,0,1.0,6,8,6,0.0,0,2,0.75,2,3.5,Graduate
0,1,6,8,6,6.083333333333333,0,2,0.75,6,11,3,0.0,0,8,0.2727,10,3.0417,Dropout
0,1,8,8,7,6.648571428571428,0,1,0.875,8,8,7,0.0,0,1,0.875,2,3.3243,Graduate
0,1,6,14,6,6.961538461538462,0,8,0.4286,6,9,6,0.0,0,3,0.6667,11,3.4808,Graduate
0,1,7,11,7,6.685,0,4,0.6364,8,13,7,0.0,0,6,0.5385,10,3.3425,Graduate
0,1,5,5,5,6.2,0,0,1.0,5,8,3,0.0,0,5,0.375,5,3.1,Enrolled
0,1,5,5,4,7.5,0,1,0.8,5,5,4,0.0,0,1,0.8,2,3.75,Dropout
1,1,6,6,6,6.666666666666667,0,0,1.0,6,7,6,0.0,0,1,0.8571,1,3.3333,Graduate
0,1,5,8,3,6.0,0,5,0.375,5,9,4,0.0,0,5,0.4444,10,3.0,Enrolled
0,1,6,7,5,6.7,0,2,0.7143,6,9,5,0.0,0,4,0.5556,6,3.35,Graduate
0,1,0,0,0,0.0,0,0,0.0,0,0,0,0.0,0,0,0.0,0,0.0,Enrolled
0,1,5,9,4,5.75,0,5,0.4444,5,5,5,0.0,0,0,1.0,5,2.875,Graduate
0,1,7,12,6,6.0,0,6,0.5,7,11,6,0.0,0,5,0.5455,11,3.0,Enrolled
0,1,8,8,7,6.742857142857142,0,1,0.875,8,8,7,0.0,0,1,0.875,2,3.3714,Graduate
0,1,6,6,6,6.0,0,0,1.0,6,8,6,0.0,0,2,0.75,2,3.0,Graduate
0,1,0,0,0,0.0,0,0,0.0,0,0,0,0.0,0,0,0.0,0,0.0,Dropout
0,1,5,7,3,5.166666666666667,0,4,0.4286,5,11,3,0.0,0,8,0.2727,12,2.5833,Enrolled
0,1,7,10,5,6.47,0,5,0.5,7,7,5,0.0,0,2,0.7143,7,3.235,Enrolled
0,1,8,11,7,6.629285714285714,0,4,0.6364,8,11,7,0.0,0,4,0.6364,8,3.3146,Graduate
0,1,5,9,4,6.125,0,5,0.4444,5,10,4,0.0,0,6,0.4,11,3.0625,Enrolled
0,0,6,9,3,5.833333333333333,0,6,0.3333,6,15,1,0.0,0,14,0.0667,20,2.9167,Dropout
0,1,6,7,6,6.785714285714286,0,1,0.8571,6,6,6,0.0,0,0,1.0,1,3.3929,Graduate
0,1,6,9,5,5.9,0,4,0.5556,6,9,5,0.0,0,4,0.5556,8,2.95,Graduate
0,1,5,7,5,7.1,0,2,0.7143,5,7,5,0.0,0,2,0.7143,4,3.55,Graduate
0,1,5,8,5,5.5,0,3,0.625,5,6,5,0.0,1,1,0.8333,4,2.75,Graduate
0,1,7,16,4,6.8125,0,12,0.25,7,8,7,0.0,0,1,0.875,13,3.4062,Enrolled
0,1,8,8,7,7.326428571428571,0,1,0.875,8,8,7,0.0,0,1,0.875,2,3.6632,Graduate
0,1,6,9,6,5.666666666666667,0,3,0.6667,6,6,6,0.0,0,0,1.0,3,2.8333,Graduate
1,0,7,12,4,6.85,0,8,0.3333,7,7,0,0.0,0,7,0.0,15,3.425,Dropout
0,1,11,11,11,6.863636363636364,0,0,1.0,8,8,8,0.0,0,0,1.0,0,3.4318,Graduate
0,1,7,9,7,5.875,0,2,0.7778,8,12,7,0.0,0,5,0.5833,7,2.9375,Dropout
0,1,6,9,6,6.166666666666667,0,3,0.6667,6,11,5,0.0,0,6,0.4545,9,3.0833,Graduate
0,1,6,6,6,7.0,0,0,1.0,6,7,6,0.0,0,1,0.8571,1,3.5,Dropout
0,1,5,7,4,5.75,0,3,0.5714,5,6,4,0.0,0,2,0.6667,5,2.875,Graduate
0,1,5,6,5,5.6,0,1,0.8333,5,5,5,0.0,0,0,1.0,1,2.8,Graduate
0,1,8,8,7,7.535,0,1,0.875,8,8,7,0.0,0,1,0.875,2,3.7675,Graduate
0,1,5,6,1,5.0,0,5,0.1667,5,7,1,0.0,0,6,0.1429,11,2.5,Dropout
0,1,5,5,4,6.0,0,1,0.8,5,6,5,0.0,0,1,0.8333,2,3.0,Enrolled
0,1,6,11,4,6.5,0,7,0.3636,6,11,4,0.0,0,7,0.3636,14,3.25,Graduate
0,1,6,7,4,5.5,0,3,0.5714,6,7,3,0.0,0,4,0.4286,7,2.75,Dropout
0,1,6,8,6,6.785714285714286,0,2,0.75,6,11,5,0.0,0,6,0.4545,8,3.3929,Graduate
0,1,6,7,5,7.3,0,2,0.7143,6,6,5,0.0,0,1,0.8333,3,3.65,Graduate
1,1,7,13,3,5.916666666666667,0,10,0.2308,7,14,2,0.0,0,12,0.1429,22,2.9583,Dropout
0,1,7,11,7,6.3125,0,4,0.6364,8,11,8,0.0,0,3,0.7273,7,3.1562,Graduate
0,1,7,12,4,5.75,0,8,0.3333,7,14,3,0.0,0,11,0.2143,19,2.875,Dropout
0,1,5,8,4,6.625,1,4,0.5,5,10,4,0.0,0,6,0.4,10,3.3125,Graduate
0,1,7,9,7,6.303125,0,2,0.7778,8,12,6,0.0,0,6,0.5,8,3.1516,Graduate
1,0,10,15,8,6.875,0,7,0.5333,9,17,5,0.0,0,12,0.2941,19,3.4375,Dropout
0,1,7,10,6,6.799166666666667,0,4,0.6,8,11,6,0.0,0,5,0.5455,9,3.3996,Enrolled
0,1,6,11,5,5.571428571428571,0,6,0.4545,6,8,6,0.0,0,2,0.75,8,2.7857,Graduate
0,1,11,11,11,6.35,0,0,1.0,10,12,10,0.0,0,2,0.8333,2,3.175,Enrolled
0,1,5,9,1,5.0,0,8,0.1111,5,10,1,0.0,0,9,0.1,17,2.5,Dropout
1,1,6,8,6,5.833333333333333,0,2,0.75,6,10,4,0.0,0,6,0.4,8,2.9167,Graduate
0,1,6,8,6,7.0,0,2,0.75,6,7,6,0.0,0,1,0.8571,3,3.5,Graduate
0,1,5,9,0,0.0,4,9,0.0,5,9,0,0.0,3,9,0.0,18,0.0,Dropout
0,1,8,9,7,6.020714285714285,0,2,0.7778,8,9,7,0.0,0,2,0.7778,4,3.0104,Graduate
0,1,0,0,0,0.0,0,0,0.0,0,0,0,0.0,0,0,0.0,0,0.0,Graduate
0,1,13,14,13,6.884615384615385,0,1,0.9286,12,16,12,0.0,0,4,0.75,5,3.4423,Graduate
0,1,18,20,18,7.722222222222222,0,2,0.9,13,13,13,0.0,0,0,1.0,2,3.8611,Graduate
0,1,7,9,6,5.75,0,3,0.6667,7,8,7,0.0,0,1,0.875,4,2.875,Enrolled
0,0,3,3,2,5.0,0,1,0.6667,6,0,0,0.0,0,0,0.0,1,2.5,Dropout
0,1,6,8,4,6.125,0,4,0.5,6,13,3,0.0,0,10,0.2308,14,3.0625,Dropout
0,0,6,6,6,7.25,0,0,1.0,6,6,6,0.0,0,0,1.0,0,3.625,Graduate
0,1,6,7,6,7.785714285714286,0,1,0.8571,6,8,6,0.0,0,2,0.75,3,3.8929,Graduate
0,1,6,7,6,7.785714285714286,0,1,0.8571,6,7,6,0.0,0,1,0.8571,2,3.8929,Graduate
0,1,6,8,5,6.9,0,3,0.625,6,7,6,0.0,0,1,0.8571,4,3.45,Graduate
1,0,5,8,3,5.333333333333333,0,5,0.375,5,14,2,0.0,0,12,0.1429,17,2.6667,Dropout
1,1,6,8,5,5.8,0,3,0.625,6,8,4,0.0,0,4,0.5,7,2.9,Graduate
0,0,6,11,1,6.5,0,10,0.0909,6,12,0,0.0,0,12,0.0,22,3.25,Dropout
0,1,5,9,3,6.0,0,6,0.3333,5,11,4,0.0,0,7,0.3636,13,3.0,Graduate
1,1,14,14,12,6.166666666666667,2,2,0.8571,14,14,12,0.0,2,2,0.8571,4,3.0833,Graduate
1,1,6,10,6,6.4375,0,4,0.6,6,12,6,0.0,0,6,0.5,10,3.2188,Enrolled
0,0,6,12,1,5.5,0,11,0.0833,6,0,0,0.0,0,0,0.0,11,2.75,Dropout
1,0,6,10,4,6.125,0,6,0.4,6,13,4,0.0,0,9,0.3077,15,3.0625,Dropout
0,0,7,7,0,0.0,7,7,0.0,8,8,0,0.0,7,8,0.0,15,0.0,Dropout
0,1,6,11,4,5.375,0,7,0.3636,6,13,5,0.0,0,8,0.3846,15,2.6875,Enrolled
0,1,8,9,8,6.815,1,1,0.8889,8,9,8,0.0,1,1,0.8889,2,3.4075,Graduate
0,1,5,8,3,6.5,0,5,0.375,5,7,4,0.0,1,3,0.5714,8,3.25,Graduate
0,1,7,9,6,6.766666666666666,0,3,0.6667,7,7,7,0.0,0,0,1.0,3,3.3833,Enrolled
0,1,7,7,7,8.45,0,0,1.0,8,9,8,0.0,0,1,0.8889,1,4.225,Graduate
0,1,6,10,5,6.0,0,5,0.5,6,11,4,0.0,0,7,0.3636,12,3.0,Graduate
0,1,6,6,6,6.25,0,0,1.0,6,7,6,0.0,0,1,0.8571,1,3.125,Graduate
0,1,8,8,7,6.382142857142857,0,1,0.875,8,8,7,0.0,0,1,0.875,2,3.1911,Graduate
0,1,5,8,5,6.875,0,3,0.625,5,6,5,0.0,0,1,0.8333,4,3.4375,Graduate
1,1,0,0,0,0.0,0,0,0.0,0,0,0,0.0,0,0,0.0,0,0.0,Dropout
0,1,7,7,7,7.302142857142856,0,0,1.0,8,9,8,0.0,0,1,0.8889,1,3.6511,Graduate
1,0,5,7,0,0.0,0,7,0.0,5,7,0,0.0,0,7,0.0,14,0.0,Dropout
1,1,6,9,5,6.916666666666667,0,4,0.5556,6,7,6,0.0,0,1,0.8571,5,3.4583,Graduate
0,1,8,8,8,6.788125,0,0,1.0,8,8,8,0.0,0,0,1.0,0,3.3941,Graduate
0,1,6,7,6,7.571428571428571,0,1,0.8571,6,6,6,0.0,0,0,1.0,1,3.7857,Graduate
0,1,5,8,3,5.333333333333333,0,5,0.375,5,8,5,0.0,0,3,0.625,8,2.6667,Graduate
0,1,6,11,5,5.6,0,6,0.4545,6,6,6,0.0,0,0,1.0,6,2.8,Graduate
0,1,8,8,8,6.881875,0,0,1.0,8,8,8,0.0,0,0,1.0,0,3.4409,Graduate
1,1,9,10,8,6.625,0,2,0.8,9,14,5,0.0,0,9,0.3571,11,3.3125,Enrolled
0,1,6,10,5,5.357142857142857,0,5,0.5,6,10,5,0.0,0,5,0.5,10,2.6786,Graduate
1,1,6,6,6,6.083333333333333,0,0,1.0,6,7,6,0.0,0,1,0.8571,1,3.0417,Graduate
0,1,7,8,6,7.178571428571429,0,2,0.75,7,8,6,0.0,0,2,0.75,4,3.5893,Graduate
0,1,6,6,6,6.416666666666667,0,0,1.0,6,6,6,0.0,0,0,1.0,0,3.2083,Graduate
0,1,8,8,7,6.962857142857142,0,1,0.875,8,8,7,0.0,0,1,0.875,2,3.4814,Graduate
0,1,5,9,2,6.0,0,7,0.2222,5,9,3,0.0,0,6,0.3333,13,3.0,Dropout
0,1,7,7,7,6.72142857142857,0,0,1.0,8,9,8,0.0,0,1,0.8889,1,3.3607,Graduate
0,1,5,5,1,8.0,0,4,0.2,5,5,0,0.0,0,5,0.0,9,4.0,Dropout
0,1,6,8,6,6.5625,0,2,0.75,6,10,6,0.0,0,4,0.6,6,3.2812,Graduate
0,1,6,7,0,0.0,0,7,0.0,6,6,0,0.0,0,6,0.0,13,0.0,Dropout
0,0,9,9,5,5.7,0,4,0.5556,4,4,4,0.0,0,0,1.0,4,2.85,Dropout
0,0,4,12,2,5.5,2,10,0.1667,5,9,3,0.0,0,6,0.3333,16,2.75,Dropout
0,1,5,13,1,5.5,0,12,0.0769,5,11,1,0.0,0,10,0.0909,22,2.75,Enrolled
0,1,6,14,5,6.833333333333333,0,9,0.3571,6,10,5,0.0,0,5,0.5,14,3.4167,Graduate
0,0,6,10,4,5.875,0,6,0.4,5,6,1,0.0,0,5,0.1667,11,2.9375,Dropout
0,1,7,11,1,5.0,0,10,0.0909,7,7,1,0.0,0,6,0.1429,16,2.5,Dropout
0,1,6,8,6,6.75,0,2,0.75,6,9,6,0.0,0,3,0.6667,5,3.375,Graduate
1,1,6,0,0,0.0,0,0,0.0,6,0,0,0.0,0,0,0.0,0,0.0,Dropout
1,1,6,12,1,6.0,0,11,0.0833,6,11,1,0.0,0,10,0.0909,21,3.0,Enrolled
0,0,6,11,3,6.5,0,8,0.2727,6,10,5,0.0,0,5,0.5,13,3.25,Dropout
0,1,6,7,6,7.416666666666667,0,1,0.8571,6,6,6,0.0,0,0,1.0,1,3.7083,Graduate
0,1,6,6,6,5.916666666666667,0,0,1.0,6,7,6,0.0,0,1,0.8571,1,2.9583,Graduate
0,1,6,10,5,6.0,0,5,0.5,6,11,5,0.0,0,6,0.4545,11,3.0,Graduate
0,1,6,11,4,6.375,0,7,0.3636,6,7,6,0.0,0,1,0.8571,8,3.1875,Graduate
0,1,5,5,0,0.0,5,5,0.0,5,7,4,0.0,1,3,0.5714,8,0.0,Enrolled
0,1,6,7,0,0.0,0,7,0.0,6,16,1,0.0,0,15,0.0625,22,0.0,Dropout
0,1,6,6,6,6.0,0,0,1.0,6,7,6,0.0,0,1,0.8571,1,3.0,Graduate
0,1,7,9,7,5.838888888888888,0,2,0.7778,8,8,8,0.0,0,0,1.0,2,2.9194,Graduate
0,1,8,8,7,6.8,0,1,0.875,8,8,7,0.0,0,1,0.875,2,3.4,Graduate
0,1,6,7,6,8.0,0,1,0.8571,6,8,6,0.0,0,2,0.75,3,4.0,Graduate
0,1,6,9,5,5.9,0,4,0.5556,6,7,6,0.0,0,1,0.8571,5,2.95,Graduate
1,1,5,5,0,0.0,0,5,0.0,6,7,2,0.0,0,5,0.2857,10,0.0,Dropout
0,1,6,0,0,0.0,0,0,0.0,6,0,0,0.0,0,0,0.0,0,0.0,Dropout
1,1,6,7,6,8.071428571428571,0,1,0.8571,6,10,6,0.0,0,4,0.6,5,4.0357,Graduate
0,1,8,8,7,5.892857142857143,0,1,0.875,8,8,7,0.0,0,1,0.875,2,2.9464,Graduate
0,1,8,8,8,6.711875,0,0,1.0,8,8,8,0.0,0,0,1.0,0,3.3559,Graduate
0,1,6,8,6,6.25,0,2,0.75,6,10,5,0.0,0,5,0.5,7,3.125,Graduate
0,1,8,8,7,6.232142857142857,0,1,0.875,8,8,7,0.0,0,1,0.875,2,3.1161,Graduate
1,1,11,18,8,6.1875,0,10,0.4444,9,15,5,0.0,0,10,0.3333,20,3.0938,Enrolled
0,1,6,8,1,5.0,0,7,0.125,6,9,0,0.0,0,9,0.0,16,2.5,Dropout
0,1,6,8,5,6.3,0,3,0.625,6,10,6,0.0,0,4,0.6,7,3.15,Enrolled
0,1,5,5,5,6.3,0,0,1.0,5,6,4,0.0,0,2,0.6667,2,3.15,Graduate
0,1,5,7,2,5.0,0,5,0.2857,5,6,4,0.0,0,2,0.6667,7,2.5,Dropout
0,1,7,7,0,0.0,0,7,0.0,6,0,0,0.0,0,0,0.0,7,0.0,Dropout
0,1,5,7,5,5.8,0,2,0.7143,5,8,5,0.0,0,3,0.625,5,2.9,Graduate
0,1,6,8,6,6.083333333333333,0,2,0.75,6,6,6,0.0,0,0,1.0,2,3.0417,Graduate
0,1,6,10,4,6.8,0,6,0.4,6,7,5,0.0,0,2,0.7143,8,3.4,Graduate
0,0,5,8,4,6.25,1,4,0.5,5,8,5,0.0,0,3,0.625,7,3.125,Dropout
0,1,6,6,4,6.125,0,2,0.6667,6,10,4,0.0,0,6,0.4,8,3.0625,Enrolled
0,1,6,7,6,5.857142857142857,0,1,0.8571,6,8,6,0.0,0,2,0.75,3,2.9286,Graduate
0,1,6,7,6,6.75,0,1,0.8571,6,7,6,0.0,0,1,0.8571,2,3.375,Graduate
0,1,8,8,7,6.512142857142857,0,1,0.875,8,8,7,0.0,0,1,0.875,2,3.2561,Graduate
0,0,6,12,0,0.0,0,12,0.0,6,0,0,0.0,0,0,0.0,12,0.0,Dropout
0,1,5,6,5,8.666666666666666,0,1,0.8333,5,8,5,0.0,0,3,0.625,4,4.3333,Graduate
0,1,5,7,4,5.5,0,3,0.5714,5,7,4,0.0,0,3,0.5714,6,2.75,Graduate
0,1,7,10,6,6.833333333333333,0,4,0.6,7,9,6,0.0,0,3,0.6667,7,3.4167,Dropout
0,1,6,9,6,5.6875,0,3,0.6667,6,6,5,0.0,0,1,0.8333,4,2.8438,Enrolled
0,1,6,6,6,6.416666666666667,0,0,1.0,6,8,6,0.0,0,2,0.75,2,3.2083,Graduate
0,1,6,9,5,6.3,0,4,0.5556,6,11,4,0.0,0,7,0.3636,11,3.15,Graduate
0,1,7,8,6,7.166666666666667,0,2,0.75,8,9,7,0.0,0,2,0.7778,4,3.5833,Graduate
0,1,5,8,4,6.75,0,4,0.5,6,10,6,0.0,0,4,0.6,8,3.375,Enrolled
0,1,8,8,7,7.142857142857143,0,1,0.875,8,8,7,0.0,0,1,0.875,2,3.5714,Graduate
0,1,6,15,3,5.875,0,12,0.2,6,12,2,0.0,0,10,0.1667,22,2.9375,Dropout
0,1,5,5,5,7.4,0,0,1.0,5,5,5,0.0,0,0,1.0,0,3.7,Graduate
1,0,6,7,0,0.0,0,7,0.0,6,0,0,0.0,0,0,0.0,7,0.0,Dropout
0,1,6,14,1,5.0,0,13,0.0714,5,5,0,0.0,0,5,0.0,18,2.5,Dropout
0,1,5,5,0,0.0,0,5,0.0,5,5,0,0.0,0,5,0.0,10,0.0,Dropout
0,1,7,10,4,6.3,0,6,0.4,7,9,5,0.0,0,4,0.5556,10,3.15,Dropout
0,1,5,9,5,6.214285714285714,1,4,0.5556,5,7,5,0.0,0,2,0.7143,6,3.1071,Graduate
0,1,6,10,4,5.0,0,6,0.4,6,11,3,0.0,0,8,0.2727,14,2.5,Enrolled
0,1,5,7,3,6.166666666666667,0,4,0.4286,5,5,0,0.0,0,5,0.0,9,3.0833,Dropout
0,0,6,0,0,0.0,0,0,0.0,6,0,0,0.0,0,0,0.0,0,0.0,Dropout
1,1,0,0,0,0.0,0,0,0.0,0,0,0,0.0,0,0,0.0,0,0.0,Graduate
1,1,11,12,10,6.05,0,2,0.8333,8,9,8,0.0,0,1,0.8889,3,3.025,Graduate
0,1,6,7,6,7.357142857142857,0,1,0.8571,6,6,6,0.0,0,0,1.0,1,3.6786,Graduate
0,1,6,6,6,6.333333333333333,0,0,1.0,6,7,6,0.0,0,1,0.8571,1,3.1667,Graduate
0,1,12,14,12,7.192307692307692,0,2,0.8571,10,12,10,0.0,0,2,0.8333,4,3.5962,Graduate
0,1,5,5,5,6.7,0,0,1.0,5,6,5,0.0,0,1,0.8333,1,3.35,Graduate
0,1,8,8,7,6.657142857142858,0,1,0.875,8,8,7,0.0,0,1,0.875,2,3.3286,Graduate
0,1,8,8,7,5.994285714285715,0,1,0.875,8,8,7,0.0,0,1,0.875,2,2.9971,Graduate
0,1,11,17,11,5.772727272727272,0,6,0.6471,9,13,8,0.0,0,5,0.6154,11,2.8864,Graduate
0,1,6,13,6,8.23076923076923,0,7,0.4615,6,8,6,0.0,0,2,0.75,9,4.1154,Graduate
0,1,6,7,6,6.833333333333333,0,1,0.8571,6,6,6,0.0,0,0,1.0,1,3.4167,Graduate
0,1,7,8,7,6.325,0,1,0.875,8,9,8,0.0,0,1,0.8889,2,3.1625,Dropout
0,1,6,7,6,6.166666666666667,0,1,0.8571,6,10,3,0.0,0,7,0.3,8,3.0833,Enrolled
0,1,7,8,6,7.185,0,2,0.75,8,10,7,0.0,0,3,0.7,5,3.5925,Graduate
0,1,5,13,3,6.0,2,10,0.2308,5,8,4,0.0,0,4,0.5,14,3.0,Enrolled
0,0,6,12,3,6.0,0,9,0.25,6,15,3,0.0,0,12,0.2,21,3.0,Dropout
0,1,6,11,4,6.0,0,7,0.3636,6,14,3,0.0,0,11,0.2143,18,3.0,Dropout
0,1,6,10,5,6.3,0,5,0.5,6,7,5,0.0,0,2,0.7143,7,3.15,Graduate
1,1,6,6,6,6.083333333333333,0,0,1.0,6,6,6,0.0,0,0,1.0,0,3.0417,Graduate
0,1,7,8,6,6.75,0,2,0.75,7,8,6,0.0,0,2,0.75,4,3.375,Enrolled
0,1,8,8,8,6.881875,0,0,1.0,8,8,8,0.0,0,0,1.0,0,3.4409,Graduate
0,1,7,11,6,6.2,0,5,0.5455,7,8,6,0.0,0,2,0.75,7,3.1,Graduate
0,1,5,16,4,5.333333333333333,0,12,0.25,5,11,2,0.0,0,9,0.1818,21,2.6667,Enrolled
0,1,7,7,6,7.166666666666667,0,1,0.8571,7,7,6,0.0,0,1,0.8571,2,3.5833,Graduate
0,1,6,12,4,6.25,0,8,0.3333,6,13,2,0.0,0,11,0.1538,19,3.125,Enrolled
1,0,6,14,1,5.0,0,13,0.0714,6,13,0,0.0,0,13,0.0,26,2.5,Dropout
0,1,7,8,7,7.348125,0,1,0.875,8,9,8,0.0,0,1,0.8889,2,3.6741,Graduate
0,1,6,14,4,5.75,0,10,0.2857,6,17,3,0.0,0,14,0.1765,24,2.875,Enrolled
0,1,7,9,7,6.427777777777778,0,2,0.7778,8,8,8,0.0,0,0,1.0,2,3.2139,Graduate
0,1,7,7,7,6.85,0,0,1.0,8,9,8,0.0,0,1,0.8889,1,3.425,Graduate
0,0,5,9,0,0.0,3,9,0.0,5,10,1,0.0,3,9,0.1,18,0.0,Dropout
0,1,6,13,3,5.6,0,10,0.2308,6,9,4,0.0,0,5,0.4444,15,2.8,Enrolled
0,1,7,7,7,6.642857142857143,0,0,1.0,8,9,8,0.0,0,1,0.8889,1,3.3214,Graduate
0,1,6,9,5,6.5,0,4,0.5556,6,8,5,0.0,0,3,0.625,7,3.25,Enrolled
0,1,7,8,6,6.3,0,2,0.75,7,9,6,0.0,0,3,0.6667,5,3.15,Enrolled
1,0,5,5,5,6.4,0,0,1.0,5,5,4,0.0,0,1,0.8,1,3.2,Enrolled
0,1,6,14,5,5.75,1,9,0.3571,6,13,5,0.0,1,8,0.3846,17,2.875,Dropout
0,1,8,8,7,5.7,0,1,0.875,8,8,7,0.0,0,1,0.875,2,2.85,Graduate
0,1,6,6,6,6.166666666666667,0,0,1.0,6,8,6,0.0,0,2,0.75,2,3.0833,Graduate
0,1,6,7,5,6.4,0,2,0.7143,6,10,4,0.0,0,6,0.4,8,3.2,Graduate
0,1,5,8,5,6.0,1,3,0.625,5,8,4,0.0,1,4,0.5,7,3.0,Graduate
0,1,6,8,5,6.5,0,3,0.625,6,9,5,0.0,0,4,0.5556,7,3.25,Graduate
1,0,6,6,6,5.916666666666667,0,0,1.0,6,8,6,0.0,0,2,0.75,2,2.9583,Dropout
0,1,6,8,6,7.0,0,2,0.75,6,9,6,0.0,0,3,0.6667,5,3.5,Graduate
0,1,6,6,6,6.166666666666667,0,0,1.0,6,6,6,0.0,0,0,1.0,0,3.0833,Graduate
0,1,7,10,5,6.52,0,5,0.5,7,7,7,0.0,0,0,1.0,5,3.26,Enrolled
1,0,11,18,11,6.583333333333333,0,7,0.6111,9,15,8,0.0,0,7,0.5333,14,3.2917,Enrolled
0,1,6,7,6,6.25,0,1,0.8571,6,11,6,0.0,0,5,0.5455,6,3.125,Graduate
0,1,0,0,0,0.0,0,0,0.0,0,0,0,0.0,0,0,0.0,0,0.0,Graduate
0,1,8,8,7,7.828571428571428,0,1,0.875,8,8,7,0.0,0,1,0.875,2,3.9143,Graduate
0,1,6,6,6,6.083333333333333,0,0,1.0,6,6,6,0.0,0,0,1.0,0,3.0417,Graduate
0,1,6,0,0,0.0,0,0,0.0,6,0,0,0.0,0,0,0.0,0,0.0,Dropout
0,1,6,11,5,5.3,0,6,0.4545,6,9,5,0.0,0,4,0.5556,10,2.65,Enrolled
0,1,6,10,6,6.714285714285714,0,4,0.6,6,11,5,0.0,0,6,0.4545,10,3.3571,Enrolled
0,1,6,8,4,5.875,0,4,0.5,6,12,0,0.0,0,12,0.0,16,2.9375,Dropout
1,0,5,10,0,0.0,0,10,0.0,5,5,0,0.0,0,5,0.0,15,0.0,Dropout
0,0,0,0,0,0.0,0,0,0.0,0,0,0,0.0,0,0,0.0,0,0.0,Dropout
0,0,5,0,0,0.0,0,0,0.0,5,0,0,0.0,0,0,0.0,0,0.0,Dropout
0,1,5,9,1,6.5,0,8,0.1111,5,5,0,0.0,0,5,0.0,13,3.25,Dropout
0,1,8,8,7,6.665714285714286,0,1,0.875,8,8,7,0.0,0,1,0.875,2,3.3329,Graduate
0,1,6,0,0,0.0,0,0,0.0,6,0,0,0.0,0,0,0.0,0,0.0,Dropout
0,1,0,0,0,0.0,0,0,0.0,0,0,0,0.0,0,0,0.0,0,0.0,Graduate
0,1,7,7,6,6.85,0,1,0.8571,7,7,6,0.0,0,1,0.8571,2,3.425,Graduate
1,0,5,5,0,0.0,0,5,0.0,5,5,0,0.0,5,5,0.0,10,0.0,Dropout
0,1,9,12,9,6.727272727272728,0,3,0.75,7,9,6,0.0,0,3,0.6667,6,3.3636,Dropout
0,1,8,8,7,6.1,0,1,0.875,8,8,7,0.0,0,1,0.875,2,3.05,Graduate
0,1,5,8,3,5.0,0,5,0.375,5,10,4,0.0,0,6,0.4,11,2.5,Dropout
0,1,6,7,5,6.5,0,2,0.7143,6,7,6,0.0,0,1,0.8571,3,3.25,Graduate
0,1,6,11,6,6.0,0,5,0.5455,6,6,6,0.0,0,0,1.0,5,3.0,Graduate
0,1,8,8,7,7.514285714285714,0,1,0.875,8,8,7,0.0,0,1,0.875,2,3.7571,Graduate
0,1,6,8,6,6.0,0,2,0.75,6,7,6,0.0,0,1,0.8571,3,3.0,Graduate
0,1,6,8,5,6.0,0,3,0.625,6,8,5,0.0,0,3,0.625,6,3.0,Graduate
0,0,7,7,3,6.833333333333333,0,4,0.4286,8,8,3,0.0,4,5,0.375,9,3.4167,Dropout
0,1,0,0,0,0.0,0,0,0.0,0,0,0,0.0,0,0,0.0,0,0.0,Dropout
0,1,5,6,5,6.0,0,1,0.8333,5,7,4,0.0,0,3,0.5714,4,3.0,Enrolled
0,1,0,0,0,0.0,0,0,0.0,0,0,0,0.0,0,0,0.0,0,0.0,Graduate
1,0,6,6,1,7.0,0,5,0.1667,6,7,0,0.0,7,7,0.0,12,3.5,Dropout
0,1,6,6,0,0.0,0,6,0.0,6,7,0,0.0,0,7,0.0,13,0.0,Dropout
0,1,7,8,7,6.1875,0,1,0.875,7,11,5,0.0,0,6,0.4545,7,3.0938,Graduate
0,0,7,0,0,0.0,0,0,0.0,8,0,0,0.0,0,0,0.0,0,0.0,Dropout
0,1,18,21,18,5.710526315789474,0,3,0.8571,13,16,13,0.0,1,3,0.8125,6,2.8553,Graduate
0,1,7,7,6,6.675,0,1,0.8571,7,7,6,0.0,0,1,0.8571,2,3.3375,Graduate
0,1,6,6,6,7.5,0,0,1.0,6,6,2,0.0,0,4,0.3333,4,3.75,Graduate
0,1,5,9,2,5.25,0,7,0.2222,5,5,0,0.0,0,5,0.0,12,2.625,Dropout
0,0,6,0,0,0.0,0,0,0.0,4,6,0,0.0,2,6,0.0,6,0.0,Dropout
0,1,5,8,5,6.625,0,3,0.625,5,6,5,0.0,0,1,0.8333,4,3.3125,Graduate
0,1,5,10,0,0.0,0,10,0.0,5,5,0,0.0,0,5,0.0,15,0.0,Dropout
0,1,5,7,4,5.75,0,3,0.5714,5,15,3,0.0,4,12,0.2,15,2.875,Enrolled
0,1,8,8,8,6.940625,0,0,1.0,8,8,8,0.0,0,0,1.0,0,3.4703,Graduate
0,1,6,8,6,5.666666666666667,0,2,0.75,6,8,5,0.0,0,3,0.625,5,2.8333,Graduate
1,1,0,0,0,0.0,0,0,0.0,0,0,0,0.0,0,0,0.0,0,0.0,Dropout
0,1,6,7,6,6.428571428571429,0,1,0.8571,6,7,6,0.0,0,1,0.8571,2,3.2143,Graduate
1,1,6,6,5,5.8,0,1,0.8333,6,6,6,0.0,0,0,1.0,1,2.9,Graduate
0,1,6,9,5,5.7,0,4,0.5556,6,6,6,0.0,0,0,1.0,4,2.85,Graduate
0,1,6,11,6,6.666666666666667,0,5,0.5455,6,10,6,0.0,0,4,0.6,9,3.3333,Enrolled
1,1,7,7,7,6.785714285714286,0,0,1.0,9,9,9,0.0,0,0,1.0,0,3.3929,Graduate
0,1,7,13,6,5.916666666666667,0,7,0.4615,7,8,7,0.0,0,1,0.875,8,2.9583,Graduate
0,1,7,7,7,7.214285714285714,0,0,1.0,7,7,7,0.0,0,0,1.0,0,3.6071,Graduate
0,1,0,0,0,0.0,0,0,0.0,0,0,0,0.0,0,0,0.0,0,0.0,Enrolled
0,1,6,8,6,6.142857142857143,0,2,0.75,6,9,5,0.0,0,4,0.5556,6,3.0714,Graduate
0,1,5,7,5,7.2,0,2,0.7143,5,5,5,0.0,0,0,1.0,2,3.6,Graduate
0,1,7,8,7,6.575,0,1,0.875,8,9,8,0.0,0,1,0.8889,2,3.2875,Graduate
1,0,5,6,0,0.0,0,6,0.0,5,5,0,0.0,0,5,0.0,11,0.0,Dropout
1,1,5,5,0,0.0,0,5,0.0,6,8,0,0.0,0,8,0.0,13,0.0,Dropout
0,1,8,8,7,6.171428571428572,0,1,0.875,8,8,7,0.0,0,1,0.875,2,3.0857,Graduate
0,1,6,6,5,6.1,0,1,0.8333,6,7,5,0.0,0,2,0.7143,3,3.05,Enrolled
0,1,6,10,4,5.25,0,6,0.4,6,14,1,0.0,0,13,0.0714,19,2.625,Dropout
0,1,5,5,5,5.3,0,0,1.0,5,8,5,0.0,0,3,0.625,3,2.65,Graduate
0,1,6,6,0,0.0,0,6,0.0,6,6,0,0.0,0,6,0.0,12,0.0,Dropout
0,1,6,8,4,5.625,0,4,0.5,6,6,6,0.0,0,0,1.0,4,2.8125,Graduate
0,1,9,11,6,5.25,0,5,0.5455,10,10,10,0.0,0,0,1.0,5,2.625,Graduate
0,1,6,11,4,5.5,0,7,0.3636,6,11,3,0.0,0,8,0.2727,15,2.75,Enrolled
0,1,7,7,7,6.728571428571428,0,0,1.0,8,8,8,0.0,0,0,1.0,0,3.3643,Graduate
0,1,5,6,5,6.3,0,1,0.8333,5,8,4,0.0,0,4,0.5,5,3.15,Graduate
0,0,6,0,0,0.0,0,0,0.0,6,0,0,0.0,0,0,0.0,0,0.0,Dropout
0,1,6,6,6,6.833333333333333,0,0,1.0,6,8,5,0.0,0,3,0.625,3,3.4167,Graduate
1,1,5,5,5,5.8,0,0,1.0,5,5,5,0.0,0,0,1.0,0,2.9,Graduate
0,1,6,9,6,6.285714285714286,0,3,0.6667,6,10,5,0.0,0,5,0.5,8,3.1429,Dropout
0,1,6,7,5,5.9,0,2,0.7143,6,7,5,0.0,0,2,0.7143,4,2.95,Dropout
0,1,5,5,5,5.8,0,0,1.0,5,11,3,0.0,0,8,0.2727,8,2.9,Enrolled
0,1,6,8,6,5.666666666666667,0,2,0.75,6,6,6,0.0,0,0,1.0,2,2.8333,Graduate
0,1,6,6,6,5.333333333333333,0,0,1.0,6,6,6,0.0,0,0,1.0,0,2.6667,Graduate
0,1,5,10,4,6.75,1,6,0.4,5,5,5,0.0,0,0,1.0,6,3.375,Enrolled
0,1,0,0,0,0.0,0,0,0.0,0,0,0,0.0,0,0,0.0,0,0.0,Graduate
0,1,6,9,6,6.666666666666667,0,3,0.6667,6,9,4,0.0,0,5,0.4444,8,3.3333,Graduate
0,1,6,9,5,6.7,0,4,0.5556,6,16,2,0.0,0,14,0.125,18,3.35,Enrolled
0,1,6,8,3,5.1,0,5,0.375,6,13,4,0.0,0,9,0.3077,14,2.55,Enrolled
0,1,6,6,5,6.5,0,1,0.8333,6,7,6,0.0,0,1,0.8571,2,3.25,Graduate
0,1,8,11,7,6.454285714285715,0,4,0.6364,8,11,7,0.0,0,4,0.6364,8,3.2271,Graduate
0,1,6,12,4,6.0,0,8,0.3333,6,11,1,0.0,0,10,0.0909,18,3.0,Dropout
0,1,6,9,6,5.416666666666667,0,3,0.6667,6,8,5,0.0,0,3,0.625,6,2.7083,Enrolled
0,1,6,6,6,7.666666666666667,0,0,1.0,6,9,6,0.0,0,3,0.6667,3,3.8333,Graduate
0,1,7,9,6,6.408333333333334,0,3,0.6667,8,11,6,0.0,0,5,0.5455,8,3.2042,Enrolled
1,0,7,7,6,6.5,0,1,0.8571,6,6,2,0.0,0,4,0.3333,5,3.25,Dropout
1,1,6,11,2,6.75,1,9,0.1818,5,11,2,0.0,0,9,0.1818,18,3.375,Enrolled
0,1,6,7,6,6.25,0,1,0.8571,6,6,6,0.0,0,0,1.0,1,3.125,Graduate
0,1,6,7,6,6.5,0,1,0.8571,6,6,6,0.0,0,0,1.0,1,3.25,Graduate
0,1,5,6,4,5.875,0,2,0.6667,5,10,5,0.0,1,5,0.5,7,2.9375,Graduate
0,1,5,5,4,6.25,0,1,0.8,5,5,4,0.0,0,1,0.8,2,3.125,Graduate
0,1,17,19,17,5.805555555555555,0,2,0.8947,17,22,17,0.0,0,5,0.7727,7,2.9028,Graduate
0,1,6,6,6,7.0,0,0,1.0,6,6,6,0.0,0,0,1.0,0,3.5,Graduate
1,0,6,8,0,0.0,0,8,0.0,6,10,0,0.0,0,10,0.0,18,0.0,Dropout
0,1,5,5,5,6.9,0,0,1.0,5,6,5,0.0,0,1,0.8333,1,3.45,Graduate
0,0,5,6,0,0.0,0,6,0.0,5,5,0,0.0,0,5,0.0,11,0.0,Dropout
0,0,0,0,0,0.0,0,0,0.0,0,0,0,0.0,0,0,0.0,0,0.0,Dropout
0,1,5,9,4,6.125,0,5,0.4444,5,9,3,0.0,0,6,0.3333,11,3.0625,Dropout
0,1,6,12,3,5.75,0,9,0.25,6,12,3,0.0,0,9,0.25,18,2.875,Dropout
0,1,7,9,6,6.285714285714286,0,3,0.6667,9,9,9,0.0,0,0,1.0,3,3.1429,Graduate
0,1,6,9,6,6.0,0,3,0.6667,6,10,5,0.0,0,5,0.5,8,3.0,Dropout
0,1,12,17,11,6.0,2,6,0.6471,12,21,12,0.0,0,9,0.5714,15,3.0,Graduate
0,1,0,0,0,0.0,0,0,0.0,0,0,0,0.0,0,0,0.0,0,0.0,Dropout
0,1,7,9,6,6.0,0,3,0.6667,6,6,6,0.0,0,0,1.0,3,3.0,Graduate
0,1,5,9,4,5.8,0,5,0.4444,5,7,4,0.0,2,3,0.5714,8,2.9,Enrolled
0,1,5,5,0,0.0,0,5,0.0,5,5,0,0.0,0,5,0.0,10,0.0,Dropout
0,1,5,9,5,6.0,0,4,0.5556,5,9,4,0.0,0,5,0.4444,9,3.0,Enrolled
0,1,7,8,6,6.988333333333334,0,2,0.75,8,12,6,0.0,1,6,0.5,8,3.4942,Enrolled
0,1,6,10,4,6.25,0,6,0.4,6,12,1,0.0,3,11,0.0833,17,3.125,Enrolled
0,0,5,5,0,0.0,0,5,0.0,5,0,0,0.0,0,0,0.0,5,0.0,Dropout
0,1,6,15,4,5.25,0,11,0.2667,6,16,4,0.0,0,12,0.25,23,2.625,Dropout
0,1,6,8,5,6.428571428571429,0,3,0.625,6,11,6,0.0,0,5,0.5455,8,3.2143,Graduate
0,1,5,7,3,5.833333333333333,0,4,0.4286,5,5,4,0.0,0,1,0.8,5,2.9167,Enrolled
0,1,5,7,2,6.5,0,5,0.2857,5,11,1,0.0,0,10,0.0909,15,3.25,Dropout
0,1,6,8,6,5.916666666666667,0,2,0.75,6,9,5,0.0,0,4,0.5556,6,2.9583,Enrolled
0,1,11,11,11,6.227272727272728,0,0,1.0,11,17,8,0.0,0,9,0.4706,9,3.1136,Graduate
0,1,5,6,3,5.5,0,3,0.5,5,6,0,0.0,0,6,0.0,9,2.75,Dropout
0,1,5,10,4,6.6,0,6,0.4,5,7,4,0.0,2,3,0.5714,9,3.3,Enrolled
0,1,6,6,6,7.75,0,0,1.0,6,6,6,0.0,0,0,1.0,0,3.875,Graduate
0,1,6,8,6,6.166666666666667,0,2,0.75,6,6,6,0.0,0,0,1.0,2,3.0833,Graduate
0,1,5,13,5,6.0,0,8,0.3846,5,9,4,0.0,0,5,0.4444,13,3.0,Enrolled
0,1,6,12,4,5.8,0,8,0.3333,6,11,5,0.0,0,6,0.4545,14,2.9,Enrolled
0,1,6,7,6,5.666666666666667,0,1,0.8571,6,8,6,0.0,0,2,0.75,3,2.8333,Graduate
0,1,6,12,0,0.0,1,12,0.0,6,0,0,0.0,0,0,0.0,12,0.0,Dropout
0,1,5,7,4,6.0,0,3,0.5714,5,8,2,0.0,0,6,0.25,9,3.0,Enrolled
0,1,5,11,4,6.0,1,7,0.3636,5,9,5,0.0,0,4,0.5556,11,3.0,Graduate
1,1,5,11,2,6.25,0,9,0.1818,5,9,2,0.0,1,7,0.2222,16,3.125,Dropout
0,1,12,12,12,6.833333333333333,0,0,1.0,11,16,11,0.0,0,5,0.6875,5,3.4167,Graduate
1,0,6,17,2,7.25,2,15,0.1176,6,13,0,0.0,1,13,0.0,28,3.625,Dropout
0,1,6,10,4,6.6,0,6,0.4,6,8,0,0.0,0,8,0.0,14,3.3,Dropout
0,1,7,11,5,6.083333333333333,0,6,0.4545,8,14,5,0.0,0,9,0.3571,15,3.0417,Dropout
0,1,6,10,4,5.625,0,6,0.4,6,6,6,0.0,0,0,1.0,6,2.8125,Graduate
0,1,6,8,6,7.583333333333333,0,2,0.75,6,7,6,0.0,0,1,0.8571,3,3.7917,Graduate
0,1,6,8,6,5.583333333333333,0,2,0.75,6,7,4,0.0,0,3,0.5714,5,2.7917,Graduate
0,1,7,8,6,5.491666666666667,0,2,0.75,7,8,6,0.0,0,2,0.75,4,2.7458,Graduate
0,1,6,8,4,5.375,0,4,0.5,6,11,5,0.0,0,6,0.4545,10,2.6875,Graduate
0,0,12,15,11,6.692307692307692,0,4,0.7333,9,13,7,0.0,0,6,0.5385,10,3.3462,Graduate
0,1,6,8,6,5.642857142857143,0,2,0.75,6,10,5,0.0,0,5,0.5,7,2.8214,Enrolled
0,1,6,13,0,0.0,3,13,0.0,6,6,0,0.0,0,6,0.0,19,0.0,Dropout
0,1,5,7,4,6.5,0,3,0.5714,5,9,5,0.0,3,4,0.5556,7,3.25,Graduate
0,1,6,9,6,8.055555555555555,0,3,0.6667,6,7,6,0.0,0,1,0.8571,4,4.0278,Graduate
0,1,6,8,6,5.75,0,2,0.75,6,8,6,0.0,0,2,0.75,4,2.875,Graduate
0,1,6,15,4,5.375,0,11,0.2667,6,12,2,0.0,0,10,0.1667,21,2.6875,Dropout
0,1,6,10,4,5.8,0,6,0.4,6,8,5,0.0,0,3,0.625,9,2.9,Graduate
1,1,7,21,0,0.0,3,21,0.0,7,7,0,0.0,0,7,0.0,28,0.0,Dropout
0,1,5,5,5,6.9,0,0,1.0,5,7,5,0.0,0,2,0.7143,2,3.45,Graduate
0,1,7,8,7,6.792857142857142,0,1,0.875,8,8,8,0.0,0,0,1.0,1,3.3964,Graduate
0,1,6,8,6,6.928571428571429,0,2,0.75,6,8,5,0.0,0,3,0.625,5,3.4643,Graduate
0,1,6,12,5,6.0,0,7,0.4167,6,10,6,0.0,0,4,0.6,11,3.0,Enrolled
0,1,6,9,6,6.722222222222222,0,3,0.6667,6,9,5,0.0,0,4,0.5556,7,3.3611,Graduate
0,1,6,6,6,7.0,0,0,1.0,6,7,6,0.0,0,1,0.8571,1,3.5,Graduate
1,1,6,10,1,6.0,1,9,0.1,6,0,0,0.0,0,0,0.0,9,3.0,Dropout
0,1,5,5,5,7.1,0,0,1.0,5,6,5,0.0,0,1,0.8333,1,3.55,Graduate
0,1,7,11,5,6.67,0,6,0.4545,7,9,5,0.0,0,4,0.5556,10,3.335,Enrolled
0,1,8,12,7,6.228571428571428,0,5,0.5833,8,12,7,0.0,0,5,0.5833,10,3.1143,Enrolled
0,0,6,12,3,5.5,0,9,0.25,6,12,3,0.0,0,9,0.25,18,2.75,Dropout
0,1,5,13,4,5.25,0,9,0.3077,5,10,4,0.0,0,6,0.4,15,2.625,Enrolled
0,1,0,0,0,0.0,0,0,0.0,0,0,0,0.0,0,0,0.0,0,0.0,Graduate
0,1,13,13,13,7.0,0,0,1.0,12,13,12,0.0,0,1,0.9231,1,3.5,Graduate
0,1,7,0,0,0.0,0,0,0.0,8,0,0,0.0,0,0,0.0,0,0.0,Dropout
0,0,1,1,0,0.0,0,1,0.0,6,0,0,0.0,0,0,0.0,1,0.0,Dropout
0,1,5,8,4,5.0,0,4,0.5,5,8,4,0.0,0,4,0.5,8,2.5,Enrolled
0,1,0,0,0,0.0,0,0,0.0,0,0,0,0.0,0,0,0.0,0,0.0,Graduate
0,1,6,6,6,6.75,0,0,1.0,6,6,6,0.0,0,0,1.0,0,3.375,Graduate
0,1,7,0,0,0.0,0,0,0.0,8,0,0,0.0,0,0,0.0,0,0.0,Dropout
0,1,17,18,17,6.694444444444445,0,1,0.9444,17,18,17,0.0,0,1,0.9444,2,3.3472,Graduate
0,0,7,0,0,0.0,0,0,0.0,8,0,0,0.0,0,0,0.0,0,0.0,Dropout
0,1,12,12,12,6.791666666666667,0,0,1.0,11,12,11,0.0,0,1,0.9167,1,3.3958,Graduate
0,1,0,0,0,0.0,0,0,0.0,0,0,0,0.0,0,0,0.0,0,0.0,Enrolled
1,0,5,5,0,0.0,0,5,0.0,5,5,0,0.0,0,5,0.0,10,0.0,Dropout
0,1,5,9,1,5.0,0,8,0.1111,5,5,0,0.0,0,5,0.0,13,2.5,Dropout
0,1,5,5,5,7.6,0,0,1.0,5,5,5,0.0,0,0,1.0,0,3.8,Graduate
0,1,6,12,4,6.4,0,8,0.3333,6,17,0,0.0,0,17,0.0,25,3.2,Dropout
0,1,5,7,5,5.583333333333333,0,2,0.7143,5,5,4,0.0,0,1,0.8,3,2.7917,Dropout
0,1,0,0,0,0.0,0,0,0.0,0,0,0,0.0,0,0,0.0,0,0.0,Enrolled
0,1,8,9,7,6.414285714285714,0,2,0.7778,8,9,7,0.0,0,2,0.7778,4,3.2071,Graduate
1,0,6,6,6,6.25,0,0,1.0,6,10,4,0.0,0,6,0.4,6,3.125,Dropout
0,1,5,12,3,5.0,0,9,0.25,5,10,3,0.0,0,7,0.3,16,2.5,Graduate
0,0,6,6,6,5.75,0,0,1.0,6,10,4,0.0,0,6,0.4,6,2.875,Graduate
1,0,8,11,7,5.664285714285714,0,4,0.6364,8,11,7,0.0,0,4,0.6364,8,2.8321,Dropout
0,1,6,15,2,6.5,2,13,0.1333,6,13,3,0.0,1,10,0.2308,23,3.25,Enrolled
0,1,7,7,6,6.516666666666666,0,1,0.8571,7,7,6,0.0,0,1,0.8571,2,3.2583,Graduate
0,1,6,8,6,6.083333333333333,0,2,0.75,6,7,4,0.0,0,3,0.5714,5,3.0417,Graduate
1,1,5,6,4,7.25,0,2,0.6667,5,10,3,0.0,0,7,0.3,9,3.625,Enrolled
0,1,5,7,5,7.2,1,2,0.7143,5,5,5,0.0,0,0,1.0,2,3.6,Graduate
0,1,6,10,4,6.125,0,6,0.4,7,9,6,0.0,0,3,0.6667,9,3.0625,Enrolled
0,1,7,14,0,0.0,0,14,0.0,7,14,0,0.0,0,14,0.0,28,0.0,Dropout
0,1,6,6,6,6.333333333333333,0,0,1.0,6,6,6,0.0,0,0,1.0,0,3.1667,Graduate
1,0,6,14,2,6.0,0,12,0.1429,6,14,3,0.0,0,11,0.2143,23,3.0,Dropout
0,0,5,6,0,0.0,0,6,0.0,5,5,0,0.0,0,5,0.0,11,0.0,Dropout
0,1,5,5,3,5.833333333333333,0,2,0.6,5,10,4,0.0,0,6,0.4,8,2.9167,Dropout
0,1,6,0,0,0.0,0,0,0.0,6,0,0,0.0,0,0,0.0,0,0.0,Dropout
0,1,5,12,1,5.0,0,11,0.0833,5,10,0,0.0,0,10,0.0,21,2.5,Dropout
0,1,7,8,0,0.0,1,8,0.0,6,9,0,0.0,0,9,0.0,17,0.0,Dropout
0,1,6,11,4,6.125,0,7,0.3636,6,16,3,0.0,0,13,0.1875,20,3.0625,Dropout
0,1,6,10,4,6.0,1,6,0.4,6,6,6,0.0,0,0,1.0,6,3.0,Graduate
0,0,6,7,5,6.3,0,2,0.7143,6,6,5,0.0,0,1,0.8333,3,3.15,Enrolled
0,0,5,5,0,0.0,0,5,0.0,5,5,0,0.0,0,5,0.0,10,0.0,Dropout
0,0,5,5,0,0.0,0,5,0.0,5,10,0,0.0,0,10,0.0,15,0.0,Dropout
0,0,8,8,0,0.0,1,8,0.0,8,8,0,0.0,1,8,0.0,16,0.0,Dropout
0,1,16,16,16,6.34375,0,0,1.0,13,13,13,0.0,0,0,1.0,0,3.1719,Graduate
0,1,13,22,10,5.2,0,12,0.4545,9,18,6,0.0,0,12,0.3333,24,2.6,Graduate
0,1,15,26,14,5.233333333333334,0,12,0.5385,12,16,12,0.0,0,4,0.75,16,2.6167,Graduate
0,1,5,10,5,7.166666666666667,2,5,0.5,5,8,5,0.0,1,3,0.625,8,3.5833,Graduate
0,1,7,7,6,7.333333333333333,1,1,0.8571,6,7,6,0.0,0,1,0.8571,2,3.6667,Graduate
0,1,7,7,7,6.417857142857142,0,0,1.0,8,8,8,0.0,0,0,1.0,0,3.2089,Graduate
0,1,5,5,0,0.0,0,5,0.0,5,0,0,0.0,0,0,0.0,5,0.0,Dropout
1,1,5,9,0,0.0,0,9,0.0,5,5,0,0.0,0,5,0.0,14,0.0,Enrolled
0,1,0,0,0,0.0,0,0,0.0,0,0,0,0.0,0,0,0.0,0,0.0,Dropout
0,1,8,8,8,6.624375,0,0,1.0,8,8,8,0.0,0,0,1.0,0,3.3122,Graduate
0,1,7,10,7,6.428571428571429,0,3,0.7,7,7,4,0.0,0,3,0.5714,6,3.2143,Enrolled
0,1,6,12,5,6.8,0,7,0.4167,6,10,4,0.0,0,6,0.4,13,3.4,Enrolled
0,1,5,6,3,7.0,0,3,0.5,5,8,5,0.0,0,3,0.625,6,3.5,Graduate
1,0,6,11,3,6.0,0,8,0.2727,6,11,2,0.0,0,9,0.1818,17,3.0,Enrolled
0,1,6,9,6,6.583333333333333,0,3,0.6667,6,8,4,0.0,0,4,0.5,7,3.2917,Enrolled
0,1,6,8,6,6.8125,0,2,0.75,6,7,6,0.0,0,1,0.8571,3,3.4062,Graduate
0,1,7,8,7,7.425,0,1,0.875,8,9,8,0.0,0,1,0.8889,2,3.7125,Graduate
0,1,5,9,4,5.375,0,5,0.4444,5,6,5,0.0,0,1,0.8333,6,2.6875,Graduate
1,1,7,11,0,0.0,4,11,0.0,7,11,2,0.0,0,9,0.1818,20,0.0,Enrolled
0,1,6,0,0,0.0,0,0,0.0,6,0,0,0.0,0,0,0.0,0,0.0,Dropout
0,1,12,14,12,7.0,0,2,0.8571,7,12,7,0.0,0,5,0.5833,7,3.5,Enrolled
1,0,6,8,0,0.0,0,8,0.0,6,10,0,0.0,0,10,0.0,18,0.0,Dropout
0,0,5,5,0,0.0,0,5,0.0,5,5,0,0.0,0,5,0.0,10,0.0,Dropout
1,0,6,17,5,6.5,0,12,0.2941,6,11,4,0.0,0,7,0.3636,19,3.25,Dropout
0,1,8,12,8,6.1875,0,4,0.6667,9,11,5,0.0,0,6,0.4545,10,3.0938,Graduate
0,1,0,0,0,0.0,0,0,0.0,0,0,0,0.0,0,0,0.0,0,0.0,Graduate
0,1,6,10,5,5.7,0,5,0.5,6,9,4,0.0,0,5,0.4444,10,2.85,Dropout
0,1,5,9,4,5.625,0,5,0.4444,5,7,4,0.0,0,3,0.5714,8,2.8125,Enrolled
1,0,5,7,3,6.5,0,4,0.4286,5,8,3,0.0,0,5,0.375,9,3.25,Dropout
0,1,0,0,0,0.0,0,0,0.0,0,0,0,0.0,0,0,0.0,0,0.0,Enrolled
0,1,6,6,6,6.75,0,0,1.0,6,6,6,0.0,0,0,1.0,0,3.375,Graduate
0,1,6,11,1,5.5,1,10,0.0909,6,11,4,0.0,4,7,0.3636,17,2.75,Enrolled
0,1,5,9,0,0.0,0,9,0.0,5,10,1,0.0,0,9,0.1,18,0.0,Dropout
0,1,6,9,5,6.0,0,4,0.5556,6,8,5,0.0,0,3,0.625,7,3.0,Dropout
0,1,6,8,5,6.5,0,3,0.625,6,7,6,0.0,0,1,0.8571,4,3.25,Graduate
0,1,0,0,0,0.0,0,0,0.0,0,0,0,0.0,0,0,0.0,0,0.0,Graduate
0,1,5,8,4,6.0,0,4,0.5,5,8,4,0.0,0,4,0.5,8,3.0,Enrolled
0,1,5,10,5,5.583333333333333,0,5,0.5,5,10,3,0.0,0,7,0.3,12,2.7917,Enrolled
0,1,6,13,2,5.25,0,11,0.1538,6,11,1,0.0,0,10,0.0909,21,2.625,Dropout
0,1,6,7,6,6.333333333333333,0,1,0.8571,6,6,6,0.0,0,0,1.0,1,3.1667,Graduate
0,1,6,6,1,5.5,0,5,0.1667,6,8,0,0.0,0,8,0.0,13,2.75,Dropout
0,1,0,0,0,0.0,0,0,0.0,0,0,0,0.0,0,0,0.0,0,0.0,Dropout
0,1,5,6,4,5.75,0,2,0.6667,5,12,2,0.0,0,10,0.1667,12,2.875,Enrolled
1,0,0,0,0,0.0,0,0,0.0,0,0,0,0.0,0,0,0.0,0,0.0,Dropout
0,1,5,10,2,5.25,0,8,0.2,5,5,4,0.0,0,1,0.8,9,2.625,Enrolled
0,1,5,8,4,6.25,0,4,0.5,5,6,4,0.0,0,2,0.6667,6,3.125,Enrolled
0,1,7,9,6,6.416666666666667,0,3,0.6667,8,12,6,0.0,0,6,0.5,9,3.2083,Enrolled
0,1,6,7,6,7.785714285714286,0,1,0.8571,6,7,6,0.0,0,1,0.8571,2,3.8929,Graduate
0,1,6,10,4,6.0,0,6,0.4,6,7,5,0.0,0,2,0.7143,8,3.0,Dropout
1,1,6,6,4,5.625,0,2,0.6667,6,6,3,0.0,0,3,0.5,5,2.8125,Dropout
0,1,0,0,0,0.0,0,0,0.0,0,0,0,0.0,0,0,0.0,0,0.0,Graduate
0,1,6,10,6,6.142857142857143,0,4,0.6,6,11,4,0.0,0,7,0.3636,11,3.0714,Enrolled
0,1,6,12,5,5.5,0,7,0.4167,6,11,3,0.0,0,8,0.2727,15,2.75,Enrolled
0,1,6,8,6,6.071428571428571,0,2,0.75,6,11,5,0.0,0,6,0.4545,8,3.0357,Graduate
1,0,6,11,2,5.75,0,9,0.1818,6,7,0,0.0,0,7,0.0,16,2.875,Dropout
1,1,12,16,11,6.272727272727272,0,5,0.6875,10,12,8,0.0,0,4,0.6667,9,3.1364,Enrolled
0,1,6,10,4,6.5,0,6,0.4,6,6,6,0.0,0,0,1.0,6,3.25,Graduate
0,1,8,9,8,6.44375,1,1,0.8889,8,9,8,0.0,1,1,0.8889,2,3.2219,Graduate
0,1,6,6,6,6.333333333333333,0,0,1.0,6,7,5,0.0,0,2,0.7143,2,3.1667,Enrolled
0,1,6,7,6,6.416666666666667,0,1,0.8571,6,7,6,0.0,0,1,0.8571,2,3.2083,Graduate
0,1,5,10,3,5.333333333333333,1,7,0.3,5,11,2,0.0,0,9,0.1818,16,2.6667,Dropout
0,1,5,11,5,6.5,2,6,0.4545,5,7,5,0.0,0,2,0.7143,8,3.25,Enrolled
0,1,7,11,6,5.991666666666667,0,5,0.5455,8,12,8,0.0,0,4,0.6667,9,2.9958,Graduate
0,0,5,9,0,0.0,0,9,0.0,5,5,0,0.0,5,5,0.0,14,0.0,Dropout
0,1,6,6,6,5.916666666666667,0,0,1.0,6,6,6,0.0,0,0,1.0,0,2.9583,Graduate
0,1,6,21,3,6.333333333333333,0,18,0.1429,6,15,2,0.0,0,13,0.1333,31,3.1667,Dropout
0,1,5,9,4,6.875,1,5,0.4444,5,8,4,0.0,0,4,0.5,9,3.4375,Graduate
0,1,6,8,5,5.7,0,3,0.625,6,8,5,0.0,0,3,0.625,6,2.85,Dropout
0,1,6,8,6,6.583333333333333,0,2,0.75,6,6,6,0.0,0,0,1.0,2,3.2917,Dropout
0,1,7,10,6,6.416666666666667,0,4,0.6,8,8,5,0.0,0,3,0.625,7,3.2083,Graduate
0,1,6,8,6,7.0625,0,2,0.75,6,10,5,0.0,0,5,0.5,7,3.5312,Graduate
0,1,5,10,3,5.833333333333333,0,7,0.3,5,5,5,0.0,0,0,1.0,7,2.9167,Graduate
0,0,7,18,6,5.125,0,12,0.3333,7,14,4,0.0,0,10,0.2857,22,2.5625,Dropout
0,1,7,16,6,6.257142857142858,0,10,0.375,7,15,4,0.0,0,11,0.2667,21,3.1286,Dropout
0,1,13,17,10,5.75,0,7,0.5882,13,18,9,0.0,0,9,0.5,16,2.875,Dropout
0,0,5,5,1,5.0,0,4,0.2,5,5,0,0.0,0,5,0.0,9,2.5,Dropout
0,1,6,7,6,7.857142857142857,0,1,0.8571,6,17,5,0.0,0,12,0.2941,13,3.9286,Graduate
0,1,6,9,4,6.25,0,5,0.4444,7,7,4,0.0,0,3,0.5714,8,3.125,Dropout
0,0,5,6,3,6.0,0,3,0.5,5,5,4,0.0,0,1,0.8,4,3.0,Dropout
1,1,5,11,0,0.0,0,11,0.0,5,5,0,0.0,0,5,0.0,16,0.0,Dropout
0,1,5,9,4,6.125,2,5,0.4444,5,8,4,0.0,0,4,0.5,9,3.0625,Graduate
1,0,4,5,0,0.0,0,5,0.0,4,4,0,0.0,0,4,0.0,9,0.0,Dropout
0,1,5,5,5,6.8,0,0,1.0,5,5,5,0.0,0,0,1.0,0,3.4,Graduate
0,1,13,14,13,6.653846153846154,0,1,0.9286,11,12,11,0.0,0,1,0.9167,2,3.3269,Enrolled
0,1,5,6,5,6.1,0,1,0.8333,5,9,5,0.0,0,4,0.5556,5,3.05,Graduate
0,1,6,7,6,6.142857142857143,0,1,0.8571,6,7,6,0.0,1,1,0.8571,2,3.0714,Graduate
0,1,5,12,3,6.0,2,9,0.25,5,8,4,0.0,1,4,0.5,13,3.0,Graduate
0,1,7,9,6,6.671428571428572,0,3,0.6667,8,10,7,0.0,0,3,0.7,6,3.3357,Graduate
1,1,5,5,0,0.0,0,5,0.0,5,5,0,0.0,0,5,0.0,10,0.0,Dropout
0,1,12,12,11,7.136363636363636,0,1,0.9167,12,12,11,0.0,0,1,0.9167,2,3.5682,Graduate
0,1,7,9,7,6.06875,0,2,0.7778,8,9,8,0.0,0,1,0.8889,3,3.0344,Graduate
0,1,6,7,6,7.083333333333333,0,1,0.8571,6,7,6,0.0,0,1,0.8571,2,3.5417,Graduate
0,1,7,7,7,6.764285714285714,0,0,1.0,8,9,8,0.0,0,1,0.8889,1,3.3821,Graduate
0,1,6,8,5,6.0,0,3,0.625,6,8,6,0.0,0,2,0.75,5,3.0,Graduate
0,1,5,5,5,5.7,0,0,1.0,6,11,1,0.0,0,10,0.0909,10,2.85,Dropout
0,1,0,0,0,0.0,0,0,0.0,0,0,0,0.0,0,0,0.0,0,0.0,Dropout
0,1,12,12,12,6.458333333333333,0,0,1.0,11,16,11,0.0,0,5,0.6875,5,3.2292,Graduate
0,1,7,8,7,6.81875,0,1,0.875,8,8,8,0.0,0,0,1.0,1,3.4094,Graduate
0,1,7,10,7,6.45,0,3,0.7,8,15,7,0.0,0,8,0.4667,11,3.225,Dropout
0,1,8,8,7,7.18,0,1,0.875,8,8,7,0.0,0,1,0.875,2,3.59,Graduate
0,1,8,8,7,7.257142857142857,0,1,0.875,8,8,7,0.0,0,1,0.875,2,3.6286,Enrolled
0,1,8,8,7,7.35,0,1,0.875,8,8,7,0.0,0,1,0.875,2,3.675,Graduate
0,1,5,5,5,7.6,0,0,1.0,5,6,5,0.0,0,1,0.8333,1,3.8,Enrolled
0,1,7,7,7,6.5,0,0,1.0,8,8,8,0.0,0,0,1.0,0,3.25,Graduate
0,1,6,6,6,6.75,0,0,1.0,6,6,0,0.0,0,6,0.0,6,3.375,Dropout
0,1,5,11,5,6.166666666666667,2,6,0.4545,5,7,5,0.0,0,2,0.7143,8,3.0833,Graduate
0,1,5,6,5,6.7,0,1,0.8333,5,6,5,0.0,0,1,0.8333,2,3.35,Graduate
0,1,5,7,4,5.875,0,3,0.5714,5,9,2,0.0,0,7,0.2222,10,2.9375,Enrolled
0,1,0,0,0,0.0,0,0,0.0,0,0,0,0.0,0,0,0.0,0,0.0,Graduate
0,1,0,0,0,0.0,0,0,0.0,0,0,0,0.0,0,0,0.0,0,0.0,Enrolled
0,1,12,17,11,7.363636363636364,0,6,0.6471,9,10,7,0.0,0,3,0.7,9,3.6818,Graduate
0,1,6,7,6,8.285714285714286,0,1,0.8571,6,6,6,0.0,0,0,1.0,1,4.1429,Graduate
0,1,7,10,7,7.5725,0,3,0.7,8,8,8,0.0,0,0,1.0,3,3.7862,Graduate
0,1,7,7,7,6.72142857142857,0,0,1.0,8,8,8,0.0,0,0,1.0,0,3.3607,Graduate
0,1,5,8,5,7.083333333333333,2,3,0.625,5,6,4,0.0,2,2,0.6667,5,3.5417,Graduate
0,1,6,7,6,7.0,0,1,0.8571,6,7,5,0.0,0,2,0.7143,3,3.5,Enrolled
0,1,6,9,6,5.666666666666667,0,3,0.6667,6,6,6,0.0,0,0,1.0,3,2.8333,Graduate
0,1,8,8,8,6.880625,0,0,1.0,8,8,8,0.0,0,0,1.0,0,3.4403,Graduate
1,0,7,9,5,5.8,0,4,0.5556,9,9,5,0.0,0,4,0.5556,8,2.9,Dropout
1,1,6,7,4,6.375,0,3,0.5714,6,8,5,0.0,0,3,0.625,6,3.1875,Graduate
0,1,5,12,4,6.25,0,8,0.3333,5,10,4,0.0,0,6,0.4,14,3.125,Enrolled
0,1,6,13,6,7.653846153846154,0,7,0.4615,6,9,6,0.0,0,3,0.6667,10,3.8269,Graduate
0,0,6,12,5,6.642857142857143,0,7,0.4167,6,10,4,0.0,0,6,0.4,13,3.3214,Dropout
0,1,7,7,7,7.378571428571428,0,0,1.0,8,9,8,0.0,0,1,0.8889,1,3.6893,Graduate
0,1,7,7,6,6.383333333333333,0,1,0.8571,7,7,6,0.0,0,1,0.8571,2,3.1917,Graduate
0,0,5,5,5,5.2,0,0,1.0,6,13,0,0.0,0,13,0.0,13,2.6,Dropout
0,1,7,0,0,0.0,0,0,0.0,7,0,0,0.0,0,0,0.0,0,0.0,Dropout
0,1,5,10,4,5.25,0,6,0.4,5,6,5,0.0,0,1,0.8333,7,2.625,Graduate
0,1,5,6,4,7.125,0,2,0.6667,5,6,5,0.0,0,1,0.8333,3,3.5625,Graduate
0,1,7,11,3,5.958333333333333,1,8,0.2727,7,17,0,0.0,0,17,0.0,25,2.9792,Dropout
0,1,5,10,3,5.333333333333333,0,7,0.3,5,9,2,0.0,2,7,0.2222,14,2.6667,Enrolled
0,1,6,11,4,6.125,0,7,0.3636,6,10,3,0.0,0,7,0.3,14,3.0625,Enrolled
1,1,5,5,4,6.0,0,1,0.8,5,6,5,0.0,0,1,0.8333,2,3.0,Dropout
0,1,5,7,3,5.5,0,4,0.4286,5,5,4,0.0,0,1,0.8,5,2.75,Dropout
0,1,6,6,6,7.083333333333333,0,0,1.0,6,8,5,0.0,0,3,0.625,3,3.5417,Graduate
0,1,6,6,6,7.333333333333333,0,0,1.0,6,6,6,0.0,0,0,1.0,0,3.6667,Graduate
0,1,5,11,0,0.0,0,11,0.0,5,10,5,0.0,1,5,0.5,16,0.0,Graduate
1,0,7,8,3,6.333333333333333,0,5,0.375,5,5,0,0.0,0,5,0.0,10,3.1667,Dropout
0,1,0,0,0,0.0,0,0,0.0,0,0,0,0.0,0,0,0.0,0,0.0,Enrolled
0,1,0,0,0,0.0,0,0,0.0,0,0,0,0.0,0,0,0.0,0,0.0,Dropout
0,1,5,0,0,0.0,0,0,0.0,5,0,0,0.0,0,0,0.0,0,0.0,Dropout
0,0,6,0,0,0.0,0,0,0.0,6,0,0,0.0,0,0,0.0,0,0.0,Dropout
0,1,7,7,7,6.85,0,0,1.0,8,9,8,0.0,0,1,0.8889,1,3.425,Graduate
0,1,5,7,5,5.9,0,2,0.7143,5,8,4,0.0,2,4,0.5,6,2.95,Enrolled
0,1,5,0,0,0.0,0,0,0.0,5,0,0,0.0,0,0,0.0,0,0.0,Dropout
0,1,6,6,6,6.666666666666667,0,0,1.0,6,7,6,0.0,0,1,0.8571,1,3.3333,Graduate
0,1,6,7,5,5.7,0,2,0.7143,6,6,6,0.0,0,0,1.0,2,2.85,Graduate
0,1,5,5,0,0.0,0,5,0.0,5,5,0,0.0,0,5,0.0,10,0.0,Dropout
0,1,7,7,7,8.071428571428571,0,0,1.0,8,9,0,0.0,0,9,0.0,9,4.0357,Dropout
0,1,8,8,0,0.0,8,8,0.0,8,8,0,0.0,8,8,0.0,16,0.0,Dropout
0,1,8,8,8,7.816875,0,0,1.0,8,8,8,0.0,0,0,1.0,0,3.9084,Graduate
0,1,6,6,6,6.833333333333333,0,0,1.0,6,6,6,0.0,0,0,1.0,0,3.4167,Graduate
0,1,6,0,0,0.0,0,0,0.0,6,0,0,0.0,0,0,0.0,0,0.0,Dropout
0,1,6,8,6,6.25,0,2,0.75,6,7,6,0.0,0,1,0.8571,3,3.125,Graduate
0,1,6,8,6,6.142857142857143,0,2,0.75,6,6,6,0.0,0,0,1.0,2,3.0714,Graduate
0,1,5,10,2,7.0,0,8,0.2,5,7,3,0.0,1,4,0.4286,12,3.5,Enrolled
0,1,0,0,0,0.0,0,0,0.0,0,0,0,0.0,0,0,0.0,0,0.0,Dropout
0,1,5,5,4,5.375,0,1,0.8,5,6,4,0.0,0,2,0.6667,3,2.6875,Enrolled
0,1,7,14,4,6.475,1,10,0.2857,7,11,4,0.0,1,7,0.3636,17,3.2375,Dropout
0,1,7,7,6,6.225,0,1,0.8571,7,7,6,0.0,0,1,0.8571,2,3.1125,Graduate
0,1,6,12,4,6.125,0,8,0.3333,7,9,7,0.0,0,2,0.7778,10,3.0625,Enrolled
0,1,8,8,8,6.690625,0,0,1.0,8,8,8,0.0,0,0,1.0,0,3.3453,Graduate
0,0,7,10,5,6.08,0,5,0.5,6,7,5,0.0,0,2,0.7143,7,3.04,Dropout
1,0,6,11,4,6.25,0,7,0.3636,6,18,2,0.0,0,16,0.1111,23,3.125,Enrolled
0,1,6,8,6,6.375,0,2,0.75,6,10,6,0.0,0,4,0.6,6,3.1875,Graduate
0,1,8,8,8,6.67125,0,0,1.0,8,8,8,0.0,0,0,1.0,0,3.3356,Graduate
0,1,7,10,7,7.0875,0,3,0.7,8,14,6,0.0,0,8,0.4286,11,3.5438,Graduate
0,1,8,16,1,5.0,1,15,0.0625,8,16,1,0.0,1,15,0.0625,30,2.5,Enrolled
0,1,5,9,0,0.0,0,9,0.0,5,8,2,0.0,2,6,0.25,15,0.0,Dropout
0,1,5,7,0,0.0,0,7,0.0,5,7,0,0.0,0,7,0.0,14,0.0,Dropout
0,1,5,6,5,6.0,0,1,0.8333,5,8,5,0.0,0,3,0.625,4,3.0,Graduate
0,1,6,8,6,5.285714285714286,0,2,0.75,6,9,5,0.0,0,4,0.5556,6,2.6429,Graduate
0,1,12,19,11,7.076923076923076,0,8,0.5789,12,20,12,0.0,0,8,0.6,16,3.5385,Graduate
0,1,6,9,6,5.583333333333333,0,3,0.6667,6,11,5,0.0,0,6,0.4545,9,2.7917,Graduate
0,1,17,20,17,6.0,0,3,0.85,17,18,17,0.0,0,1,0.9444,4,3.0,Graduate
0,1,5,11,3,5.666666666666667,0,8,0.2727,5,9,4,0.0,0,5,0.4444,13,2.8333,Dropout
0,1,16,17,16,6.294117647058824,0,1,0.9412,13,14,13,0.0,0,1,0.9286,2,3.1471,Graduate
0,1,6,11,4,6.0,0,7,0.3636,6,9,4,0.0,0,5,0.4444,12,3.0,Enrolled
0,0,6,0,0,0.0,0,0,0.0,6,0,0,0.0,0,0,0.0,0,0.0,Dropout
0,1,12,13,12,6.125,0,1,0.9231,13,13,13,0.0,0,0,1.0,1,3.0625,Graduate
0,1,5,7,5,5.8,0,2,0.7143,5,5,5,0.0,0,0,1.0,2,2.9,Graduate
0,0,5,7,4,6.5,0,3,0.5714,5,11,3,0.0,2,8,0.2727,11,3.25,Dropout
1,1,5,11,3,5.333333333333333,0,8,0.2727,5,5,2,0.0,0,3,0.4,11,2.6667,Dropout
0,1,11,21,9,6.166666666666667,0,12,0.4286,11,16,9,0.0,0,7,0.5625,19,3.0833,Enrolled
0,0,5,7,2,5.5,0,5,0.2857,5,9,3,0.0,0,6,0.3333,11,2.75,Dropout
0,1,7,10,6,6.714285714285714,0,4,0.6,9,9,8,0.0,0,1,0.8889,5,3.3571,Graduate
0,1,8,10,8,6.526875,2,2,0.8,8,10,8,0.0,2,2,0.8,4,3.2634,Graduate
0,1,7,10,6,6.017857142857143,0,4,0.6,8,9,7,0.0,0,2,0.7778,6,3.0089,Enrolled
0,1,6,6,6,7.083333333333333,0,0,1.0,6,7,6,0.0,0,1,0.8571,1,3.5417,Graduate
0,0,6,6,0,0.0,0,6,0.0,6,8,0,0.0,0,8,0.0,14,0.0,Dropout
0,1,6,11,5,6.8,0,6,0.4545,6,13,3,0.0,0,10,0.2308,16,3.4,Dropout
0,1,6,7,5,6.1,0,2,0.7143,6,12,2,0.0,0,10,0.1667,12,3.05,Enrolled
0,1,6,8,6,6.857142857142857,0,2,0.75,6,7,5,0.0,0,2,0.7143,4,3.4286,Dropout
1,0,6,10,3,5.833333333333333,0,7,0.3,6,11,2,0.0,0,9,0.1818,16,2.9167,Dropout
1,0,6,9,1,7.0,0,8,0.1111,6,6,0,0.0,0,6,0.0,14,3.5,Dropout
0,1,6,20,4,6.25,0,16,0.2,6,16,3,0.0,0,13,0.1875,29,3.125,Dropout
1,0,6,11,5,5.916666666666667,0,6,0.4545,6,11,4,0.0,0,7,0.3636,13,2.9583,Dropout
0,0,6,6,0,0.0,0,6,0.0,6,8,0,0.0,0,8,0.0,14,0.0,Dropout
1,0,6,0,0,0.0,0,0,0.0,6,0,0,0.0,0,0,0.0,0,0.0,Dropout
0,1,17,18,13,5.769230769230769,0,5,0.7222,15,15,10,0.0,0,5,0.6667,10,2.8846,Dropout
0,1,9,14,7,5.642857142857143,2,7,0.5,8,15,4,0.0,0,11,0.2667,18,2.8214,Enrolled
0,1,0,0,0,0.0,0,0,0.0,0,0,0,0.0,0,0,0.0,0,0.0,Graduate
0,1,6,7,5,5.9,0,2,0.7143,6,9,4,0.0,0,5,0.4444,7,2.95,Enrolled
0,1,5,16,0,0.0,0,16,0.0,5,12,2,0.0,0,10,0.1667,26,0.0,Enrolled
1,0,5,5,0,0.0,0,5,0.0,5,5,0,0.0,0,5,0.0,10,0.0,Dropout
0,0,5,5,5,7.1,0,0,1.0,5,5,5,0.0,0,0,1.0,0,3.55,Enrolled
1,1,12,12,10,6.35,0,2,0.8333,11,16,10,0.0,0,6,0.625,8,3.175,Enrolled
0,0,6,10,3,6.333333333333333,0,7,0.3,6,7,0,0.0,0,7,0.0,14,3.1667,Dropout
0,1,6,7,6,7.214285714285714,0,1,0.8571,6,8,6,0.0,2,2,0.75,3,3.6071,Graduate
0,1,7,7,7,6.558571428571428,0,0,1.0,8,9,7,0.0,0,2,0.7778,2,3.2793,Graduate
1,1,6,7,6,6.333333333333333,0,1,0.8571,6,7,6,0.0,0,1,0.8571,2,3.1667,Graduate
0,1,0,0,0,0.0,0,0,0.0,0,0,0,0.0,0,0,0.0,0,0.0,Dropout
0,1,6,7,6,7.642857142857143,0,1,0.8571,6,6,6,0.0,0,0,1.0,1,3.8214,Graduate
1,1,5,12,3,5.25,0,9,0.25,5,8,4,0.0,0,4,0.5,13,2.625,Graduate
0,1,11,11,11,6.318181818181818,0,0,1.0,9,11,9,0.0,0,2,0.8182,2,3.1591,Graduate
0,1,5,6,0,0.0,0,6,0.0,5,0,0,0.0,0,0,0.0,6,0.0,Dropout
1,0,9,9,3,7.166666666666667,0,6,0.3333,7,8,1,0.0,0,7,0.125,13,3.5833,Dropout
0,0,8,14,8,7.5625,0,6,0.5714,6,12,6,0.0,0,6,0.5,12,3.7812,Enrolled
0,1,7,0,0,0.0,0,0,0.0,8,0,0,0.0,0,0,0.0,0,0.0,Dropout
1,1,7,16,3,6.0,0,13,0.1875,8,10,3,0.0,0,7,0.3,20,3.0,Enrolled
0,1,6,10,4,7.125,1,6,0.4,6,8,5,0.0,0,3,0.625,9,3.5625,Enrolled
0,1,5,12,2,5.25,0,10,0.1667,5,9,4,0.0,2,5,0.4444,15,2.625,Enrolled
0,1,6,7,6,6.75,0,1,0.8571,6,7,6,0.0,0,1,0.8571,2,3.375,Graduate
0,1,6,14,5,5.833333333333333,0,9,0.3571,6,11,4,0.0,0,7,0.3636,16,2.9167,Enrolled
0,1,6,13,5,5.4,0,8,0.3846,6,12,3,0.0,0,9,0.25,17,2.7,Enrolled
0,0,4,4,0,0.0,0,4,0.0,4,8,0,0.0,0,8,0.0,12,0.0,Dropout
0,1,9,11,9,6.4,0,2,0.8182,7,9,7,0.0,0,2,0.7778,4,3.2,Graduate
1,1,5,6,5,5.4,0,1,0.8333,5,7,5,0.0,2,2,0.7143,3,2.7,Dropout
0,1,5,8,4,5.7,0,4,0.5,5,7,4,0.0,0,3,0.5714,7,2.85,Graduate
0,1,7,7,7,6.862857142857143,0,0,1.0,8,8,8,0.0,0,0,1.0,0,3.4314,Graduate
0,1,6,6,5,6.4,0,1,0.8333,6,9,5,0.0,0,4,0.5556,5,3.2,Enrolled
0,1,6,6,6,6.75,0,0,1.0,6,6,6,0.0,0,0,1.0,0,3.375,Graduate
0,1,8,8,7,7.785,0,1,0.875,8,8,7,0.0,0,1,0.875,2,3.8925,Dropout
1,1,5,10,4,5.5,0,6,0.4,5,13,2,0.0,0,11,0.1538,17,2.75,Enrolled
0,1,7,7,7,7.057142857142857,0,0,1.0,8,9,8,0.0,0,1,0.8889,1,3.5286,Dropout
0,1,5,12,3,5.5,1,9,0.25,5,12,4,0.0,0,8,0.3333,17,2.75,Enrolled
0,1,6,0,0,0.0,0,0,0.0,6,0,0,0.0,0,0,0.0,0,0.0,Dropout
0,1,5,6,4,6.75,0,2,0.6667,5,6,4,0.0,0,2,0.6667,4,3.375,Graduate
0,1,6,9,4,5.625,1,5,0.4444,6,10,0,0.0,4,10,0.0,15,2.8125,Dropout
0,1,6,7,6,6.071428571428571,0,1,0.8571,6,8,6,0.0,0,2,0.75,3,3.0357,Graduate
0,1,8,8,7,6.537857142857143,0,1,0.875,8,8,7,0.0,0,1,0.875,2,3.2689,Graduate
0,1,5,0,0,0.0,0,0,0.0,5,0,0,0.0,0,0,0.0,0,0.0,Dropout
1,1,5,9,3,5.5,0,6,0.3333,5,11,2,0.0,0,9,0.1818,15,2.75,Dropout
0,1,6,16,0,0.0,0,16,0.0,6,7,0,0.0,0,7,0.0,23,0.0,Dropout
0,1,7,12,4,6.5625,0,8,0.3333,7,8,6,0.0,0,2,0.75,10,3.2812,Enrolled
0,1,8,8,7,6.756428571428571,0,1,0.875,8,8,7,0.0,0,1,0.875,2,3.3782,Graduate
0,1,6,7,6,6.416666666666667,0,1,0.8571,6,6,6,0.0,0,0,1.0,1,3.2083,Graduate
0,1,5,8,3,7.5,2,5,0.375,5,9,3,0.0,0,6,0.3333,11,3.75,Dropout
1,0,6,12,5,6.4,0,7,0.4167,6,16,3,0.0,0,13,0.1875,20,3.2,Dropout
1,0,6,14,3,6.166666666666667,0,11,0.2143,6,16,0,0.0,0,16,0.0,27,3.0833,Dropout
0,1,8,15,5,6.144,1,10,0.3333,8,15,5,0.0,1,10,0.3333,20,3.072,Dropout
0,1,12,21,12,6.166666666666667,0,9,0.5714,10,13,7,0.0,2,6,0.5385,15,3.0833,Graduate
0,1,5,9,4,5.75,0,5,0.4444,5,5,5,0.0,0,0,1.0,5,2.875,Graduate
0,1,6,6,6,5.916666666666667,0,0,1.0,6,11,4,0.0,0,7,0.3636,7,2.9583,Dropout
1,0,5,5,0,0.0,0,5,0.0,5,5,0,0.0,0,5,0.0,10,0.0,Dropout
0,1,5,5,0,0.0,0,5,0.0,5,5,0,0.0,0,5,0.0,10,0.0,Dropout
0,1,5,10,5,5.9,0,5,0.5,5,12,3,0.0,0,9,0.25,14,2.95,Enrolled
0,1,6,0,0,0.0,0,0,0.0,6,0,0,0.0,0,0,0.0,0,0.0,Dropout
0,0,5,6,5,6.1,0,1,0.8333,5,8,4,0.0,0,4,0.5,5,3.05,Enrolled
0,1,6,6,6,6.166666666666667,0,0,1.0,5,5,5,0.0,0,0,1.0,0,3.0833,Graduate
0,1,6,7,6,6.214285714285714,0,1,0.8571,6,6,6,0.0,0,0,1.0,1,3.1071,Graduate
0,1,7,7,7,6.382857142857144,0,0,1.0,8,9,8,0.0,0,1,0.8889,1,3.1914,Graduate
0,1,7,11,5,6.05,0,6,0.4545,7,10,5,0.0,0,5,0.5,11,3.025,Dropout
0,1,5,10,5,6.0,0,5,0.5,5,9,5,0.0,0,4,0.5556,9,3.0,Graduate
0,1,6,6,0,0.0,0,6,0.0,6,6,0,0.0,0,6,0.0,12,0.0,Dropout
1,1,6,10,6,7.444444444444445,0,4,0.6,6,11,6,0.0,0,5,0.5455,9,3.7222,Enrolled
0,1,14,19,13,5.678571428571429,0,6,0.6842,14,14,13,0.0,1,1,0.9286,7,2.8393,Graduate
0,1,6,6,6,6.75,0,0,1.0,6,6,6,0.0,0,0,1.0,0,3.375,Graduate
1,0,6,6,0,0.0,0,6,0.0,6,0,0,0.0,0,0,0.0,6,0.0,Dropout
0,1,7,7,7,6.942142857142856,0,0,1.0,8,9,8,0.0,0,1,0.8889,1,3.4711,Dropout
0,0,6,12,5,6.5,0,7,0.4167,6,12,3,0.0,0,9,0.25,16,3.25,Enrolled
0,1,7,11,4,6.325,0,7,0.3636,7,9,5,0.0,0,4,0.5556,11,3.1625,Enrolled
0,1,5,10,1,5.5,0,9,0.1,5,13,0,0.0,0,13,0.0,22,2.75,Enrolled
0,1,6,12,2,5.833333333333333,0,10,0.1667,6,20,2,0.0,6,18,0.1,28,2.9167,Dropout
0,1,6,6,6,7.25,0,0,1.0,6,6,6,0.0,0,0,1.0,0,3.625,Graduate
0,1,6,7,6,7.357142857142857,0,1,0.8571,6,7,6,0.0,0,1,0.8571,2,3.6786,Graduate
0,1,6,7,6,6.642857142857143,0,1,0.8571,6,6,6,0.0,0,0,1.0,1,3.3214,Graduate
0,1,5,13,3,5.666666666666667,2,10,0.2308,5,12,2,0.0,1,10,0.1667,20,2.8333,Enrolled
1,0,7,7,0,0.0,7,7,0.0,7,7,0,0.0,7,7,0.0,14,0.0,Dropout
0,1,5,11,4,5.785714285714286,0,7,0.3636,5,9,5,0.0,0,4,0.5556,11,2.8929,Enrolled
1,1,6,10,5,6.5,0,5,0.5,6,10,4,0.0,0,6,0.4,11,3.25,Dropout
0,1,6,9,6,5.75,0,3,0.6667,6,11,5,0.0,0,6,0.4545,9,2.875,Graduate
0,1,5,8,5,5.9,0,3,0.625,5,10,5,0.0,3,5,0.5,8,2.95,Graduate
0,0,5,7,3,5.333333333333333,0,4,0.4286,5,10,3,0.0,0,7,0.3,11,2.6667,Dropout
0,1,7,11,6,6.94375,0,5,0.5455,8,9,8,0.0,0,1,0.8889,6,3.4719,Graduate
1,1,6,7,5,5.7,0,2,0.7143,6,9,6,0.0,0,3,0.6667,5,2.85,Graduate
0,1,11,17,9,6.166666666666667,0,8,0.5294,7,12,7,0.0,0,5,0.5833,13,3.0833,Graduate
0,1,7,8,5,6.08,0,3,0.625,7,8,5,0.0,0,3,0.625,6,3.04,Enrolled
0,1,8,8,8,6.713749999999999,0,0,1.0,8,8,8,0.0,0,0,1.0,0,3.3569,Graduate
0,1,6,6,6,7.583333333333333,0,0,1.0,6,6,2,0.0,0,4,0.3333,4,3.7917,Graduate
0,1,6,12,0,0.0,1,12,0.0,6,0,0,0.0,0,0,0.0,12,0.0,Dropout
0,1,5,11,2,5.25,2,9,0.1818,5,9,0,0.0,3,9,0.0,18,2.625,Dropout
0,1,5,5,5,5.9,0,0,1.0,5,8,3,0.0,0,5,0.375,5,2.95,Graduate
1,1,5,6,5,6.6,0,1,0.8333,5,10,5,0.0,3,5,0.5,6,3.3,Enrolled
1,1,7,8,7,6.5375,0,1,0.875,8,11,8,0.0,0,3,0.7273,4,3.2687,Graduate
0,1,6,8,4,5.8,0,4,0.5,6,14,2,0.0,0,12,0.1429,16,2.9,Dropout
0,1,6,10,6,6.833333333333333,0,4,0.6,6,10,4,0.0,0,6,0.4,10,3.4167,Dropout
0,1,5,9,4,5.375,0,5,0.4444,5,7,2,0.0,0,5,0.2857,10,2.6875,Dropout
0,1,7,10,6,6.746428571428572,0,4,0.6,8,9,8,0.0,0,1,0.8889,5,3.3732,Graduate
0,1,6,14,3,6.25,0,11,0.2143,6,9,4,0.0,0,5,0.4444,16,3.125,Enrolled
0,0,7,0,0,0.0,0,0,0.0,8,0,0,0.0,0,0,0.0,0,0.0,Dropout
0,1,5,12,5,6.642857142857143,0,7,0.4167,5,16,5,0.0,0,11,0.3125,18,3.3214,Dropout
0,1,5,6,5,6.3,0,1,0.8333,5,13,5,0.0,5,8,0.3846,9,3.15,Graduate
0,1,6,7,6,7.0,0,1,0.8571,6,7,6,0.0,0,1,0.8571,2,3.5,Graduate
1,0,5,7,2,5.75,0,5,0.2857,5,8,2,0.0,0,6,0.25,11,2.875,Dropout
0,0,6,6,0,0.0,0,6,0.0,6,9,0,0.0,0,9,0.0,15,0.0,Dropout
1,0,6,6,6,5.916666666666667,0,0,1.0,6,8,6,0.0,0,2,0.75,2,2.9583,Graduate
1,0,6,10,5,5.75,0,5,0.5,6,8,5,0.0,0,3,0.625,8,2.875,Graduate
0,1,6,6,6,7.083333333333333,0,0,1.0,6,8,6,0.0,0,2,0.75,2,3.5417,Graduate
0,1,2,2,2,6.25,0,0,1.0,5,6,2,0.0,0,4,0.3333,4,3.125,Enrolled
1,1,5,5,0,0.0,0,5,0.0,5,5,0,0.0,0,5,0.0,10,0.0,Dropout
0,1,5,7,0,0.0,0,7,0.0,5,8,1,0.0,0,7,0.125,14,0.0,Enrolled
0,0,6,14,2,5.25,0,12,0.1429,6,16,0,0.0,0,16,0.0,28,2.625,Dropout
0,1,6,6,6,5.916666666666667,0,0,1.0,6,6,6,0.0,0,0,1.0,0,2.9583,Graduate
0,1,5,9,0,0.0,0,9,0.0,5,6,0,0.0,0,6,0.0,15,0.0,Dropout
0,1,5,5,5,6.2,0,0,1.0,5,5,5,0.0,0,0,1.0,0,3.1,Graduate
0,0,5,5,2,5.25,0,3,0.4,5,9,0,0.0,0,9,0.0,12,2.625,Dropout
1,0,5,9,0,0.0,0,9,0.0,5,6,0,0.0,0,6,0.0,15,0.0,Dropout
0,1,12,12,12,7.291666666666667,0,0,1.0,11,14,11,0.0,0,3,0.7857,3,3.6458,Graduate
0,1,6,6,6,5.833333333333333,0,0,1.0,6,10,3,0.0,0,7,0.3,7,2.9167,Graduate
1,0,5,5,0,0.0,0,5,0.0,5,5,0,0.0,0,5,0.0,10,0.0,Dropout
0,1,7,14,1,6.5,0,13,0.0714,7,15,0,0.0,0,15,0.0,28,3.25,Dropout
0,1,7,7,7,7.83,0,0,1.0,10,11,9,0.0,0,2,0.8182,2,3.915,Graduate
0,1,6,10,0,0.0,1,10,0.0,5,10,0,0.0,0,10,0.0,20,0.0,Dropout
0,1,6,6,6,6.083333333333333,0,0,1.0,6,8,4,0.0,0,4,0.5,4,3.0417,Graduate
0,1,7,7,6,6.65,0,1,0.8571,7,7,6,0.0,0,1,0.8571,2,3.325,Graduate
0,1,7,15,0,0.0,0,15,0.0,7,13,0,0.0,1,13,0.0,28,0.0,Dropout
0,1,7,0,0,0.0,0,0,0.0,8,0,0,0.0,0,0,0.0,0,0.0,Dropout
1,0,0,0,0,0.0,0,0,0.0,0,0,0,0.0,0,0,0.0,0,0.0,Dropout
0,1,8,8,7,6.77857142857143,0,1,0.875,8,8,7,0.0,0,1,0.875,2,3.3893,Graduate
1,1,7,15,5,7.166666666666667,0,10,0.3333,6,16,6,0.0,0,10,0.375,20,3.5833,Enrolled
0,1,6,16,4,6.0,0,12,0.25,6,11,3,0.0,0,8,0.2727,20,3.0,Dropout
0,1,5,5,0,0.0,0,5,0.0,6,0,0,0.0,0,0,0.0,5,0.0,Dropout
0,1,0,0,0,0.0,0,0,0.0,0,0,0,0.0,0,0,0.0,0,0.0,Graduate
0,1,7,11,4,5.875,0,7,0.3636,7,14,3,0.0,0,11,0.2143,18,2.9375,Enrolled
0,1,7,7,6,6.091666666666666,0,1,0.8571,7,7,6,0.0,0,1,0.8571,2,3.0458,Graduate
0,0,9,18,6,5.916666666666667,0,12,0.3333,8,21,4,0.0,0,17,0.1905,29,2.9583,Dropout
1,0,4,4,0,0.0,0,4,0.0,4,4,0,0.0,0,4,0.0,8,0.0,Dropout
0,1,6,8,6,7.5,0,2,0.75,6,10,5,0.0,0,5,0.5,7,3.75,Graduate
0,1,0,0,0,0.0,0,0,0.0,0,0,0,0.0,0,0,0.0,0,0.0,Graduate
0,1,0,0,0,0.0,0,0,0.0,0,0,0,0.0,0,0,0.0,0,0.0,Graduate
0,1,8,8,8,6.7175,0,0,1.0,8,8,8,0.0,0,0,1.0,0,3.3588,Graduate
0,1,5,8,4,6.75,2,4,0.5,5,9,0,0.0,3,9,0.0,13,3.375,Dropout
0,1,0,0,0,0.0,0,0,0.0,0,0,0,0.0,0,0,0.0,0,0.0,Enrolled
0,1,17,18,17,5.75,0,1,0.9444,17,17,17,0.0,0,0,1.0,1,2.875,Graduate
0,1,6,10,2,5.25,0,8,0.2,6,6,3,0.0,0,3,0.5,11,2.625,Enrolled
0,1,6,13,4,6.0,0,9,0.3077,6,17,2,0.0,0,15,0.1176,24,3.0,Enrolled
1,0,6,7,5,6.1,0,2,0.7143,6,11,4,0.0,0,7,0.3636,9,3.05,Dropout
0,1,0,0,0,0.0,0,0,0.0,0,0,0,0.0,0,0,0.0,0,0.0,Graduate
0,1,11,15,10,7.25,0,5,0.6667,9,15,8,0.0,0,7,0.5333,12,3.625,Graduate
1,1,6,7,6,6.666666666666667,0,1,0.8571,6,8,6,0.0,0,2,0.75,3,3.3333,Graduate
0,1,11,29,9,6.0,6,20,0.3103,10,21,9,0.0,0,12,0.4286,32,3.0,Graduate
0,1,6,9,6,7.5625,0,3,0.6667,6,9,6,0.0,0,3,0.6667,6,3.7812,Graduate
0,1,7,7,6,6.558333333333334,0,1,0.8571,7,7,6,0.0,0,1,0.8571,2,3.2792,Graduate
0,1,6,7,6,6.416666666666667,0,1,0.8571,6,7,6,0.0,0,1,0.8571,2,3.2083,Graduate
0,1,6,6,6,6.666666666666667,0,0,1.0,6,6,6,0.0,0,0,1.0,0,3.3333,Graduate
0,1,7,7,7,6.938571428571428,0,0,1.0,8,8,8,0.0,0,0,1.0,0,3.4693,Graduate
0,1,8,8,7,6.472142857142857,0,1,0.875,8,8,7,0.0,0,1,0.875,2,3.2361,Graduate
0,1,6,8,5,6.166666666666667,0,3,0.625,6,8,5,0.0,0,3,0.625,6,3.0833,Enrolled
0,1,7,7,6,7.133333333333333,0,1,0.8571,7,7,6,0.0,0,1,0.8571,2,3.5667,Graduate
0,1,6,8,5,6.5,0,3,0.625,6,8,5,0.0,0,3,0.625,6,3.25,Graduate
0,1,8,8,8,6.241875,0,0,1.0,8,8,8,0.0,0,0,1.0,0,3.1209,Graduate
0,1,7,8,7,6.714285714285714,0,1,0.875,8,8,8,0.0,0,0,1.0,1,3.3571,Graduate
1,0,6,9,3,5.333333333333333,0,6,0.3333,6,12,0,0.0,0,12,0.0,18,2.6667,Dropout
0,1,6,8,5,7.7,0,3,0.625,6,7,5,0.0,0,2,0.7143,5,3.85,Graduate
0,1,7,7,6,6.725,0,1,0.8571,7,7,6,0.0,0,1,0.8571,2,3.3625,Graduate
0,1,7,7,6,6.3,0,1,0.8571,7,7,6,0.0,0,1,0.8571,2,3.15,Graduate
0,1,7,7,7,6.242857142857143,0,0,1.0,8,12,8,0.0,0,4,0.6667,4,3.1214,Graduate
0,1,6,10,5,5.4,0,5,0.5,6,7,5,0.0,0,2,0.7143,7,2.7,Graduate
1,1,6,12,5,6.1,0,7,0.4167,6,8,5,0.0,0,3,0.625,10,3.05,Enrolled
0,1,6,11,5,7.1,0,6,0.4545,6,12,2,0.0,0,10,0.1667,16,3.55,Enrolled
0,1,6,7,6,6.916666666666667,0,1,0.8571,6,6,6,0.0,0,0,1.0,1,3.4583,Graduate
0,1,6,8,5,6.4,0,3,0.625,6,14,3,0.0,0,11,0.2143,14,3.2,Enrolled
0,1,5,5,5,6.6,0,0,1.0,5,6,4,0.0,0,2,0.6667,2,3.3,Graduate
1,1,6,7,1,7.0,0,6,0.1429,6,6,0,0.0,0,6,0.0,12,3.5,Dropout
0,1,8,8,8,6.9375,0,0,1.0,6,8,5,0.0,0,3,0.625,3,3.4688,Graduate
0,1,5,7,5,6.25,0,2,0.7143,5,8,5,0.0,0,3,0.625,5,3.125,Graduate
0,1,6,7,6,6.714285714285714,0,1,0.8571,6,6,6,0.0,0,0,1.0,1,3.3571,Graduate
0,0,6,7,5,5.9,0,2,0.7143,6,7,5,0.0,0,2,0.7143,4,2.95,Enrolled
0,1,7,7,7,7.434285714285714,0,0,1.0,8,9,8,0.0,0,1,0.8889,1,3.7171,Graduate
0,1,7,10,7,6.515,0,3,0.7,8,8,8,0.0,0,0,1.0,3,3.2575,Graduate
0,1,6,7,6,7.285714285714286,0,1,0.8571,6,7,6,0.0,0,1,0.8571,2,3.6429,Graduate
0,1,6,9,5,5.5,0,4,0.5556,6,9,4,0.0,0,5,0.4444,9,2.75,Graduate
0,1,8,8,8,6.68375,0,0,1.0,8,8,8,0.0,0,0,1.0,0,3.3419,Graduate
0,1,7,7,6,6.404166666666666,0,1,0.8571,8,11,7,0.0,0,4,0.6364,5,3.2021,Graduate
0,1,7,7,7,6.959285714285714,0,0,1.0,8,9,8,0.0,0,1,0.8889,1,3.4796,Graduate
0,1,6,8,6,6.5,0,2,0.75,6,9,4,0.0,0,5,0.4444,7,3.25,Graduate
0,1,7,7,6,6.841666666666666,0,1,0.8571,7,7,6,0.0,0,1,0.8571,2,3.4208,Graduate
0,1,6,11,5,6.5,0,6,0.4545,6,12,1,0.0,0,11,0.0833,17,3.25,Dropout
0,1,6,8,5,6.4,0,3,0.625,6,7,5,0.0,0,2,0.7143,5,3.2,Graduate
0,1,6,9,6,6.785714285714286,0,3,0.6667,6,6,6,0.0,0,0,1.0,3,3.3929,Graduate
0,1,6,6,6,6.583333333333333,0,0,1.0,6,6,6,0.0,0,0,1.0,0,3.2917,Graduate
0,1,6,6,6,7.5,0,0,1.0,6,6,6,0.0,0,0,1.0,0,3.75,Graduate
0,1,6,6,6,6.333333333333333,0,0,1.0,6,8,5,0.0,0,3,0.625,3,3.1667,Graduate
0,1,6,7,6,6.928571428571429,0,1,0.8571,6,7,6,0.0,0,1,0.8571,2,3.4643,Dropout
0,1,7,7,7,7.346428571428572,0,0,1.0,8,8,8,0.0,0,0,1.0,0,3.6732,Graduate
0,1,8,8,8,7.0175,0,0,1.0,8,8,8,0.0,0,0,1.0,0,3.5088,Graduate
0,1,5,8,4,5.5,1,4,0.5,5,8,3,0.0,0,5,0.375,9,2.75,Graduate
0,1,6,6,6,6.666666666666667,0,0,1.0,6,6,6,0.0,0,0,1.0,0,3.3333,Graduate
0,1,7,13,6,5.88625,0,7,0.4615,8,9,7,0.0,0,2,0.7778,9,2.9431,Graduate
0,1,6,0,0,0.0,0,0,0.0,6,0,0,0.0,0,0,0.0,0,0.0,Dropout
0,1,6,0,0,0.0,0,0,0.0,6,12,0,0.0,0,12,0.0,12,0.0,Dropout
0,0,0,0,0,0.0,0,0,0.0,0,0,0,0.0,0,0,0.0,0,0.0,Dropout
0,1,6,7,6,6.142857142857143,0,1,0.8571,6,6,6,0.0,0,0,1.0,1,3.0714,Graduate
0,1,8,14,5,6.23,0,9,0.3571,8,14,5,0.0,0,9,0.3571,18,3.115,Enrolled
0,1,7,10,6,6.083333333333333,0,4,0.6,7,9,6,0.0,0,3,0.6667,7,3.0417,Graduate
0,1,6,9,5,5.916666666666667,0,4,0.5556,6,8,2,0.0,0,6,0.25,10,2.9583,Enrolled
0,1,8,8,7,7.402857142857143,0,1,0.875,8,8,7,0.0,0,1,0.875,2,3.7014,Graduate
0,1,6,11,5,5.3,0,6,0.4545,6,10,6,0.0,0,4,0.6,10,2.65,Dropout
1,0,9,9,8,6.5625,0,1,0.8889,9,13,6,0.0,0,7,0.4615,8,3.2812,Enrolled
1,1,6,6,6,6.416666666666667,0,0,1.0,6,6,6,0.0,0,0,1.0,0,3.2083,Graduate
0,1,8,8,0,0.0,8,8,0.0,8,8,0,0.0,8,8,0.0,16,0.0,Enrolled
0,1,6,9,5,6.5,0,4,0.5556,6,6,5,0.0,0,1,0.8333,5,3.25,Graduate
0,1,7,8,7,6.3625,0,1,0.875,8,8,8,0.0,0,0,1.0,1,3.1812,Graduate
0,1,5,10,4,5.625,1,6,0.4,5,10,3,0.0,0,7,0.3,13,2.8125,Graduate
0,1,12,12,11,6.909090909090909,0,1,0.9167,12,16,12,0.0,0,4,0.75,5,3.4545,Graduate
0,1,5,12,3,6.166666666666667,2,9,0.25,5,8,3,0.0,1,5,0.375,14,3.0833,Graduate
0,1,5,14,3,6.166666666666667,2,11,0.2143,5,8,5,0.0,0,3,0.625,14,3.0833,Enrolled
1,1,6,8,4,6.625,0,4,0.5,6,10,3,0.0,0,7,0.3,11,3.3125,Enrolled
0,1,6,7,6,6.833333333333333,0,1,0.8571,6,9,5,0.0,0,4,0.5556,5,3.4167,Graduate
1,1,11,18,8,6.3125,0,10,0.4444,10,10,3,0.0,0,7,0.3,17,3.1562,Enrolled
0,1,6,6,6,7.416666666666667,0,0,1.0,6,8,6,0.0,0,2,0.75,2,3.7083,Graduate
0,1,6,7,5,5.6,0,2,0.7143,6,10,5,0.0,0,5,0.5,7,2.8,Dropout
0,1,5,6,5,5.7,0,1,0.8333,5,6,5,0.0,0,1,0.8333,2,2.85,Graduate
0,1,7,8,7,6.5675,0,1,0.875,8,9,8,0.0,0,1,0.8889,2,3.2837,Graduate
0,1,10,10,10,6.5,0,0,1.0,11,11,10,0.0,0,1,0.9091,1,3.25,Dropout
0,1,7,12,4,6.425,0,8,0.3333,7,7,7,0.0,0,0,1.0,8,3.2125,Enrolled
0,1,6,6,6,6.75,0,0,1.0,6,9,5,0.0,0,4,0.5556,4,3.375,Graduate
0,1,6,7,6,7.142857142857143,0,1,0.8571,6,9,3,0.0,0,6,0.3333,7,3.5714,Enrolled
0,1,6,8,5,6.75,0,3,0.625,6,6,6,0.0,0,0,1.0,3,3.375,Graduate
0,1,5,8,4,5.375,0,4,0.5,5,5,5,0.0,0,0,1.0,4,2.6875,Graduate
0,1,6,9,6,5.666666666666667,0,3,0.6667,6,9,6,0.0,0,3,0.6667,6,2.8333,Graduate
0,1,7,15,3,6.5,2,12,0.2,5,12,5,0.0,1,7,0.4167,19,3.25,Graduate
0,1,7,7,6,6.983333333333334,0,1,0.8571,7,7,6,0.0,0,1,0.8571,2,3.4917,Graduate
0,1,8,8,8,7.070625,0,0,1.0,8,8,8,0.0,0,0,1.0,0,3.5353,Graduate
0,1,6,10,4,5.8,0,6,0.4,6,10,4,0.0,0,6,0.4,12,2.9,Graduate
0,1,8,8,8,7.33125,0,0,1.0,8,8,8,0.0,0,0,1.0,0,3.6656,Graduate
0,1,5,5,0,0.0,0,5,0.0,5,5,0,0.0,0,5,0.0,10,0.0,Enrolled
0,1,7,8,6,6.496666666666667,0,2,0.75,8,9,8,0.0,0,1,0.8889,3,3.2483,Graduate
0,1,6,10,4,5.625,0,6,0.4,6,11,5,0.0,0,6,0.4545,12,2.8125,Enrolled
0,1,6,8,5,6.1,0,3,0.625,6,10,5,0.0,0,5,0.5,8,3.05,Graduate
0,1,0,0,0,0.0,0,0,0.0,0,0,0,0.0,0,0,0.0,0,0.0,Dropout
1,1,6,6,6,5.666666666666667,0,0,1.0,6,6,4,0.0,0,2,0.6667,2,2.8333,Enrolled
0,1,5,7,5,6.1,0,2,0.7143,5,7,5,0.0,0,2,0.7143,4,3.05,Graduate
0,1,6,12,0,0.0,0,12,0.0,6,12,0,0.0,0,12,0.0,24,0.0,Dropout
0,1,6,8,6,5.666666666666667,0,2,0.75,6,6,6,0.0,0,0,1.0,2,2.8333,Graduate
0,1,6,8,6,6.928571428571429,0,2,0.75,6,15,6,0.0,0,9,0.4,11,3.4643,Graduate
0,1,6,7,6,6.428571428571429,0,1,0.8571,6,6,6,0.0,0,0,1.0,1,3.2143,Graduate
0,1,6,10,1,5.0,0,9,0.1,6,12,0,0.0,0,12,0.0,21,2.5,Dropout
1,0,15,17,14,5.107142857142857,0,3,0.8235,13,13,13,0.0,0,0,1.0,3,2.5536,Graduate
1,0,6,14,6,5.642857142857143,0,8,0.4286,6,16,3,0.0,0,13,0.1875,21,2.8214,Dropout
0,1,6,6,6,6.916666666666667,0,0,1.0,6,7,0,0.0,0,7,0.0,7,3.4583,Dropout
0,1,6,8,6,6.428571428571429,0,2,0.75,6,8,5,0.0,0,3,0.625,5,3.2143,Graduate
0,1,6,8,6,5.833333333333333,0,2,0.75,6,9,4,0.0,0,5,0.4444,7,2.9167,Dropout
0,0,6,12,0,0.0,0,12,0.0,5,10,0,0.0,0,10,0.0,22,0.0,Dropout
0,1,5,7,5,7.2,0,2,0.7143,5,6,5,0.0,0,1,0.8333,3,3.6,Graduate
0,1,6,6,6,7.416666666666667,0,0,1.0,6,6,6,0.0,0,0,1.0,0,3.7083,Graduate
0,1,6,14,6,7.166666666666667,0,8,0.4286,6,9,6,0.0,0,3,0.6667,11,3.5833,Graduate
0,1,0,0,0,0.0,0,0,0.0,0,0,0,0.0,0,0,0.0,0,0.0,Graduate
0,1,6,0,0,0.0,0,0,0.0,6,0,0,0.0,0,0,0.0,0,0.0,Dropout
0,1,7,9,6,6.166666666666667,0,3,0.6667,7,7,6,0.0,0,1,0.8571,4,3.0833,Graduate
0,1,5,5,5,5.9,0,0,1.0,5,5,5,0.0,0,0,1.0,0,2.95,Graduate
1,1,6,7,5,6.6,0,2,0.7143,6,7,5,0.0,0,2,0.7143,4,3.3,Dropout
1,0,6,6,0,0.0,0,6,0.0,5,10,0,0.0,0,10,0.0,16,0.0,Dropout
0,0,6,0,0,0.0,0,0,0.0,6,0,0,0.0,0,0,0.0,0,0.0,Dropout
0,1,6,6,6,5.75,0,0,1.0,6,7,6,0.0,0,1,0.8571,1,2.875,Graduate
0,1,6,8,5,6.3,0,3,0.625,6,7,5,0.0,0,2,0.7143,5,3.15,Graduate
0,1,7,7,7,6.771428571428572,0,0,1.0,8,9,8,0.0,0,1,0.8889,1,3.3857,Graduate
0,1,6,8,5,5.8,0,3,0.625,6,6,5,0.0,0,1,0.8333,4,2.9,Enrolled
0,1,6,7,6,6.833333333333333,0,1,0.8571,6,6,6,0.0,0,0,1.0,1,3.4167,Graduate
0,0,6,10,0,0.0,0,10,0.0,6,8,0,0.0,0,8,0.0,18,0.0,Dropout
0,0,6,0,0,0.0,0,0,0.0,6,0,0,0.0,0,0,0.0,0,0.0,Dropout
0,1,0,0,0,0.0,0,0,0.0,0,0,0,0.0,0,0,0.0,0,0.0,Dropout
0,1,6,6,6,5.75,0,0,1.0,6,8,6,0.0,0,2,0.75,2,2.875,Graduate
0,1,5,12,2,5.75,0,10,0.1667,5,9,4,0.0,0,5,0.4444,15,2.875,Enrolled
0,1,7,7,7,5.914285714285714,0,0,1.0,8,10,7,0.0,0,3,0.7,3,2.9571,Graduate
0,1,0,0,0,0.0,0,0,0.0,0,0,0,0.0,0,0,0.0,0,0.0,Graduate
0,1,0,0,0,0.0,0,0,0.0,0,0,0,0.0,0,0,0.0,0,0.0,Enrolled
0,1,7,7,6,6.483333333333334,0,1,0.8571,7,7,6,0.0,0,1,0.8571,2,3.2417,Graduate
0,1,6,6,6,6.916666666666667,0,0,1.0,6,6,6,0.0,0,0,1.0,0,3.4583,Graduate
0,1,7,7,7,7.062857142857142,0,0,1.0,8,8,8,0.0,0,0,1.0,0,3.5314,Graduate
1,1,10,12,5,6.083333333333333,4,7,0.4167,8,8,0,0.0,2,8,0.0,15,3.0417,Dropout
0,1,6,17,6,6.333333333333333,0,11,0.3529,6,21,4,0.0,0,17,0.1905,28,3.1667,Graduate
0,1,4,4,0,0.0,0,4,0.0,5,0,0,0.0,0,0,0.0,4,0.0,Dropout
1,1,6,8,6,6.142857142857143,0,2,0.75,6,7,6,0.0,0,1,0.8571,3,3.0714,Graduate
0,1,6,7,3,7.25,0,4,0.4286,7,8,4,0.0,0,4,0.5,8,3.625,Enrolled
0,1,5,8,2,5.0,0,6,0.25,5,7,1,0.0,0,6,0.1429,12,2.5,Dropout
0,1,5,11,2,5.75,1,9,0.1818,5,8,2,0.0,0,6,0.25,15,2.875,Dropout
0,1,5,6,5,5.8,0,1,0.8333,5,6,4,0.0,0,2,0.6667,3,2.9,Graduate
0,1,6,6,6,6.25,0,0,1.0,6,6,6,0.0,0,0,1.0,0,3.125,Graduate
1,0,6,9,3,5.833333333333333,0,6,0.3333,6,10,2,0.0,0,8,0.2,14,2.9167,Dropout
0,1,10,11,7,6.714285714285714,0,4,0.6364,10,11,10,0.0,0,1,0.9091,5,3.3571,Graduate
0,1,6,6,6,6.833333333333333,0,0,1.0,6,6,6,0.0,0,0,1.0,0,3.4167,Graduate
0,1,6,6,6,6.25,0,0,1.0,6,6,6,0.0,0,0,1.0,0,3.125,Graduate
0,1,6,7,6,6.5,0,1,0.8571,6,15,4,0.0,0,11,0.2667,12,3.25,Graduate
0,1,7,9,6,6.391666666666666,0,3,0.6667,8,9,7,0.0,0,2,0.7778,5,3.1958,Graduate
0,1,7,0,0,0.0,0,0,0.0,8,0,0,0.0,0,0,0.0,0,0.0,Dropout
0,1,7,13,4,6.75,0,9,0.3077,7,11,4,0.0,0,7,0.3636,16,3.375,Dropout
0,1,7,7,7,6.728571428571428,0,0,1.0,8,8,8,0.0,0,0,1.0,0,3.3643,Graduate
0,1,8,8,7,6.72142857142857,0,1,0.875,8,8,7,0.0,0,1,0.875,2,3.3607,Graduate
0,1,6,13,4,5.5,0,9,0.3077,6,12,5,0.0,0,7,0.4167,16,2.75,Graduate
0,1,6,6,6,5.666666666666667,0,0,1.0,6,7,6,0.0,0,1,0.8571,1,2.8333,Graduate
0,1,5,7,2,5.0,0,5,0.2857,1,1,0,0.0,0,1,0.0,6,2.5,Dropout
0,1,7,10,5,6.72,0,5,0.5,7,8,6,0.0,0,2,0.75,7,3.36,Enrolled
0,1,7,8,7,6.107142857142857,0,1,0.875,8,8,8,0.0,0,0,1.0,1,3.0536,Graduate
0,1,6,6,6,7.083333333333333,0,0,1.0,6,6,6,0.0,0,0,1.0,0,3.5417,Graduate
1,1,12,13,12,6.423076923076924,0,1,0.9231,11,13,11,0.0,0,2,0.8462,3,3.2115,Graduate
0,1,6,8,6,6.5,0,2,0.75,6,18,2,0.0,0,16,0.1111,18,3.25,Enrolled
0,1,5,6,5,6.4,1,1,0.8333,5,7,4,0.0,0,3,0.5714,4,3.2,Graduate
1,0,6,13,4,6.5,0,9,0.3077,6,11,5,0.0,0,6,0.4545,15,3.25,Dropout
0,1,7,7,7,6.685714285714286,0,0,1.0,8,9,8,0.0,0,1,0.8889,1,3.3429,Graduate
0,1,7,8,7,6.692857142857143,0,1,0.875,8,8,8,0.0,0,0,1.0,1,3.3464,Graduate
0,1,8,8,7,6.664285714285714,0,1,0.875,8,8,7,0.0,0,1,0.875,2,3.3321,Graduate
0,1,6,12,5,7.0,0,7,0.4167,6,14,5,0.0,0,9,0.3571,16,3.5,Graduate
0,1,5,5,5,6.3,0,0,1.0,5,5,5,0.0,0,0,1.0,0,3.15,Graduate
0,1,6,7,6,7.0,0,1,0.8571,6,6,6,0.0,0,0,1.0,1,3.5,Graduate
0,1,6,7,6,6.714285714285714,0,1,0.8571,6,6,6,0.0,0,0,1.0,1,3.3571,Graduate
0,1,6,6,6,6.5,0,0,1.0,6,6,6,0.0,0,0,1.0,0,3.25,Graduate
0,1,6,8,5,6.333333333333333,0,3,0.625,6,8,5,0.0,0,3,0.625,6,3.1667,Enrolled
0,0,5,9,3,5.0,1,6,0.3333,5,9,3,0.0,0,6,0.3333,12,2.5,Dropout
0,1,6,7,6,6.416666666666667,0,1,0.8571,6,10,6,0.0,0,4,0.6,5,3.2083,Graduate
0,1,7,7,6,6.458333333333333,0,1,0.8571,7,7,6,0.0,0,1,0.8571,2,3.2292,Graduate
0,1,6,9,6,6.642857142857143,0,3,0.6667,6,8,5,0.0,0,3,0.625,6,3.3214,Graduate
0,1,5,6,5,7.3,0,1,0.8333,5,5,5,0.0,0,0,1.0,1,3.65,Graduate
0,1,6,6,6,7.0,0,0,1.0,6,6,6,0.0,0,0,1.0,0,3.5,Graduate
0,1,6,7,6,7.071428571428571,0,1,0.8571,6,6,6,0.0,0,0,1.0,1,3.5357,Graduate
0,1,6,8,6,5.833333333333333,0,2,0.75,6,6,6,0.0,0,0,1.0,2,2.9167,Graduate
0,1,8,9,8,7.18875,1,1,0.8889,8,9,8,0.0,1,1,0.8889,2,3.5944,Graduate
0,1,7,8,7,6.25,0,1,0.875,8,9,7,0.0,0,2,0.7778,3,3.125,Graduate
0,1,7,7,6,7.075,0,1,0.8571,7,7,6,0.0,0,1,0.8571,2,3.5375,Graduate
0,1,8,12,7,6.235714285714286,0,5,0.5833,8,12,7,0.0,0,5,0.5833,10,3.1179,Graduate
0,1,7,7,6,7.075,0,1,0.8571,7,7,6,0.0,0,1,0.8571,2,3.5375,Graduate
0,1,7,11,7,7.036111111111112,0,4,0.6364,8,8,8,0.0,0,0,1.0,4,3.5181,Graduate
0,1,6,7,6,7.428571428571429,0,1,0.8571,6,6,6,0.0,0,0,1.0,1,3.7143,Graduate
0,1,6,7,6,7.142857142857143,0,1,0.8571,6,6,6,0.0,0,0,1.0,1,3.5714,Graduate
0,0,4,4,0,0.0,0,4,0.0,4,4,0,0.0,0,4,0.0,8,0.0,Dropout
0,1,6,0,0,0.0,0,0,0.0,6,0,0,0.0,0,0,0.0,0,0.0,Dropout
0,1,6,8,6,7.5,0,2,0.75,6,8,5,0.0,0,3,0.625,5,3.75,Dropout
0,1,7,7,6,6.316666666666666,0,1,0.8571,7,7,6,0.0,0,1,0.8571,2,3.1583,Graduate
1,0,5,5,5,5.6,0,0,1.0,5,5,5,0.0,0,0,1.0,0,2.8,Dropout
0,1,7,7,6,7.116666666666667,0,1,0.8571,7,7,6,0.0,0,1,0.8571,2,3.5583,Graduate
0,1,5,13,5,6.1,2,8,0.3846,5,10,3,0.0,1,7,0.3,15,3.05,Enrolled
0,1,8,8,7,7.85,0,1,0.875,8,8,7,0.0,0,1,0.875,2,3.925,Graduate
0,1,7,7,6,7.6,0,1,0.8571,7,7,6,0.0,0,1,0.8571,2,3.8,Graduate
0,0,6,9,6,8.166666666666666,0,3,0.6667,6,8,5,0.0,0,3,0.625,6,4.0833,Dropout
0,1,17,29,14,6.28125,4,15,0.4828,12,24,12,0.0,1,12,0.5,27,3.1406,Graduate
0,1,7,0,0,0.0,0,0,0.0,8,0,0,0.0,0,0,0.0,0,0.0,Dropout
0,1,6,8,5,6.2,0,3,0.625,6,6,6,0.0,0,0,1.0,3,3.1,Graduate
0,1,8,9,8,6.890625,1,1,0.8889,8,9,8,0.0,1,1,0.8889,2,3.4453,Graduate
1,1,6,10,6,6.083333333333333,0,4,0.6,6,8,5,0.0,0,3,0.625,7,3.0417,Dropout
0,1,6,8,5,5.9,0,3,0.625,6,8,5,0.0,0,3,0.625,6,2.95,Enrolled
1,1,6,13,4,5.4,0,9,0.3077,6,15,4,0.0,0,11,0.2667,20,2.7,Graduate
0,1,7,8,7,6.63,0,1,0.875,8,8,8,0.0,0,0,1.0,1,3.315,Graduate
0,0,6,10,4,6.0,0,6,0.4,6,15,3,0.0,0,12,0.2,18,3.0,Dropout
0,1,6,9,6,5.9375,0,3,0.6667,6,7,6,0.0,0,1,0.8571,4,2.9688,Graduate
0,1,7,11,5,6.08,0,6,0.4545,7,7,2,0.0,0,5,0.2857,11,3.04,Enrolled
0,1,6,6,1,7.5,0,5,0.1667,6,7,4,0.0,0,3,0.5714,8,3.75,Enrolled
0,1,6,6,6,6.666666666666667,0,0,1.0,6,9,5,0.0,0,4,0.5556,4,3.3333,Graduate
0,1,5,12,2,5.75,0,10,0.1667,5,12,3,0.0,2,9,0.25,19,2.875,Enrolled
0,1,6,7,6,7.214285714285714,0,1,0.8571,6,9,5,0.0,0,4,0.5556,5,3.6071,Graduate
0,1,5,10,1,6.5,1,9,0.1,5,8,3,0.0,0,5,0.375,14,3.25,Enrolled
0,1,6,7,6,7.5,0,1,0.8571,6,8,6,0.0,0,2,0.75,3,3.75,Graduate
0,1,7,9,7,7.577777777777778,0,2,0.7778,8,8,8,0.0,0,0,1.0,2,3.7889,Graduate
1,1,6,8,6,5.333333333333333,0,2,0.75,6,7,6,0.0,0,1,0.8571,3,2.6667,Graduate
0,1,6,9,5,5.5,0,4,0.5556,6,9,4,0.0,0,5,0.4444,9,2.75,Dropout
0,1,6,0,0,0.0,0,0,0.0,6,0,0,0.0,0,0,0.0,0,0.0,Dropout
0,1,6,7,6,6.142857142857143,0,1,0.8571,6,7,6,0.0,0,1,0.8571,2,3.0714,Graduate
0,1,8,8,8,6.414375,0,0,1.0,8,8,8,0.0,0,0,1.0,0,3.2072,Dropout
0,1,6,6,6,6.333333333333333,0,0,1.0,6,8,5,0.0,0,3,0.625,3,3.1667,Graduate
0,1,0,0,0,0.0,0,0,0.0,0,0,0,0.0,0,0,0.0,0,0.0,Enrolled
1,0,6,16,2,6.5,0,14,0.125,6,8,0,0.0,0,8,0.0,22,3.25,Dropout
1,1,5,10,5,5.4375,0,5,0.5,5,8,4,0.0,0,4,0.5,9,2.7188,Graduate
0,1,5,5,5,6.4,0,0,1.0,5,8,5,0.0,0,3,0.625,3,3.2,Graduate
0,1,6,10,5,5.642857142857143,0,5,0.5,6,7,0,0.0,0,7,0.0,12,2.8214,Dropout
0,1,0,0,0,0.0,0,0,0.0,0,0,0,0.0,0,0,0.0,0,0.0,Graduate
0,1,6,0,0,0.0,0,0,0.0,6,11,1,0.0,0,10,0.0909,10,0.0,Dropout
0,1,7,9,6,6.883333333333333,0,3,0.6667,8,9,8,0.0,0,1,0.8889,4,3.4417,Dropout
0,0,8,9,6,6.379166666666666,1,3,0.6667,8,9,6,0.0,1,3,0.6667,6,3.1896,Dropout
0,1,0,0,0,0.0,0,0,0.0,0,0,0,0.0,0,0,0.0,0,0.0,Dropout
0,1,6,6,6,6.333333333333333,0,0,1.0,6,8,6,0.0,0,2,0.75,2,3.1667,Graduate
0,1,6,13,6,6.0,0,7,0.4615,6,16,4,0.0,0,12,0.25,19,3.0,Enrolled
0,1,6,8,6,6.125,0,2,0.75,6,8,6,0.0,0,2,0.75,4,3.0625,Graduate
0,1,5,8,3,5.666666666666667,0,5,0.375,5,8,5,0.0,0,3,0.625,8,2.8333,Graduate
0,1,7,9,7,6.753571428571428,0,2,0.7778,8,12,8,0.0,0,4,0.6667,6,3.3768,Graduate
0,1,8,8,7,6.807142857142857,0,1,0.875,8,8,7,0.0,0,1,0.875,2,3.4036,Graduate
1,1,6,6,0,0.0,0,6,0.0,6,6,0,0.0,0,6,0.0,12,0.0,Dropout
0,0,6,9,4,5.75,1,5,0.4444,6,6,6,0.0,0,0,1.0,5,2.875,Graduate
0,1,6,7,6,6.166666666666667,0,1,0.8571,6,7,6,0.0,0,1,0.8571,2,3.0833,Graduate
0,1,7,7,7,5.985714285714286,0,0,1.0,8,8,8,0.0,0,0,1.0,0,2.9929,Graduate
1,0,5,12,2,6.5,1,10,0.1667,5,13,2,0.0,0,11,0.1538,21,3.25,Dropout
0,1,7,9,7,6.192857142857143,0,2,0.7778,8,9,7,0.0,0,2,0.7778,4,3.0964,Enrolled
0,1,5,12,2,6.75,0,10,0.1667,5,12,5,0.0,1,7,0.4167,17,3.375,Graduate
0,1,6,8,6,6.083333333333333,0,2,0.75,6,7,6,0.0,0,1,0.8571,3,3.0417,Graduate
0,1,0,0,0,0.0,0,0,0.0,0,0,0,0.0,0,0,0.0,0,0.0,Graduate
0,1,6,6,6,5.833333333333333,0,0,1.0,6,6,6,0.0,0,0,1.0,0,2.9167,Graduate
1,0,6,9,5,6.2,0,4,0.5556,6,12,5,0.0,0,7,0.4167,11,3.1,Enrolled
0,1,6,7,5,6.7,0,2,0.7143,6,6,6,0.0,0,0,1.0,2,3.35,Graduate
0,1,6,11,6,6.0,0,5,0.5455,6,11,4,0.0,0,7,0.3636,12,3.0,Graduate
0,1,5,6,5,7.1,0,1,0.8333,5,5,5,0.0,0,0,1.0,1,3.55,Graduate
0,1,6,8,6,6.0625,0,2,0.75,6,7,6,0.0,0,1,0.8571,3,3.0312,Graduate
0,1,7,7,7,6.928571428571429,0,0,1.0,7,7,7,0.0,0,0,1.0,0,3.4643,Graduate
0,1,6,13,3,5.875,0,10,0.2308,6,13,5,0.0,0,8,0.3846,18,2.9375,Enrolled
0,1,7,9,7,7.141666666666668,0,2,0.7778,8,9,8,0.0,0,1,0.8889,3,3.5708,Graduate
0,1,13,21,11,6.636363636363636,0,10,0.5238,11,13,9,0.0,0,4,0.6923,14,3.3182,Graduate
0,1,6,6,6,7.333333333333333,0,0,1.0,6,7,6,0.0,0,1,0.8571,1,3.6667,Graduate
0,1,7,10,7,7.557499999999999,0,3,0.7,8,10,8,0.0,0,2,0.8,5,3.7787,Graduate
0,1,0,0,0,0.0,0,0,0.0,0,0,0,0.0,0,0,0.0,0,0.0,Enrolled
0,1,6,13,6,7.5,0,7,0.4615,6,7,6,0.0,0,1,0.8571,8,3.75,Graduate
0,1,6,8,5,6.6,0,3,0.625,6,9,5,0.0,0,4,0.5556,7,3.3,Graduate
0,1,6,14,2,5.5,0,12,0.1429,6,14,3,0.0,0,11,0.2143,23,2.75,Dropout
0,1,8,8,7,7.282857142857144,0,1,0.875,8,8,7,0.0,0,1,0.875,2,3.6414,Graduate
1,0,5,8,3,6.0,0,5,0.375,5,6,4,0.0,0,2,0.6667,7,3.0,Dropout
0,1,6,6,0,0.0,0,6,0.0,5,5,0,0.0,0,5,0.0,11,0.0,Dropout
0,1,7,7,6,6.898333333333334,0,1,0.8571,8,11,7,0.0,0,4,0.6364,5,3.4492,Graduate
0,1,6,6,6,7.416666666666667,0,0,1.0,6,6,6,0.0,0,0,1.0,0,3.7083,Graduate
0,1,6,6,6,6.416666666666667,0,0,1.0,6,6,6,0.0,0,0,1.0,0,3.2083,Graduate
0,1,8,8,7,7.481428571428572,0,1,0.875,8,8,7,0.0,0,1,0.875,2,3.7407,Graduate
0,1,5,8,4,6.0,0,4,0.5,5,8,5,0.0,0,3,0.625,7,3.0,Graduate
0,1,7,8,7,6.2,0,1,0.875,8,9,8,0.0,0,1,0.8889,2,3.1,Graduate
0,1,6,7,6,7.785714285714286,0,1,0.8571,6,6,6,0.0,0,0,1.0,1,3.8929,Graduate
0,1,8,8,7,6.857142857142857,0,1,0.875,8,8,7,0.0,0,1,0.875,2,3.4286,Graduate
0,1,6,9,6,6.571428571428571,0,3,0.6667,6,9,6,0.0,0,3,0.6667,6,3.2857,Graduate
0,1,6,7,6,7.5,0,1,0.8571,6,8,3,0.0,0,5,0.375,6,3.75,Graduate
1,0,5,6,1,6.5,0,5,0.1667,5,5,0,0.0,0,5,0.0,10,3.25,Dropout
0,1,11,12,11,6.0,0,1,0.9167,11,14,11,0.0,0,3,0.7857,4,3.0,Graduate
0,1,0,0,0,0.0,0,0,0.0,0,0,0,0.0,0,0,0.0,0,0.0,Graduate
0,1,6,6,6,7.583333333333333,0,0,1.0,6,6,6,0.0,0,0,1.0,0,3.7917,Graduate
1,1,6,9,4,6.0,0,5,0.4444,6,13,2,0.0,0,11,0.1538,16,3.0,Dropout
0,1,7,7,7,6.821428571428571,0,0,1.0,8,11,8,0.0,0,3,0.7273,3,3.4107,Graduate
0,1,6,8,6,6.333333333333333,0,2,0.75,6,7,6,0.0,0,1,0.8571,3,3.1667,Graduate
0,1,0,0,0,0.0,0,0,0.0,0,0,0,0.0,0,0,0.0,0,0.0,Dropout
0,1,6,8,5,5.4,0,3,0.625,6,9,6,0.0,0,3,0.6667,6,2.7,Graduate
0,1,7,9,6,7.125,0,3,0.6667,8,11,8,0.0,0,3,0.7273,6,3.5625,Graduate
0,1,14,22,12,6.076923076923076,0,10,0.5455,12,18,10,0.0,0,8,0.5556,18,3.0385,Dropout
0,1,6,14,1,5.75,0,13,0.0714,6,12,2,0.0,0,10,0.1667,23,2.875,Enrolled
0,1,6,10,4,6.125,0,6,0.4,6,9,3,0.0,0,6,0.3333,12,3.0625,Graduate
0,1,6,8,6,6.0,1,2,0.75,6,12,5,0.0,0,7,0.4167,9,3.0,Enrolled
0,1,8,8,8,6.701875,0,0,1.0,8,8,8,0.0,0,0,1.0,0,3.3509,Graduate
0,1,6,15,6,5.666666666666667,0,9,0.4,6,9,3,0.0,0,6,0.3333,15,2.8333,Graduate
1,1,6,7,5,6.1,0,2,0.7143,6,6,6,0.0,0,0,1.0,2,3.05,Dropout
0,1,0,0,0,0.0,0,0,0.0,0,0,0,0.0,0,0,0.0,0,0.0,Enrolled
0,1,7,0,0,0.0,0,0,0.0,8,0,0,0.0,0,0,0.0,0,0.0,Dropout
1,0,6,8,5,8.083333333333334,0,3,0.625,6,10,4,0.0,0,6,0.4,9,4.0417,Dropout
0,1,5,10,3,5.5,0,7,0.3,5,6,3,0.0,1,3,0.5,10,2.75,Enrolled
0,1,0,0,0,0.0,0,0,0.0,0,0,0,0.0,0,0,0.0,0,0.0,Graduate
0,1,6,8,4,6.0,0,4,0.5,6,8,6,0.0,0,2,0.75,6,3.0,Enrolled
0,1,5,8,2,5.25,0,6,0.25,5,11,4,0.0,0,7,0.3636,13,2.625,Enrolled
0,1,6,7,3,5.833333333333333,0,4,0.4286,6,13,4,0.0,0,9,0.3077,13,2.9167,Enrolled
0,1,5,8,3,5.5,0,5,0.375,5,7,2,0.0,0,5,0.2857,10,2.75,Dropout
0,1,7,18,0,0.0,0,18,0.0,7,13,0,0.0,1,13,0.0,31,0.0,Dropout
1,0,6,11,4,6.25,0,7,0.3636,6,7,0,0.0,0,7,0.0,14,3.125,Dropout
0,1,7,11,7,5.647222222222222,0,4,0.6364,8,22,2,0.0,0,20,0.0909,24,2.8236,Graduate
0,1,6,8,5,5.6,0,3,0.625,6,11,4,0.0,0,7,0.3636,10,2.8,Graduate
0,1,0,0,0,0.0,0,0,0.0,0,0,0,0.0,0,0,0.0,0,0.0,Dropout
0,1,6,7,5,6.6,0,2,0.7143,6,6,5,0.0,0,1,0.8333,3,3.3,Graduate
0,1,7,12,6,7.071428571428571,0,6,0.5,6,10,6,0.0,0,4,0.6,10,3.5357,Enrolled
0,0,5,0,0,0.0,0,0,0.0,5,0,0,0.0,0,0,0.0,0,0.0,Dropout
0,1,5,5,0,0.0,0,5,0.0,5,9,3,0.0,2,6,0.3333,11,0.0,Enrolled
0,1,5,7,3,6.166666666666667,0,4,0.4286,5,9,3,0.0,0,6,0.3333,10,3.0833,Enrolled
1,0,6,6,0,0.0,0,6,0.0,6,0,0,0.0,0,0,0.0,6,0.0,Dropout
0,1,8,8,7,6.55,0,1,0.875,8,8,7,0.0,0,1,0.875,2,3.275,Graduate
0,1,6,6,6,6.75,0,0,1.0,6,6,6,0.0,0,0,1.0,0,3.375,Graduate
0,1,5,7,5,5.1,0,2,0.7143,5,8,3,0.0,0,5,0.375,7,2.55,Enrolled
0,1,6,10,5,5.785714285714286,0,5,0.5,6,10,3,0.0,0,7,0.3,12,2.8929,Dropout
1,1,6,7,6,7.642857142857143,0,1,0.8571,6,6,6,0.0,0,0,1.0,1,3.8214,Graduate
0,1,6,9,5,6.3,0,4,0.5556,10,16,8,0.0,1,8,0.5,12,3.15,Enrolled
0,1,7,11,6,6.716666666666666,0,5,0.5455,7,10,4,0.0,0,6,0.4,11,3.3583,Graduate
0,1,5,8,5,5.8,0,3,0.625,5,9,3,0.0,0,6,0.3333,9,2.9,Dropout
0,1,6,6,6,7.333333333333333,0,0,1.0,6,6,6,0.0,0,0,1.0,0,3.6667,Graduate
0,1,6,9,6,7.333333333333333,0,3,0.6667,6,12,6,0.0,0,6,0.5,9,3.6667,Graduate
0,1,8,8,7,6.371428571428572,0,1,0.875,8,8,7,0.0,0,1,0.875,2,3.1857,Graduate
0,1,7,9,7,5.9875,0,2,0.7778,8,9,7,0.0,0,2,0.7778,4,2.9937,Graduate
0,1,5,9,4,6.125,0,5,0.4444,5,11,3,0.0,0,8,0.2727,13,3.0625,Enrolled
0,0,0,0,0,0.0,0,0,0.0,0,0,0,0.0,0,0,0.0,0,0.0,Dropout
0,1,8,8,7,7.467857142857142,0,1,0.875,8,8,7,0.0,0,1,0.875,2,3.7339,Graduate
0,1,6,16,2,5.25,0,14,0.125,6,15,4,0.0,0,11,0.2667,25,2.625,Dropout
0,1,6,9,5,6.666666666666667,0,4,0.5556,6,6,5,0.0,0,1,0.8333,5,3.3333,Graduate
1,1,6,6,0,0.0,0,6,0.0,6,8,0,0.0,0,8,0.0,14,0.0,Dropout
0,1,6,12,5,6.9,0,7,0.4167,6,13,4,0.0,0,9,0.3077,16,3.45,Dropout
0,1,6,6,6,5.916666666666667,0,0,1.0,6,8,4,0.0,2,4,0.5,4,2.9583,Graduate
0,1,0,0,0,0.0,0,0,0.0,0,0,0,0.0,0,0,0.0,0,0.0,Graduate
0,1,0,0,0,0.0,0,0,0.0,0,0,0,0.0,0,0,0.0,0,0.0,Dropout
0,1,5,9,2,5.0,0,7,0.2222,5,9,0,0.0,0,9,0.0,16,2.5,Dropout
0,1,6,10,4,5.75,0,6,0.4,6,11,3,0.0,0,8,0.2727,14,2.875,Dropout
0,1,6,12,3,5.333333333333333,0,9,0.25,6,9,4,0.0,0,5,0.4444,14,2.6667,Enrolled
0,1,0,0,0,0.0,0,0,0.0,0,0,0,0.0,0,0,0.0,0,0.0,Graduate
0,1,6,10,4,6.375,0,6,0.4,6,12,2,0.0,0,10,0.1667,16,3.1875,Enrolled
1,0,6,7,0,0.0,0,7,0.0,6,7,0,0.0,0,7,0.0,14,0.0,Dropout
0,1,6,11,6,5.666666666666667,0,5,0.5455,6,12,3,0.0,0,9,0.25,14,2.8333,Enrolled
1,0,6,6,0,0.0,0,6,0.0,6,6,0,0.0,0,6,0.0,12,0.0,Enrolled
0,1,6,10,6,6.5,0,4,0.6,6,8,5,0.0,0,3,0.625,7,3.25,Graduate
0,1,5,7,4,5.375,0,3,0.5714,5,7,3,0.0,0,4,0.4286,7,2.6875,Enrolled
0,1,5,8,5,6.0,0,3,0.625,5,12,2,0.0,0,10,0.1667,13,3.0,Enrolled
0,1,7,7,7,6.731428571428572,0,0,1.0,8,8,8,0.0,0,0,1.0,0,3.3657,Graduate
0,1,6,13,3,5.0,0,10,0.2308,6,15,1,0.0,0,14,0.0667,24,2.5,Dropout
0,1,6,6,6,6.166666666666667,0,0,1.0,6,7,6,0.0,0,1,0.8571,1,3.0833,Graduate
0,1,7,11,6,6.264285714285714,0,5,0.5455,7,10,6,0.0,0,4,0.6,9,3.1321,Enrolled
0,1,8,8,0,0.0,8,8,0.0,8,8,0,0.0,8,8,0.0,16,0.0,Enrolled
1,0,5,6,0,0.0,0,6,0.0,5,7,0,0.0,0,7,0.0,13,0.0,Dropout
0,1,5,5,5,6.8,0,0,1.0,5,6,4,0.0,1,2,0.6667,2,3.4,Graduate
0,1,6,7,6,6.166666666666667,0,1,0.8571,6,6,2,0.0,0,4,0.3333,5,3.0833,Dropout
0,1,13,16,10,5.727272727272728,0,6,0.625,11,13,7,0.0,0,6,0.5385,12,2.8636,Dropout
1,1,13,13,8,6.75,2,5,0.6154,11,12,5,0.0,0,7,0.4167,12,3.375,Dropout
0,0,5,5,0,0.0,0,5,0.0,5,6,0,0.0,0,6,0.0,11,0.0,Dropout
0,0,5,5,2,5.5,0,3,0.4,5,0,0,0.0,0,0,0.0,3,2.75,Dropout
0,1,6,9,6,6.857142857142857,0,3,0.6667,6,13,5,0.0,0,8,0.3846,11,3.4286,Dropout
1,0,21,26,21,6.181818181818182,0,5,0.8077,16,21,12,0.0,1,9,0.5714,14,3.0909,Dropout
0,1,7,13,3,5.333333333333333,0,10,0.2308,6,14,2,0.0,0,12,0.1429,22,2.6667,Enrolled
0,1,6,9,2,6.0,0,7,0.2222,6,10,3,0.0,0,7,0.3,14,3.0,Dropout
0,1,7,7,7,6.428571428571429,0,0,1.0,6,6,6,0.0,0,0,1.0,0,3.2143,Graduate
0,1,6,10,6,6.5625,0,4,0.6,6,9,6,0.0,0,3,0.6667,7,3.2812,Enrolled
0,1,5,6,0,0.0,0,6,0.0,5,8,2,0.0,0,6,0.25,12,0.0,Dropout
0,1,6,13,2,6.75,0,11,0.1538,6,6,0,0.0,0,6,0.0,17,3.375,Dropout
1,0,11,14,11,7.545454545454546,0,3,0.7857,10,11,10,0.0,0,1,0.9091,4,3.7727,Dropout
0,1,6,9,5,6.2,0,4,0.5556,6,10,5,0.0,0,5,0.5,9,3.1,Enrolled
0,0,6,10,5,7.0,0,5,0.5,6,11,4,0.0,0,7,0.3636,12,3.5,Enrolled
0,1,6,8,2,6.75,0,6,0.25,6,9,1,0.0,0,8,0.1111,14,3.375,Dropout
0,1,5,5,0,0.0,0,5,0.0,5,5,0,0.0,0,5,0.0,10,0.0,Dropout
0,1,7,12,4,6.325,0,8,0.3333,7,10,3,0.0,0,7,0.3,15,3.1625,Dropout
0,1,5,7,0,0.0,0,7,0.0,5,7,0,0.0,0,7,0.0,14,0.0,Dropout
0,0,5,5,0,0.0,0,5,0.0,5,5,0,0.0,0,5,0.0,10,0.0,Dropout
0,1,6,8,6,6.666666666666667,0,2,0.75,6,7,5,0.0,0,2,0.7143,4,3.3333,Graduate
0,1,5,9,3,5.666666666666667,0,6,0.3333,5,8,5,0.0,0,3,0.625,9,2.8333,Dropout
0,1,6,0,0,0.0,0,0,0.0,6,0,0,0.0,0,0,0.0,0,0.0,Dropout
0,1,0,0,0,0.0,0,0,0.0,0,0,0,0.0,0,0,0.0,0,0.0,Dropout
0,0,5,7,3,5.833333333333333,0,4,0.4286,5,8,2,0.0,2,6,0.25,10,2.9167,Dropout
0,1,6,8,6,6.083333333333333,0,2,0.75,6,8,6,0.0,0,2,0.75,4,3.0417,Graduate
0,1,6,7,6,6.666666666666667,0,1,0.8571,6,6,4,0.0,0,2,0.6667,3,3.3333,Graduate
0,1,6,7,5,5.7,0,2,0.7143,6,10,3,0.0,3,7,0.3,9,2.85,Enrolled
0,1,6,9,6,6.071428571428571,0,3,0.6667,6,6,0,0.0,0,6,0.0,9,3.0357,Dropout
0,1,18,36,17,6.529411764705882,1,19,0.4722,12,15,12,0.0,0,3,0.8,22,3.2647,Graduate
0,1,6,13,4,5.875,0,9,0.3077,6,15,4,0.0,0,11,0.2667,20,2.9375,Enrolled
1,0,6,9,5,5.916666666666667,0,4,0.5556,6,8,5,0.0,0,3,0.625,7,2.9583,Dropout
0,1,11,14,10,6.2,0,4,0.7143,10,13,10,0.0,0,3,0.7692,7,3.1,Graduate
0,1,6,8,6,6.714285714285714,1,2,0.75,6,12,4,0.0,0,8,0.3333,10,3.3571,Enrolled
0,0,5,5,0,0.0,0,5,0.0,5,9,0,0.0,0,9,0.0,14,0.0,Dropout
0,1,5,5,5,5.5,0,0,1.0,5,5,5,0.0,0,0,1.0,0,2.75,Graduate
0,1,6,8,6,6.8125,0,2,0.75,6,8,6,0.0,0,2,0.75,4,3.4062,Graduate
0,1,5,6,4,5.9,0,2,0.6667,5,7,2,0.0,0,5,0.2857,7,2.95,Enrolled
0,1,5,5,0,0.0,0,5,0.0,5,7,0,0.0,0,7,0.0,12,0.0,Dropout
0,1,6,9,2,7.5,0,7,0.2222,6,7,2,0.0,0,5,0.2857,12,3.75,Dropout
0,1,6,9,5,5.4,0,4,0.5556,6,11,5,0.0,0,6,0.4545,10,2.7,Graduate
0,1,5,11,3,6.833333333333333,0,8,0.2727,5,10,3,0.0,0,7,0.3,15,3.4167,Dropout
0,1,6,8,6,6.416666666666667,0,2,0.75,6,8,6,0.0,0,2,0.75,4,3.2083,Graduate
0,0,0,0,0,0.0,0,0,0.0,0,0,0,0.0,0,0,0.0,0,0.0,Dropout
0,1,6,8,6,7.5625,0,2,0.75,6,7,6,0.0,0,1,0.8571,3,3.7812,Graduate
0,1,5,11,0,0.0,0,11,0.0,5,7,1,0.0,1,6,0.1429,17,0.0,Dropout
0,1,6,10,5,5.7,0,5,0.5,6,8,5,0.0,0,3,0.625,8,2.85,Graduate
0,1,6,12,4,6.125,0,8,0.3333,6,9,6,0.0,0,3,0.6667,11,3.0625,Graduate
0,0,6,0,0,0.0,0,0,0.0,6,0,0,0.0,0,0,0.0,0,0.0,Dropout
0,1,7,12,3,7.0,0,9,0.25,6,12,1,0.0,0,11,0.0833,20,3.5,Enrolled
0,1,6,7,6,6.166666666666667,0,1,0.8571,6,10,5,0.0,4,5,0.5,6,3.0833,Enrolled
1,1,5,8,5,5.333333333333333,0,3,0.625,5,11,2,0.0,0,9,0.1818,12,2.6667,Enrolled
0,1,5,9,5,5.916666666666667,0,4,0.5556,5,9,5,0.0,0,4,0.5556,8,2.9583,Enrolled
0,1,5,14,0,0.0,0,14,0.0,5,5,0,0.0,0,5,0.0,19,0.0,Dropout
0,1,6,6,6,5.833333333333333,0,0,1.0,6,6,6,0.0,0,0,1.0,0,2.9167,Enrolled
0,0,5,7,2,6.5,0,5,0.2857,5,5,0,0.0,0,5,0.0,10,3.25,Dropout
0,1,2,5,0,0.0,0,5,0.0,4,4,0,0.0,0,4,0.0,9,0.0,Dropout
0,1,8,8,0,0.0,3,8,0.0,8,8,0,0.0,3,8,0.0,16,0.0,Dropout
0,1,5,5,5,6.5,0,0,1.0,5,5,5,0.0,0,0,1.0,0,3.25,Graduate
0,1,6,7,6,6.928571428571429,0,1,0.8571,6,6,6,0.0,0,0,1.0,1,3.4643,Graduate
0,1,7,7,6,6.695833333333333,0,1,0.8571,8,8,8,0.0,0,0,1.0,1,3.3479,Graduate
0,1,5,7,4,6.375,0,3,0.5714,5,5,0,0.0,0,5,0.0,8,3.1875,Dropout
0,1,5,7,4,7.25,0,3,0.5714,5,5,5,0.0,0,0,1.0,3,3.625,Graduate
0,1,6,7,6,6.083333333333333,0,1,0.8571,6,6,6,0.0,0,0,1.0,1,3.0417,Graduate
0,1,5,5,5,7.7,0,0,1.0,5,5,5,0.0,0,0,1.0,0,3.85,Dropout
1,0,5,9,2,6.666666666666667,0,7,0.2222,5,9,2,0.0,4,7,0.2222,14,3.3333,Dropout
0,1,5,5,0,0.0,0,5,0.0,5,5,0,0.0,0,5,0.0,10,0.0,Dropout
0,1,6,0,0,0.0,0,0,0.0,6,0,0,0.0,0,0,0.0,0,0.0,Dropout
0,1,6,7,6,6.857142857142857,0,1,0.8571,6,8,6,0.0,0,2,0.75,3,3.4286,Graduate
0,1,6,7,4,6.125,0,3,0.5714,6,7,0,0.0,0,7,0.0,10,3.0625,Dropout
0,1,6,9,5,8.0,1,4,0.5556,6,11,4,0.0,0,7,0.3636,11,4.0,Enrolled
0,1,5,8,1,5.5,0,7,0.125,5,5,1,0.0,0,4,0.2,11,2.75,Dropout
0,1,7,7,7,7.042857142857142,0,0,1.0,7,7,7,0.0,0,0,1.0,0,3.5214,Enrolled
0,1,6,9,6,5.083333333333333,0,3,0.6667,6,10,6,0.0,0,4,0.6,7,2.5417,Graduate
0,1,5,8,1,5.0,0,7,0.125,5,9,0,0.0,0,9,0.0,16,2.5,Dropout
0,1,5,10,0,0.0,0,10,0.0,5,7,1,0.0,0,6,0.1429,16,0.0,Enrolled
0,0,5,10,2,5.25,0,8,0.2,5,5,3,0.0,0,2,0.6,10,2.625,Dropout
0,1,0,0,0,0.0,0,0,0.0,0,0,0,0.0,0,0,0.0,0,0.0,Graduate
1,0,6,6,0,0.0,0,6,0.0,6,6,0,0.0,0,6,0.0,12,0.0,Dropout
0,1,6,12,0,0.0,0,12,0.0,5,10,0,0.0,0,10,0.0,22,0.0,Dropout
0,1,6,8,0,0.0,0,8,0.0,6,10,0,0.0,0,10,0.0,18,0.0,Dropout
0,1,6,15,5,6.666666666666667,0,10,0.3333,6,15,5,0.0,0,10,0.3333,20,3.3333,Graduate
0,1,0,0,0,0.0,0,0,0.0,0,0,0,0.0,0,0,0.0,0,0.0,Dropout
0,1,6,7,6,6.785714285714286,0,1,0.8571,6,6,6,0.0,0,0,1.0,1,3.3929,Graduate
0,1,6,6,6,6.416666666666667,0,0,1.0,6,7,6,0.0,0,1,0.8571,1,3.2083,Graduate
0,1,5,6,4,5.125,0,2,0.6667,8,18,5,0.0,5,13,0.2778,15,2.5625,Dropout
0,1,6,6,0,0.0,0,6,0.0,6,6,0,0.0,0,6,0.0,12,0.0,Dropout
1,1,5,5,4,7.25,0,1,0.8,6,8,3,0.0,0,5,0.375,6,3.625,Dropout
0,1,5,6,5,7.9,0,1,0.8333,5,8,5,0.0,0,3,0.625,4,3.95,Enrolled
0,0,6,0,0,0.0,0,0,0.0,6,0,0,0.0,0,0,0.0,0,0.0,Dropout
0,1,5,8,4,6.25,0,4,0.5,5,7,3,0.0,1,4,0.4286,8,3.125,Enrolled
0,1,18,22,18,5.833333333333333,0,4,0.8182,13,13,12,0.0,1,1,0.9231,5,2.9167,Graduate
0,1,5,6,4,6.5,0,2,0.6667,5,5,5,0.0,0,0,1.0,2,3.25,Graduate
0,1,7,8,7,6.060714285714285,0,1,0.875,9,12,8,0.0,0,4,0.6667,5,3.0304,Graduate
0,1,11,15,9,7.11111111111111,0,6,0.6,9,15,7,0.0,0,8,0.4667,14,3.5556,Graduate
0,1,6,17,4,6.25,0,13,0.2353,6,8,4,0.0,0,4,0.5,17,3.125,Enrolled
0,1,5,7,5,6.083333333333333,0,2,0.7143,5,7,5,0.0,0,2,0.7143,4,3.0417,Graduate
0,1,6,0,0,0.0,0,0,0.0,6,0,0,0.0,0,0,0.0,0,0.0,Dropout
0,1,6,6,6,6.333333333333333,0,0,1.0,6,6,6,0.0,0,0,1.0,0,3.1667,Graduate
0,1,8,8,7,6.807142857142857,0,1,0.875,8,8,7,0.0,0,1,0.875,2,3.4036,Graduate
0,1,18,32,12,6.428571428571429,1,20,0.375,12,15,10,0.0,0,5,0.6667,25,3.2143,Graduate
0,1,5,7,4,7.0,0,3,0.5714,5,5,5,0.0,0,0,1.0,3,3.5,Graduate
0,1,6,8,4,7.375,0,4,0.5,6,6,5,0.0,0,1,0.8333,5,3.6875,Graduate
0,1,6,0,0,0.0,0,0,0.0,6,0,0,0.0,0,0,0.0,0,0.0,Dropout
0,1,6,8,6,6.8125,0,2,0.75,6,7,6,0.0,0,1,0.8571,3,3.4062,Graduate
0,1,0,0,0,0.0,0,0,0.0,0,0,0,0.0,0,0,0.0,0,0.0,Graduate
0,1,6,12,4,5.9,0,8,0.3333,6,11,4,0.0,0,7,0.3636,15,2.95,Dropout
0,1,6,8,6,7.5625,0,2,0.75,6,10,6,0.0,0,4,0.6,6,3.7812,Graduate
0,1,6,10,4,5.75,0,6,0.4,6,10,2,0.0,0,8,0.2,14,2.875,Dropout
1,1,5,12,1,5.0,0,11,0.0833,5,11,1,0.0,0,10,0.0909,21,2.5,Enrolled
0,1,4,8,0,0.0,0,8,0.0,5,10,0,0.0,0,10,0.0,18,0.0,Dropout
0,1,5,9,3,5.166666666666667,0,6,0.3333,5,6,5,0.0,0,1,0.8333,7,2.5833,Graduate
0,1,5,9,0,0.0,0,9,0.0,5,6,2,0.0,0,4,0.3333,13,0.0,Enrolled
0,1,6,9,4,6.0,2,5,0.4444,6,10,4,0.0,0,6,0.4,11,3.0,Enrolled
0,1,6,6,6,6.916666666666667,0,0,1.0,6,6,6,0.0,0,0,1.0,0,3.4583,Graduate
1,1,17,19,13,6.076923076923076,0,6,0.6842,17,28,11,0.0,1,17,0.3929,23,3.0385,Enrolled
0,1,6,7,6,7.0,0,1,0.8571,6,8,6,0.0,0,2,0.75,3,3.5,Graduate
0,0,6,8,6,8.25,0,2,0.75,6,6,5,0.0,0,1,0.8333,3,4.125,Enrolled
0,1,5,11,1,9.0,2,10,0.0909,5,10,3,0.0,2,7,0.3,17,4.5,Dropout
0,1,6,11,6,5.642857142857143,0,5,0.5455,6,12,5,0.0,0,7,0.4167,12,2.8214,Enrolled
0,1,0,0,0,0.0,0,0,0.0,0,0,0,0.0,0,0,0.0,0,0.0,Graduate
0,1,0,0,0,0.0,0,0,0.0,0,0,0,0.0,0,0,0.0,0,0.0,Enrolled
0,1,6,10,5,7.0,0,5,0.5,6,10,6,0.0,0,4,0.6,9,3.5,Enrolled
0,1,5,13,4,6.875,1,9,0.3077,5,9,3,0.0,0,6,0.3333,15,3.4375,Enrolled
0,0,6,9,4,6.625,0,5,0.4444,6,6,5,0.0,0,1,0.8333,6,3.3125,Dropout
0,1,5,7,4,7.125,0,3,0.5714,5,7,4,0.0,0,3,0.5714,6,3.5625,Graduate
0,0,5,9,0,0.0,1,9,0.0,5,5,0,0.0,0,5,0.0,14,0.0,Dropout
0,0,12,12,8,5.625,0,4,0.6667,8,8,3,0.0,0,5,0.375,9,2.8125,Dropout
0,1,6,7,6,6.75,0,1,0.8571,6,8,6,0.0,0,2,0.75,3,3.375,Graduate
0,1,6,8,5,6.333333333333333,0,3,0.625,6,10,6,0.0,0,4,0.6,7,3.1667,Graduate
0,1,6,6,6,7.583333333333333,0,0,1.0,6,6,6,0.0,0,0,1.0,0,3.7917,Graduate
0,1,6,6,6,6.583333333333333,0,0,1.0,5,7,5,0.0,0,2,0.7143,2,3.2917,Dropout
1,1,12,20,10,5.9,0,10,0.5,12,15,9,0.0,0,6,0.6,16,2.95,Enrolled
0,1,5,10,4,5.75,0,6,0.4,5,11,0,0.0,0,11,0.0,17,2.875,Enrolled
0,1,6,6,6,7.25,0,0,1.0,6,8,6,0.0,0,2,0.75,2,3.625,Graduate
0,1,6,10,5,6.7,0,5,0.5,6,12,3,0.0,0,9,0.25,14,3.35,Enrolled
1,0,0,0,0,0.0,0,0,0.0,0,0,0,0.0,0,0,0.0,0,0.0,Graduate
0,1,5,8,4,5.4,0,4,0.5,5,10,2,0.0,0,8,0.2,12,2.7,Dropout
0,1,5,6,0,0.0,0,6,0.0,5,5,0,0.0,0,5,0.0,11,0.0,Dropout
1,0,10,23,6,5.714285714285714,0,17,0.2609,7,15,4,0.0,1,11,0.2667,28,2.8571,Dropout
0,1,14,24,8,6.25,2,16,0.3333,13,23,10,0.0,0,13,0.4348,29,3.125,Dropout
0,1,5,11,2,6.75,0,9,0.1818,5,11,3,0.0,0,8,0.2727,17,3.375,Enrolled
0,1,6,6,0,0.0,0,6,0.0,6,12,0,0.0,0,12,0.0,18,0.0,Dropout
0,1,5,8,5,6.375,0,3,0.625,5,7,5,0.0,0,2,0.7143,5,3.1875,Graduate
0,1,6,17,3,5.666666666666667,3,14,0.1765,6,14,3,0.0,0,11,0.2143,25,2.8333,Enrolled
0,1,6,8,0,0.0,0,8,0.0,6,10,0,0.0,0,10,0.0,18,0.0,Dropout
0,1,6,9,5,5.7,0,4,0.5556,6,13,5,0.0,0,8,0.3846,12,2.85,Enrolled
0,1,6,7,6,7.214285714285714,0,1,0.8571,6,7,6,0.0,0,1,0.8571,2,3.6071,Graduate
0,1,7,9,7,6.246428571428572,0,2,0.7778,8,10,8,0.0,0,2,0.8,4,3.1232,Graduate
0,1,8,10,4,5.75,0,6,0.4,8,13,4,0.0,0,9,0.3077,15,2.875,Dropout
0,1,5,7,5,5.6,0,2,0.7143,5,6,5,0.0,1,1,0.8333,3,2.8,Graduate
0,0,5,9,3,6.0,1,6,0.3333,5,7,3,0.0,0,4,0.4286,10,3.0,Dropout
0,1,8,8,7,7.942857142857143,0,1,0.875,8,8,7,0.0,0,1,0.875,2,3.9714,Graduate
1,0,7,12,4,6.47,0,8,0.3333,7,12,4,0.0,0,8,0.3333,16,3.235,Dropout
0,0,6,6,6,7.0,0,0,1.0,6,6,6,0.0,0,0,1.0,0,3.5,Graduate
0,1,0,0,0,0.0,0,0,0.0,0,0,0,0.0,0,0,0.0,0,0.0,Graduate
1,0,7,7,0,0.0,7,7,0.0,8,8,0,0.0,8,8,0.0,15,0.0,Dropout
0,1,5,0,0,0.0,0,0,0.0,5,0,0,0.0,0,0,0.0,0,0.0,Dropout
0,1,5,8,4,5.625,0,4,0.5,5,8,3,0.0,1,5,0.375,9,2.8125,Dropout
0,1,5,5,0,0.0,0,5,0.0,5,6,0,0.0,0,6,0.0,11,0.0,Dropout
0,0,6,13,4,5.625,0,9,0.3077,6,12,0,0.0,1,12,0.0,21,2.8125,Dropout
0,1,5,11,3,5.333333333333333,0,8,0.2727,5,10,4,0.0,0,6,0.4,14,2.6667,Enrolled
0,1,6,9,5,5.9,0,4,0.5556,6,10,3,0.0,1,7,0.3,11,2.95,Graduate
0,1,10,19,8,5.8125,1,11,0.4211,10,16,10,0.0,3,6,0.625,17,2.9062,Graduate
0,1,6,11,0,0.0,0,11,0.0,5,10,0,0.0,0,10,0.0,21,0.0,Dropout
0,1,6,8,4,5.125,0,4,0.5,6,6,4,0.0,0,2,0.6667,6,2.5625,Dropout
0,1,15,16,15,5.4,0,1,0.9375,14,14,14,0.0,0,0,1.0,1,2.7,Graduate
0,0,12,15,11,6.272727272727272,0,4,0.7333,11,16,11,0.0,0,5,0.6875,9,3.1364,Graduate
0,1,7,7,7,6.785714285714286,0,0,1.0,6,9,5,0.0,0,4,0.5556,4,3.3929,Enrolled
0,1,6,0,0,0.0,0,0,0.0,6,0,0,0.0,0,0,0.0,0,0.0,Dropout
0,1,5,5,0,0.0,0,5,0.0,5,5,0,0.0,0,5,0.0,10,0.0,Dropout
0,1,6,9,6,7.38888888888889,0,3,0.6667,6,11,5,0.0,0,6,0.4545,9,3.6944,Graduate
0,1,3,4,0,0.0,0,4,0.0,4,8,0,0.0,0,8,0.0,12,0.0,Dropout
0,1,2,2,0,0.0,0,2,0.0,2,2,0,0.0,0,2,0.0,4,0.0,Dropout
0,0,4,4,0,0.0,0,4,0.0,5,0,0,0.0,0,0,0.0,4,0.0,Dropout
0,0,5,10,0,0.0,0,10,0.0,5,5,0,0.0,0,5,0.0,15,0.0,Dropout
0,1,5,5,5,5.7,0,0,1.0,5,7,5,0.0,0,2,0.7143,2,2.85,Graduate
0,1,9,13,6,5.833333333333333,0,7,0.4615,7,10,6,0.0,0,4,0.6,11,2.9167,Dropout
0,1,10,12,7,5.642857142857143,0,5,0.5833,8,8,5,0.0,0,3,0.625,8,2.8214,Dropout
0,1,6,12,4,5.75,0,8,0.3333,6,10,5,0.0,0,5,0.5,13,2.875,Graduate
0,1,5,5,5,8.0,0,0,1.0,5,5,5,0.0,0,0,1.0,0,4.0,Graduate
0,1,6,6,6,6.25,0,0,1.0,6,7,6,0.0,0,1,0.8571,1,3.125,Dropout
0,1,5,7,4,6.0,0,3,0.5714,5,10,3,0.0,3,7,0.3,10,3.0,Enrolled
0,1,5,11,0,0.0,2,11,0.0,5,11,3,0.0,1,8,0.2727,19,0.0,Enrolled
0,1,5,10,5,6.5,0,5,0.5,5,10,5,0.0,0,5,0.5,10,3.25,Graduate
0,1,18,27,13,6.857142857142857,1,14,0.4815,12,18,12,0.0,0,6,0.6667,20,3.4286,Graduate
0,1,5,9,3,6.166666666666667,0,6,0.3333,6,14,3,0.0,0,11,0.2143,17,3.0833,Dropout
0,0,17,31,11,6.363636363636364,4,20,0.3548,12,24,10,0.0,1,14,0.4167,34,3.1818,Dropout
0,1,5,5,1,7.0,0,4,0.2,5,5,0,0.0,0,5,0.0,9,3.5,Dropout
0,0,5,0,0,0.0,0,0,0.0,5,0,0,0.0,0,0,0.0,0,0.0,Dropout
0,1,6,8,5,5.7,0,3,0.625,6,12,3,0.0,1,9,0.25,12,2.85,Enrolled
0,1,5,5,0,0.0,0,5,0.0,5,5,1,0.0,0,4,0.2,9,0.0,Dropout
0,1,6,8,6,9.4375,0,2,0.75,12,14,12,0.0,0,2,0.8571,4,4.7188,Graduate
0,1,6,12,0,0.0,0,12,0.0,6,12,0,0.0,0,12,0.0,24,0.0,Dropout
0,1,7,15,6,5.666666666666667,0,9,0.4,7,16,4,0.0,0,12,0.25,21,2.8333,Enrolled
0,1,7,9,7,6.75,0,2,0.7778,5,6,5,0.0,0,1,0.8333,3,3.375,Dropout
0,1,11,12,2,7.5,7,10,0.1667,9,10,3,0.0,4,7,0.3,17,3.75,Graduate
1,0,5,10,0,0.0,0,10,0.0,5,7,0,0.0,0,7,0.0,17,0.0,Dropout
0,1,9,9,9,7.11111111111111,0,0,1.0,5,5,5,0.0,0,0,1.0,0,3.5556,Dropout
1,0,0,0,0,0.0,0,0,0.0,0,0,0,0.0,0,0,0.0,0,0.0,Enrolled
1,0,7,14,4,6.0,2,10,0.2857,6,16,0,0.0,1,16,0.0,26,3.0,Dropout
0,1,5,9,5,6.3,1,4,0.5556,5,8,4,0.0,0,4,0.5,8,3.15,Graduate
0,1,12,12,12,7.541666666666667,0,0,1.0,11,15,11,0.0,0,4,0.7333,4,3.7708,Enrolled
0,1,5,5,0,0.0,0,5,0.0,5,5,0,0.0,0,5,0.0,10,0.0,Dropout
0,1,6,8,6,7.25,0,2,0.75,6,10,6,0.0,0,4,0.6,6,3.625,Graduate
0,1,6,6,6,7.25,0,0,1.0,6,6,6,0.0,0,0,1.0,0,3.625,Graduate
0,1,5,12,3,5.0,0,9,0.25,5,12,1,0.0,0,11,0.0833,20,2.5,Enrolled
0,1,5,0,0,0.0,0,0,0.0,5,0,0,0.0,0,0,0.0,0,0.0,Dropout
0,1,5,5,5,5.8,0,0,1.0,5,5,5,0.0,0,0,1.0,0,2.9,Graduate
0,1,6,10,4,5.875,0,6,0.4,6,7,0,0.0,0,7,0.0,13,2.9375,Dropout
0,1,6,0,0,0.0,0,0,0.0,6,0,0,0.0,0,0,0.0,0,0.0,Dropout
0,1,0,0,0,0.0,0,0,0.0,0,0,0,0.0,0,0,0.0,0,0.0,Dropout
1,1,6,7,0,0.0,0,7,0.0,6,6,0,0.0,0,6,0.0,13,0.0,Dropout
1,0,5,7,4,5.625,0,3,0.5714,5,8,4,0.0,0,4,0.5,7,2.8125,Dropout
1,1,6,9,5,5.785714285714286,0,4,0.5556,6,11,0,0.0,0,11,0.0,15,2.8929,Dropout
0,1,5,7,4,5.0,0,3,0.5714,5,8,1,0.0,0,7,0.125,10,2.5,Enrolled
0,1,6,11,5,6.916666666666667,0,6,0.4545,6,13,6,0.0,0,7,0.4615,13,3.4583,Enrolled
0,1,6,6,4,6.375,0,2,0.6667,9,12,3,0.0,0,9,0.25,11,3.1875,Dropout
0,1,4,4,0,0.0,0,4,0.0,5,9,0,0.0,0,9,0.0,13,0.0,Dropout
0,1,6,13,5,5.8,0,8,0.3846,6,12,2,0.0,0,10,0.1667,18,2.9,Enrolled
0,0,5,5,0,0.0,0,5,0.0,5,5,0,0.0,0,5,0.0,10,0.0,Dropout
0,1,6,6,4,5.625,0,2,0.6667,6,10,3,0.0,0,7,0.3,9,2.8125,Dropout
0,0,6,0,0,0.0,0,0,0.0,6,0,0,0.0,0,0,0.0,0,0.0,Dropout
0,1,6,6,6,7.166666666666667,0,0,1.0,6,7,6,0.0,0,1,0.8571,1,3.5833,Graduate
1,0,6,7,0,0.0,0,7,0.0,5,5,0,0.0,0,5,0.0,12,0.0,Dropout
0,1,23,23,20,6.75,3,3,0.8696,23,23,20,0.0,3,3,0.8696,6,3.375,Graduate
0,1,6,8,6,6.333333333333333,0,2,0.75,6,10,5,0.0,0,5,0.5,7,3.1667,Enrolled
0,1,7,7,7,6.222142857142857,0,0,1.0,8,11,7,0.0,0,4,0.6364,4,3.1111,Graduate
0,1,5,7,3,5.333333333333333,1,4,0.4286,5,7,3,0.0,0,4,0.4286,8,2.6667,Dropout
0,1,0,0,0,0.0,0,0,0.0,0,0,0,0.0,0,0,0.0,0,0.0,Enrolled
0,1,6,6,6,6.333333333333333,0,0,1.0,6,6,5,0.0,0,1,0.8333,1,3.1667,Graduate
0,1,5,5,5,6.6,0,0,1.0,5,6,5,0.0,0,1,0.8333,1,3.3,Graduate
0,1,12,20,10,6.35,0,10,0.5,12,14,11,0.0,0,3,0.7857,13,3.175,Graduate
0,1,5,6,5,7.416666666666667,0,1,0.8333,5,5,5,0.0,0,0,1.0,1,3.7083,Graduate
0,0,10,10,4,5.75,0,6,0.4,7,8,1,0.0,0,7,0.125,13,2.875,Dropout
0,1,6,0,0,0.0,0,0,0.0,6,0,0,0.0,0,0,0.0,0,0.0,Dropout
0,1,5,0,0,0.0,0,0,0.0,5,0,0,0.0,0,0,0.0,0,0.0,Dropout
0,1,5,7,3,6.333333333333333,1,4,0.4286,5,12,2,0.0,0,10,0.1667,14,3.1667,Enrolled
0,1,6,7,6,7.357142857142857,0,1,0.8571,6,6,6,0.0,0,0,1.0,1,3.6786,Graduate
0,1,6,11,3,6.833333333333333,0,8,0.2727,6,13,4,0.0,0,9,0.3077,17,3.4167,Enrolled
0,1,5,9,5,5.4,0,4,0.5556,5,13,2,0.0,0,11,0.1538,15,2.7,Enrolled
1,0,8,13,4,5.25,0,9,0.3077,10,16,7,0.0,0,9,0.4375,18,2.625,Dropout
0,1,6,10,6,7.5,0,4,0.6,6,11,5,0.0,0,6,0.4545,10,3.75,Graduate
1,1,6,6,6,6.333333333333333,0,0,1.0,6,6,6,0.0,0,0,1.0,0,3.1667,Graduate
0,1,6,7,6,6.583333333333333,0,1,0.8571,6,6,6,0.0,0,0,1.0,1,3.2917,Graduate
0,1,0,0,0,0.0,0,0,0.0,0,0,0,0.0,0,0,0.0,0,0.0,Graduate
0,1,6,6,6,6.5,0,0,1.0,6,6,6,0.0,0,0,1.0,0,3.25,Graduate
0,1,0,0,0,0.0,0,0,0.0,0,0,0,0.0,0,0,0.0,0,0.0,Dropout
1,1,6,13,2,5.0,0,11,0.1538,6,10,1,0.0,0,9,0.1,20,2.5,Dropout
0,1,6,7,6,6.666666666666667,0,1,0.8571,6,16,5,0.0,0,11,0.3125,12,3.3333,Graduate
0,1,6,13,3,6.166666666666667,0,10,0.2308,6,6,6,0.0,0,0,1.0,10,3.0833,Graduate
0,1,21,23,20,6.590909090909091,0,3,0.8696,14,18,14,0.0,0,4,0.7778,7,3.2955,Graduate
0,1,7,7,6,6.256666666666667,0,1,0.8571,8,9,7,0.0,0,2,0.7778,3,3.1283,Graduate
0,1,6,0,0,0.0,0,0,0.0,6,0,0,0.0,0,0,0.0,0,0.0,Dropout
0,1,8,8,7,6.792857142857142,0,1,0.875,8,8,7,0.0,0,1,0.875,2,3.3964,Graduate
0,1,7,9,7,5.577777777777778,0,2,0.7778,8,10,8,0.0,0,2,0.8,4,2.7889,Graduate
0,1,7,9,6,5.928571428571429,0,3,0.6667,6,7,5,0.0,0,2,0.7143,5,2.9643,Graduate
0,1,0,0,0,0.0,0,0,0.0,0,0,0,0.0,0,0,0.0,0,0.0,Graduate
0,1,14,14,14,7.0,0,0,1.0,13,13,13,0.0,0,0,1.0,0,3.5,Graduate
0,0,6,8,5,6.0,0,3,0.625,6,0,0,0.0,0,0,0.0,3,3.0,Dropout
0,1,7,15,4,5.7875,0,11,0.2667,7,10,5,0.0,0,5,0.5,16,2.8937,Enrolled
0,1,7,8,7,6.599285714285714,0,1,0.875,8,8,8,0.0,0,0,1.0,1,3.2996,Graduate
0,1,6,10,6,6.75,0,4,0.6,6,12,6,0.0,0,6,0.5,10,3.375,Graduate
0,1,6,6,6,6.666666666666667,0,0,1.0,6,8,5,0.0,0,3,0.625,3,3.3333,Dropout
0,1,5,10,4,7.125,0,6,0.4,5,14,1,0.0,0,13,0.0714,19,3.5625,Enrolled
0,1,6,7,6,6.083333333333333,0,1,0.8571,6,9,4,0.0,0,5,0.4444,6,3.0417,Graduate
0,1,8,8,7,6.107142857142857,0,1,0.875,8,8,7,0.0,0,1,0.875,2,3.0536,Graduate
0,1,6,8,6,6.333333333333333,0,2,0.75,6,6,6,0.0,0,0,1.0,2,3.1667,Graduate
0,1,6,7,6,6.142857142857143,0,1,0.8571,6,6,6,0.0,0,0,1.0,1,3.0714,Graduate
0,1,6,7,6,6.5,0,1,0.8571,6,6,6,0.0,0,0,1.0,1,3.25,Graduate
0,1,6,8,6,6.071428571428571,0,2,0.75,6,6,6,0.0,0,0,1.0,2,3.0357,Graduate
0,1,7,8,7,6.937857142857142,0,1,0.875,8,9,7,0.0,0,2,0.7778,3,3.4689,Graduate
0,1,6,0,0,0.0,0,0,0.0,6,0,0,0.0,0,0,0.0,0,0.0,Dropout
0,1,6,12,6,5.833333333333333,0,6,0.5,6,7,0,0.0,0,7,0.0,13,2.9167,Dropout
0,1,6,13,6,6.576923076923076,0,7,0.4615,6,12,3,0.0,0,9,0.25,16,3.2885,Graduate
0,1,6,6,6,7.25,0,0,1.0,6,6,6,0.0,0,0,1.0,0,3.625,Dropout
0,1,7,7,7,7.220714285714285,0,0,1.0,8,8,8,0.0,0,0,1.0,0,3.6104,Graduate
0,1,6,6,6,7.583333333333333,0,0,1.0,6,7,6,0.0,0,1,0.8571,1,3.7917,Graduate
0,1,5,5,5,5.8,0,0,1.0,5,12,4,0.0,0,8,0.3333,8,2.9,Graduate
1,1,6,6,6,5.833333333333333,0,0,1.0,6,6,6,0.0,0,0,1.0,0,2.9167,Graduate
0,1,6,8,6,6.3125,0,2,0.75,6,10,6,0.0,0,4,0.6,6,3.1562,Graduate
0,1,6,14,3,6.333333333333333,0,11,0.2143,6,7,6,0.0,0,1,0.8571,12,3.1667,Graduate
0,1,6,7,6,6.416666666666667,1,1,0.8571,6,8,6,0.0,0,2,0.75,3,3.2083,Enrolled
0,1,6,7,6,5.928571428571429,0,1,0.8571,6,8,6,0.0,0,2,0.75,3,2.9643,Graduate
0,1,6,8,5,5.7,1,3,0.625,6,7,4,0.0,0,3,0.5714,6,2.85,Enrolled
0,1,5,10,5,7.428571428571429,2,5,0.5,5,7,5,0.0,0,2,0.7143,7,3.7143,Enrolled
0,1,6,7,6,7.357142857142857,0,1,0.8571,6,6,6,0.0,0,0,1.0,1,3.6786,Graduate
1,1,6,6,6,6.75,0,0,1.0,6,9,5,0.0,0,4,0.5556,4,3.375,Graduate
0,1,5,7,4,5.75,0,3,0.5714,5,5,5,0.0,0,0,1.0,3,2.875,Graduate
0,1,5,9,2,7.0,0,7,0.2222,5,5,0,0.0,0,5,0.0,12,3.5,Dropout
0,1,7,8,6,6.416666666666667,0,2,0.75,6,6,0,0.0,0,6,0.0,8,3.2083,Dropout
0,1,7,7,7,6.714285714285714,0,0,1.0,8,8,8,0.0,0,0,1.0,0,3.3571,Graduate
0,1,6,0,0,0.0,0,0,0.0,6,0,0,0.0,0,0,0.0,0,0.0,Dropout
0,1,6,18,3,5.833333333333333,0,15,0.1667,6,14,4,0.0,0,10,0.2857,25,2.9167,Enrolled
0,1,6,6,6,8.0,0,0,1.0,6,7,6,0.0,0,1,0.8571,1,4.0,Graduate
0,1,6,6,6,6.916666666666667,0,0,1.0,6,6,6,0.0,0,0,1.0,0,3.4583,Graduate
0,1,8,9,8,6.61625,1,1,0.8889,8,9,8,0.0,1,1,0.8889,2,3.3081,Graduate
0,1,6,6,6,7.0,0,0,1.0,6,6,6,0.0,0,0,1.0,0,3.5,Graduate
1,1,6,14,2,5.0,0,12,0.1429,6,6,0,0.0,0,6,0.0,18,2.5,Dropout
0,1,16,16,15,6.666666666666667,0,1,0.9375,13,13,11,0.0,0,2,0.8462,3,3.3333,Graduate
0,1,6,6,6,6.25,0,0,1.0,6,6,6,0.0,0,0,1.0,0,3.125,Enrolled
0,1,6,6,6,6.25,0,0,1.0,6,6,6,0.0,0,0,1.0,0,3.125,Graduate
1,1,5,8,2,5.25,0,6,0.25,5,5,0,0.0,0,5,0.0,11,2.625,Dropout
1,1,5,11,3,5.333333333333333,0,8,0.2727,5,9,3,0.0,0,6,0.3333,14,2.6667,Enrolled
0,1,5,9,4,5.25,0,5,0.4444,5,11,2,0.0,3,9,0.1818,14,2.625,Enrolled
0,1,5,10,4,6.0,0,6,0.4,5,6,5,0.0,0,1,0.8333,7,3.0,Graduate
0,1,0,0,0,0.0,0,0,0.0,0,0,0,0.0,0,0,0.0,0,0.0,Enrolled
0,1,5,11,5,5.75,0,6,0.4545,5,9,2,0.0,0,7,0.2222,13,2.875,Enrolled
0,1,6,6,6,7.0,0,0,1.0,6,6,6,0.0,0,0,1.0,0,3.5,Dropout
0,1,6,7,6,6.75,0,1,0.8571,6,8,5,0.0,0,3,0.625,4,3.375,Graduate
0,1,8,8,8,6.536875,0,0,1.0,8,8,8,0.0,0,0,1.0,0,3.2684,Graduate
0,1,7,9,2,5.375,0,7,0.2222,7,9,0,0.0,0,9,0.0,16,2.6875,Dropout
0,1,6,11,1,6.0,0,10,0.0909,5,10,0,0.0,0,10,0.0,20,3.0,Enrolled
0,1,6,6,6,7.0,0,0,1.0,6,6,6,0.0,0,0,1.0,0,3.5,Graduate
0,1,6,7,6,6.166666666666667,0,1,0.8571,6,7,6,0.0,0,1,0.8571,2,3.0833,Graduate
0,1,7,7,7,6.732142857142857,0,0,1.0,8,9,8,0.0,0,1,0.8889,1,3.3661,Graduate
0,1,6,14,3,5.333333333333333,1,11,0.2143,6,9,5,0.0,0,4,0.5556,15,2.6667,Enrolled
1,1,5,6,5,5.8,0,1,0.8333,5,8,5,0.0,0,3,0.625,4,2.9,Enrolled
0,1,6,6,6,6.833333333333333,0,0,1.0,6,6,6,0.0,0,0,1.0,0,3.4167,Graduate
1,1,8,9,8,7.20125,1,1,0.8889,8,9,8,0.0,1,1,0.8889,2,3.6006,Graduate
0,1,7,9,7,7.734375,0,2,0.7778,8,8,8,0.0,0,0,1.0,2,3.8672,Graduate
1,1,6,8,6,6.3125,0,2,0.75,6,6,6,0.0,0,0,1.0,2,3.1562,Graduate
0,1,7,7,6,7.491666666666667,0,1,0.8571,7,7,6,0.0,0,1,0.8571,2,3.7458,Graduate
0,1,6,6,6,7.5,0,0,1.0,6,6,6,0.0,0,0,1.0,0,3.75,Graduate
0,1,9,9,9,7.944444444444445,0,0,1.0,7,7,7,0.0,0,0,1.0,0,3.9722,Graduate
1,1,6,14,4,5.75,0,10,0.2857,6,14,3,0.0,0,11,0.2143,21,2.875,Dropout
0,1,6,14,2,5.25,0,12,0.1429,6,11,1,0.0,0,10,0.0909,22,2.625,Dropout
0,1,7,7,6,6.991666666666667,0,1,0.8571,7,7,6,0.0,0,1,0.8571,2,3.4958,Graduate
0,1,6,6,6,6.5,0,0,1.0,6,6,6,0.0,0,0,1.0,0,3.25,Graduate
0,1,6,6,6,6.833333333333333,0,0,1.0,6,6,6,0.0,0,0,1.0,0,3.4167,Graduate
0,0,6,8,0,0.0,0,8,0.0,6,8,0,0.0,0,8,0.0,16,0.0,Dropout
0,1,5,5,5,7.2,0,0,1.0,5,5,5,0.0,0,0,1.0,0,3.6,Graduate
0,1,5,10,4,6.0,0,6,0.4,5,9,4,0.0,0,5,0.4444,11,3.0,Enrolled
0,1,6,6,6,7.083333333333333,0,0,1.0,6,7,6,0.0,0,1,0.8571,1,3.5417,Graduate
0,1,6,8,5,6.1,0,3,0.625,6,7,6,0.0,0,1,0.8571,4,3.05,Graduate
0,1,5,8,3,6.0,1,5,0.375,5,9,3,0.0,0,6,0.3333,11,3.0,Enrolled
0,1,5,11,2,5.25,0,9,0.1818,5,14,1,0.0,0,13,0.0714,22,2.625,Enrolled
0,1,6,8,3,6.166666666666667,0,5,0.375,6,11,2,0.0,0,9,0.1818,14,3.0833,Dropout
0,1,6,7,5,6.1,0,2,0.7143,6,7,5,0.0,0,2,0.7143,4,3.05,Enrolled
0,1,6,6,0,0.0,0,6,0.0,6,6,0,0.0,0,6,0.0,12,0.0,Dropout
1,0,7,10,6,5.75,0,4,0.6,7,8,6,0.0,0,2,0.75,6,2.875,Enrolled
0,1,9,9,9,5.444444444444445,0,0,1.0,10,18,10,0.0,0,8,0.5556,8,2.7222,Graduate
0,1,7,12,6,6.083333333333333,0,6,0.5,8,8,8,0.0,0,0,1.0,6,3.0417,Dropout
0,1,5,7,2,5.0,1,5,0.2857,5,9,1,0.0,0,8,0.1111,13,2.5,Enrolled
0,1,6,6,6,6.333333333333333,0,0,1.0,6,6,6,0.0,0,0,1.0,0,3.1667,Graduate
1,1,6,9,5,5.7,0,4,0.5556,6,8,5,0.0,0,3,0.625,7,2.85,Dropout
0,1,0,0,0,0.0,0,0,0.0,0,0,0,0.0,0,0,0.0,0,0.0,Dropout
0,1,5,14,2,6.5,2,12,0.1429,5,8,4,0.0,1,4,0.5,16,3.25,Enrolled
0,1,6,8,5,6.7,0,3,0.625,6,7,5,0.0,0,2,0.7143,5,3.35,Enrolled
0,1,6,6,6,6.75,0,0,1.0,6,8,5,0.0,0,3,0.625,3,3.375,Dropout
0,1,6,14,4,6.125,0,10,0.2857,6,11,3,0.0,0,8,0.2727,18,3.0625,Enrolled
0,1,6,7,6,6.142857142857143,0,1,0.8571,6,7,6,0.0,0,1,0.8571,2,3.0714,Graduate
0,0,5,12,0,0.0,4,12,0.0,5,8,0,0.0,1,8,0.0,20,0.0,Dropout
0,1,6,10,2,5.25,0,8,0.2,6,11,1,0.0,0,10,0.0909,18,2.625,Dropout
0,1,5,12,3,7.0,2,9,0.25,5,8,5,0.0,1,3,0.625,12,3.5,Graduate
0,1,5,7,5,7.1,0,2,0.7143,5,10,5,0.0,0,5,0.5,7,3.55,Graduate
0,1,6,8,5,6.5,0,3,0.625,6,7,6,0.0,0,1,0.8571,4,3.25,Dropout
0,1,6,6,6,5.5,0,0,1.0,6,8,4,0.0,0,4,0.5,4,2.75,Graduate
0,1,8,9,3,5.5,0,6,0.3333,7,7,2,0.0,0,5,0.2857,11,2.75,Dropout
0,1,7,9,6,6.192857142857143,0,3,0.6667,8,9,8,0.0,0,1,0.8889,4,3.0964,Graduate
0,1,6,12,4,7.375,0,8,0.3333,6,7,4,0.0,0,3,0.5714,11,3.6875,Graduate
0,1,5,6,5,8.083333333333334,0,1,0.8333,5,6,5,0.0,0,1,0.8333,2,4.0417,Graduate
0,1,5,7,0,0.0,0,7,0.0,5,8,0,0.0,0,8,0.0,15,0.0,Dropout
0,1,5,6,5,6.2,0,1,0.8333,5,9,3,0.0,0,6,0.3333,7,3.1,Dropout
0,0,6,8,5,5.8,0,3,0.625,6,11,4,0.0,0,7,0.3636,10,2.9,Dropout
0,1,6,8,5,6.1,0,3,0.625,6,13,0,0.0,0,13,0.0,16,3.05,Dropout
0,1,6,7,5,5.5,0,2,0.7143,6,7,5,0.0,0,2,0.7143,4,2.75,Graduate
0,1,6,8,6,6.166666666666667,0,2,0.75,6,7,5,0.0,0,2,0.7143,4,3.0833,Dropout
0,1,6,6,6,7.416666666666667,0,0,1.0,6,7,6,0.0,0,1,0.8571,1,3.7083,Graduate
0,1,10,15,9,5.777777777777778,0,6,0.6,11,17,10,0.0,0,7,0.5882,13,2.8889,Enrolled
0,1,6,6,6,6.0,0,0,1.0,6,6,6,0.0,0,0,1.0,0,3.0,Graduate
1,1,13,13,11,6.363636363636364,0,2,0.8462,11,11,10,0.0,0,1,0.9091,3,3.1818,Graduate
0,1,2,2,2,5.25,0,0,1.0,1,1,1,0.0,0,0,1.0,0,2.625,Dropout
0,1,6,6,6,6.166666666666667,0,0,1.0,6,6,6,0.0,0,0,1.0,0,3.0833,Graduate
0,1,5,10,0,0.0,0,10,0.0,5,7,1,0.0,0,6,0.1429,16,0.0,Dropout
0,1,7,7,7,7.421428571428572,0,0,1.0,8,9,8,0.0,0,1,0.8889,1,3.7107,Graduate
0,1,7,7,7,6.1,0,0,1.0,7,7,7,0.0,0,0,1.0,0,3.05,Enrolled
0,1,5,10,4,5.4,0,6,0.4,5,10,4,0.0,0,6,0.4,12,2.7,Enrolled
0,1,5,7,4,6.375,0,3,0.5714,5,7,5,0.0,0,2,0.7143,5,3.1875,Enrolled
0,1,5,13,2,5.5,0,11,0.1538,5,12,1,0.0,0,11,0.0833,22,2.75,Dropout
0,1,6,9,4,5.375,0,5,0.4444,6,12,0,0.0,0,12,0.0,17,2.6875,Dropout
0,1,8,9,8,6.276875,1,1,0.8889,8,9,8,0.0,1,1,0.8889,2,3.1384,Graduate
0,1,8,8,7,6.332857142857142,0,1,0.875,8,8,7,0.0,0,1,0.875,2,3.1664,Graduate
0,1,6,10,6,6.357142857142857,0,4,0.6,6,8,4,0.0,0,4,0.5,8,3.1786,Enrolled
0,1,7,7,2,5.875,0,5,0.2857,5,10,0,0.0,0,10,0.0,15,2.9375,Dropout
0,0,6,11,3,5.5,0,8,0.2727,6,14,0,0.0,0,14,0.0,22,2.75,Dropout
0,1,0,0,0,0.0,0,0,0.0,0,0,0,0.0,0,0,0.0,0,0.0,Graduate
0,1,5,5,5,6.7,0,0,1.0,5,6,5,0.0,0,1,0.8333,1,3.35,Graduate
0,1,17,21,17,6.289473684210526,0,4,0.8095,17,20,17,0.0,0,3,0.85,7,3.1447,Graduate
0,1,5,0,0,0.0,0,0,0.0,5,0,0,0.0,0,0,0.0,0,0.0,Dropout
0,1,6,8,6,6.0,0,2,0.75,6,8,6,0.0,0,2,0.75,4,3.0,Graduate
0,1,6,6,3,6.166666666666667,0,3,0.5,6,9,0,0.0,0,9,0.0,12,3.0833,Dropout
0,1,5,11,4,5.75,0,7,0.3636,5,11,3,0.0,0,8,0.2727,15,2.875,Dropout
0,1,6,7,5,6.4,0,2,0.7143,6,11,5,0.0,0,6,0.4545,8,3.2,Graduate
0,1,0,0,0,0.0,0,0,0.0,0,0,0,0.0,0,0,0.0,0,0.0,Dropout
0,1,7,8,7,6.642857142857143,0,1,0.875,8,11,7,0.0,0,4,0.6364,5,3.3214,Enrolled
1,0,6,16,4,5.9,0,12,0.25,6,15,2,0.0,0,13,0.1333,25,2.95,Dropout
0,1,13,13,6,5.666666666666667,0,7,0.4615,11,11,2,0.0,0,9,0.1818,16,2.8333,Dropout
0,1,8,12,5,6.001,1,7,0.4167,8,12,5,0.0,1,7,0.4167,14,3.0005,Dropout
0,1,7,10,5,6.988333333333334,0,5,0.5,8,9,8,0.0,0,1,0.8889,6,3.4942,Enrolled
0,0,6,10,5,7.6,0,5,0.5,6,9,1,0.0,0,8,0.1111,13,3.8,Dropout
0,1,6,7,6,6.571428571428571,0,1,0.8571,6,8,6,0.0,0,2,0.75,3,3.2857,Graduate
0,1,5,14,0,0.0,1,14,0.0,5,5,0,0.0,0,5,0.0,19,0.0,Dropout
0,1,8,11,7,6.933571428571428,0,4,0.6364,8,11,7,0.0,0,4,0.6364,8,3.4668,Graduate
0,1,8,11,6,6.3375,0,5,0.5455,8,11,6,0.0,0,5,0.5455,10,3.1688,Graduate
0,1,0,0,0,0.0,0,0,0.0,0,0,0,0.0,0,0,0.0,0,0.0,Graduate
0,1,6,6,6,6.0,0,0,1.0,6,7,6,0.0,0,1,0.8571,1,3.0,Enrolled
0,1,0,0,0,0.0,0,0,0.0,0,0,0,0.0,0,0,0.0,0,0.0,Dropout
0,1,6,7,6,5.5,0,1,0.8571,6,6,5,0.0,0,1,0.8333,2,2.75,Dropout
0,1,5,11,4,5.375,0,7,0.3636,5,11,4,0.0,0,7,0.3636,14,2.6875,Dropout
0,1,6,7,5,7.1,0,2,0.7143,6,6,6,0.0,0,0,1.0,2,3.55,Graduate
0,0,7,11,4,6.3,0,7,0.3636,7,7,4,0.0,0,3,0.5714,10,3.15,Dropout
0,0,5,5,0,0.0,0,5,0.0,5,5,0,0.0,0,5,0.0,10,0.0,Dropout
0,1,5,6,5,7.0,0,1,0.8333,5,6,5,0.0,0,1,0.8333,2,3.5,Graduate
1,0,6,16,2,5.0,0,14,0.125,6,12,4,0.0,0,8,0.3333,22,2.5,Dropout
0,1,6,6,6,6.916666666666667,0,0,1.0,6,8,6,0.0,0,2,0.75,2,3.4583,Graduate
0,0,5,8,2,5.5,0,6,0.25,5,5,1,0.0,0,4,0.2,10,2.75,Dropout
0,1,8,8,7,5.817857142857143,0,1,0.875,8,8,7,0.0,0,1,0.875,2,2.9089,Enrolled
0,1,6,6,4,6.125,0,2,0.6667,5,5,0,0.0,0,5,0.0,7,3.0625,Dropout
1,1,5,9,4,6.25,0,5,0.4444,5,11,5,0.0,0,6,0.4545,11,3.125,Enrolled
0,1,5,5,5,6.9,0,0,1.0,5,6,5,0.0,0,1,0.8333,1,3.45,Graduate
0,1,6,8,3,6.0,0,5,0.375,6,9,1,0.0,0,8,0.1111,13,3.0,Dropout
0,1,5,9,3,5.5,0,6,0.3333,5,8,4,0.0,1,4,0.5,10,2.75,Enrolled
0,1,6,7,4,6.875,0,3,0.5714,6,10,6,0.0,0,4,0.6,7,3.4375,Graduate
0,1,6,6,6,5.333333333333333,0,0,1.0,6,8,4,0.0,0,4,0.5,4,2.6667,Enrolled
0,1,7,7,0,0.0,0,7,0.0,8,13,2,0.0,0,11,0.1538,18,0.0,Dropout
0,1,5,6,5,6.916666666666667,0,1,0.8333,5,7,5,0.0,0,2,0.7143,3,3.4583,Graduate
1,1,6,6,0,0.0,0,6,0.0,6,7,0,0.0,0,7,0.0,13,0.0,Enrolled
0,1,5,5,5,7.9,0,0,1.0,5,5,5,0.0,0,0,1.0,0,3.95,Graduate
0,1,14,26,12,6.26304347826087,1,14,0.4615,14,26,12,0.0,1,14,0.4615,28,3.1315,Graduate
0,1,7,9,6,6.391666666666666,0,3,0.6667,8,11,0,0.0,0,11,0.0,14,3.1958,Dropout
1,0,5,5,0,0.0,0,5,0.0,5,5,1,0.0,0,4,0.2,9,0.0,Dropout
0,1,5,8,3,6.5,0,5,0.375,5,8,3,0.0,0,5,0.375,10,3.25,Graduate
0,1,6,8,0,0.0,0,8,0.0,6,10,0,0.0,0,10,0.0,18,0.0,Dropout
0,1,5,7,5,5.4,0,2,0.7143,5,9,3,0.0,0,6,0.3333,8,2.7,Enrolled
0,1,5,7,5,5.5,0,2,0.7143,5,7,3,0.0,0,4,0.4286,6,2.75,Enrolled
1,0,4,4,0,0.0,0,4,0.0,5,5,0,0.0,0,5,0.0,9,0.0,Dropout
1,1,5,7,0,0.0,0,7,0.0,5,5,0,0.0,0,5,0.0,12,0.0,Enrolled
0,0,6,10,2,6.0,0,8,0.2,6,0,0,0.0,0,0,0.0,8,3.0,Dropout
0,1,5,7,4,5.375,0,3,0.5714,5,10,2,0.0,3,8,0.2,11,2.6875,Dropout
0,1,5,8,5,5.8,0,3,0.625,5,10,4,0.0,3,6,0.4,9,2.9,Graduate
0,1,5,6,5,5.9,0,1,0.8333,5,8,4,0.0,0,4,0.5,5,2.95,Graduate
0,1,6,7,6,8.0,0,1,0.8571,6,6,6,0.0,0,0,1.0,1,4.0,Graduate
0,1,6,6,6,6.333333333333333,0,0,1.0,6,6,6,0.0,0,0,1.0,0,3.1667,Graduate
1,1,7,12,4,7.2,0,8,0.3333,7,9,6,0.0,0,3,0.6667,11,3.6,Enrolled
1,0,6,6,0,0.0,0,6,0.0,6,6,0,0.0,0,6,0.0,12,0.0,Dropout
1,0,6,11,4,6.125,0,7,0.3636,6,9,4,0.0,0,5,0.4444,12,3.0625,Enrolled
0,1,7,9,5,6.3,0,4,0.5556,9,10,8,0.0,1,2,0.8,6,3.15,Dropout
0,1,8,8,7,6.7,0,1,0.875,8,8,7,0.0,0,1,0.875,2,3.35,Graduate
1,1,0,0,0,0.0,0,0,0.0,0,0,0,0.0,0,0,0.0,0,0.0,Dropout
0,1,6,9,1,5.0,0,8,0.1111,6,6,0,0.0,0,6,0.0,14,2.5,Dropout
1,1,5,5,0,0.0,0,5,0.0,5,5,0,0.0,5,5,0.0,10,0.0,Dropout
0,1,6,16,3,5.625,0,13,0.1875,6,14,4,0.0,0,10,0.2857,23,2.8125,Dropout
0,1,5,10,0,0.0,0,10,0.0,5,5,0,0.0,0,5,0.0,15,0.0,Enrolled
0,1,5,8,3,5.333333333333333,1,5,0.375,5,5,1,0.0,0,4,0.2,9,2.6667,Dropout
0,1,5,7,4,5.875,0,3,0.5714,5,5,5,0.0,0,0,1.0,3,2.9375,Graduate
0,1,5,5,0,0.0,0,5,0.0,5,5,0,0.0,0,5,0.0,10,0.0,Dropout
0,1,6,6,6,6.333333333333333,0,0,1.0,6,8,6,0.0,0,2,0.75,2,3.1667,Graduate
0,1,7,14,7,5.975,0,7,0.5,8,15,7,0.0,0,8,0.4667,15,2.9875,Enrolled
0,1,6,7,5,7.0,0,2,0.7143,6,6,6,0.0,0,0,1.0,2,3.5,Graduate
0,0,6,6,0,0.0,6,6,0.0,6,12,0,0.0,0,12,0.0,18,0.0,Dropout
1,1,5,11,2,5.75,0,9,0.1818,5,10,0,0.0,0,10,0.0,19,2.875,Dropout
0,1,6,10,6,6.0,0,4,0.6,6,12,5,0.0,0,7,0.4167,11,3.0,Graduate
1,1,6,7,6,8.214285714285714,0,1,0.8571,6,7,6,0.0,0,1,0.8571,2,4.1071,Dropout
0,1,7,9,5,6.668000000000001,0,4,0.5556,8,9,7,0.0,0,2,0.7778,6,3.334,Graduate
0,1,7,7,0,0.0,0,7,0.0,8,8,0,0.0,6,8,0.0,15,0.0,Enrolled
0,1,7,9,7,7.333333333333333,0,2,0.7778,6,8,6,0.0,0,2,0.75,4,3.6667,Graduate
0,1,8,8,7,7.057857142857144,0,1,0.875,8,8,7,0.0,0,1,0.875,2,3.5289,Graduate
0,1,6,7,6,7.428571428571429,0,1,0.8571,6,10,6,0.0,0,4,0.6,5,3.7143,Graduate
0,1,6,7,6,6.916666666666667,0,1,0.8571,6,10,6,0.0,0,4,0.6,5,3.4583,Graduate
0,1,5,10,3,5.5,0,7,0.3,5,9,4,0.0,0,5,0.4444,12,2.75,Enrolled
0,1,6,11,4,5.875,0,7,0.3636,6,12,3,0.0,0,9,0.25,16,2.9375,Enrolled
0,1,5,15,2,5.0,0,13,0.1333,5,14,2,0.0,0,12,0.1429,25,2.5,Dropout
0,1,8,15,6,6.2075,0,9,0.4,8,15,6,0.0,0,9,0.4,18,3.1037,Graduate
0,1,5,12,1,5.5,0,11,0.0833,5,9,2,0.0,0,7,0.2222,18,2.75,Enrolled
0,1,6,14,5,7.214285714285714,0,9,0.3571,6,7,6,0.0,0,1,0.8571,10,3.6071,Graduate
0,1,8,8,7,7.156428571428571,0,1,0.875,8,8,7,0.0,0,1,0.875,2,3.5782,Graduate
0,0,6,8,6,7.714285714285714,0,2,0.75,6,7,5,0.0,0,2,0.7143,4,3.8571,Enrolled
0,1,5,9,4,6.0,1,5,0.4444,5,6,5,0.0,0,1,0.8333,6,3.0,Graduate
0,1,6,7,6,6.916666666666667,0,1,0.8571,6,7,6,0.0,0,1,0.8571,2,3.4583,Graduate
0,1,6,6,6,6.083333333333333,0,0,1.0,6,7,6,0.0,0,1,0.8571,1,3.0417,Graduate
0,1,8,8,7,7.007142857142857,0,1,0.875,8,8,7,0.0,0,1,0.875,2,3.5036,Enrolled
0,1,6,15,2,5.166666666666667,3,13,0.1333,6,13,3,0.0,0,10,0.2308,23,2.5833,Enrolled
0,1,6,7,5,6.6,0,2,0.7143,6,7,5,0.0,0,2,0.7143,4,3.3,Graduate
1,1,7,7,6,7.7,0,1,0.8571,7,7,6,0.0,0,1,0.8571,2,3.85,Graduate
0,1,7,7,7,6.692857142857143,0,0,1.0,8,8,8,0.0,0,0,1.0,0,3.3464,Graduate
1,1,6,13,6,5.428571428571429,0,7,0.4615,6,10,4,0.0,0,6,0.4,13,2.7143,Dropout
0,1,5,11,5,5.666666666666667,0,6,0.4545,5,8,5,0.0,0,3,0.625,9,2.8333,Graduate
0,1,5,7,4,7.25,0,3,0.5714,5,5,5,0.0,0,0,1.0,3,3.625,Graduate
0,1,6,6,6,7.083333333333333,0,0,1.0,6,8,6,0.0,0,2,0.75,2,3.5417,Graduate
0,1,6,7,6,6.416666666666667,0,1,0.8571,6,8,6,0.0,0,2,0.75,3,3.2083,Graduate
0,1,6,7,6,6.666666666666667,0,1,0.8571,6,6,6,0.0,0,0,1.0,1,3.3333,Graduate
0,1,6,7,6,6.833333333333333,0,1,0.8571,6,7,6,0.0,0,1,0.8571,2,3.4167,Graduate
1,0,6,6,6,5.416666666666667,0,0,1.0,6,7,5,0.0,0,2,0.7143,2,2.7083,Dropout
0,1,6,7,6,6.714285714285714,0,1,0.8571,6,8,6,0.0,0,2,0.75,3,3.3571,Graduate
1,1,7,7,7,6.200714285714286,0,0,1.0,8,10,6,0.0,0,4,0.6,4,3.1004,Enrolled
0,0,6,8,0,0.0,0,8,0.0,6,10,0,0.0,0,10,0.0,18,0.0,Dropout
0,0,4,4,0,0.0,0,4,0.0,5,0,0,0.0,0,0,0.0,4,0.0,Dropout
0,1,5,9,4,5.75,0,5,0.4444,5,6,5,0.0,1,1,0.8333,6,2.875,Dropout
0,0,5,8,0,0.0,0,8,0.0,5,5,0,0.0,0,5,0.0,13,0.0,Dropout
0,1,6,8,6,7.071428571428571,0,2,0.75,6,6,6,0.0,0,0,1.0,2,3.5357,Graduate
0,1,6,6,0,0.0,0,6,0.0,5,6,0,0.0,0,6,0.0,12,0.0,Dropout
0,1,10,12,10,6.9,0,2,0.8333,10,10,10,0.0,0,0,1.0,2,3.45,Graduate
0,1,10,10,10,6.8,0,0,1.0,10,10,5,0.0,0,5,0.5,5,3.4,Dropout
0,1,16,23,15,5.866666666666666,0,8,0.6522,11,17,9,0.0,0,8,0.5294,16,2.9333,Graduate
0,0,5,8,1,5.0,0,7,0.125,5,9,1,0.0,0,8,0.1111,15,2.5,Dropout
0,1,6,19,0,0.0,0,19,0.0,6,6,0,0.0,0,6,0.0,25,0.0,Dropout
0,1,6,6,0,0.0,0,6,0.0,6,8,0,0.0,0,8,0.0,14,0.0,Enrolled
0,1,6,12,4,5.4,0,8,0.3333,6,13,4,0.0,0,9,0.3077,17,2.7,Enrolled
0,1,7,8,6,6.523333333333334,0,2,0.75,8,10,7,0.0,0,3,0.7,5,3.2617,Dropout
0,1,9,13,8,5.5,0,5,0.6154,7,10,6,0.0,0,4,0.6,9,2.75,Enrolled
0,1,6,10,3,6.166666666666667,0,7,0.3,6,14,3,0.0,0,11,0.2143,18,3.0833,Enrolled
0,1,11,16,10,5.9,0,6,0.625,7,7,7,0.0,0,0,1.0,6,2.95,Graduate
0,1,5,8,3,5.5,0,5,0.375,5,8,3,0.0,0,5,0.375,10,2.75,Enrolled
0,1,8,8,8,6.555,0,0,1.0,8,8,8,0.0,0,0,1.0,0,3.2775,Graduate
0,1,8,8,7,7.207142857142858,0,1,0.875,8,8,7,0.0,0,1,0.875,2,3.6036,Graduate
0,0,5,5,0,0.0,0,5,0.0,5,10,0,0.0,0,10,0.0,15,0.0,Dropout
0,1,5,8,5,6.166666666666667,0,3,0.625,5,7,5,0.0,0,2,0.7143,5,3.0833,Graduate
0,1,7,9,0,0.0,0,9,0.0,7,8,1,0.0,0,7,0.125,16,0.0,Dropout
0,1,7,9,7,7.05,0,2,0.7778,8,8,8,0.0,0,0,1.0,2,3.525,Graduate
0,1,8,8,8,6.5225,0,0,1.0,8,8,8,0.0,0,0,1.0,0,3.2612,Graduate
0,1,8,10,5,6.429,3,5,0.5,8,10,5,0.0,3,5,0.5,10,3.2145,Enrolled
0,1,8,8,8,7.12625,0,0,1.0,8,8,8,0.0,0,0,1.0,0,3.5631,Graduate
0,1,7,9,5,7.03,0,4,0.5556,7,9,7,0.0,0,2,0.7778,6,3.515,Enrolled
0,1,8,8,7,7.537857142857143,0,1,0.875,8,8,7,0.0,0,1,0.875,2,3.7689,Graduate
0,1,0,0,0,0.0,0,0,0.0,0,0,0,0.0,0,0,0.0,0,0.0,Enrolled
0,1,5,5,4,6.875,0,1,0.8,6,9,5,0.0,0,4,0.5556,5,3.4375,Enrolled
0,1,17,28,17,6.575,2,11,0.6071,12,22,12,0.0,0,10,0.5455,21,3.2875,Graduate
0,1,6,9,5,6.166666666666667,0,4,0.5556,6,7,5,0.0,0,2,0.7143,6,3.0833,Graduate
0,1,7,8,7,6.889285714285714,0,1,0.875,8,10,8,0.0,0,2,0.8,3,3.4446,Graduate
1,0,6,12,3,5.166666666666667,0,9,0.25,6,14,1,0.0,0,13,0.0714,22,2.5833,Dropout
0,1,6,11,3,5.666666666666667,0,8,0.2727,6,7,2,0.0,0,5,0.2857,13,2.8333,Enrolled
0,1,6,7,5,6.6,0,2,0.7143,6,6,6,0.0,0,0,1.0,2,3.3,Enrolled
0,1,6,8,6,6.785714285714286,1,2,0.75,6,11,6,0.0,0,5,0.5455,7,3.3929,Graduate
0,1,11,14,11,6.375,0,3,0.7857,7,7,7,0.0,0,0,1.0,3,3.1875,Graduate
0,1,6,11,3,6.5,0,8,0.2727,6,15,1,0.0,0,14,0.0667,22,3.25,Dropout
0,1,5,7,3,5.666666666666667,0,4,0.4286,5,7,4,0.0,0,3,0.5714,7,2.8333,Enrolled
1,0,6,12,0,0.0,0,12,0.0,6,9,0,0.0,0,9,0.0,21,0.0,Dropout
1,1,0,0,0,0.0,0,0,0.0,0,0,0,0.0,0,0,0.0,0,0.0,Dropout
0,0,5,7,2,6.25,0,5,0.2857,5,13,1,0.0,0,12,0.0769,17,3.125,Dropout
0,1,6,7,6,7.428571428571429,0,1,0.8571,6,8,6,0.0,0,2,0.75,3,3.7143,Graduate
0,1,9,13,8,6.0,0,5,0.6154,7,8,7,0.0,0,1,0.875,6,3.0,Graduate
1,0,0,0,0,0.0,0,0,0.0,0,0,0,0.0,0,0,0.0,0,0.0,Graduate
0,1,5,5,0,0.0,0,5,0.0,5,5,0,0.0,0,5,0.0,10,0.0,Enrolled
0,1,7,8,7,6.414285714285714,0,1,0.875,8,8,8,0.0,0,0,1.0,1,3.2071,Graduate
0,1,7,0,0,0.0,0,0,0.0,8,0,0,0.0,0,0,0.0,0,0.0,Dropout
0,1,6,6,6,6.666666666666667,0,0,1.0,6,8,5,0.0,0,3,0.625,3,3.3333,Graduate
0,1,14,20,14,6.536428571428572,6,6,0.7,14,20,14,0.0,6,6,0.7,12,3.2682,Graduate
0,0,7,13,5,6.0,0,8,0.3846,7,7,3,0.0,0,4,0.4286,12,3.0,Dropout
0,1,6,6,6,7.75,0,0,1.0,6,6,6,0.0,0,0,1.0,0,3.875,Graduate
0,1,6,6,0,0.0,0,6,0.0,6,6,0,0.0,0,6,0.0,12,0.0,Dropout
0,1,6,7,6,7.357142857142857,0,1,0.8571,6,6,6,0.0,0,0,1.0,1,3.6786,Graduate
0,1,6,7,6,8.357142857142858,0,1,0.8571,6,6,6,0.0,0,0,1.0,1,4.1786,Graduate
0,1,6,9,6,5.428571428571429,0,3,0.6667,6,7,6,0.0,0,1,0.8571,4,2.7143,Graduate
0,1,7,8,6,5.829166666666666,0,2,0.75,8,11,6,0.0,0,5,0.5455,7,2.9146,Graduate
0,1,6,8,5,5.8,0,3,0.625,6,7,6,0.0,0,1,0.8571,4,2.9,Graduate
0,1,6,8,6,7.3125,0,2,0.75,6,9,6,0.0,0,3,0.6667,5,3.6562,Enrolled
0,1,6,6,6,6.083333333333333,0,0,1.0,6,8,6,0.0,0,2,0.75,2,3.0417,Graduate
0,1,7,12,4,6.6875,0,8,0.3333,7,8,6,0.0,0,2,0.75,10,3.3438,Enrolled
0,1,6,6,6,6.25,0,0,1.0,6,6,6,0.0,0,0,1.0,0,3.125,Graduate
1,0,7,8,5,6.28,0,3,0.625,7,8,5,0.0,0,3,0.625,6,3.14,Dropout
0,1,7,7,7,6.595,0,0,1.0,8,8,8,0.0,0,0,1.0,0,3.2975,Graduate
1,1,6,11,3,5.5,0,8,0.2727,6,9,4,0.0,0,5,0.4444,13,2.75,Graduate
0,1,0,0,0,0.0,0,0,0.0,0,0,0,0.0,0,0,0.0,0,0.0,Graduate
0,1,6,11,5,5.8,0,6,0.4545,6,10,6,0.0,0,4,0.6,10,2.9,Graduate
0,1,7,7,6,7.133333333333333,0,1,0.8571,7,7,6,0.0,0,1,0.8571,2,3.5667,Graduate
0,1,5,6,4,5.5,0,2,0.6667,5,9,4,0.0,0,5,0.4444,7,2.75,Enrolled
0,1,10,11,9,6.333333333333333,0,2,0.8182,7,7,7,0.0,1,0,1.0,2,3.1667,Graduate
0,1,6,6,0,0.0,0,6,0.0,6,10,3,0.0,0,7,0.3,13,0.0,Enrolled
0,1,8,11,7,6.385714285714286,0,4,0.6364,8,11,7,0.0,0,4,0.6364,8,3.1929,Graduate
0,1,5,12,0,0.0,3,12,0.0,5,5,0,0.0,0,5,0.0,17,0.0,Dropout
0,1,6,6,6,7.75,0,0,1.0,6,7,6,0.0,0,1,0.8571,1,3.875,Graduate
0,1,6,7,6,6.642857142857143,0,1,0.8571,6,9,5,0.0,0,4,0.5556,5,3.3214,Enrolled
0,1,7,11,5,5.858333333333334,0,6,0.4545,7,8,5,0.0,0,3,0.625,9,2.9292,Enrolled
0,1,6,8,6,5.666666666666667,0,2,0.75,6,12,4,0.0,0,8,0.3333,10,2.8333,Dropout
0,1,6,6,6,6.666666666666667,0,0,1.0,6,10,5,0.0,0,5,0.5,5,3.3333,Graduate
0,1,5,13,4,6.166666666666667,0,9,0.3077,5,14,2,0.0,4,12,0.1429,21,3.0833,Graduate
0,1,6,6,6,6.166666666666667,0,0,1.0,6,6,6,0.0,0,0,1.0,0,3.0833,Enrolled
0,1,0,0,0,0.0,0,0,0.0,0,0,0,0.0,0,0,0.0,0,0.0,Dropout
0,1,5,8,5,6.3,0,3,0.625,5,9,4,0.0,0,5,0.4444,8,3.15,Graduate
0,1,5,5,5,6.3,0,0,1.0,5,5,4,0.0,0,1,0.8,1,3.15,Enrolled
1,0,6,10,6,7.166666666666667,0,4,0.6,6,9,6,0.0,0,3,0.6667,7,3.5833,Enrolled
0,1,5,8,3,6.0,0,5,0.375,5,9,2,0.0,1,7,0.2222,12,3.0,Enrolled
0,1,6,7,6,7.428571428571429,0,1,0.8571,6,10,5,0.0,0,5,0.5,6,3.7143,Graduate
0,1,15,17,12,5.958333333333333,0,5,0.7059,13,13,11,0.0,0,2,0.8462,7,2.9792,Graduate
0,1,5,5,0,0.0,0,5,0.0,5,5,0,0.0,0,5,0.0,10,0.0,Dropout
0,1,5,12,3,6.666666666666667,1,9,0.25,5,8,5,0.0,0,3,0.625,12,3.3333,Enrolled
0,0,5,5,0,0.0,0,5,0.0,5,5,0,0.0,0,5,0.0,10,0.0,Dropout
0,1,6,6,6,8.5,0,0,1.0,6,6,6,0.0,0,0,1.0,0,4.25,Graduate
0,1,6,13,3,5.833333333333333,0,10,0.2308,6,14,2,0.0,0,12,0.1429,22,2.9167,Enrolled
0,1,19,24,19,6.105263157894737,0,5,0.7917,13,13,13,0.0,0,0,1.0,5,3.0526,Graduate
0,1,6,8,6,6.5,1,2,0.75,6,9,5,0.0,0,4,0.5556,6,3.25,Graduate
1,0,5,0,0,0.0,0,0,0.0,5,0,0,0.0,0,0,0.0,0,0.0,Dropout
0,1,5,9,2,5.25,0,7,0.2222,5,7,3,0.0,0,4,0.4286,11,2.625,Enrolled
0,1,6,7,6,6.785714285714286,0,1,0.8571,6,9,6,0.0,0,3,0.6667,4,3.3929,Graduate
0,1,3,7,1,7.0,0,6,0.1429,2,4,0,0.0,0,4,0.0,10,3.5,Dropout
0,0,5,5,0,0.0,0,5,0.0,4,5,0,0.0,0,5,0.0,10,0.0,Dropout
0,1,15,20,13,6.230769230769231,1,7,0.65,13,13,10,0.0,1,3,0.7692,10,3.1154,Dropout
0,1,6,8,4,7.2,0,4,0.5,6,6,5,0.0,0,1,0.8333,5,3.6,Graduate
0,0,6,6,0,0.0,0,6,0.0,6,0,0,0.0,0,0,0.0,6,0.0,Dropout
1,1,6,6,6,7.166666666666667,0,0,1.0,6,6,6,0.0,0,0,1.0,0,3.5833,Graduate
1,1,13,21,11,5.954545454545454,0,10,0.5238,11,14,11,0.0,0,3,0.7857,13,2.9773,Graduate
0,1,6,8,6,6.857142857142857,1,2,0.75,6,8,6,0.0,0,2,0.75,4,3.4286,Graduate
1,1,7,0,0,0.0,0,0,0.0,8,0,0,0.0,0,0,0.0,0,0.0,Dropout
0,1,7,10,5,6.73,0,5,0.5,7,8,7,0.0,0,1,0.875,6,3.365,Dropout
0,1,6,6,6,7.5,0,0,1.0,6,6,6,0.0,0,0,1.0,0,3.75,Graduate
0,1,0,0,0,0.0,0,0,0.0,0,0,0,0.0,0,0,0.0,0,0.0,Dropout
0,1,6,7,5,6.7,0,2,0.7143,6,6,5,0.0,0,1,0.8333,3,3.35,Graduate
0,1,6,9,5,6.5,0,4,0.5556,6,10,4,0.0,0,6,0.4,10,3.25,Enrolled
1,1,6,13,4,5.625,0,9,0.3077,6,8,4,0.0,0,4,0.5,13,2.8125,Graduate
0,1,5,5,5,6.3,0,0,1.0,5,7,5,0.0,0,2,0.7143,2,3.15,Graduate
0,1,6,8,6,6.333333333333333,0,2,0.75,6,6,6,0.0,0,0,1.0,2,3.1667,Graduate
1,1,21,23,21,6.166666666666667,0,2,0.913,19,19,19,0.0,0,0,1.0,2,3.0833,Graduate
0,1,6,11,5,6.0,0,6,0.4545,6,11,5,0.0,0,6,0.4545,12,3.0,Dropout
0,1,5,5,5,8.2,0,0,1.0,5,5,5,0.0,0,0,1.0,0,4.1,Graduate
0,1,1,1,0,0.0,1,1,0.0,6,0,0,0.0,0,0,0.0,1,0.0,Dropout
0,1,6,10,6,6.375,0,4,0.6,6,6,4,0.0,0,2,0.6667,6,3.1875,Graduate
0,1,5,14,4,7.25,1,10,0.2857,5,12,5,0.0,0,7,0.4167,17,3.625,Enrolled
0,1,5,5,5,7.4,0,0,1.0,5,5,5,0.0,0,0,1.0,0,3.7,Graduate
0,1,17,22,17,5.18421052631579,0,5,0.7727,17,18,17,0.0,0,1,0.9444,6,2.5921,Graduate
0,1,7,0,0,0.0,0,0,0.0,8,0,0,0.0,0,0,0.0,0,0.0,Dropout
0,1,10,15,6,5.333333333333333,0,9,0.4,10,17,9,0.0,1,8,0.5294,17,2.6667,Enrolled
0,1,15,21,13,6.346153846153846,0,8,0.619,15,22,13,0.0,0,9,0.5909,17,3.1731,Graduate
0,1,5,0,0,0.0,0,0,0.0,5,0,0,0.0,0,0,0.0,0,0.0,Dropout
0,1,15,15,15,5.9,0,0,1.0,13,13,12,0.0,1,1,0.9231,1,2.95,Enrolled
1,0,7,7,0,0.0,0,7,0.0,5,10,0,0.0,0,10,0.0,17,0.0,Dropout
0,1,6,9,5,6.166666666666667,0,4,0.5556,6,12,4,0.0,0,8,0.3333,12,3.0833,Enrolled
0,1,12,18,11,6.5,0,7,0.6111,13,22,8,0.0,0,14,0.3636,21,3.25,Dropout
0,1,6,13,4,6.25,0,9,0.3077,6,8,3,0.0,0,5,0.375,14,3.125,Dropout
0,1,6,8,5,6.1,0,3,0.625,6,10,4,0.0,0,6,0.4,9,3.05,Graduate
0,1,10,15,8,5.5,0,7,0.5333,7,16,5,0.0,0,11,0.3125,18,2.75,Enrolled
0,1,5,14,1,5.0,0,13,0.0714,5,13,2,0.0,0,11,0.1538,24,2.5,Dropout
0,1,6,7,6,6.166666666666667,0,1,0.8571,6,8,6,0.0,0,2,0.75,3,3.0833,Graduate
0,1,13,13,13,7.153846153846154,0,0,1.0,12,15,12,0.0,0,3,0.8,3,3.5769,Graduate
0,1,11,13,11,7.227272727272728,0,2,0.8462,8,8,8,0.0,0,0,1.0,2,3.6136,Graduate
0,1,5,6,5,5.5,0,1,0.8333,5,5,5,0.0,0,0,1.0,1,2.75,Graduate
0,1,6,8,6,6.571428571428571,0,2,0.75,6,6,6,0.0,0,0,1.0,2,3.2857,Graduate
0,1,6,8,6,6.875,0,2,0.75,6,7,6,0.0,0,1,0.8571,3,3.4375,Graduate
0,1,6,6,6,7.0,0,0,1.0,6,9,5,0.0,0,4,0.5556,4,3.5,Graduate
0,1,8,13,8,6.875,0,5,0.6154,6,9,6,0.0,0,3,0.6667,8,3.4375,Graduate
0,1,5,5,0,0.0,0,5,0.0,5,6,0,0.0,0,6,0.0,11,0.0,Dropout
0,1,6,6,6,6.583333333333333,0,0,1.0,6,8,6,0.0,0,2,0.75,2,3.2917,Graduate
0,1,12,12,9,6.222222222222222,3,3,0.75,7,8,6,0.0,0,2,0.75,5,3.1111,Dropout
0,1,6,7,6,6.333333333333333,0,1,0.8571,6,7,5,0.0,0,2,0.7143,3,3.1667,Graduate
0,1,6,7,6,5.666666666666667,0,1,0.8571,6,7,6,0.0,0,1,0.8571,2,2.8333,Graduate
0,1,5,9,4,5.625,0,5,0.4444,5,6,5,0.0,0,1,0.8333,6,2.8125,Enrolled
0,1,7,8,7,6.80625,0,1,0.875,8,8,8,0.0,0,0,1.0,1,3.4031,Graduate
0,1,8,8,7,6.207142857142858,0,1,0.875,8,8,7,0.0,0,1,0.875,2,3.1036,Graduate
0,1,0,0,0,0.0,0,0,0.0,0,0,0,0.0,0,0,0.0,0,0.0,Graduate
0,1,12,21,11,5.75,0,10,0.5238,12,22,12,0.0,0,10,0.5455,20,2.875,Enrolled
0,1,5,5,0,0.0,0,5,0.0,6,0,0,0.0,0,0,0.0,5,0.0,Dropout
0,1,7,10,7,5.5,0,3,0.7,8,8,8,0.0,0,0,1.0,3,2.75,Graduate
0,1,6,6,6,7.0,0,0,1.0,6,6,6,0.0,0,0,1.0,0,3.5,Graduate
0,1,6,13,4,6.0,0,9,0.3077,6,10,3,0.0,0,7,0.3,16,3.0,Dropout
0,1,6,7,6,6.25,0,1,0.8571,6,7,6,0.0,0,1,0.8571,2,3.125,Graduate
0,1,6,8,6,5.666666666666667,0,2,0.75,6,9,6,0.0,0,3,0.6667,5,2.8333,Graduate
0,1,7,7,6,7.033333333333334,0,1,0.8571,7,7,6,0.0,0,1,0.8571,2,3.5167,Graduate
0,1,9,14,8,6.777777777777778,0,6,0.5714,7,10,7,0.0,0,3,0.7,9,3.3889,Graduate
1,0,6,13,5,5.8,0,8,0.3846,6,11,4,0.0,0,7,0.3636,15,2.9,Dropout
0,1,6,0,0,0.0,0,0,0.0,6,0,0,0.0,0,0,0.0,0,0.0,Dropout
0,1,8,8,8,6.638125,0,0,1.0,8,8,8,0.0,0,0,1.0,0,3.3191,Graduate
0,1,6,0,0,0.0,0,0,0.0,6,0,0,0.0,0,0,0.0,0,0.0,Dropout
0,1,6,8,6,7.1875,0,2,0.75,6,8,6,0.0,0,2,0.75,4,3.5938,Graduate
0,1,5,0,0,0.0,0,0,0.0,5,0,0,0.0,0,0,0.0,0,0.0,Dropout
0,1,6,7,6,5.333333333333333,0,1,0.8571,6,9,5,0.0,0,4,0.5556,5,2.6667,Enrolled
0,1,13,19,12,6.708333333333333,0,7,0.6316,10,10,10,0.0,0,0,1.0,7,3.3542,Graduate
0,1,7,9,6,6.485833333333335,0,3,0.6667,8,9,7,0.0,0,2,0.7778,5,3.2429,Graduate
0,1,15,16,14,5.464285714285714,0,2,0.875,14,16,12,0.0,0,4,0.75,6,2.7321,Dropout
1,0,6,6,0,0.0,0,6,0.0,6,7,0,0.0,0,7,0.0,13,0.0,Dropout
0,1,0,0,0,0.0,0,0,0.0,0,0,0,0.0,0,0,0.0,0,0.0,Graduate
0,1,6,6,4,6.625,0,2,0.6667,6,6,0,0.0,0,6,0.0,8,3.3125,Enrolled
0,1,6,14,6,5.666666666666667,0,8,0.4286,6,11,5,0.0,0,6,0.4545,14,2.8333,Dropout
0,1,5,6,1,5.5,0,5,0.1667,5,5,0,0.0,0,5,0.0,10,2.75,Dropout
0,1,8,9,7,6.378571428571428,0,2,0.7778,8,9,7,0.0,0,2,0.7778,4,3.1893,Graduate
0,1,6,6,6,7.25,0,0,1.0,6,6,6,0.0,0,0,1.0,0,3.625,Graduate
1,1,6,6,6,6.916666666666667,0,0,1.0,6,7,6,0.0,0,1,0.8571,1,3.4583,Graduate
0,1,5,8,4,5.625,0,4,0.5,5,7,5,0.0,0,2,0.7143,6,2.8125,Graduate
0,1,0,0,0,0.0,0,0,0.0,0,0,0,0.0,0,0,0.0,0,0.0,Dropout
0,1,8,10,1,6.835,7,9,0.1,8,10,1,0.0,7,9,0.1,18,3.4175,Enrolled
0,1,5,9,0,0.0,0,9,0.0,5,5,2,0.0,0,3,0.4,12,0.0,Dropout
1,1,5,10,1,6.5,4,9,0.1,5,14,0,0.0,8,14,0.0,23,3.25,Dropout
1,1,5,5,0,0.0,0,5,0.0,5,5,0,0.0,0,5,0.0,10,0.0,Dropout
0,1,8,12,7,5.985714285714286,0,5,0.5833,8,12,7,0.0,0,5,0.5833,10,2.9929,Graduate
0,1,6,12,0,0.0,0,12,0.0,6,11,0,0.0,1,11,0.0,23,0.0,Dropout
1,1,6,11,1,8.0,0,10,0.0909,6,8,4,0.0,0,4,0.5,14,4.0,Dropout
0,1,6,0,0,0.0,0,0,0.0,6,0,0,0.0,0,0,0.0,0,0.0,Dropout
0,0,6,9,4,6.375,1,5,0.4444,5,5,0,0.0,5,5,0.0,10,3.1875,Dropout
0,1,5,9,4,5.5,0,5,0.4444,5,10,4,0.0,1,6,0.4,11,2.75,Enrolled
0,1,2,2,0,0.0,0,2,0.0,6,0,0,0.0,0,0,0.0,2,0.0,Dropout
0,1,6,7,5,6.1,0,2,0.7143,6,6,6,0.0,0,0,1.0,2,3.05,Graduate
0,1,7,9,7,6.214285714285714,0,2,0.7778,8,8,8,0.0,0,0,1.0,2,3.1071,Enrolled
0,1,12,12,12,7.25,0,0,1.0,11,15,11,0.0,0,4,0.7333,4,3.625,Graduate
0,1,12,13,6,6.5,0,7,0.4615,12,14,11,0.0,0,3,0.7857,10,3.25,Graduate
0,1,7,7,7,5.857142857142857,0,0,1.0,8,8,8,0.0,0,0,1.0,0,2.9286,Graduate
0,1,7,12,4,5.125,0,8,0.3333,7,10,3,0.0,0,7,0.3,15,2.5625,Dropout
0,1,6,0,0,0.0,0,0,0.0,6,0,0,0.0,0,0,0.0,0,0.0,Dropout
0,1,6,9,6,6.1875,0,3,0.6667,6,7,6,0.0,0,1,0.8571,4,3.0938,Graduate
0,1,6,6,6,6.333333333333333,0,0,1.0,6,6,6,0.0,0,0,1.0,0,3.1667,Graduate
0,1,6,13,3,5.25,0,10,0.2308,6,19,1,0.0,0,18,0.0526,28,2.625,Dropout
0,1,6,11,6,7.0625,0,5,0.5455,6,10,5,0.0,0,5,0.5,10,3.5312,Graduate
0,1,6,7,6,7.333333333333333,0,1,0.8571,6,12,6,0.0,0,6,0.5,7,3.6667,Graduate
0,1,5,8,5,5.7,0,3,0.625,5,7,3,0.0,0,4,0.4286,7,2.85,Enrolled
0,1,0,0,0,0.0,0,0,0.0,0,0,0,0.0,0,0,0.0,0,0.0,Dropout
0,1,6,7,6,7.0,0,1,0.8571,6,7,5,0.0,0,2,0.7143,3,3.5,Graduate
0,1,0,0,0,0.0,0,0,0.0,0,0,0,0.0,0,0,0.0,0,0.0,Graduate
0,1,7,7,0,0.0,7,7,0.0,7,7,0,0.0,7,7,0.0,14,0.0,Dropout
0,1,11,11,11,6.318181818181818,0,0,1.0,8,8,8,0.0,0,0,1.0,0,3.1591,Graduate
0,1,6,11,3,6.166666666666667,0,8,0.2727,6,13,2,0.0,0,11,0.1538,19,3.0833,Dropout
0,1,6,7,6,7.5,0,1,0.8571,6,10,6,0.0,0,4,0.6,5,3.75,Graduate
0,1,6,8,4,5.875,0,4,0.5,6,10,6,0.0,0,4,0.6,8,2.9375,Graduate
0,1,8,8,7,7.06857142857143,0,1,0.875,8,8,7,0.0,0,1,0.875,2,3.5343,Graduate
0,1,6,6,2,6.0,0,4,0.3333,6,6,1,0.0,0,5,0.1667,9,3.0,Dropout
0,1,5,5,5,5.4,0,0,1.0,5,9,4,0.0,0,5,0.4444,5,2.7,Graduate
1,1,6,8,6,6.642857142857143,1,2,0.75,6,8,6,0.0,0,2,0.75,4,3.3214,Dropout
1,1,5,7,5,6.8,0,2,0.7143,5,5,5,0.0,0,0,1.0,2,3.4,Graduate
0,1,7,8,7,6.775,0,1,0.875,8,8,8,0.0,0,0,1.0,1,3.3875,Graduate
0,1,8,8,0,0.0,5,8,0.0,8,8,0,0.0,5,8,0.0,16,0.0,Enrolled
0,1,6,10,4,6.75,0,6,0.4,6,7,6,0.0,0,1,0.8571,7,3.375,Graduate
0,1,6,8,5,5.8,0,3,0.625,6,9,5,0.0,0,4,0.5556,7,2.9,Graduate
0,1,10,16,10,6.25,0,6,0.625,7,9,4,0.0,0,5,0.4444,11,3.125,Graduate
0,1,5,14,1,5.5,0,13,0.0714,5,11,2,0.0,4,9,0.1818,22,2.75,Dropout
0,1,5,9,3,6.0,1,6,0.3333,5,6,4,0.0,0,2,0.6667,8,3.0,Enrolled
0,1,5,8,4,5.8,0,4,0.5,5,10,3,0.0,0,7,0.3,11,2.9,Graduate
0,1,0,0,0,0.0,0,0,0.0,0,0,0,0.0,0,0,0.0,0,0.0,Dropout
0,1,10,14,10,7.318181818181818,0,4,0.7143,10,13,10,0.0,0,3,0.7692,7,3.6591,Graduate
0,1,6,8,6,6.5,0,2,0.75,6,6,6,0.0,0,0,1.0,2,3.25,Graduate
0,1,18,23,14,6.392857142857143,2,9,0.6087,17,18,16,0.0,0,2,0.8889,11,3.1964,Dropout
0,1,6,6,6,7.25,0,0,1.0,6,7,5,0.0,0,2,0.7143,2,3.625,Graduate
0,0,5,12,4,7.3,3,8,0.3333,5,5,4,0.0,1,1,0.8,9,3.65,Dropout
0,0,6,7,6,6.25,0,1,0.8571,6,6,6,0.0,0,0,1.0,1,3.125,Graduate
0,1,6,6,6,7.0,0,0,1.0,6,8,6,0.0,0,2,0.75,2,3.5,Graduate
0,1,7,7,7,6.900714285714286,0,0,1.0,8,8,8,0.0,0,0,1.0,0,3.4504,Graduate
1,0,6,7,6,7.214285714285714,0,1,0.8571,6,7,6,0.0,0,1,0.8571,2,3.6071,Graduate
0,1,7,7,6,7.175,0,1,0.8571,7,7,6,0.0,0,1,0.8571,2,3.5875,Graduate
0,1,6,6,6,7.166666666666667,0,0,1.0,6,6,6,0.0,0,0,1.0,0,3.5833,Graduate
0,1,6,10,4,6.125,0,6,0.4,6,8,4,0.0,0,4,0.5,10,3.0625,Enrolled
0,1,6,9,6,6.666666666666667,0,3,0.6667,6,6,6,0.0,0,0,1.0,3,3.3333,Graduate
0,0,12,12,12,6.5,0,0,1.0,11,14,11,0.0,0,3,0.7857,3,3.25,Graduate
0,1,6,10,4,5.875,0,6,0.4,6,9,5,0.0,0,4,0.5556,10,2.9375,Enrolled
0,1,6,8,6,7.25,0,2,0.75,6,11,4,0.0,0,7,0.3636,9,3.625,Graduate
0,1,8,8,7,5.91,0,1,0.875,8,8,7,0.0,0,1,0.875,2,2.955,Graduate
0,1,6,0,0,0.0,0,0,0.0,6,0,0,0.0,0,0,0.0,0,0.0,Dropout
0,1,6,6,5,6.2,0,1,0.8333,6,7,6,0.0,0,1,0.8571,2,3.1,Graduate
0,1,6,7,6,6.285714285714286,0,1,0.8571,6,8,6,0.0,0,2,0.75,3,3.1429,Graduate
0,1,7,7,7,6.928571428571429,0,0,1.0,8,8,8,0.0,0,0,1.0,0,3.4643,Graduate
0,1,6,9,5,5.916666666666667,0,4,0.5556,6,7,5,0.0,0,2,0.7143,6,2.9583,Graduate
0,1,5,10,4,5.5,0,6,0.4,5,7,4,0.0,0,3,0.5714,9,2.75,Enrolled
0,1,6,6,6,7.333333333333333,0,0,1.0,6,8,6,0.0,0,2,0.75,2,3.6667,Graduate
0,0,4,4,0,0.0,0,4,0.0,5,10,0,0.0,0,10,0.0,14,0.0,Dropout
0,1,8,12,7,6.357142857142857,0,5,0.5833,8,12,7,0.0,0,5,0.5833,10,3.1786,Enrolled
0,1,7,9,7,6.711111111111112,0,2,0.7778,8,11,7,0.0,0,4,0.6364,6,3.3556,Graduate
0,1,6,7,6,7.0,0,1,0.8571,6,8,5,0.0,0,3,0.625,4,3.5,Dropout
0,1,7,8,7,6.071428571428571,0,1,0.875,8,8,8,0.0,0,0,1.0,1,3.0357,Dropout
1,1,5,5,5,6.4,0,0,1.0,5,5,5,0.0,0,0,1.0,0,3.2,Graduate
0,1,7,7,7,7.286428571428571,0,0,1.0,8,9,8,0.0,0,1,0.8889,1,3.6432,Graduate
0,1,5,9,4,5.625,0,5,0.4444,5,6,4,0.0,0,2,0.6667,7,2.8125,Graduate
0,1,5,12,2,5.0,0,10,0.1667,5,11,4,0.0,0,7,0.3636,17,2.5,Enrolled
0,1,6,8,5,7.2,0,3,0.625,6,11,4,0.0,0,7,0.3636,10,3.6,Dropout
0,1,7,7,7,6.491428571428571,0,0,1.0,8,8,8,0.0,0,0,1.0,0,3.2457,Graduate
0,1,6,14,6,7.875,0,8,0.4286,6,8,6,0.0,0,2,0.75,10,3.9375,Graduate
0,1,6,11,5,6.142857142857143,0,6,0.4545,6,19,3,0.0,1,16,0.1579,22,3.0714,Dropout
0,1,7,7,6,6.8775,0,1,0.8571,8,9,7,0.0,0,2,0.7778,3,3.4388,Graduate
0,1,6,7,6,6.916666666666667,0,1,0.8571,6,11,6,0.0,0,5,0.5455,6,3.4583,Graduate
0,1,7,0,0,0.0,0,0,0.0,8,0,0,0.0,0,0,0.0,0,0.0,Dropout
0,1,7,9,7,7.355555555555556,0,2,0.7778,8,9,8,0.0,0,1,0.8889,3,3.6778,Graduate
0,1,11,13,11,7.307692307692308,0,2,0.8462,9,11,9,0.0,0,2,0.8182,4,3.6538,Graduate
0,1,7,7,7,6.838571428571429,0,0,1.0,8,9,8,0.0,0,1,0.8889,1,3.4193,Graduate
0,1,5,8,5,6.583333333333333,2,3,0.625,5,5,5,0.0,0,0,1.0,3,3.2917,Graduate
0,1,6,11,5,5.4,0,6,0.4545,6,12,5,0.0,0,7,0.4167,13,2.7,Graduate
0,1,5,8,3,6.0,0,5,0.375,5,7,5,0.0,0,2,0.7143,7,3.0,Graduate
0,1,7,8,6,6.979166666666667,0,2,0.75,8,8,8,0.0,0,0,1.0,2,3.4896,Graduate
0,1,6,9,4,6.5,0,5,0.4444,6,9,4,0.0,0,5,0.4444,10,3.25,Dropout
0,1,0,0,0,0.0,0,0,0.0,0,0,0,0.0,0,0,0.0,0,0.0,Graduate
0,1,0,0,0,0.0,0,0,0.0,0,0,0,0.0,0,0,0.0,0,0.0,Graduate
0,1,8,8,7,7.0,0,1,0.875,8,8,7,0.0,0,1,0.875,2,3.5,Graduate
0,1,6,10,6,6.285714285714286,0,4,0.6,6,11,6,0.0,0,5,0.5455,9,3.1429,Enrolled
0,1,6,6,4,6.0,0,2,0.6667,6,11,3,0.0,0,8,0.2727,10,3.0,Dropout
0,1,8,8,8,6.8125,0,0,1.0,7,7,7,0.0,0,0,1.0,0,3.4062,Graduate
0,1,5,7,4,6.25,0,3,0.5714,5,8,4,0.0,1,4,0.5,7,3.125,Graduate
0,1,15,25,14,6.214285714285714,1,11,0.56,14,22,11,0.0,0,11,0.5,22,3.1071,Dropout
0,1,7,8,7,6.69375,0,1,0.875,8,8,8,0.0,0,0,1.0,1,3.3469,Graduate
0,1,7,8,6,6.324166666666666,0,2,0.75,8,9,8,0.0,0,1,0.8889,3,3.1621,Graduate
0,1,6,6,6,7.0,0,0,1.0,6,6,6,0.0,0,0,1.0,0,3.5,Graduate
0,1,5,12,5,6.4,2,7,0.4167,5,10,5,0.0,1,5,0.5,12,3.2,Graduate
0,1,6,8,6,5.666666666666667,0,2,0.75,6,11,6,0.0,0,5,0.5455,7,2.8333,Graduate
0,0,7,0,0,0.0,0,0,0.0,8,0,0,0.0,0,0,0.0,0,0.0,Dropout
0,1,6,6,6,7.083333333333333,0,0,1.0,6,9,6,0.0,0,3,0.6667,3,3.5417,Graduate
0,1,6,6,6,6.416666666666667,0,0,1.0,6,6,6,0.0,0,0,1.0,0,3.2083,Graduate
1,0,7,11,4,6.0,0,7,0.3636,7,9,6,0.0,0,3,0.6667,10,3.0,Dropout
0,1,6,6,6,6.5,0,0,1.0,6,7,6,0.0,0,1,0.8571,1,3.25,Dropout
0,1,7,8,6,6.695,0,2,0.75,8,10,7,0.0,0,3,0.7,5,3.3475,Enrolled
0,0,6,6,6,6.166666666666667,0,0,1.0,6,8,5,0.0,0,3,0.625,3,3.0833,Graduate
0,1,6,8,6,6.285714285714286,1,2,0.75,6,8,6,0.0,0,2,0.75,4,3.1429,Graduate
0,1,6,6,6,6.166666666666667,0,0,1.0,6,6,6,0.0,0,0,1.0,0,3.0833,Graduate
0,1,6,8,5,6.5,0,3,0.625,6,8,4,0.0,0,4,0.5,7,3.25,Graduate
0,1,5,7,3,6.166666666666667,0,4,0.4286,5,7,4,0.0,0,3,0.5714,7,3.0833,Enrolled
0,1,6,6,6,6.583333333333333,0,0,1.0,6,8,5,0.0,0,3,0.625,3,3.2917,Dropout
0,1,5,7,5,6.666666666666667,0,2,0.7143,5,6,5,0.0,0,1,0.8333,3,3.3333,Graduate
0,1,5,9,4,6.5,0,5,0.4444,5,8,5,0.0,0,3,0.625,8,3.25,Graduate
0,1,7,21,5,5.45,3,16,0.2381,8,21,3,0.0,1,18,0.1429,34,2.725,Dropout
0,1,5,8,2,5.75,0,6,0.25,5,10,3,0.0,0,7,0.3,13,2.875,Enrolled
0,1,6,7,6,7.928571428571429,0,1,0.8571,6,6,6,0.0,0,0,1.0,1,3.9643,Graduate
0,1,5,5,5,6.3,0,0,1.0,5,9,3,0.0,0,6,0.3333,6,3.15,Dropout
0,1,6,8,6,7.0,0,2,0.75,6,7,6,0.0,0,1,0.8571,3,3.5,Graduate
0,0,5,8,3,7.333333333333333,2,5,0.375,5,7,2,0.0,2,5,0.2857,10,3.6667,Dropout
0,1,6,6,6,6.833333333333333,0,0,1.0,6,6,6,0.0,0,0,1.0,0,3.4167,Graduate
0,1,6,0,0,0.0,0,0,0.0,6,0,0,0.0,0,0,0.0,0,0.0,Dropout
0,1,8,8,7,6.314285714285714,0,1,0.875,8,8,7,0.0,0,1,0.875,2,3.1571,Graduate
0,1,8,8,7,7.116428571428571,0,1,0.875,8,8,7,0.0,0,1,0.875,2,3.5582,Graduate
0,1,6,6,6,7.5,0,0,1.0,6,7,6,0.0,0,1,0.8571,1,3.75,Enrolled
0,1,6,15,2,5.0,0,13,0.1333,6,12,0,0.0,0,12,0.0,25,2.5,Dropout
0,1,6,11,4,6.125,0,7,0.3636,6,10,4,0.0,0,6,0.4,13,3.0625,Dropout
1,0,6,6,6,6.75,0,0,1.0,6,6,6,0.0,0,0,1.0,0,3.375,Graduate
0,1,6,8,5,6.1,0,3,0.625,6,7,6,0.0,0,1,0.8571,4,3.05,Graduate
1,1,6,0,0,0.0,0,0,0.0,6,0,0,0.0,0,0,0.0,0,0.0,Dropout
0,1,7,11,6,6.0,0,5,0.5455,9,9,8,0.0,0,1,0.8889,6,3.0,Graduate
0,1,7,9,5,6.16,0,4,0.5556,7,9,5,0.0,0,4,0.5556,8,3.08,Enrolled
0,1,7,11,6,6.175,0,5,0.5455,7,12,5,0.0,0,7,0.4167,12,3.0875,Graduate
0,1,6,0,0,0.0,0,0,0.0,6,0,0,0.0,0,0,0.0,0,0.0,Dropout
0,1,6,7,6,5.666666666666667,0,1,0.8571,6,10,4,0.0,0,6,0.4,7,2.8333,Enrolled
1,0,6,6,0,0.0,0,6,0.0,5,5,0,0.0,0,5,0.0,11,0.0,Dropout
1,0,6,8,5,5.8,0,3,0.625,6,9,5,0.0,0,4,0.5556,7,2.9,Dropout
0,1,5,10,4,6.0,0,6,0.4,5,8,3,0.0,1,5,0.375,11,3.0,Enrolled
0,0,15,17,12,5.875,0,5,0.7059,14,16,9,0.0,0,7,0.5625,12,2.9375,Dropout
0,1,6,8,5,6.4,0,3,0.625,6,10,5,0.0,0,5,0.5,8,3.2,Enrolled
0,1,5,7,3,5.666666666666667,0,4,0.4286,5,7,3,0.0,0,4,0.4286,8,2.8333,Dropout
1,0,5,5,0,0.0,0,5,0.0,5,7,0,0.0,0,7,0.0,12,0.0,Enrolled
0,1,5,5,5,5.4,0,0,1.0,5,5,4,0.0,0,1,0.8,1,2.7,Graduate
0,1,6,10,5,6.25,0,5,0.5,6,8,2,0.0,0,6,0.25,11,3.125,Dropout
0,1,5,5,5,7.6,0,0,1.0,5,6,5,0.0,0,1,0.8333,1,3.8,Graduate
1,1,7,7,7,6.657142857142858,0,0,1.0,8,8,8,0.0,0,0,1.0,0,3.3286,Graduate
0,1,12,12,11,6.545454545454546,0,1,0.9167,11,12,11,0.0,0,1,0.9167,2,3.2727,Graduate
1,0,6,0,0,0.0,0,0,0.0,6,0,0,0.0,0,0,0.0,0,0.0,Dropout
0,1,6,8,5,6.1,0,3,0.625,6,6,6,0.0,0,0,1.0,3,3.05,Graduate
0,1,8,10,6,6.416666666666667,0,4,0.6,5,8,4,0.0,0,4,0.5,8,3.2083,Enrolled
0,1,15,17,15,5.6,0,2,0.8824,14,15,14,0.0,0,1,0.9333,3,2.8,Graduate
0,1,5,8,3,6.166666666666667,0,5,0.375,5,7,4,0.0,0,3,0.5714,8,3.0833,Graduate
0,1,8,8,7,7.97142857142857,0,1,0.875,8,8,7,0.0,0,1,0.875,2,3.9857,Graduate
0,1,5,0,0,0.0,0,0,0.0,5,0,0,0.0,0,0,0.0,0,0.0,Dropout
0,1,6,10,4,5.125,0,6,0.4,6,8,6,0.0,0,2,0.75,8,2.5625,Graduate
0,1,6,10,5,6.6,0,5,0.5,6,12,5,0.0,0,7,0.4167,12,3.3,Enrolled
0,1,6,6,6,7.083333333333333,0,0,1.0,6,6,6,0.0,0,0,1.0,0,3.5417,Graduate
0,1,23,23,20,7.2875,3,3,0.8696,23,23,20,0.0,3,3,0.8696,6,3.6437,Graduate
0,1,6,9,1,5.0,1,8,0.1111,6,6,0,0.0,0,6,0.0,14,2.5,Dropout
0,1,6,7,6,6.142857142857143,0,1,0.8571,6,8,6,0.0,0,2,0.75,3,3.0714,Graduate
0,1,6,6,6,7.0,0,0,1.0,6,6,6,0.0,0,0,1.0,0,3.5,Graduate
0,1,6,8,4,5.625,0,4,0.5,6,0,0,0.0,0,0,0.0,4,2.8125,Dropout
0,1,6,11,5,5.8,0,6,0.4545,6,11,6,0.0,0,5,0.5455,11,2.9,Enrolled
0,1,6,12,1,6.0,0,11,0.0833,6,12,0,0.0,0,12,0.0,23,3.0,Dropout
0,1,7,10,7,6.735,0,3,0.7,8,8,8,0.0,0,0,1.0,3,3.3675,Graduate
0,1,5,6,5,6.2,0,1,0.8333,5,5,5,0.0,0,0,1.0,1,3.1,Graduate
0,0,6,9,3,5.875,0,6,0.3333,6,11,4,0.0,3,7,0.3636,13,2.9375,Dropout
1,0,0,0,0,0.0,0,0,0.0,0,0,0,0.0,0,0,0.0,0,0.0,Dropout
0,1,6,7,6,6.0,0,1,0.8571,6,7,6,0.0,0,1,0.8571,2,3.0,Graduate
0,1,5,8,5,7.666666666666667,2,3,0.625,5,6,5,0.0,0,1,0.8333,4,3.8333,Dropout
0,1,8,8,8,6.16,0,0,1.0,8,8,8,0.0,0,0,1.0,0,3.08,Graduate
0,1,7,7,7,6.899285714285715,0,0,1.0,8,8,8,0.0,0,0,1.0,0,3.4496,Graduate
0,1,6,6,6,6.583333333333333,0,0,1.0,6,6,6,0.0,0,0,1.0,0,3.2917,Enrolled
0,1,5,6,5,8.166666666666666,0,1,0.8333,5,5,5,0.0,0,0,1.0,1,4.0833,Graduate
0,1,0,0,0,0.0,0,0,0.0,0,0,0,0.0,0,0,0.0,0,0.0,Dropout
0,1,7,7,7,7.378571428571428,0,0,1.0,8,9,8,0.0,0,1,0.8889,1,3.6893,Graduate
0,1,6,7,6,5.833333333333333,0,1,0.8571,6,6,6,0.0,0,0,1.0,1,2.9167,Dropout
0,1,6,7,5,6.3,0,2,0.7143,6,10,5,0.0,0,5,0.5,7,3.15,Enrolled
0,1,6,6,6,5.833333333333333,0,0,1.0,6,6,6,0.0,0,0,1.0,0,2.9167,Graduate
0,1,6,6,6,7.5,0,0,1.0,6,6,6,0.0,0,0,1.0,0,3.75,Graduate
1,0,7,0,0,0.0,0,0,0.0,8,0,0,0.0,0,0,0.0,0,0.0,Dropout
0,1,6,7,6,6.785714285714286,0,1,0.8571,6,6,6,0.0,0,0,1.0,1,3.3929,Graduate
0,1,6,8,5,5.4,0,3,0.625,6,9,4,0.0,0,5,0.4444,8,2.7,Graduate
0,1,5,8,3,5.666666666666667,1,5,0.375,5,8,3,0.0,0,5,0.375,10,2.8333,Enrolled
0,1,10,16,5,5.7,0,11,0.3125,10,10,6,0.0,0,4,0.6,15,2.85,Dropout
0,1,7,14,7,5.321428571428571,0,7,0.5,8,8,8,0.0,0,0,1.0,7,2.6607,Graduate
0,1,5,8,3,5.25,0,5,0.375,5,6,4,0.0,1,2,0.6667,7,2.625,Enrolled
0,1,7,7,6,7.325,0,1,0.8571,7,7,6,0.0,0,1,0.8571,2,3.6625,Graduate
0,1,7,7,7,6.857142857142857,0,0,1.0,8,11,8,0.0,0,3,0.7273,3,3.4286,Graduate
0,1,16,19,15,6.133333333333334,0,4,0.7895,13,14,13,0.0,0,1,0.9286,5,3.0667,Graduate
0,1,6,11,6,5.1875,0,5,0.5455,6,12,3,0.0,0,9,0.25,14,2.5938,Enrolled
0,1,5,8,5,5.5,0,3,0.625,5,6,5,0.0,0,1,0.8333,4,2.75,Graduate
1,1,5,5,5,6.9,0,0,1.0,5,5,5,0.0,0,0,1.0,0,3.45,Graduate
0,1,6,6,6,6.333333333333333,0,0,1.0,6,6,6,0.0,0,0,1.0,0,3.1667,Graduate
0,1,6,8,6,5.875,0,2,0.75,6,10,5,0.0,0,5,0.5,7,2.9375,Graduate
0,1,8,8,7,6.392857142857143,0,1,0.875,8,8,7,0.0,0,1,0.875,2,3.1964,Graduate
0,1,6,11,6,7.222222222222222,0,5,0.5455,6,6,6,0.0,0,0,1.0,5,3.6111,Graduate
0,1,7,8,6,6.625,0,2,0.75,8,8,8,0.0,0,0,1.0,2,3.3125,Enrolled
0,1,7,9,7,6.253125,0,2,0.7778,8,15,5,0.0,0,10,0.3333,12,3.1266,Enrolled
0,1,0,0,0,0.0,0,0,0.0,0,0,0,0.0,0,0,0.0,0,0.0,Graduate
0,1,5,8,4,6.375,1,4,0.5,5,10,4,0.0,0,6,0.4,10,3.1875,Graduate
0,1,6,7,6,8.428571428571429,0,1,0.8571,6,6,6,0.0,0,0,1.0,1,4.2143,Graduate
0,1,6,6,6,6.583333333333333,0,0,1.0,6,6,6,0.0,0,0,1.0,0,3.2917,Graduate
0,1,6,9,5,6.1,0,4,0.5556,6,10,4,0.0,0,6,0.4,10,3.05,Enrolled
0,1,6,7,6,8.25,0,1,0.8571,6,8,6,0.0,0,2,0.75,3,4.125,Graduate
0,1,5,10,4,5.875,0,6,0.4,5,6,5,0.0,0,1,0.8333,7,2.9375,Graduate
0,1,5,14,1,5.5,0,13,0.0714,5,6,0,0.0,0,6,0.0,19,2.75,Dropout
0,1,8,8,7,7.557142857142857,0,1,0.875,8,8,7,0.0,0,1,0.875,2,3.7786,Graduate
0,1,6,8,6,7.75,0,2,0.75,6,7,6,0.0,0,1,0.8571,3,3.875,Graduate
0,1,10,12,7,5.571428571428571,0,5,0.5833,10,10,8,0.0,0,2,0.8,7,2.7857,Graduate
0,1,6,6,6,5.666666666666667,0,0,1.0,6,8,6,0.0,0,2,0.75,2,2.8333,Graduate
0,1,7,9,5,6.02,0,4,0.5556,7,9,6,0.0,0,3,0.6667,7,3.01,Enrolled
0,1,5,7,5,5.583333333333333,0,2,0.7143,5,9,4,0.0,0,5,0.4444,7,2.7917,Enrolled
1,1,5,6,5,5.3,0,1,0.8333,5,7,4,0.0,0,3,0.5714,4,2.65,Graduate
0,1,5,10,4,6.25,0,6,0.4,5,12,2,0.0,0,10,0.1667,16,3.125,Enrolled
1,0,0,0,0,0.0,0,0,0.0,0,0,0,0.0,0,0,0.0,0,0.0,Dropout
1,1,6,6,6,7.833333333333333,0,0,1.0,6,6,6,0.0,0,0,1.0,0,3.9167,Graduate
0,1,12,12,12,7.666666666666667,0,0,1.0,11,15,11,0.0,0,4,0.7333,4,3.8333,Graduate
0,1,7,9,6,6.091666666666666,0,3,0.6667,7,9,6,0.0,0,3,0.6667,6,3.0458,Enrolled
0,1,5,8,2,5.0,0,6,0.25,5,9,3,0.0,0,6,0.3333,12,2.5,Enrolled
0,1,14,23,9,6.0,2,14,0.3913,12,21,8,0.0,0,13,0.381,27,3.0,Graduate
0,1,5,8,3,5.166666666666667,0,5,0.375,5,11,2,0.0,0,9,0.1818,14,2.5833,Dropout
0,1,6,11,6,5.583333333333333,0,5,0.5455,6,14,3,0.0,0,11,0.2143,16,2.7917,Enrolled
0,1,6,8,3,5.5,0,5,0.375,6,8,2,0.0,0,6,0.25,11,2.75,Enrolled
0,1,0,0,0,0.0,0,0,0.0,0,0,0,0.0,0,0,0.0,0,0.0,Graduate
0,1,6,7,6,6.428571428571429,0,1,0.8571,6,8,5,0.0,0,3,0.625,4,3.2143,Graduate
0,1,8,8,7,7.164285714285714,0,1,0.875,8,8,7,0.0,0,1,0.875,2,3.5821,Graduate
0,1,6,7,6,7.5,0,1,0.8571,6,6,6,0.0,0,0,1.0,1,3.75,Graduate
0,1,5,9,5,6.8,1,4,0.5556,5,5,5,0.0,0,0,1.0,4,3.4,Graduate
0,1,5,12,5,6.428571428571429,2,7,0.4167,5,8,4,0.0,0,4,0.5,11,3.2143,Graduate
0,1,6,7,2,7.25,0,5,0.2857,6,6,1,0.0,0,5,0.1667,10,3.625,Dropout
0,1,5,7,3,5.333333333333333,0,4,0.4286,5,7,3,0.0,0,4,0.4286,8,2.6667,Dropout
1,0,6,7,6,6.714285714285714,0,1,0.8571,6,8,6,0.0,0,2,0.75,3,3.3571,Dropout
0,1,7,12,7,5.858333333333332,0,5,0.5833,8,13,4,0.0,0,9,0.3077,14,2.9292,Graduate
0,1,5,11,4,6.0,0,7,0.3636,5,5,5,0.0,0,0,1.0,7,3.0,Graduate
1,0,6,11,5,6.6,0,6,0.4545,6,8,4,0.0,0,4,0.5,10,3.3,Dropout
1,1,6,7,5,6.1,0,2,0.7143,6,10,4,0.0,0,6,0.4,8,3.05,Dropout
0,1,7,11,5,6.29,0,6,0.4545,7,9,6,0.0,0,3,0.6667,9,3.145,Graduate
0,1,6,9,5,5.666666666666667,0,4,0.5556,6,6,6,0.0,0,0,1.0,4,2.8333,Enrolled
1,1,7,9,0,0.0,0,9,0.0,7,8,0,0.0,0,8,0.0,17,0.0,Dropout
0,1,7,9,6,6.214285714285714,0,3,0.6667,8,8,8,0.0,0,0,1.0,3,3.1071,Graduate
0,1,6,6,6,6.5,0,0,1.0,6,6,6,0.0,0,0,1.0,0,3.25,Dropout
0,1,8,8,7,7.267857142857143,0,1,0.875,8,8,7,0.0,0,1,0.875,2,3.6339,Graduate
0,1,7,8,5,5.6,0,3,0.625,7,8,5,0.0,0,3,0.625,6,2.8,Enrolled
0,1,6,6,6,8.0,0,0,1.0,6,6,6,0.0,0,0,1.0,0,4.0,Graduate
1,1,6,13,5,6.571428571428571,0,8,0.3846,6,15,3,0.0,0,12,0.2,20,3.2857,Dropout
0,1,14,23,11,5.84375,0,12,0.4783,10,20,8,0.0,0,12,0.4,24,2.9219,Graduate
0,1,5,11,4,5.25,0,7,0.3636,5,12,4,0.0,4,8,0.3333,15,2.625,Enrolled
0,1,6,9,6,6.916666666666667,0,3,0.6667,6,12,5,0.0,0,7,0.4167,10,3.4583,Graduate
0,1,5,0,0,0.0,0,0,0.0,5,0,0,0.0,0,0,0.0,0,0.0,Dropout
0,0,5,13,0,0.0,3,13,0.0,5,5,0,0.0,5,5,0.0,18,0.0,Dropout
0,1,7,9,0,0.0,0,9,0.0,7,8,0,0.0,0,8,0.0,17,0.0,Dropout
0,1,5,10,1,5.0,0,9,0.1,5,5,0,0.0,0,5,0.0,14,2.5,Dropout
0,1,0,0,0,0.0,0,0,0.0,0,0,0,0.0,0,0,0.0,0,0.0,Dropout
0,0,6,9,0,0.0,0,9,0.0,6,6,0,0.0,0,6,0.0,15,0.0,Dropout
0,1,6,7,4,6.3,0,3,0.5714,6,6,4,0.0,0,2,0.6667,5,3.15,Dropout
0,1,5,10,3,5.625,0,7,0.3,5,9,3,0.0,0,6,0.3333,13,2.8125,Enrolled
0,1,7,13,7,6.1875,0,6,0.5385,7,8,4,0.0,0,4,0.5,10,3.0938,Dropout
1,1,10,15,7,5.357142857142857,0,8,0.4667,10,11,9,0.0,0,2,0.8182,10,2.6786,Enrolled
0,0,6,6,0,0.0,0,6,0.0,6,0,0,0.0,0,0,0.0,6,0.0,Dropout
0,1,6,14,5,6.0,0,9,0.3571,6,12,5,0.0,0,7,0.4167,16,3.0,Enrolled
0,1,5,6,5,6.3,0,1,0.8333,5,8,3,0.0,0,5,0.375,6,3.15,Graduate
0,1,6,7,0,0.0,0,7,0.0,6,6,0,0.0,0,6,0.0,13,0.0,Dropout
0,1,8,8,7,6.420714285714285,0,1,0.875,8,8,7,0.0,0,1,0.875,2,3.2104,Graduate
0,1,6,6,0,0.0,0,6,0.0,5,5,0,0.0,0,5,0.0,11,0.0,Dropout
0,1,6,7,6,7.083333333333333,0,1,0.8571,6,6,6,0.0,0,0,1.0,1,3.5417,Graduate
0,1,6,7,6,6.083333333333333,0,1,0.8571,6,9,3,0.0,0,6,0.3333,7,3.0417,Enrolled
0,1,6,12,4,5.4,0,8,0.3333,6,14,3,0.0,0,11,0.2143,19,2.7,Dropout
0,1,6,6,6,6.5,0,0,1.0,6,12,0,0.0,0,12,0.0,12,3.25,Dropout
0,0,5,0,0,0.0,0,0,0.0,5,0,0,0.0,0,0,0.0,0,0.0,Dropout
0,1,5,5,5,6.5,0,0,1.0,5,6,5,0.0,0,1,0.8333,1,3.25,Graduate
1,1,6,8,6,5.785714285714286,0,2,0.75,6,9,6,0.0,0,3,0.6667,5,2.8929,Dropout
1,0,6,6,4,5.75,0,2,0.6667,6,6,5,0.0,0,1,0.8333,3,2.875,Dropout
0,1,6,8,5,5.5,0,3,0.625,6,6,4,0.0,0,2,0.6667,5,2.75,Graduate
0,1,6,10,6,8.555555555555555,0,4,0.6,6,9,6,0.0,0,3,0.6667,7,4.2778,Graduate
0,1,0,0,0,0.0,0,0,0.0,0,0,0,0.0,0,0,0.0,0,0.0,Enrolled
0,1,6,9,6,6.285714285714286,0,3,0.6667,6,6,6,0.0,0,0,1.0,3,3.1429,Graduate
0,1,6,6,0,0.0,0,6,0.0,6,8,0,0.0,0,8,0.0,14,0.0,Dropout
0,1,6,7,6,7.25,0,1,0.8571,6,6,6,0.0,0,0,1.0,1,3.625,Graduate
0,1,6,6,6,6.75,0,0,1.0,6,6,6,0.0,0,0,1.0,0,3.375,Graduate
0,0,6,9,5,5.6,0,4,0.5556,6,14,2,0.0,0,12,0.1429,16,2.8,Dropout
0,1,5,10,3,5.333333333333333,0,7,0.3,5,5,4,0.0,0,1,0.8,8,2.6667,Graduate
0,1,13,15,9,5.5,0,6,0.6,11,12,7,0.0,0,5,0.5833,11,2.75,Enrolled
0,1,1,2,0,0.0,0,2,0.0,5,8,0,0.0,0,8,0.0,10,0.0,Dropout
1,1,5,5,1,5.0,0,4,0.2,5,5,0,0.0,0,5,0.0,9,2.5,Dropout
1,0,7,14,5,6.18,0,9,0.3571,8,15,5,0.0,0,10,0.3333,19,3.09,Dropout
0,1,6,8,6,7.625,0,2,0.75,6,7,6,0.0,0,1,0.8571,3,3.8125,Graduate
1,0,5,5,0,0.0,0,5,0.0,5,6,0,0.0,0,6,0.0,11,0.0,Dropout
0,1,5,8,1,6.5,2,7,0.125,5,9,4,0.0,0,5,0.4444,12,3.25,Dropout
0,1,8,8,8,6.906875,0,0,1.0,8,8,8,0.0,0,0,1.0,0,3.4534,Graduate
1,1,6,8,6,6.642857142857143,0,2,0.75,6,13,6,0.0,0,7,0.4615,9,3.3214,Graduate
0,1,6,11,4,5.75,0,7,0.3636,6,12,4,0.0,0,8,0.3333,15,2.875,Enrolled
0,1,7,8,7,5.98125,0,1,0.875,8,9,8,0.0,0,1,0.8889,2,2.9906,Graduate
0,1,7,9,6,6.841666666666666,0,3,0.6667,8,11,6,0.0,0,5,0.5455,8,3.4208,Graduate
0,1,8,8,7,7.492857142857143,0,1,0.875,8,8,7,0.0,0,1,0.875,2,3.7464,Graduate
0,1,5,8,4,5.625,0,4,0.5,5,8,4,0.0,0,4,0.5,8,2.8125,Enrolled
0,1,6,8,4,6.25,0,4,0.5,6,6,5,0.0,0,1,0.8333,5,3.125,Graduate
0,1,6,0,0,0.0,0,0,0.0,6,0,0,0.0,0,0,0.0,0,0.0,Dropout
0,1,7,10,7,6.89,0,3,0.7,8,10,8,0.0,0,2,0.8,5,3.445,Graduate
0,1,7,10,7,6.9025,0,3,0.7,8,8,8,0.0,0,0,1.0,3,3.4512,Graduate
0,1,5,7,5,6.9,0,2,0.7143,5,5,5,0.0,0,0,1.0,2,3.45,Graduate
0,1,5,7,3,6.333333333333333,0,4,0.4286,5,6,4,0.0,0,2,0.6667,6,3.1667,Enrolled
0,1,7,7,7,7.212142857142857,0,0,1.0,8,8,8,0.0,0,0,1.0,0,3.6061,Graduate
0,1,6,7,6,6.583333333333333,0,1,0.8571,6,6,6,0.0,0,0,1.0,1,3.2917,Graduate
0,1,5,10,3,5.333333333333333,0,7,0.3,5,8,5,0.0,0,3,0.625,10,2.6667,Enrolled
0,1,16,20,14,6.035714285714286,1,6,0.7,13,13,11,0.0,0,2,0.8462,8,3.0179,Graduate
0,1,6,10,3,5.125,0,7,0.3,6,7,1,0.0,0,6,0.1429,13,2.5625,Dropout
0,1,8,8,8,7.055,0,0,1.0,8,8,8,0.0,0,0,1.0,0,3.5275,Graduate
0,1,6,9,5,6.2,0,4,0.5556,6,10,3,0.0,0,7,0.3,11,3.1,Dropout
0,0,6,7,6,6.0,0,1,0.8571,6,6,6,0.0,0,0,1.0,1,3.0,Dropout
0,1,6,6,6,7.416666666666667,0,0,1.0,6,6,6,0.0,0,0,1.0,0,3.7083,Graduate
0,1,6,7,6,7.714285714285714,0,1,0.8571,6,7,6,0.0,0,1,0.8571,2,3.8571,Graduate
0,1,5,7,5,5.8,0,2,0.7143,5,11,5,0.0,4,6,0.4545,8,2.9,Graduate
0,1,6,6,6,7.083333333333333,0,0,1.0,6,6,6,0.0,0,0,1.0,0,3.5417,Graduate
0,1,7,9,1,4.9,0,8,0.1111,7,7,0,0.0,0,7,0.0,15,2.45,Dropout
0,1,5,12,4,5.357142857142857,0,8,0.3333,5,9,4,0.0,0,5,0.4444,13,2.6786,Graduate
0,1,5,7,0,0.0,0,7,0.0,5,5,0,0.0,0,5,0.0,12,0.0,Dropout
1,1,6,13,3,6.166666666666667,0,10,0.2308,6,12,1,0.0,0,11,0.0833,21,3.0833,Dropout
0,1,6,13,6,6.5,0,7,0.4615,6,15,6,0.0,0,9,0.4,16,3.25,Graduate
0,1,5,7,4,5.7,0,3,0.5714,5,5,4,0.0,0,1,0.8,4,2.85,Graduate
0,1,7,7,6,6.383333333333333,0,1,0.8571,7,7,6,0.0,0,1,0.8571,2,3.1917,Graduate
1,1,6,11,5,6.3,0,6,0.4545,6,6,6,0.0,0,0,1.0,6,3.15,Graduate
0,1,7,8,7,6.5,0,1,0.875,5,5,5,0.0,0,0,1.0,1,3.25,Graduate
0,1,7,7,6,7.158333333333334,0,1,0.8571,7,7,6,0.0,0,1,0.8571,2,3.5792,Graduate
0,1,5,7,4,6.375,0,3,0.5714,5,5,5,0.0,0,0,1.0,3,3.1875,Graduate
0,1,5,5,5,6.7,0,0,1.0,5,5,5,0.0,0,0,1.0,0,3.35,Graduate
1,0,6,6,0,0.0,0,6,0.0,5,5,0,0.0,0,5,0.0,11,0.0,Dropout
0,1,5,6,4,7.875,0,2,0.6667,5,5,5,0.0,0,0,1.0,2,3.9375,Graduate
0,1,6,9,5,6.2,0,4,0.5556,6,11,1,0.0,0,10,0.0909,14,3.1,Dropout
0,1,6,8,6,5.75,0,2,0.75,6,7,6,0.0,0,1,0.8571,3,2.875,Graduate
0,1,5,5,5,6.7,0,0,1.0,5,5,5,0.0,0,0,1.0,0,3.35,Graduate
0,1,5,9,3,5.833333333333333,0,6,0.3333,5,7,5,0.0,0,2,0.7143,8,2.9167,Enrolled
0,1,7,0,0,0.0,0,0,0.0,8,0,0,0.0,0,0,0.0,0,0.0,Dropout
0,1,8,11,7,6.642857142857143,0,4,0.6364,7,13,5,0.0,0,8,0.3846,12,3.3214,Dropout
0,1,6,10,4,5.75,0,6,0.4,6,16,2,0.0,0,14,0.125,20,2.875,Dropout
0,1,9,11,8,6.625,0,3,0.7273,7,8,7,0.0,0,1,0.875,4,3.3125,Graduate
0,1,14,24,11,6.125,3,13,0.4583,10,12,10,0.0,0,2,0.8333,15,3.0625,Graduate
0,1,7,8,6,6.0,0,2,0.75,7,8,6,0.0,0,2,0.75,4,3.0,Enrolled
0,1,6,10,1,6.0,0,9,0.1,6,6,0,0.0,0,6,0.0,15,3.0,Dropout
0,1,15,15,13,5.461538461538462,0,2,0.8667,10,10,7,0.0,0,3,0.7,5,2.7308,Graduate
0,1,12,12,10,6.0,0,2,0.8333,10,11,5,0.0,0,6,0.4545,8,3.0,Dropout
0,1,5,10,5,6.857142857142857,0,5,0.5,5,7,5,0.0,0,2,0.7143,7,3.4286,Graduate
0,1,5,8,1,5.0,0,7,0.125,5,8,2,0.0,0,6,0.25,13,2.5,Dropout
0,1,6,18,2,5.166666666666667,0,16,0.1111,6,7,6,0.0,0,1,0.8571,17,2.5833,Graduate
0,1,7,8,7,6.364285714285714,0,1,0.875,8,8,8,0.0,0,0,1.0,1,3.1821,Graduate
0,0,15,22,12,6.666666666666667,0,10,0.5455,8,8,8,0.0,0,0,1.0,10,3.3333,Dropout
0,1,11,20,9,6.11111111111111,0,11,0.45,9,16,9,0.0,0,7,0.5625,18,3.0556,Enrolled
0,1,6,7,6,5.666666666666667,0,1,0.8571,6,9,6,0.0,0,3,0.6667,4,2.8333,Graduate
1,1,5,8,4,5.5,0,4,0.5,5,7,4,0.0,0,3,0.5714,7,2.75,Enrolled
0,1,5,5,5,6.9,0,0,1.0,5,6,5,0.0,0,1,0.8333,1,3.45,Graduate
0,1,7,16,1,6.0,0,15,0.0625,7,13,0,0.0,1,13,0.0,28,3.0,Dropout
0,0,6,9,4,5.625,0,5,0.4444,6,11,3,0.0,0,8,0.2727,13,2.8125,Dropout
0,1,5,6,4,5.25,0,2,0.6667,5,6,5,0.0,0,1,0.8333,3,2.625,Graduate
0,1,18,20,18,5.777777777777778,0,2,0.9,13,13,13,0.0,0,0,1.0,2,2.8889,Graduate
0,1,6,13,1,7.0,0,12,0.0769,6,7,0,0.0,0,7,0.0,19,3.5,Dropout
0,0,6,17,1,6.5,0,16,0.0588,6,8,0,0.0,0,8,0.0,24,3.25,Dropout
0,1,6,13,2,5.5,0,11,0.1538,6,14,1,0.0,0,13,0.0714,24,2.75,Dropout
0,1,8,8,7,6.840714285714285,0,1,0.875,8,8,7,0.0,0,1,0.875,2,3.4204,Enrolled
0,1,7,11,6,6.05,0,5,0.5455,7,7,6,0.0,0,1,0.8571,6,3.025,Enrolled
0,1,6,8,4,5.25,0,4,0.5,6,8,4,0.0,0,4,0.5,8,2.625,Graduate
0,1,7,10,5,5.97,0,5,0.5,7,8,6,0.0,0,2,0.75,7,2.985,Enrolled
1,0,7,11,4,6.43,0,7,0.3636,7,10,5,0.0,0,5,0.5,12,3.215,Dropout
0,1,6,10,6,7.125,0,4,0.6,6,7,6,0.0,0,1,0.8571,5,3.5625,Graduate
0,0,7,0,0,0.0,0,0,0.0,8,0,0,0.0,0,0,0.0,0,0.0,Dropout
0,1,0,0,0,0.0,0,0,0.0,0,0,0,0.0,0,0,0.0,0,0.0,Dropout
0,1,7,7,7,6.947142857142856,0,0,1.0,8,8,8,0.0,0,0,1.0,0,3.4736,Graduate
0,1,7,8,7,6.734375,0,1,0.875,8,8,8,0.0,0,0,1.0,1,3.3672,Graduate
0,1,5,5,5,6.8,0,0,1.0,5,5,5,0.0,0,0,1.0,0,3.4,Graduate
0,1,6,6,6,7.333333333333333,0,0,1.0,6,6,6,0.0,0,0,1.0,0,3.6667,Graduate
0,1,6,6,6,6.833333333333333,0,0,1.0,6,7,6,0.0,0,1,0.8571,1,3.4167,Graduate
0,1,12,22,10,6.65,0,12,0.4545,11,11,11,0.0,0,0,1.0,12,3.325,Graduate
0,1,11,13,11,6.727272727272728,0,2,0.8462,11,13,7,0.0,0,6,0.5385,8,3.3636,Graduate
0,1,8,8,8,6.708125,0,0,1.0,8,8,8,0.0,0,0,1.0,0,3.3541,Graduate
0,1,7,0,0,0.0,0,0,0.0,8,0,0,0.0,0,0,0.0,0,0.0,Dropout
0,1,6,6,6,5.666666666666667,0,0,1.0,6,8,5,0.0,0,3,0.625,3,2.8333,Graduate
0,1,6,8,6,8.0,0,2,0.75,6,10,6,0.0,0,4,0.6,6,4.0,Dropout
1,1,6,8,5,5.5,0,3,0.625,6,12,6,0.0,0,6,0.5,9,2.75,Enrolled
0,1,6,8,6,6.428571428571429,0,2,0.75,6,9,5,0.0,0,4,0.5556,6,3.2143,Enrolled
0,0,5,5,0,0.0,0,5,0.0,5,6,0,0.0,0,6,0.0,11,0.0,Dropout
0,1,5,5,5,7.4,0,0,1.0,5,5,5,0.0,0,0,1.0,0,3.7,Graduate
0,0,5,7,1,6.5,0,6,0.1429,5,5,2,0.0,0,3,0.4,9,3.25,Dropout
0,1,0,0,0,0.0,0,0,0.0,0,0,0,0.0,0,0,0.0,0,0.0,Graduate
1,0,9,14,4,5.0,0,10,0.2857,6,6,1,0.0,0,5,0.1667,15,2.5,Dropout
1,1,6,11,5,5.6,0,6,0.4545,6,7,6,0.0,0,1,0.8571,7,2.8,Graduate
0,1,6,8,6,5.916666666666667,0,2,0.75,6,11,3,0.0,0,8,0.2727,10,2.9583,Graduate
0,1,5,0,0,0.0,0,0,0.0,5,0,0,0.0,0,0,0.0,0,0.0,Dropout
0,1,5,8,2,5.25,0,6,0.25,5,10,0,0.0,0,10,0.0,16,2.625,Dropout
0,0,5,8,5,6.25,0,3,0.625,5,7,5,0.0,0,2,0.7143,5,3.125,Dropout
0,1,0,0,0,0.0,0,0,0.0,0,0,0,0.0,0,0,0.0,0,0.0,Dropout
0,1,10,10,5,5.5,0,5,0.5,7,8,2,0.0,0,6,0.25,11,2.75,Enrolled
0,1,10,14,9,6.166666666666667,0,5,0.6429,10,12,8,0.0,0,4,0.6667,9,3.0833,Graduate
0,1,6,9,0,0.0,0,9,0.0,6,8,1,0.0,1,7,0.125,16,0.0,Dropout
1,1,5,14,1,8.5,0,13,0.0714,5,10,2,0.0,0,8,0.2,21,4.25,Enrolled
0,1,5,5,5,5.5,0,0,1.0,5,11,3,0.0,0,8,0.2727,8,2.75,Enrolled
0,1,6,11,5,5.571428571428571,0,6,0.4545,6,9,6,0.0,0,3,0.6667,9,2.7857,Graduate
0,0,8,19,5,6.083333333333333,0,14,0.2632,7,12,5,0.0,0,7,0.4167,21,3.0417,Dropout
1,0,5,9,2,5.5,0,7,0.2222,5,8,2,0.0,2,6,0.25,13,2.75,Dropout
0,0,5,8,1,5.5,0,7,0.125,5,6,3,0.0,1,3,0.5,10,2.75,Dropout
0,1,6,10,4,6.625,0,6,0.4,6,13,5,0.0,0,8,0.3846,14,3.3125,Graduate
0,1,6,7,0,0.0,0,7,0.0,6,11,1,0.0,0,10,0.0909,17,0.0,Enrolled
0,0,6,17,2,6.25,0,15,0.1176,6,10,0,0.0,0,10,0.0,25,3.125,Dropout
0,0,10,10,7,6.071428571428571,0,3,0.7,9,9,4,0.0,0,5,0.4444,8,3.0357,Dropout
0,1,5,8,3,6.0,0,5,0.375,5,10,3,0.0,0,7,0.3,12,3.0,Dropout
0,1,6,6,4,5.625,0,2,0.6667,6,9,4,0.0,0,5,0.4444,7,2.8125,Enrolled
0,0,4,8,0,0.0,1,8,0.0,6,0,0,0.0,0,0,0.0,8,0.0,Dropout
1,0,6,7,5,6.2,0,2,0.7143,6,8,4,0.0,0,4,0.5,6,3.1,Enrolled
0,1,6,6,6,6.416666666666667,0,0,1.0,6,8,6,0.0,2,2,0.75,2,3.2083,Graduate
0,1,5,7,1,6.5,0,6,0.1429,5,7,2,0.0,0,5,0.2857,11,3.25,Enrolled
1,0,7,7,5,6.0,0,2,0.7143,7,7,3,0.0,0,4,0.4286,6,3.0,Dropout
0,1,6,13,2,6.0,0,11,0.1538,6,12,1,0.0,0,11,0.0833,22,3.0,Dropout
0,1,7,18,0,0.0,0,18,0.0,7,7,0,0.0,0,7,0.0,25,0.0,Dropout
0,1,5,0,0,0.0,0,0,0.0,5,0,0,0.0,0,0,0.0,0,0.0,Dropout
0,1,6,10,6,5.6875,0,4,0.6,6,10,5,0.0,0,5,0.5,9,2.8438,Graduate
1,1,6,15,2,6.0,0,13,0.1333,6,7,0,0.0,0,7,0.0,20,3.0,Dropout
0,1,6,6,6,5.916666666666667,0,0,1.0,6,6,6,0.0,0,0,1.0,0,2.9583,Enrolled
0,1,6,17,1,6.0,0,16,0.0588,6,23,2,0.0,1,21,0.087,37,3.0,Dropout
0,1,6,7,3,6.0,0,4,0.4286,6,7,2,0.0,0,5,0.2857,9,3.0,Dropout
0,1,6,7,6,6.357142857142857,0,1,0.8571,6,8,5,0.0,0,3,0.625,4,3.1786,Graduate
0,1,8,8,8,7.65,0,0,1.0,8,8,8,0.0,0,0,1.0,0,3.825,Graduate
0,0,8,12,2,5.75,2,10,0.1667,7,9,0,0.0,0,9,0.0,19,2.875,Dropout
0,1,5,12,1,6.5,0,11,0.0833,5,8,3,0.0,0,5,0.375,16,3.25,Enrolled
0,1,6,12,0,0.0,0,12,0.0,6,10,0,0.0,0,10,0.0,22,0.0,Dropout
0,1,7,0,0,0.0,0,0,0.0,8,0,0,0.0,0,0,0.0,0,0.0,Dropout
0,1,5,8,4,5.5,0,4,0.5,5,8,5,0.0,0,3,0.625,7,2.75,Enrolled
0,0,6,7,3,6.333333333333333,0,4,0.4286,6,10,5,0.0,0,5,0.5,9,3.1667,Dropout
0,1,6,6,6,6.75,0,0,1.0,6,6,6,0.0,0,0,1.0,0,3.375,Graduate
0,1,5,7,5,6.0,0,2,0.7143,5,10,5,0.0,0,5,0.5,7,3.0,Graduate
1,0,5,6,0,0.0,0,6,0.0,5,5,0,0.0,0,5,0.0,11,0.0,Dropout
0,1,6,8,5,5.9,0,3,0.625,6,8,4,0.0,0,4,0.5,7,2.95,Dropout
0,0,6,12,2,5.75,0,10,0.1667,6,13,1,0.0,0,12,0.0769,22,2.875,Dropout
0,1,5,11,2,5.75,0,9,0.1818,5,10,3,0.0,0,7,0.3,16,2.875,Enrolled
0,1,7,7,6,7.308333333333334,0,1,0.8571,7,7,6,0.0,0,1,0.8571,2,3.6542,Graduate
0,1,8,8,7,7.03,0,1,0.875,8,8,7,0.0,0,1,0.875,2,3.515,Enrolled
1,1,6,9,4,5.5,0,5,0.4444,6,12,3,0.0,0,9,0.25,14,2.75,Dropout
0,1,5,0,0,0.0,0,0,0.0,5,0,0,0.0,0,0,0.0,0,0.0,Dropout
0,1,14,22,7,6.096153846153846,5,15,0.3182,14,22,7,0.0,5,15,0.3182,30,3.0481,Graduate
0,1,6,6,6,6.416666666666667,0,0,1.0,6,7,6,0.0,0,1,0.8571,1,3.2083,Graduate
0,1,5,8,5,6.4375,0,3,0.625,5,6,5,0.0,0,1,0.8333,4,3.2188,Graduate
0,1,6,6,6,6.083333333333333,0,0,1.0,6,6,6,0.0,0,0,1.0,0,3.0417,Graduate
0,1,6,11,6,6.714285714285714,0,5,0.5455,6,12,6,0.0,0,6,0.5,11,3.3571,Graduate
0,1,6,6,6,7.25,0,0,1.0,6,8,6,0.0,0,2,0.75,2,3.625,Graduate
0,1,7,7,7,6.071428571428571,0,0,1.0,7,7,7,0.0,0,0,1.0,0,3.0357,Graduate
0,1,5,6,4,5.625,0,2,0.6667,5,10,3,0.0,0,7,0.3,9,2.8125,Enrolled
0,1,7,7,6,6.95,0,1,0.8571,7,7,6,0.0,0,1,0.8571,2,3.475,Graduate
0,1,7,12,3,6.883333333333333,0,9,0.25,7,11,3,0.0,0,8,0.2727,17,3.4417,Dropout
0,1,15,17,13,5.807692307692308,0,4,0.7647,14,14,11,0.0,0,3,0.7857,7,2.9038,Dropout
0,1,6,6,6,7.583333333333333,0,0,1.0,6,7,6,0.0,0,1,0.8571,1,3.7917,Graduate
0,1,5,5,0,0.0,0,5,0.0,5,5,0,0.0,0,5,0.0,10,0.0,Dropout
0,1,5,10,2,7.25,1,8,0.2,5,9,3,0.0,0,6,0.3333,14,3.625,Enrolled
0,1,6,9,5,5.4,0,4,0.5556,6,8,6,0.0,0,2,0.75,6,2.7,Graduate
0,1,7,7,7,6.997857142857144,0,0,1.0,8,9,8,0.0,0,1,0.8889,1,3.4989,Graduate
0,1,6,8,6,6.642857142857143,0,2,0.75,6,16,6,0.0,0,10,0.375,12,3.3214,Graduate
0,1,12,12,12,6.375,0,0,1.0,11,16,11,0.0,0,5,0.6875,5,3.1875,Graduate
0,1,6,15,2,5.25,0,13,0.1333,6,8,5,0.0,0,3,0.625,16,2.625,Enrolled
1,1,7,7,7,6.357142857142857,0,0,1.0,7,7,7,0.0,0,0,1.0,0,3.1786,Graduate
0,1,8,8,8,6.443125,0,0,1.0,8,8,8,0.0,0,0,1.0,0,3.2216,Graduate
0,1,6,7,5,6.5,0,2,0.7143,6,6,6,0.0,0,0,1.0,2,3.25,Graduate
0,1,5,7,5,6.1,0,2,0.7143,5,6,5,0.0,0,1,0.8333,3,3.05,Graduate
0,1,5,8,4,6.4,0,4,0.5,5,10,3,0.0,0,7,0.3,11,3.2,Enrolled
0,1,11,15,11,6.892857142857143,0,4,0.7333,9,9,9,0.0,0,0,1.0,4,3.4464,Graduate
0,1,5,5,0,0.0,0,5,0.0,5,9,4,0.0,2,5,0.4444,10,0.0,Enrolled
0,1,8,8,8,7.250625,0,0,1.0,8,8,8,0.0,0,0,1.0,0,3.6253,Graduate
0,1,7,7,6,7.175,0,1,0.8571,7,7,6,0.0,0,1,0.8571,2,3.5875,Graduate
0,1,6,6,6,5.75,0,0,1.0,6,6,6,0.0,0,0,1.0,0,2.875,Graduate
0,1,6,8,6,5.857142857142857,0,2,0.75,6,6,6,0.0,0,0,1.0,2,2.9286,Graduate
0,1,6,9,6,6.785714285714286,0,3,0.6667,6,10,5,0.0,0,5,0.5,8,3.3929,Enrolled
0,1,6,6,5,6.5,0,1,0.8333,6,6,6,0.0,0,0,1.0,1,3.25,Graduate
0,1,7,8,7,6.784375,0,1,0.875,8,8,8,0.0,0,0,1.0,1,3.3922,Graduate
0,1,5,5,5,5.1,0,0,1.0,5,9,4,0.0,0,5,0.4444,5,2.55,Enrolled
0,1,0,0,0,0.0,0,0,0.0,0,0,0,0.0,0,0,0.0,0,0.0,Graduate
0,1,6,8,5,6.1,0,3,0.625,6,8,5,0.0,0,3,0.625,6,3.05,Enrolled
0,1,8,8,8,7.076875,0,0,1.0,8,8,8,0.0,0,0,1.0,0,3.5384,Graduate
0,0,8,8,0,0.0,8,8,0.0,8,8,0,0.0,8,8,0.0,16,0.0,Dropout
0,1,6,7,6,6.916666666666667,0,1,0.8571,6,6,6,0.0,0,0,1.0,1,3.4583,Graduate
0,1,6,7,6,6.714285714285714,0,1,0.8571,6,6,4,0.0,0,2,0.6667,3,3.3571,Enrolled
0,1,8,8,7,6.227142857142858,0,1,0.875,8,8,7,0.0,0,1,0.875,2,3.1136,Graduate
0,1,5,9,1,5.5,1,8,0.1111,5,10,0,0.0,0,10,0.0,18,2.75,Enrolled
0,1,7,0,0,0.0,0,0,0.0,8,0,0,0.0,0,0,0.0,0,0.0,Dropout
0,1,7,8,6,6.635833333333334,0,2,0.75,8,11,7,0.0,0,4,0.6364,6,3.3179,Graduate
0,1,7,8,6,6.774166666666667,0,2,0.75,8,11,6,0.0,0,5,0.5455,7,3.3871,Enrolled
0,1,6,6,6,6.083333333333333,0,0,1.0,6,6,6,0.0,0,0,1.0,0,3.0417,Enrolled
0,1,6,16,2,5.5,0,14,0.125,6,12,0,0.0,0,12,0.0,26,2.75,Dropout
0,1,7,7,7,6.642857142857143,0,0,1.0,7,7,7,0.0,0,0,1.0,0,3.3214,Graduate
0,1,6,6,6,6.666666666666667,0,0,1.0,6,7,6,0.0,0,1,0.8571,1,3.3333,Graduate
0,1,8,8,8,6.62875,0,0,1.0,8,8,8,0.0,0,0,1.0,0,3.3144,Graduate
0,1,6,7,0,0.0,0,7,0.0,6,7,0,0.0,0,7,0.0,14,0.0,Dropout
0,0,6,10,6,6.333333333333333,0,4,0.6,6,6,2,0.0,0,4,0.3333,8,3.1667,Dropout
0,1,5,5,5,7.3,0,0,1.0,5,5,5,0.0,0,0,1.0,0,3.65,Dropout
0,1,5,13,0,0.0,5,13,0.0,5,5,0,0.0,5,5,0.0,18,0.0,Dropout
0,0,5,7,3,6.166666666666667,0,4,0.4286,5,8,0,0.0,0,8,0.0,12,3.0833,Dropout
0,1,5,5,5,5.4,0,0,1.0,5,11,2,0.0,0,9,0.1818,9,2.7,Enrolled
0,1,6,7,6,5.833333333333333,0,1,0.8571,6,10,6,0.0,0,4,0.6,5,2.9167,Graduate
0,1,6,6,4,6.25,0,2,0.6667,6,6,6,0.0,0,0,1.0,2,3.125,Dropout
0,1,5,0,0,0.0,0,0,0.0,5,0,0,0.0,0,0,0.0,0,0.0,Dropout
0,1,6,6,6,7.666666666666667,0,0,1.0,6,6,6,0.0,0,0,1.0,0,3.8333,Graduate
0,1,8,8,7,7.1,0,1,0.875,8,8,7,0.0,0,1,0.875,2,3.55,Graduate
0,1,6,6,6,7.416666666666667,0,0,1.0,6,6,6,0.0,0,0,1.0,0,3.7083,Graduate
0,1,7,7,7,6.821428571428571,0,0,1.0,8,8,8,0.0,0,0,1.0,0,3.4107,Dropout
0,1,6,6,6,6.916666666666667,0,0,1.0,6,6,6,0.0,0,0,1.0,0,3.4583,Dropout
0,1,6,6,6,5.916666666666667,0,0,1.0,6,7,6,0.0,0,1,0.8571,1,2.9583,Graduate
0,1,6,7,6,6.714285714285714,0,1,0.8571,6,10,6,0.0,0,4,0.6,5,3.3571,Graduate
0,1,13,16,8,5.25,0,8,0.5,12,19,9,0.0,0,10,0.4737,18,2.625,Enrolled
0,1,7,10,6,5.708333333333333,0,4,0.6,8,9,8,0.0,0,1,0.8889,5,2.8542,Graduate
0,1,7,16,2,6.375,0,14,0.125,7,12,2,0.0,0,10,0.1667,24,3.1875,Dropout
0,1,7,10,6,5.575,0,4,0.6,7,7,7,0.0,0,0,1.0,4,2.7875,Enrolled
0,1,6,8,3,5.833333333333333,0,5,0.375,6,11,5,0.0,0,6,0.4545,11,2.9167,Enrolled
0,1,6,7,6,5.75,0,1,0.8571,6,8,5,0.0,0,3,0.625,4,2.875,Graduate
0,1,6,6,6,6.916666666666667,0,0,1.0,6,6,6,0.0,0,0,1.0,0,3.4583,Graduate
0,0,6,8,6,5.857142857142857,1,2,0.75,6,11,4,0.0,0,7,0.3636,9,2.9286,Dropout
0,1,7,8,7,5.839285714285714,0,1,0.875,8,10,7,0.0,0,3,0.7,4,2.9196,Graduate
0,1,6,7,6,7.857142857142857,0,1,0.8571,6,6,6,0.0,0,0,1.0,1,3.9286,Dropout
0,1,0,0,0,0.0,0,0,0.0,0,0,0,0.0,0,0,0.0,0,0.0,Graduate
0,1,6,6,6,6.5,0,0,1.0,6,7,6,0.0,0,1,0.8571,1,3.25,Graduate
0,1,7,7,7,7.242857142857143,0,0,1.0,8,9,8,0.0,0,1,0.8889,1,3.6214,Graduate
0,1,5,9,5,6.142857142857143,0,4,0.5556,5,8,5,0.0,0,3,0.625,7,3.0714,Enrolled
1,1,7,12,4,6.6875,0,8,0.3333,7,7,5,0.0,0,2,0.7143,10,3.3438,Enrolled
0,1,8,8,7,5.785714285714286,0,1,0.875,8,8,7,0.0,0,1,0.875,2,2.8929,Graduate
0,1,8,8,7,6.328571428571428,0,1,0.875,8,8,7,0.0,0,1,0.875,2,3.1643,Graduate
0,0,5,9,2,5.0,1,7,0.2222,5,11,1,0.0,0,10,0.0909,17,2.5,Dropout
0,1,6,7,6,6.857142857142857,0,1,0.8571,6,6,6,0.0,0,0,1.0,1,3.4286,Graduate
0,1,14,21,13,6.535714285714286,0,8,0.619,11,16,11,0.0,0,5,0.6875,13,3.2679,Graduate
0,1,6,7,6,7.666666666666667,0,1,0.8571,6,9,6,0.0,0,3,0.6667,4,3.8333,Graduate
0,1,6,9,5,5.785714285714286,0,4,0.5556,6,8,6,0.0,0,2,0.75,6,2.8929,Graduate
0,0,5,10,0,0.0,0,10,0.0,5,5,0,0.0,0,5,0.0,15,0.0,Dropout
0,1,7,7,6,6.45,0,1,0.8571,7,7,6,0.0,0,1,0.8571,2,3.225,Graduate
0,1,8,12,5,6.563,1,7,0.4167,8,12,5,0.0,1,7,0.4167,14,3.2815,Enrolled
0,1,10,20,4,5.75,2,16,0.2,9,13,3,0.0,2,10,0.2308,26,2.875,Dropout
0,1,6,11,3,5.166666666666667,0,8,0.2727,6,10,5,0.0,0,5,0.5,13,2.5833,Enrolled
0,1,6,6,6,6.75,0,0,1.0,6,7,6,0.0,0,1,0.8571,1,3.375,Graduate
0,1,1,1,0,0.0,1,1,0.0,5,0,0,0.0,0,0,0.0,1,0.0,Dropout
0,1,5,5,4,6.0,0,1,0.8,4,4,2,0.0,0,2,0.5,3,3.0,Enrolled
0,1,8,10,7,5.571428571428571,0,3,0.7,8,11,8,0.0,0,3,0.7273,6,2.7857,Graduate
0,1,5,11,5,5.7,0,6,0.4545,5,10,4,0.0,0,6,0.4,12,2.85,Enrolled
0,1,8,8,7,6.385714285714286,1,1,0.875,8,8,7,0.0,1,1,0.875,2,3.1929,Enrolled
0,1,8,8,7,6.899285714285715,0,1,0.875,8,8,7,0.0,0,1,0.875,2,3.4496,Graduate
1,0,6,7,6,6.666666666666667,0,1,0.8571,6,6,6,0.0,0,0,1.0,1,3.3333,Graduate
1,0,6,11,0,0.0,0,11,0.0,5,6,0,0.0,0,6,0.0,17,0.0,Dropout
0,1,15,17,14,5.678571428571429,0,3,0.8235,14,15,13,0.0,0,2,0.8667,5,2.8393,Dropout
0,1,5,11,0,0.0,0,11,0.0,5,8,0,0.0,0,8,0.0,19,0.0,Dropout
0,1,6,13,6,7.846153846153846,0,7,0.4615,6,13,5,0.0,0,8,0.3846,15,3.9231,Graduate
1,1,18,19,18,7.526315789473684,0,1,0.9474,13,13,13,0.0,0,0,1.0,1,3.7632,Graduate
0,1,10,20,6,5.75,0,14,0.3,10,17,5,0.0,0,12,0.2941,26,2.875,Dropout
1,1,8,15,7,5.5,0,8,0.4667,6,17,1,0.0,0,16,0.0588,24,2.75,Enrolled
0,1,6,6,6,6.5,0,0,1.0,6,6,6,0.0,0,0,1.0,0,3.25,Graduate
0,1,8,8,8,6.469375,0,0,1.0,8,8,8,0.0,0,0,1.0,0,3.2347,Graduate
0,1,0,0,0,0.0,0,0,0.0,0,0,0,0.0,0,0,0.0,0,0.0,Graduate
0,1,6,6,0,0.0,0,6,0.0,6,8,0,0.0,0,8,0.0,14,0.0,Dropout
0,0,7,10,5,6.5,0,5,0.5,7,9,5,0.0,0,4,0.5556,9,3.25,Dropout
0,0,7,11,5,6.09,0,6,0.4545,7,11,4,0.0,0,7,0.3636,13,3.045,Dropout
0,1,6,13,3,5.666666666666667,0,10,0.2308,6,12,5,0.0,0,7,0.4167,17,2.8333,Dropout
0,1,8,8,7,6.5,0,1,0.875,8,8,7,0.0,0,1,0.875,2,3.25,Graduate
0,0,5,5,0,0.0,0,5,0.0,6,0,0,0.0,0,0,0.0,5,0.0,Dropout
1,1,5,13,2,6.25,2,11,0.1538,5,8,3,0.0,0,5,0.375,16,3.125,Dropout
0,1,6,9,5,5.5,0,4,0.5556,6,9,5,0.0,0,4,0.5556,8,2.75,Graduate
0,1,0,0,0,0.0,0,0,0.0,0,0,0,0.0,0,0,0.0,0,0.0,Dropout
0,1,5,5,0,0.0,0,5,0.0,5,5,0,0.0,0,5,0.0,10,0.0,Dropout
0,1,5,9,0,0.0,0,9,0.0,5,5,1,0.0,0,4,0.2,13,0.0,Dropout
0,0,5,6,0,0.0,0,6,0.0,5,5,0,0.0,0,5,0.0,11,0.0,Dropout
0,1,5,5,5,6.2,0,0,1.0,5,5,4,0.0,0,1,0.8,1,3.1,Graduate
0,1,6,8,6,7.75,0,2,0.75,6,10,6,0.0,0,4,0.6,6,3.875,Graduate
0,0,5,13,2,5.75,0,11,0.1538,5,12,3,0.0,0,9,0.25,20,2.875,Dropout
0,1,5,7,4,6.666666666666667,0,3,0.5714,5,9,4,0.0,1,5,0.4444,8,3.3333,Dropout
0,1,6,8,6,6.333333333333333,0,2,0.75,6,6,6,0.0,0,0,1.0,2,3.1667,Graduate
0,1,6,6,0,0.0,0,6,0.0,6,6,0,0.0,0,6,0.0,12,0.0,Enrolled
0,1,5,8,5,6.3,0,3,0.625,5,9,5,0.0,0,4,0.5556,7,3.15,Dropout
1,1,6,6,6,6.75,0,0,1.0,6,6,0,0.0,0,6,0.0,6,3.375,Dropout
0,0,6,6,6,6.5,0,0,1.0,6,8,6,0.0,0,2,0.75,2,3.25,Graduate
0,1,6,15,6,5.857142857142857,0,9,0.4,6,8,4,0.0,0,4,0.5,13,2.9286,Graduate
0,1,6,8,6,6.083333333333333,0,2,0.75,6,7,5,0.0,0,2,0.7143,4,3.0417,Graduate
0,1,5,10,0,0.0,1,10,0.0,5,13,0,0.0,0,13,0.0,23,0.0,Dropout
0,0,6,12,0,0.0,0,12,0.0,6,6,0,0.0,6,6,0.0,18,0.0,Dropout
0,1,5,6,5,5.75,0,1,0.8333,5,5,5,0.0,0,0,1.0,1,2.875,Graduate
0,1,5,7,4,5.625,0,3,0.5714,5,6,4,0.0,0,2,0.6667,5,2.8125,Enrolled
0,1,7,7,7,6.142857142857143,0,0,1.0,9,10,8,0.0,0,2,0.8,2,3.0714,Graduate
0,1,7,7,7,6.359285714285714,0,0,1.0,8,11,8,0.0,0,3,0.7273,3,3.1796,Dropout
0,1,6,12,5,6.2,0,7,0.4167,6,11,2,0.0,0,9,0.1818,16,3.1,Enrolled
0,1,0,0,0,0.0,0,0,0.0,0,0,0,0.0,0,0,0.0,0,0.0,Dropout
1,1,6,16,1,7.0,0,15,0.0625,6,7,0,0.0,0,7,0.0,22,3.5,Dropout
0,1,5,10,3,5.833333333333333,0,7,0.3,5,8,4,0.0,0,4,0.5,11,2.9167,Dropout
0,1,6,15,1,6.5,0,14,0.0667,6,8,4,0.0,0,4,0.5,18,3.25,Enrolled
1,1,0,0,0,0.0,0,0,0.0,0,0,0,0.0,0,0,0.0,0,0.0,Dropout
0,1,5,10,0,0.0,0,10,0.0,5,11,1,0.0,3,10,0.0909,20,0.0,Dropout
0,1,6,13,4,5.75,0,9,0.3077,6,12,2,0.0,0,10,0.1667,19,2.875,Dropout
1,1,10,10,7,5.857142857142857,0,3,0.7,10,10,6,0.0,0,4,0.6,7,2.9286,Dropout
0,1,5,7,5,6.3,0,2,0.7143,5,7,5,0.0,0,2,0.7143,4,3.15,Graduate
0,1,17,19,13,5.821428571428571,0,6,0.6842,17,25,12,0.0,0,13,0.48,19,2.9107,Dropout
0,1,6,8,6,7.4375,0,2,0.75,6,8,6,0.0,0,2,0.75,4,3.7188,Graduate
0,1,5,11,2,5.0,0,9,0.1818,5,10,3,0.0,0,7,0.3,16,2.5,Enrolled
0,1,5,5,5,7.1,0,0,1.0,5,5,5,0.0,0,0,1.0,0,3.55,Enrolled
0,1,6,8,6,6.357142857142857,0,2,0.75,6,9,6,0.0,0,3,0.6667,5,3.1786,Graduate
1,0,12,16,5,5.8,0,11,0.3125,7,7,5,0.0,0,2,0.7143,13,2.9,Dropout
0,1,7,14,5,5.97,0,9,0.3571,7,14,6,0.0,0,8,0.4286,17,2.985,Dropout
0,1,5,10,4,5.8,0,6,0.4,5,9,3,0.0,0,6,0.3333,12,2.9,Dropout
0,1,7,9,5,6.35,0,4,0.5556,8,9,7,0.0,0,2,0.7778,6,3.175,Enrolled
0,1,6,6,6,6.666666666666667,0,0,1.0,6,9,5,0.0,0,4,0.5556,4,3.3333,Graduate
0,1,9,13,8,6.666666666666667,0,5,0.6154,10,12,9,0.0,0,3,0.75,8,3.3333,Enrolled
0,1,5,5,5,6.7,0,0,1.0,5,5,5,0.0,0,0,1.0,0,3.35,Graduate
1,0,6,12,0,0.0,0,12,0.0,6,12,0,0.0,0,12,0.0,24,0.0,Dropout
0,1,5,5,2,5.5,0,3,0.4,5,5,0,0.0,0,5,0.0,8,2.75,Dropout
0,1,15,17,13,6.0,0,4,0.7647,13,13,9,0.0,0,4,0.6923,8,3.0,Dropout
0,1,5,0,0,0.0,0,0,0.0,5,0,0,0.0,0,0,0.0,0,0.0,Dropout
0,0,5,5,0,0.0,0,5,0.0,5,9,0,0.0,0,9,0.0,14,0.0,Dropout
0,1,6,12,4,6.25,0,8,0.3333,6,12,4,0.0,0,8,0.3333,16,3.125,Dropout
0,1,6,7,6,6.833333333333333,0,1,0.8571,6,7,6,0.0,1,1,0.8571,2,3.4167,Graduate
0,1,5,10,1,5.0,0,9,0.1,5,7,0,0.0,0,7,0.0,16,2.5,Dropout
0,0,6,6,6,5.75,0,0,1.0,6,9,2,0.0,0,7,0.2222,7,2.875,Dropout
0,1,5,7,4,6.125,0,3,0.5714,5,7,4,0.0,0,3,0.5714,6,3.0625,Enrolled
0,0,6,11,5,6.8,0,6,0.4545,6,11,5,0.0,0,6,0.4545,12,3.4,Enrolled
0,1,5,11,2,5.25,0,9,0.1818,5,9,3,0.0,1,6,0.3333,15,2.625,Enrolled
0,1,7,7,6,6.633333333333333,0,1,0.8571,7,7,6,0.0,0,1,0.8571,2,3.3167,Graduate
0,1,7,8,7,6.25625,0,1,0.875,8,8,8,0.0,0,0,1.0,1,3.1281,Graduate
0,1,5,9,0,0.0,0,9,0.0,5,5,0,0.0,0,5,0.0,14,0.0,Dropout
0,0,6,14,0,0.0,0,14,0.0,6,6,0,0.0,0,6,0.0,20,0.0,Dropout
0,1,7,7,6,6.741666666666667,0,1,0.8571,7,7,6,0.0,0,1,0.8571,2,3.3708,Graduate
0,1,7,9,6,6.2825,0,3,0.6667,8,12,5,0.0,0,7,0.4167,10,3.1412,Enrolled
1,0,6,8,0,0.0,0,8,0.0,5,6,0,0.0,0,6,0.0,14,0.0,Dropout
0,1,5,9,3,6.5,0,6,0.3333,5,9,3,0.0,0,6,0.3333,12,3.25,Dropout
1,1,5,6,5,8.25,0,1,0.8333,5,7,5,0.0,0,2,0.7143,3,4.125,Dropout
1,1,6,7,6,6.583333333333333,0,1,0.8571,6,9,5,0.0,0,4,0.5556,5,3.2917,Enrolled
0,1,6,11,6,6.9,0,5,0.5455,6,7,6,0.0,0,1,0.8571,6,3.45,Graduate
0,1,6,7,6,5.583333333333333,0,1,0.8571,6,11,4,0.0,0,7,0.3636,8,2.7917,Enrolled
0,0,6,0,0,0.0,0,0,0.0,6,0,0,0.0,0,0,0.0,0,0.0,Dropout
0,1,6,7,6,6.333333333333333,0,1,0.8571,6,8,6,0.0,0,2,0.75,3,3.1667,Enrolled
0,1,5,5,5,6.3,0,0,1.0,5,6,4,0.0,1,2,0.6667,2,3.15,Graduate
0,1,7,7,5,6.53,0,2,0.7143,7,9,0,0.0,0,9,0.0,11,3.265,Enrolled
0,1,6,7,6,6.916666666666667,0,1,0.8571,6,8,6,0.0,0,2,0.75,3,3.4583,Graduate
0,1,5,5,0,0.0,0,5,0.0,5,5,0,0.0,0,5,0.0,10,0.0,Dropout
1,0,6,6,2,8.0,0,4,0.3333,7,7,2,0.0,0,5,0.2857,9,4.0,Dropout
1,0,5,5,0,0.0,0,5,0.0,5,5,0,0.0,0,5,0.0,10,0.0,Dropout
0,0,5,12,3,5.333333333333333,0,9,0.25,5,11,3,0.0,0,8,0.2727,17,2.6667,Dropout
0,1,18,18,18,7.25,0,0,1.0,18,18,18,0.0,0,0,1.0,0,3.625,Graduate
0,1,5,6,5,7.0,0,1,0.8333,5,7,5,0.0,0,2,0.7143,3,3.5,Graduate
0,1,5,10,3,6.666666666666667,0,7,0.3,5,11,5,0.0,0,6,0.4545,13,3.3333,Graduate
0,1,6,0,0,0.0,0,0,0.0,6,0,0,0.0,0,0,0.0,0,0.0,Dropout
0,1,6,9,5,6.0,0,4,0.5556,6,10,4,0.0,0,6,0.4,10,3.0,Graduate
0,1,5,6,5,8.1,0,1,0.8333,5,8,5,0.0,0,3,0.625,4,4.05,Graduate
0,1,13,13,7,5.142857142857143,0,6,0.5385,11,13,5,0.0,0,8,0.3846,14,2.5714,Dropout
0,1,5,5,0,0.0,0,5,0.0,5,5,0,0.0,0,5,0.0,10,0.0,Enrolled
0,1,6,7,6,6.785714285714286,0,1,0.8571,6,8,6,0.0,0,2,0.75,3,3.3929,Graduate
0,1,6,7,6,7.142857142857143,0,1,0.8571,6,9,6,0.0,0,3,0.6667,4,3.5714,Graduate
0,1,5,7,5,5.1,0,2,0.7143,5,6,4,0.0,0,2,0.6667,4,2.55,Graduate
1,1,8,16,2,5.125,1,14,0.125,8,16,2,0.0,1,14,0.125,28,2.5625,Dropout
0,1,6,0,0,0.0,0,0,0.0,6,0,0,0.0,0,0,0.0,0,0.0,Dropout
0,1,6,7,6,7.416666666666667,0,1,0.8571,6,6,6,0.0,0,0,1.0,1,3.7083,Graduate
0,1,6,12,5,6.8125,0,7,0.4167,6,6,5,0.0,0,1,0.8333,8,3.4062,Graduate
1,1,7,7,7,6.135714285714286,0,0,1.0,8,10,7,0.0,0,3,0.7,3,3.0679,Graduate
0,1,5,0,0,0.0,0,0,0.0,5,0,0,0.0,0,0,0.0,0,0.0,Dropout
1,0,5,8,4,6.25,0,4,0.5,5,9,5,0.0,0,4,0.5556,8,3.125,Enrolled
0,1,9,10,9,6.61111111111111,0,1,0.9,7,8,7,0.0,0,1,0.875,2,3.3056,Graduate
0,1,7,13,2,7.5,0,11,0.1538,7,12,2,0.0,0,10,0.1667,21,3.75,Dropout
0,0,0,0,0,0.0,0,0,0.0,0,0,0,0.0,0,0,0.0,0,0.0,Dropout
0,1,12,12,12,6.583333333333333,0,0,1.0,12,12,12,0.0,0,0,1.0,0,3.2917,Graduate
0,1,6,8,5,6.916666666666667,0,3,0.625,6,6,4,0.0,0,2,0.6667,5,3.4583,Graduate
0,1,5,0,0,0.0,0,0,0.0,5,0,0,0.0,0,0,0.0,0,0.0,Dropout
0,1,5,6,0,0.0,0,6,0.0,5,6,0,0.0,0,6,0.0,12,0.0,Enrolled
0,1,8,8,7,6.577142857142858,0,1,0.875,8,8,7,0.0,0,1,0.875,2,3.2886,Enrolled
0,1,12,12,9,6.166666666666667,0,3,0.75,11,11,6,0.0,0,5,0.5455,8,3.0833,Dropout
1,1,6,6,6,6.5,0,0,1.0,6,7,5,0.0,0,2,0.7143,2,3.25,Dropout
0,1,5,14,2,5.75,2,12,0.1429,5,8,5,0.0,3,3,0.625,15,2.875,Enrolled
0,1,6,15,3,6.625,0,12,0.2,6,9,1,0.0,0,8,0.1111,20,3.3125,Dropout
0,1,6,12,3,6.666666666666667,0,9,0.25,6,12,3,0.0,0,9,0.25,18,3.3333,Enrolled
0,1,6,6,6,6.75,0,0,1.0,6,6,6,0.0,0,0,1.0,0,3.375,Graduate
0,1,6,7,6,6.333333333333333,0,1,0.8571,6,8,5,0.0,0,3,0.625,4,3.1667,Graduate
0,1,11,18,11,7.545454545454546,1,7,0.6111,6,7,6,0.0,0,1,0.8571,8,3.7727,Dropout
1,0,0,0,0,0.0,0,0,0.0,0,0,0,0.0,0,0,0.0,0,0.0,Dropout
0,1,6,7,6,6.583333333333333,0,1,0.8571,6,7,6,0.0,0,1,0.8571,2,3.2917,Graduate
0,1,6,6,6,6.416666666666667,0,0,1.0,6,8,6,0.0,0,2,0.75,2,3.2083,Graduate
0,1,5,7,5,5.9,0,2,0.7143,5,9,3,0.0,0,6,0.3333,8,2.95,Enrolled
0,1,6,6,6,5.916666666666667,0,0,1.0,6,6,6,0.0,0,0,1.0,0,2.9583,Graduate
0,1,6,6,5,6.4,0,1,0.8333,6,11,3,0.0,0,8,0.2727,9,3.2,Graduate
0,1,7,7,5,5.9,0,2,0.7143,9,9,5,0.0,0,4,0.5556,6,2.95,Dropout
0,1,0,0,0,0.0,0,0,0.0,0,0,0,0.0,0,0,0.0,0,0.0,Enrolled
0,1,5,7,5,7.9,0,2,0.7143,5,7,5,0.0,0,2,0.7143,4,3.95,Dropout
1,1,0,0,0,0.0,0,0,0.0,0,0,0,0.0,0,0,0.0,0,0.0,Enrolled
0,1,5,9,2,6.25,0,7,0.2222,5,10,3,0.0,0,7,0.3,14,3.125,Enrolled
0,1,6,9,6,7.333333333333333,0,3,0.6667,6,7,6,0.0,0,1,0.8571,4,3.6667,Graduate
0,1,6,10,4,6.25,0,6,0.4,6,16,2,0.0,0,14,0.125,20,3.125,Dropout
0,1,5,7,3,6.0,0,4,0.4286,6,10,2,0.0,0,8,0.2,12,3.0,Dropout
1,1,8,8,7,6.571428571428571,0,1,0.875,6,8,6,0.0,0,2,0.75,3,3.2857,Enrolled
1,1,6,6,3,6.333333333333333,0,3,0.5,6,11,4,0.0,0,7,0.3636,10,3.1667,Dropout
0,0,5,6,5,7.5,0,1,0.8333,5,6,5,0.0,0,1,0.8333,2,3.75,Enrolled
1,1,6,7,5,6.8,0,2,0.7143,6,7,5,0.0,0,2,0.7143,4,3.4,Dropout
0,1,6,6,6,6.25,0,0,1.0,6,6,6,0.0,0,0,1.0,0,3.125,Graduate
0,1,6,7,6,6.666666666666667,0,1,0.8571,6,7,6,0.0,0,1,0.8571,2,3.3333,Graduate
0,1,6,13,4,6.125,0,9,0.3077,6,15,5,0.0,0,10,0.3333,19,3.0625,Dropout
0,1,7,7,7,7.550714285714286,0,0,1.0,8,8,8,0.0,0,0,1.0,0,3.7754,Graduate
0,1,6,6,6,6.583333333333333,0,0,1.0,6,6,6,0.0,0,0,1.0,0,3.2917,Graduate
0,1,6,8,4,5.5,0,4,0.5,6,6,0,0.0,0,6,0.0,10,2.75,Dropout
0,1,5,9,3,5.833333333333333,0,6,0.3333,5,9,4,0.0,0,5,0.4444,11,2.9167,Graduate
0,1,6,13,1,5.0,0,12,0.0769,6,13,1,0.0,0,12,0.0769,24,2.5,Enrolled
0,1,7,15,7,5.785714285714286,0,8,0.4667,6,14,2,0.0,0,12,0.1429,20,2.8929,Dropout
0,1,6,6,6,6.083333333333333,0,0,1.0,6,10,5,0.0,0,5,0.5,5,3.0417,Enrolled
0,1,0,0,0,0.0,0,0,0.0,0,0,0,0.0,0,0,0.0,0,0.0,Dropout
0,0,6,6,6,6.916666666666667,0,0,1.0,6,7,6,0.0,0,1,0.8571,1,3.4583,Graduate
0,1,7,10,6,6.178571428571429,0,4,0.6,8,9,7,0.0,0,2,0.7778,6,3.0893,Graduate
1,0,6,7,6,6.083333333333333,0,1,0.8571,6,10,2,0.0,0,8,0.2,9,3.0417,Dropout
1,1,6,8,3,6.0,0,5,0.375,6,6,2,0.0,0,4,0.3333,9,3.0,Enrolled
0,1,10,14,9,6.208333333333333,0,5,0.6429,9,14,7,0.0,0,7,0.5,12,3.1042,Graduate
0,1,5,7,4,6.375,0,3,0.5714,5,6,4,0.0,0,2,0.6667,5,3.1875,Graduate
0,1,21,33,18,7.466666666666667,12,15,0.5455,21,33,18,0.0,12,15,0.5455,30,3.7333,Graduate
0,1,6,6,6,6.5,0,0,1.0,6,7,6,0.0,0,1,0.8571,1,3.25,Graduate
1,0,7,7,7,6.428571428571429,0,0,1.0,7,8,6,0.0,0,2,0.75,2,3.2143,Enrolled
0,1,7,10,7,7.227500000000001,0,3,0.7,8,8,8,0.0,0,0,1.0,3,3.6138,Graduate
0,1,6,8,6,7.0,0,2,0.75,6,7,6,0.0,0,1,0.8571,3,3.5,Graduate
0,1,6,6,6,6.75,0,0,1.0,6,7,6,0.0,0,1,0.8571,1,3.375,Graduate
0,0,6,0,0,0.0,0,0,0.0,6,0,0,0.0,0,0,0.0,0,0.0,Dropout
0,1,6,6,6,5.833333333333333,0,0,1.0,6,12,5,0.0,0,7,0.4167,7,2.9167,Graduate
0,1,5,6,4,6.0,0,2,0.6667,5,8,5,0.0,1,3,0.625,5,3.0,Graduate
0,1,6,7,6,5.857142857142857,0,1,0.8571,6,6,6,0.0,0,0,1.0,1,2.9286,Graduate
0,1,6,8,6,6.333333333333333,0,2,0.75,6,7,6,0.0,0,1,0.8571,3,3.1667,Graduate
0,1,6,11,3,5.875,0,8,0.2727,6,19,4,0.0,0,15,0.2105,23,2.9375,Enrolled
0,1,6,0,0,0.0,0,0,0.0,6,0,0,0.0,0,0,0.0,0,0.0,Dropout
0,1,8,8,7,6.164285714285714,0,1,0.875,8,8,7,0.0,0,1,0.875,2,3.0821,Graduate
0,1,7,14,6,5.833333333333333,0,8,0.4286,7,10,1,0.0,0,9,0.1,17,2.9167,Dropout
0,1,12,12,12,6.625,0,0,1.0,12,12,11,0.0,0,1,0.9167,1,3.3125,Graduate
0,1,6,8,5,5.916666666666667,0,3,0.625,6,8,4,0.0,2,4,0.5,7,2.9583,Enrolled
0,1,7,7,7,6.65,0,0,1.0,8,8,8,0.0,0,0,1.0,0,3.325,Graduate
0,1,6,13,6,6.277777777777778,0,7,0.4615,6,11,5,0.0,0,6,0.4545,13,3.1389,Enrolled
0,1,6,6,6,6.416666666666667,0,0,1.0,6,7,6,0.0,0,1,0.8571,1,3.2083,Graduate
0,1,6,6,6,6.416666666666667,0,0,1.0,6,6,6,0.0,0,0,1.0,0,3.2083,Graduate
0,1,5,10,3,6.333333333333333,1,7,0.3,5,7,3,0.0,0,4,0.4286,11,3.1667,Graduate
0,1,7,8,6,6.635714285714286,0,2,0.75,8,8,7,0.0,0,1,0.875,3,3.3179,Graduate
0,1,5,5,5,6.2,0,0,1.0,5,6,5,0.0,0,1,0.8333,1,3.1,Graduate
0,1,5,10,2,7.25,1,8,0.2,5,7,4,0.0,0,3,0.5714,11,3.625,Enrolled
1,1,6,7,0,0.0,0,7,0.0,5,5,0,0.0,0,5,0.0,12,0.0,Dropout
0,1,6,7,6,7.142857142857143,0,1,0.8571,6,8,6,0.0,0,2,0.75,3,3.5714,Graduate
0,1,5,7,3,6.166666666666667,0,4,0.4286,5,9,5,0.0,0,4,0.5556,8,3.0833,Graduate
0,1,7,10,6,6.291666666666667,0,4,0.6,8,8,7,0.0,0,1,0.875,5,3.1458,Graduate
0,1,7,8,6,6.865833333333334,0,2,0.75,8,10,7,0.0,0,3,0.7,5,3.4329,Dropout
0,1,6,8,6,6.4375,0,2,0.75,6,14,5,0.0,0,9,0.3571,11,3.2188,Enrolled
0,1,10,14,8,7.3125,0,6,0.5714,7,7,5,0.0,0,2,0.7143,8,3.6562,Dropout
0,0,3,3,0,0.0,0,3,0.0,2,2,0,0.0,0,2,0.0,5,0.0,Dropout
1,1,6,8,6,6.333333333333333,0,2,0.75,6,7,6,0.0,0,1,0.8571,3,3.1667,Graduate
0,1,8,11,6,6.245833333333334,0,5,0.5455,8,11,6,0.0,0,5,0.5455,10,3.1229,Graduate
0,1,12,12,12,6.833333333333333,0,0,1.0,11,12,11,0.0,0,1,0.9167,1,3.4167,Graduate
0,1,6,13,6,8.0,0,7,0.4615,6,8,6,0.0,0,2,0.75,9,4.0,Graduate
0,1,6,8,6,7.071428571428571,0,2,0.75,6,7,6,0.0,0,1,0.8571,3,3.5357,Graduate
1,1,6,9,6,5.916666666666667,0,3,0.6667,6,9,4,0.0,0,5,0.4444,8,2.9583,Graduate
0,1,6,6,6,6.333333333333333,0,0,1.0,6,8,6,0.0,0,2,0.75,2,3.1667,Graduate
0,1,6,6,6,6.25,0,0,1.0,6,6,6,0.0,0,0,1.0,0,3.125,Graduate
1,0,11,16,9,5.444444444444445,0,7,0.5625,10,20,4,0.0,1,16,0.2,23,2.7222,Graduate
0,1,6,11,1,6.5,0,10,0.0909,5,10,0,0.0,0,10,0.0,20,3.25,Dropout
0,1,6,6,6,7.583333333333333,0,0,1.0,6,6,6,0.0,0,0,1.0,0,3.7917,Graduate
0,1,6,8,6,6.333333333333333,0,2,0.75,6,7,6,0.0,0,1,0.8571,3,3.1667,Graduate
1,1,0,0,0,0.0,0,0,0.0,0,0,0,0.0,0,0,0.0,0,0.0,Dropout
0,1,5,9,5,6.0,0,4,0.5556,5,5,5,0.0,0,0,1.0,4,3.0,Enrolled
0,0,5,5,0,0.0,0,5,0.0,5,5,0,0.0,0,5,0.0,10,0.0,Dropout
1,1,0,0,0,0.0,0,0,0.0,0,0,0,0.0,0,0,0.0,0,0.0,Graduate
0,1,5,8,2,5.5,0,6,0.25,5,6,4,0.0,0,2,0.6667,8,2.75,Dropout
0,1,6,7,6,7.857142857142857,0,1,0.8571,6,10,6,0.0,0,4,0.6,5,3.9286,Dropout
0,1,15,15,11,5.409090909090909,0,4,0.7333,14,15,11,0.0,1,4,0.7333,8,2.7045,Dropout
0,0,5,16,1,6.0,0,15,0.0625,5,6,0,0.0,0,6,0.0,21,3.0,Dropout
0,1,6,8,5,6.3,0,3,0.625,6,11,4,0.0,0,7,0.3636,10,3.15,Graduate
0,1,5,12,1,6.5,2,11,0.0833,5,7,3,0.0,0,4,0.4286,15,3.25,Enrolled
0,1,5,8,5,5.8,1,3,0.625,5,10,4,0.0,0,6,0.4,9,2.9,Graduate
1,0,5,11,1,5.0,0,10,0.0909,5,14,1,0.0,0,13,0.0714,23,2.5,Dropout
0,1,6,7,1,7.0,0,6,0.1429,6,6,0,0.0,0,6,0.0,12,3.5,Dropout
0,1,5,9,5,6.3,0,4,0.5556,5,8,2,0.0,0,6,0.25,10,3.15,Dropout
0,1,0,0,0,0.0,0,0,0.0,0,0,0,0.0,0,0,0.0,0,0.0,Dropout
0,0,5,11,2,5.666666666666667,0,9,0.1818,5,9,1,0.0,0,8,0.1111,17,2.8333,Dropout
0,1,6,6,6,6.333333333333333,0,0,1.0,6,7,5,0.0,0,2,0.7143,2,3.1667,Graduate
0,1,6,7,5,5.4,0,2,0.7143,6,10,2,0.0,0,8,0.2,10,2.7,Enrolled
0,1,7,14,5,6.439285714285715,0,9,0.3571,8,15,7,0.0,0,8,0.4667,17,3.2196,Graduate
0,1,5,5,0,0.0,0,5,0.0,5,5,0,0.0,0,5,0.0,10,0.0,Dropout
0,1,6,6,6,6.416666666666667,0,0,1.0,6,8,5,0.0,0,3,0.625,3,3.2083,Enrolled
1,1,5,5,5,6.3,0,0,1.0,5,9,3,0.0,0,6,0.3333,6,3.15,Enrolled
0,1,5,0,0,0.0,0,0,0.0,5,0,0,0.0,0,0,0.0,0,0.0,Dropout
0,1,5,11,0,0.0,0,11,0.0,5,5,0,0.0,0,5,0.0,16,0.0,Dropout
0,1,6,6,6,7.083333333333333,0,0,1.0,6,6,6,0.0,0,0,1.0,0,3.5417,Graduate
0,1,5,7,5,6.7,0,2,0.7143,5,7,4,0.0,0,3,0.5714,5,3.35,Dropout
0,1,5,8,5,5.6,0,3,0.625,5,13,4,0.0,0,9,0.3077,12,2.8,Graduate
0,1,0,0,0,0.0,0,0,0.0,0,0,0,0.0,0,0,0.0,0,0.0,Graduate
1,0,6,6,6,6.333333333333333,0,0,1.0,6,8,5,0.0,0,3,0.625,3,3.1667,Dropout
0,1,5,7,3,6.166666666666667,0,4,0.4286,5,5,4,0.0,0,1,0.8,5,3.0833,Dropout
0,1,5,7,4,6.125,0,3,0.5714,5,7,5,0.0,0,2,0.7143,5,3.0625,Graduate
1,1,0,0,0,0.0,0,0,0.0,0,0,0,0.0,0,0,0.0,0,0.0,Dropout
0,1,5,13,3,5.375,0,10,0.2308,5,9,3,0.0,0,6,0.3333,16,2.6875,Dropout
0,1,7,7,0,0.0,0,7,0.0,7,8,0,0.0,0,8,0.0,15,0.0,Dropout
1,0,6,13,0,0.0,0,13,0.0,6,6,0,0.0,0,6,0.0,19,0.0,Dropout
0,1,5,9,2,7.166666666666667,0,7,0.2222,5,10,2,0.0,0,8,0.2,15,3.5833,Enrolled
0,1,5,8,2,5.75,0,6,0.25,5,13,2,0.0,0,11,0.1538,17,2.875,Dropout
0,1,0,0,0,0.0,0,0,0.0,0,0,0,0.0,0,0,0.0,0,0.0,Graduate
0,1,5,11,2,5.25,0,9,0.1818,5,13,0,0.0,0,13,0.0,22,2.625,Dropout
0,1,6,6,6,6.75,0,0,1.0,6,0,0,0.0,0,0,0.0,0,3.375,Dropout
0,1,6,17,1,5.5,0,16,0.0588,6,19,0,0.0,0,19,0.0,35,2.75,Enrolled
0,0,6,6,1,5.0,0,5,0.1667,6,6,0,0.0,0,6,0.0,11,2.5,Dropout
0,1,6,17,0,0.0,2,17,0.0,6,8,0,0.0,0,8,0.0,25,0.0,Dropout
1,1,5,10,1,6.0,0,9,0.1,5,7,3,0.0,2,4,0.4286,13,3.0,Dropout
0,1,5,6,4,6.125,0,2,0.6667,5,5,5,0.0,0,0,1.0,2,3.0625,Dropout
0,1,10,21,5,5.7,1,16,0.2381,7,13,6,0.0,0,7,0.4615,23,2.85,Dropout
0,0,5,5,0,0.0,0,5,0.0,5,5,0,0.0,0,5,0.0,10,0.0,Dropout
0,1,6,8,4,7.125,0,4,0.5,6,10,5,0.0,0,5,0.5,9,3.5625,Graduate
0,1,12,12,11,7.227272727272728,0,1,0.9167,11,11,10,0.0,0,1,0.9091,2,3.6136,Graduate
1,1,12,13,12,7.269230769230769,0,1,0.9231,12,14,12,0.0,0,2,0.8571,3,3.6346,Graduate
0,1,7,10,6,6.366666666666667,0,4,0.6,8,10,7,0.0,0,3,0.7,7,3.1833,Graduate
0,1,12,13,5,6.6,0,8,0.3846,12,12,4,0.0,0,8,0.3333,16,3.3,Dropout
0,1,0,0,0,0.0,0,0,0.0,0,0,0,0.0,0,0,0.0,0,0.0,Graduate
0,1,6,7,6,6.166666666666667,0,1,0.8571,6,10,4,0.0,0,6,0.4,7,3.0833,Dropout
0,1,9,9,5,5.6,0,4,0.5556,9,14,7,0.0,2,7,0.5,11,2.8,Dropout
0,1,7,7,6,6.6,0,1,0.8571,7,7,6,0.0,0,1,0.8571,2,3.3,Graduate
0,1,5,8,5,5.916666666666667,0,3,0.625,5,8,4,0.0,0,4,0.5,7,2.9583,Enrolled
0,1,6,10,5,5.666666666666667,0,5,0.5,6,14,2,0.0,0,12,0.1429,17,2.8333,Enrolled
0,1,5,5,5,6.8,0,0,1.0,5,6,5,0.0,0,1,0.8333,1,3.4,Graduate
0,1,5,10,0,0.0,0,10,0.0,5,10,2,0.0,4,8,0.2,18,0.0,Dropout
0,1,6,11,5,6.428571428571429,0,6,0.4545,6,12,5,0.0,0,7,0.4167,13,3.2143,Dropout
0,1,5,16,3,7.166666666666667,0,13,0.1875,5,9,5,0.0,0,4,0.5556,17,3.5833,Enrolled
0,1,6,9,5,6.75,0,4,0.5556,6,6,6,0.0,0,0,1.0,4,3.375,Graduate
0,1,6,8,6,7.214285714285714,0,2,0.75,6,12,4,0.0,0,8,0.3333,10,3.6071,Enrolled
0,1,6,12,0,0.0,0,12,0.0,6,12,0,0.0,0,12,0.0,24,0.0,Dropout
0,0,0,0,0,0.0,0,0,0.0,0,0,0,0.0,0,0,0.0,0,0.0,Graduate
0,1,8,8,8,6.414375,0,0,1.0,8,8,8,0.0,0,0,1.0,0,3.2072,Graduate
0,1,5,6,0,0.0,5,6,0.0,5,6,4,0.0,1,2,0.6667,8,0.0,Graduate
1,1,7,0,0,0.0,0,0,0.0,8,0,0,0.0,0,0,0.0,0,0.0,Dropout
0,1,6,6,6,7.333333333333333,0,0,1.0,6,6,6,0.0,0,0,1.0,0,3.6667,Graduate
0,1,8,8,7,6.968571428571429,0,1,0.875,8,8,7,0.0,0,1,0.875,2,3.4843,Graduate
0,1,12,12,10,7.35,0,2,0.8333,12,12,12,0.0,0,0,1.0,2,3.675,Graduate
0,1,6,6,6,5.833333333333333,0,0,1.0,6,6,5,0.0,0,1,0.8333,1,2.9167,Graduate
0,1,7,7,6,7.425,0,1,0.8571,7,7,6,0.0,0,1,0.8571,2,3.7125,Graduate
0,1,5,11,1,6.0,1,10,0.0909,5,12,0,0.0,4,12,0.0,22,3.0,Dropout
0,1,7,8,7,6.84375,0,1,0.875,8,9,8,0.0,0,1,0.8889,2,3.4219,Dropout
0,1,6,14,5,6.2,0,9,0.3571,6,10,5,0.0,0,5,0.5,14,3.1,Graduate
0,1,7,10,7,6.699,0,3,0.7,8,8,8,0.0,0,0,1.0,3,3.3495,Graduate
0,1,6,13,5,5.9,0,8,0.3846,6,19,4,0.0,0,15,0.2105,23,2.95,Enrolled
0,1,5,0,0,0.0,0,0,0.0,5,0,0,0.0,0,0,0.0,0,0.0,Dropout
0,1,15,19,13,5.884615384615385,0,6,0.6842,14,17,14,0.0,0,3,0.8235,9,2.9423,Graduate
1,0,6,8,0,0.0,0,8,0.0,5,6,0,0.0,0,6,0.0,14,0.0,Dropout
0,1,6,8,6,6.642857142857143,0,2,0.75,6,11,6,0.0,0,5,0.5455,7,3.3214,Graduate
0,1,6,6,6,5.833333333333333,0,0,1.0,6,8,6,0.0,0,2,0.75,2,2.9167,Graduate
0,1,6,13,6,5.75,0,7,0.4615,6,9,5,0.0,0,4,0.5556,11,2.875,Graduate
0,1,7,9,6,6.540833333333334,0,3,0.6667,8,12,6,0.0,0,6,0.5,9,3.2704,Graduate
0,1,6,6,6,6.333333333333333,0,0,1.0,6,6,6,0.0,0,0,1.0,0,3.1667,Graduate
1,0,6,6,3,5.666666666666667,0,3,0.5,6,6,0,0.0,0,6,0.0,9,2.8333,Dropout
0,1,6,8,5,6.8,0,3,0.625,6,8,5,0.0,0,3,0.625,6,3.4,Enrolled
0,1,6,6,6,6.583333333333333,0,0,1.0,6,7,5,0.0,0,2,0.7143,2,3.2917,Dropout
0,1,6,0,0,0.0,0,0,0.0,6,0,0,0.0,0,0,0.0,0,0.0,Dropout
0,1,6,10,5,5.833333333333333,0,5,0.5,6,7,5,0.0,0,2,0.7143,7,2.9167,Graduate
0,1,6,6,6,6.75,0,0,1.0,6,7,6,0.0,0,1,0.8571,1,3.375,Graduate
1,0,6,7,0,0.0,0,7,0.0,6,6,0,0.0,0,6,0.0,13,0.0,Dropout
0,1,6,6,6,6.583333333333333,0,0,1.0,6,7,6,0.0,0,1,0.8571,1,3.2917,Graduate
1,1,5,11,4,6.25,2,7,0.3636,5,11,2,0.0,0,9,0.1818,16,3.125,Dropout
0,0,6,10,6,6.6875,0,4,0.6,6,10,6,0.0,0,4,0.6,8,3.3438,Graduate
0,1,6,6,6,6.583333333333333,0,0,1.0,6,6,6,0.0,0,0,1.0,0,3.2917,Graduate
0,1,6,12,4,6.7,0,8,0.3333,6,17,2,0.0,0,15,0.1176,23,3.35,Enrolled
0,1,7,10,3,6.5,0,7,0.3,8,10,3,0.0,4,7,0.3,14,3.25,Enrolled
0,1,8,8,7,6.577142857142858,0,1,0.875,8,8,7,0.0,0,1,0.875,2,3.2886,Graduate
0,1,6,6,6,6.416666666666667,0,0,1.0,6,6,6,0.0,0,0,1.0,0,3.2083,Graduate
0,1,7,10,7,6.071428571428571,0,3,0.7,7,7,7,0.0,0,0,1.0,3,3.0357,Graduate
0,1,7,9,5,6.67,0,4,0.5556,7,9,6,0.0,0,3,0.6667,7,3.335,Enrolled
0,1,10,15,4,6.5,0,11,0.2667,9,10,4,0.0,0,6,0.4,17,3.25,Dropout
0,1,6,18,3,6.0,0,15,0.1667,6,17,3,0.0,0,14,0.1765,29,3.0,Enrolled
0,1,0,0,0,0.0,0,0,0.0,0,0,0,0.0,0,0,0.0,0,0.0,Dropout
0,1,6,9,5,5.5,0,4,0.5556,6,12,0,0.0,0,12,0.0,16,2.75,Dropout
0,1,6,8,5,5.75,0,3,0.625,6,11,6,0.0,0,5,0.5455,8,2.875,Enrolled
1,0,9,9,3,6.666666666666667,0,6,0.3333,6,6,2,0.0,0,4,0.3333,10,3.3333,Dropout
0,1,7,9,7,7.297222222222222,0,2,0.7778,8,10,8,0.0,0,2,0.8,4,3.6486,Graduate
1,1,6,9,4,5.5,0,5,0.4444,6,13,3,0.0,0,10,0.2308,15,2.75,Dropout
1,0,5,8,0,0.0,0,8,0.0,5,5,0,0.0,0,5,0.0,13,0.0,Dropout
0,1,6,6,0,0.0,0,6,0.0,6,0,0,0.0,0,0,0.0,6,0.0,Dropout
0,1,5,9,1,6.0,0,8,0.1111,5,10,2,0.0,3,8,0.2,16,3.0,Dropout
0,1,5,8,5,7.0,0,3,0.625,5,6,5,0.0,0,1,0.8333,4,3.5,Graduate
0,1,6,8,6,6.785714285714286,0,2,0.75,6,7,5,0.0,0,2,0.7143,4,3.3929,Graduate
0,1,6,12,0,0.0,0,12,0.0,6,6,0,0.0,0,6,0.0,18,0.0,Dropout
0,1,6,8,6,7.125,0,2,0.75,6,7,6,0.0,0,1,0.8571,3,3.5625,Graduate
1,0,6,7,0,0.0,0,7,0.0,6,6,0,0.0,0,6,0.0,13,0.0,Dropout
0,1,6,12,0,0.0,0,12,0.0,6,12,0,0.0,0,12,0.0,24,0.0,Dropout
0,1,8,8,7,6.771428571428572,0,1,0.875,8,8,7,0.0,0,1,0.875,2,3.3857,Graduate
0,1,9,9,9,6.555555555555555,0,0,1.0,7,10,7,0.0,0,3,0.7,3,3.2778,Graduate
0,1,9,11,9,6.333333333333333,0,2,0.8182,7,7,7,0.0,0,0,1.0,2,3.1667,Graduate
0,1,5,10,4,5.375,1,6,0.4,5,13,2,0.0,0,11,0.1538,17,2.6875,Dropout
0,1,10,14,4,5.375,0,10,0.2857,10,10,2,0.0,0,8,0.2,18,2.6875,Dropout
0,1,6,6,6,6.833333333333333,0,0,1.0,6,6,6,0.0,0,0,1.0,0,3.4167,Graduate
0,1,6,6,6,6.916666666666667,0,0,1.0,6,6,6,0.0,0,0,1.0,0,3.4583,Graduate
0,1,18,18,17,6.588235294117646,0,1,0.9444,18,18,16,0.0,0,2,0.8889,3,3.2941,Dropout
0,1,6,8,4,6.375,0,4,0.5,6,12,5,0.0,0,7,0.4167,11,3.1875,Dropout
0,1,7,8,5,6.43,0,3,0.625,7,8,5,0.0,0,3,0.625,6,3.215,Enrolled
1,0,8,12,4,6.0,2,8,0.3333,7,9,4,0.0,2,5,0.4444,13,3.0,Dropout
0,1,11,11,9,5.833333333333333,0,2,0.8182,11,13,9,0.0,0,4,0.6923,6,2.9167,Graduate
0,1,14,14,14,8.25,0,0,1.0,11,11,11,0.0,0,0,1.0,0,4.125,Graduate
0,1,10,14,9,6.166666666666667,0,5,0.6429,7,10,7,0.0,0,3,0.7,8,3.0833,Graduate
0,1,7,8,7,6.295625,0,1,0.875,8,11,7,0.0,0,4,0.6364,5,3.1478,Enrolled
0,1,6,9,4,5.75,0,5,0.4444,6,12,3,0.0,0,9,0.25,14,2.875,Dropout
0,1,18,19,18,5.947368421052632,0,1,0.9474,13,13,13,0.0,0,0,1.0,1,2.9737,Graduate
0,1,6,0,0,0.0,0,0,0.0,6,0,0,0.0,0,0,0.0,0,0.0,Dropout
0,0,6,0,0,0.0,0,0,0.0,6,0,0,0.0,0,0,0.0,0,0.0,Dropout
0,1,6,13,5,6.5,0,8,0.3846,6,13,2,0.0,0,11,0.1538,19,3.25,Enrolled
0,1,6,9,0,0.0,0,9,0.0,6,6,0,0.0,0,6,0.0,15,0.0,Dropout
0,1,6,6,6,7.583333333333333,0,0,1.0,6,6,6,0.0,0,0,1.0,0,3.7917,Graduate
0,1,6,8,4,5.875,0,4,0.5,6,8,2,0.0,0,6,0.25,10,2.9375,Dropout
0,1,5,5,0,0.0,0,5,0.0,5,6,1,0.0,0,5,0.1667,10,0.0,Enrolled
0,1,0,0,0,0.0,0,0,0.0,0,0,0,0.0,0,0,0.0,0,0.0,Dropout
0,1,6,11,3,5.666666666666667,0,8,0.2727,6,10,3,0.0,0,7,0.3,15,2.8333,Dropout
0,1,6,10,5,6.3,0,5,0.5,6,6,5,0.0,0,1,0.8333,6,3.15,Graduate
0,1,5,10,0,0.0,0,10,0.0,5,10,1,0.0,3,9,0.1,19,0.0,Dropout
0,1,6,8,6,7.75,0,2,0.75,6,9,4,0.0,0,5,0.4444,7,3.875,Dropout
0,1,8,8,7,6.182857142857144,0,1,0.875,8,8,7,0.0,0,1,0.875,2,3.0914,Graduate
0,1,6,7,5,6.6,0,2,0.7143,6,10,5,0.0,0,5,0.5,7,3.3,Enrolled
0,1,12,12,7,5.714285714285714,0,5,0.5833,12,12,7,0.0,0,5,0.5833,10,2.8571,Enrolled
0,1,6,0,0,0.0,0,0,0.0,6,0,0,0.0,0,0,0.0,0,0.0,Dropout
0,1,6,10,4,7.0,0,6,0.4,6,9,6,0.0,0,3,0.6667,9,3.5,Graduate
0,1,12,12,3,6.0,0,9,0.25,12,16,5,0.0,0,11,0.3125,20,3.0,Dropout
0,0,4,4,0,0.0,4,4,0.0,5,8,3,0.0,0,5,0.375,9,0.0,Dropout
0,0,5,13,4,5.0,0,9,0.3077,5,7,3,0.0,0,4,0.4286,13,2.5,Dropout
0,1,5,9,1,5.0,0,8,0.1111,5,10,1,0.0,0,9,0.1,17,2.5,Dropout
0,0,0,0,0,0.0,0,0,0.0,0,0,0,0.0,0,0,0.0,0,0.0,Dropout
0,1,6,7,6,5.583333333333333,0,1,0.8571,6,12,3,0.0,0,9,0.25,10,2.7917,Enrolled
0,1,6,12,4,5.875,0,8,0.3333,6,13,3,0.0,0,10,0.2308,18,2.9375,Enrolled
0,1,6,13,3,5.875,0,10,0.2308,6,10,0,0.0,0,10,0.0,20,2.9375,Dropout
0,1,5,8,1,5.0,0,7,0.125,5,7,1,0.0,0,6,0.1429,13,2.5,Dropout
0,1,5,8,3,7.0,0,5,0.375,5,5,5,0.0,0,0,1.0,5,3.5,Graduate
1,0,5,5,0,0.0,0,5,0.0,5,5,0,0.0,0,5,0.0,10,0.0,Dropout
0,0,6,12,3,6.0,0,9,0.25,6,15,0,0.0,0,15,0.0,24,3.0,Dropout
0,0,6,10,0,0.0,0,10,0.0,5,10,0,0.0,0,10,0.0,20,0.0,Dropout
1,0,10,19,8,5.944444444444445,0,11,0.4211,8,17,5,0.0,1,12,0.2941,23,2.9722,Dropout
0,1,6,6,6,6.916666666666667,0,0,1.0,6,6,6,0.0,0,0,1.0,0,3.4583,Graduate
0,0,5,5,0,0.0,0,5,0.0,5,5,0,0.0,0,5,0.0,10,0.0,Dropout
0,0,6,8,5,5.7,0,3,0.625,6,9,5,0.0,0,4,0.5556,7,2.85,Dropout
0,1,6,8,0,0.0,0,8,0.0,6,8,2,0.0,0,6,0.25,14,0.0,Dropout
1,1,17,17,14,5.321428571428571,1,3,0.8235,12,12,12,0.0,0,0,1.0,3,2.6607,Dropout
0,0,6,10,2,5.5,0,8,0.2,6,12,0,0.0,0,12,0.0,20,2.75,Dropout
0,1,6,6,6,8.416666666666666,0,0,1.0,6,6,6,0.0,0,0,1.0,0,4.2083,Graduate
0,1,6,8,6,6.785714285714286,0,2,0.75,6,9,5,0.0,0,4,0.5556,6,3.3929,Graduate
1,1,5,11,5,7.357142857142857,0,6,0.4545,5,14,5,0.0,5,9,0.3571,15,3.6786,Graduate
0,1,5,8,0,0.0,0,8,0.0,5,5,0,0.0,0,5,0.0,13,0.0,Dropout
0,1,5,14,1,5.0,0,13,0.0714,5,14,1,0.0,0,13,0.0714,26,2.5,Dropout
0,1,6,15,1,5.5,0,14,0.0667,6,13,4,0.0,0,9,0.3077,23,2.75,Dropout
0,1,6,6,1,5.5,0,5,0.1667,6,0,0,0.0,0,0,0.0,5,2.75,Dropout
0,1,6,6,5,6.0,0,1,0.8333,6,6,6,0.0,0,0,1.0,1,3.0,Graduate
0,1,6,10,6,5.5625,0,4,0.6,6,7,6,0.0,0,1,0.8571,5,2.7812,Graduate
1,0,6,13,3,5.666666666666667,0,10,0.2308,6,8,2,0.0,0,6,0.25,16,2.8333,Dropout
0,1,6,15,2,6.0,0,13,0.1333,6,12,0,0.0,0,12,0.0,25,3.0,Dropout
0,1,7,8,0,0.0,1,8,0.0,7,7,0,0.0,0,7,0.0,15,0.0,Dropout
0,1,8,8,7,7.27,0,1,0.875,8,8,7,0.0,0,1,0.875,2,3.635,Graduate
0,1,6,9,6,6.083333333333333,0,3,0.6667,6,14,4,0.0,0,10,0.2857,13,3.0417,Graduate
1,0,5,13,4,6.75,1,9,0.3077,5,12,3,0.0,1,9,0.25,18,3.375,Dropout
0,1,6,8,6,7.375,0,2,0.75,6,9,5,0.0,0,4,0.5556,6,3.6875,Graduate
0,1,5,8,5,6.1875,0,3,0.625,5,7,5,0.0,0,2,0.7143,5,3.0938,Graduate
0,1,7,7,6,6.366666666666667,0,1,0.8571,7,7,6,0.0,0,1,0.8571,2,3.1833,Graduate
0,0,6,9,4,6.25,0,5,0.4444,6,6,0,0.0,0,6,0.0,11,3.125,Dropout
1,0,5,5,0,0.0,1,5,0.0,5,5,0,0.0,5,5,0.0,10,0.0,Dropout
0,1,7,7,0,0.0,6,7,0.0,7,7,0,0.0,6,7,0.0,14,0.0,Dropout
0,1,7,7,7,6.72142857142857,0,0,1.0,8,8,7,0.0,0,1,0.875,1,3.3607,Dropout
0,1,8,8,8,7.1,0,0,1.0,8,8,8,0.0,0,0,1.0,0,3.55,Graduate
0,1,7,7,6,6.775,0,1,0.8571,7,7,6,0.0,0,1,0.8571,2,3.3875,Graduate
0,1,5,5,5,5.8,0,0,1.0,5,6,5,0.0,0,1,0.8333,1,2.9,Graduate
0,1,6,7,6,6.785714285714286,0,1,0.8571,6,7,6,0.0,0,1,0.8571,2,3.3929,Graduate
0,1,6,6,6,6.916666666666667,0,0,1.0,6,6,6,0.0,0,0,1.0,0,3.4583,Graduate
1,0,6,7,4,5.625,0,3,0.5714,6,9,4,0.0,0,5,0.4444,8,2.8125,Dropout
0,1,6,7,5,5.1,0,2,0.7143,6,9,4,0.0,0,5,0.4444,7,2.55,Graduate
0,1,8,8,7,7.837857142857142,0,1,0.875,8,8,7,0.0,0,1,0.875,2,3.9189,Graduate
1,1,6,9,6,5.416666666666667,0,3,0.6667,6,8,6,0.0,0,2,0.75,5,2.7083,Graduate
0,1,6,6,6,7.25,0,0,1.0,6,7,5,0.0,0,2,0.7143,2,3.625,Enrolled
0,1,6,12,4,5.2,0,8,0.3333,6,11,4,0.0,0,7,0.3636,15,2.6,Enrolled
0,1,5,7,5,6.5,1,2,0.7143,5,7,5,0.0,0,2,0.7143,4,3.25,Graduate
0,1,7,7,7,6.121428571428572,0,0,1.0,8,8,8,0.0,0,0,1.0,0,3.0607,Graduate
1,1,7,7,7,6.5,0,0,1.0,7,8,6,0.0,0,2,0.75,2,3.25,Enrolled
0,1,6,6,6,7.083333333333333,0,0,1.0,6,7,6,0.0,0,1,0.8571,1,3.5417,Enrolled
0,1,5,11,4,7.125,0,7,0.3636,5,7,4,0.0,0,3,0.5714,10,3.5625,Graduate
0,0,5,14,1,6.0,2,13,0.0714,5,11,2,0.0,1,9,0.1818,22,3.0,Dropout
0,1,7,11,4,6.625,0,7,0.3636,7,9,5,0.0,0,4,0.5556,11,3.3125,Enrolled
0,1,7,7,6,6.591666666666666,0,1,0.8571,7,7,6,0.0,0,1,0.8571,2,3.2958,Graduate
0,1,6,6,1,5.5,0,5,0.1667,6,6,0,0.0,0,6,0.0,11,2.75,Enrolled
0,1,7,8,7,5.98625,0,1,0.875,8,8,8,0.0,0,0,1.0,1,2.9931,Graduate
0,1,6,7,5,6.2,0,2,0.7143,6,8,5,0.0,0,3,0.625,5,3.1,Graduate
0,1,8,9,5,6.3,2,4,0.5556,7,13,5,0.0,0,8,0.3846,12,3.15,Enrolled
0,1,7,7,6,6.95,0,1,0.8571,7,7,6,0.0,0,1,0.8571,2,3.475,Graduate
0,1,6,11,4,5.75,0,7,0.3636,6,12,3,0.0,0,9,0.25,16,2.875,Enrolled
0,1,5,6,4,7.1,0,2,0.6667,5,10,4,0.0,0,6,0.4,8,3.55,Enrolled
0,0,5,12,3,5.333333333333333,2,9,0.25,5,15,3,0.0,0,12,0.2,21,2.6667,Dropout
0,0,7,14,0,0.0,0,14,0.0,8,0,0,0.0,0,0,0.0,14,0.0,Dropout
0,1,6,10,6,5.5,0,4,0.6,6,14,3,0.0,0,11,0.2143,15,2.75,Graduate
0,1,8,8,7,6.978571428571428,0,1,0.875,8,8,7,0.0,0,1,0.875,2,3.4893,Graduate
0,1,6,11,4,6.25,1,7,0.3636,6,13,3,0.0,0,10,0.2308,17,3.125,Enrolled
1,1,6,8,6,6.666666666666667,0,2,0.75,6,7,6,0.0,0,1,0.8571,3,3.3333,Graduate
0,1,5,5,0,0.0,0,5,0.0,5,6,0,0.0,0,6,0.0,11,0.0,Dropout
0,1,6,9,6,5.833333333333333,0,3,0.6667,6,8,5,0.0,0,3,0.625,6,2.9167,Enrolled
0,1,6,7,6,7.857142857142857,0,1,0.8571,6,7,6,0.0,0,1,0.8571,2,3.9286,Graduate
0,1,6,8,5,5.5,0,3,0.625,6,9,5,0.0,0,4,0.5556,7,2.75,Graduate
1,1,5,8,4,6.125,0,4,0.5,5,7,4,0.0,2,3,0.5714,7,3.0625,Graduate
1,1,10,25,5,6.1,0,20,0.2,9,18,8,0.0,0,10,0.4444,30,3.05,Dropout
0,1,5,6,5,6.5,0,1,0.8333,5,5,5,0.0,0,0,1.0,1,3.25,Graduate
0,1,6,11,4,6.0,0,7,0.3636,6,7,6,0.0,0,1,0.8571,8,3.0,Graduate
0,1,6,6,6,6.666666666666667,0,0,1.0,6,7,6,0.0,0,1,0.8571,1,3.3333,Graduate
0,1,5,6,3,6.5,0,3,0.5,5,7,3,0.0,1,4,0.4286,7,3.25,Enrolled
0,1,8,8,7,6.455,0,1,0.875,8,8,7,0.0,0,1,0.875,2,3.2275,Graduate
0,1,6,8,6,5.5,0,2,0.75,6,13,3,0.0,0,10,0.2308,12,2.75,Graduate
0,1,7,8,6,6.789999999999999,0,2,0.75,8,8,8,0.0,0,0,1.0,2,3.395,Graduate
0,1,6,10,4,6.2,0,6,0.4,6,8,6,0.0,0,2,0.75,8,3.1,Graduate
0,1,9,13,8,6.444444444444445,0,5,0.6154,7,9,7,0.0,0,2,0.7778,7,3.2222,Graduate
1,1,12,12,11,5.772727272727272,0,1,0.9167,11,18,9,0.0,1,9,0.5,10,2.8864,Enrolled
0,1,5,6,1,5.0,0,5,0.1667,5,5,0,0.0,0,5,0.0,10,2.5,Enrolled
0,1,8,8,8,7.170625,0,0,1.0,8,8,8,0.0,0,0,1.0,0,3.5853,Graduate
1,0,6,8,6,7.071428571428571,0,2,0.75,6,6,5,0.0,0,1,0.8333,3,3.5357,Dropout
0,1,0,0,0,0.0,0,0,0.0,0,0,0,0.0,0,0,0.0,0,0.0,Graduate
0,1,6,10,5,5.9,0,5,0.5,6,13,4,0.0,0,9,0.3077,14,2.95,Enrolled
0,1,6,6,6,6.666666666666667,0,0,1.0,6,6,6,0.0,0,0,1.0,0,3.3333,Graduate
0,1,6,8,6,7.25,0,2,0.75,6,9,6,0.0,0,3,0.6667,5,3.625,Graduate
0,1,10,13,8,6.333333333333333,0,5,0.6154,10,12,10,0.0,0,2,0.8333,7,3.1667,Graduate
1,1,5,13,1,5.0,0,12,0.0769,5,8,2,0.0,0,6,0.25,18,2.5,Enrolled
0,1,6,10,0,0.0,0,10,0.0,6,6,0,0.0,0,6,0.0,16,0.0,Dropout
0,1,6,12,4,5.5,0,8,0.3333,6,6,4,0.0,0,2,0.6667,10,2.75,Enrolled
1,1,5,10,2,6.0,2,8,0.2,5,9,4,0.0,0,5,0.4444,13,3.0,Dropout
0,1,6,10,4,5.0,0,6,0.4,6,12,2,0.0,0,10,0.1667,16,2.5,Enrolled
0,1,7,7,7,7.104285714285715,0,0,1.0,8,9,8,0.0,0,1,0.8889,1,3.5521,Graduate
0,1,7,7,7,7.15357142857143,0,0,1.0,8,8,8,0.0,0,0,1.0,0,3.5768,Graduate
0,1,5,8,3,5.5,0,5,0.375,5,12,4,0.0,0,8,0.3333,13,2.75,Enrolled
0,1,7,14,0,0.0,0,14,0.0,6,6,0,0.0,0,6,0.0,20,0.0,Dropout
0,1,6,10,6,6.0,0,4,0.6,6,12,4,0.0,0,8,0.3333,12,3.0,Graduate
1,0,5,0,0,0.0,0,0,0.0,5,0,0,0.0,0,0,0.0,0,0.0,Dropout
1,0,6,6,0,0.0,0,6,0.0,6,7,0,0.0,0,7,0.0,13,0.0,Dropout
0,1,6,7,6,6.928571428571429,0,1,0.8571,6,7,6,0.0,0,1,0.8571,2,3.4643,Graduate
0,1,0,0,0,0.0,0,0,0.0,0,0,0,0.0,0,0,0.0,0,0.0,Graduate
0,1,7,0,0,0.0,0,0,0.0,7,0,0,0.0,0,0,0.0,0,0.0,Dropout
0,1,6,8,5,5.5,0,3,0.625,6,9,5,0.0,0,4,0.5556,7,2.75,Graduate
0,1,5,9,5,6.6,0,4,0.5556,5,13,5,0.0,5,8,0.3846,12,3.3,Graduate
0,1,6,7,6,6.75,0,1,0.8571,6,6,3,0.0,0,3,0.5,4,3.375,Dropout
0,1,5,5,0,0.0,0,5,0.0,5,0,0,0.0,0,0,0.0,5,0.0,Dropout
0,1,8,8,7,7.107142857142857,0,1,0.875,8,8,7,0.0,0,1,0.875,2,3.5536,Graduate
0,1,5,5,5,6.5,0,0,1.0,5,5,5,0.0,0,0,1.0,0,3.25,Graduate
0,1,6,13,2,6.0,0,11,0.1538,6,14,1,0.0,0,13,0.0714,24,3.0,Dropout
0,1,7,0,0,0.0,0,0,0.0,8,0,0,0.0,0,0,0.0,0,0.0,Dropout
0,1,5,6,5,6.4,1,1,0.8333,5,6,5,0.0,0,1,0.8333,2,3.2,Graduate
0,1,5,11,4,6.8,2,7,0.3636,5,9,4,0.0,0,5,0.4444,12,3.4,Graduate
0,1,7,7,7,6.985714285714286,0,0,1.0,8,8,8,0.0,0,0,1.0,0,3.4929,Graduate
0,1,6,8,6,7.5,0,2,0.75,6,9,6,0.0,0,3,0.6667,5,3.75,Graduate
0,0,6,0,0,0.0,0,0,0.0,6,0,0,0.0,0,0,0.0,0,0.0,Dropout
0,1,26,27,26,7.53888888888889,0,1,0.963,17,17,17,0.0,0,0,1.0,1,3.7694,Graduate
0,1,7,7,6,6.691666666666666,0,1,0.8571,7,7,6,0.0,0,1,0.8571,2,3.3458,Graduate
1,1,12,12,12,6.625,0,0,1.0,11,16,10,0.0,0,6,0.625,6,3.3125,Graduate
1,0,6,10,5,5.857142857142857,0,5,0.5,6,13,2,0.0,0,11,0.1538,16,2.9286,Dropout
0,1,8,8,8,6.505625,0,0,1.0,8,8,8,0.0,0,0,1.0,0,3.2528,Graduate
0,1,6,12,3,5.333333333333333,2,9,0.25,6,12,4,0.0,0,8,0.3333,17,2.6667,Dropout
0,1,7,14,0,0.0,0,14,0.0,7,15,0,0.0,0,15,0.0,29,0.0,Enrolled
0,1,6,9,6,6.5,0,3,0.6667,6,18,3,0.0,0,15,0.1667,18,3.25,Graduate
0,1,5,5,5,6.0,0,0,1.0,5,7,5,0.0,0,2,0.7143,2,3.0,Graduate
0,1,6,6,6,6.083333333333333,0,0,1.0,6,7,5,0.0,0,2,0.7143,2,3.0417,Graduate
0,1,7,10,6,5.925,0,4,0.6,8,10,7,0.0,0,3,0.7,7,2.9625,Graduate
0,1,5,8,4,5.5,0,4,0.5,5,6,5,0.0,0,1,0.8333,5,2.75,Graduate
1,1,7,9,7,6.163888888888889,0,2,0.7778,8,10,8,0.0,0,2,0.8,4,3.0819,Graduate
0,1,5,9,4,6.0,0,5,0.4444,5,10,5,0.0,1,5,0.5,10,3.0,Graduate
0,1,7,7,7,7.214285714285714,0,0,1.0,8,9,8,0.0,0,1,0.8889,1,3.6071,Graduate
0,1,7,7,7,6.89,0,0,1.0,8,8,8,0.0,0,0,1.0,0,3.445,Graduate
0,1,7,7,6,6.9,0,1,0.8571,7,7,6,0.0,0,1,0.8571,2,3.45,Graduate
0,1,7,7,7,7.428571428571429,0,0,1.0,7,7,7,0.0,0,0,1.0,0,3.7143,Graduate
0,1,6,8,5,6.5,0,3,0.625,6,7,5,0.0,0,2,0.7143,5,3.25,Enrolled
0,1,6,7,6,6.071428571428571,0,1,0.8571,6,6,6,0.0,0,0,1.0,1,3.0357,Graduate
0,1,6,7,6,7.833333333333333,0,1,0.8571,6,6,6,0.0,0,0,1.0,1,3.9167,Graduate
0,1,7,13,5,6.25,0,8,0.3846,8,14,7,0.0,0,7,0.5,15,3.125,Graduate
0,1,6,7,6,6.416666666666667,0,1,0.8571,6,6,6,0.0,0,0,1.0,1,3.2083,Graduate
1,0,6,6,0,0.0,0,6,0.0,6,7,0,0.0,0,7,0.0,13,0.0,Dropout
0,1,6,6,6,6.25,0,0,1.0,6,6,6,0.0,0,0,1.0,0,3.125,Graduate
0,1,6,14,4,5.625,0,10,0.2857,6,9,5,0.0,0,4,0.5556,14,2.8125,Graduate
0,1,7,7,6,7.625,0,1,0.8571,7,7,6,0.0,0,1,0.8571,2,3.8125,Graduate
0,1,5,13,5,7.0,2,8,0.3846,5,10,3,0.0,1,7,0.3,15,3.5,Graduate
1,1,16,16,13,6.038461538461538,0,3,0.8125,13,13,11,0.0,0,2,0.8462,5,3.0192,Graduate
0,1,16,17,16,7.3125,0,1,0.9412,10,12,9,0.0,0,3,0.75,4,3.6562,Graduate
0,1,7,10,4,5.25,0,6,0.4,7,7,2,0.0,0,5,0.2857,11,2.625,Dropout
0,1,6,8,6,6.416666666666667,0,2,0.75,6,6,6,0.0,0,0,1.0,2,3.2083,Graduate
1,0,6,6,6,6.25,0,0,1.0,6,7,5,0.0,0,2,0.7143,2,3.125,Graduate
0,1,12,13,12,5.615384615384615,0,1,0.9231,11,18,9,0.0,0,9,0.5,10,2.8077,Graduate
0,1,5,5,2,5.25,0,3,0.4,5,5,0,0.0,0,5,0.0,8,2.625,Dropout
0,1,6,11,3,6.0,0,8,0.2727,6,13,2,0.0,0,11,0.1538,19,3.0,Dropout
0,1,7,10,7,5.492857142857143,0,3,0.7,8,11,8,0.0,0,3,0.7273,6,2.7464,Graduate
0,0,7,10,5,6.31,0,5,0.5,7,11,3,0.0,0,8,0.2727,13,3.155,Dropout
0,1,7,9,6,6.5,0,3,0.6667,8,8,8,0.0,0,0,1.0,3,3.25,Dropout
0,0,5,5,0,0.0,0,5,0.0,5,5,0,0.0,0,5,0.0,10,0.0,Dropout
0,1,5,0,0,0.0,0,0,0.0,5,0,0,0.0,0,0,0.0,0,0.0,Dropout
0,1,6,6,6,6.75,0,0,1.0,6,6,6,0.0,0,0,1.0,0,3.375,Graduate
0,1,7,7,6,6.758333333333333,0,1,0.8571,7,7,6,0.0,0,1,0.8571,2,3.3792,Graduate
0,1,6,6,6,6.583333333333333,0,0,1.0,6,8,6,0.0,0,2,0.75,2,3.2917,Graduate
0,1,6,0,0,0.0,0,0,0.0,6,0,0,0.0,0,0,0.0,0,0.0,Dropout
0,1,6,8,6,6.5625,0,2,0.75,6,10,6,0.0,0,4,0.6,6,3.2812,Graduate
0,1,6,15,3,7.2,0,12,0.2,6,20,0,0.0,0,20,0.0,32,3.6,Dropout
0,0,6,10,4,6.0,0,6,0.4,6,12,0,0.0,0,12,0.0,18,3.0,Dropout
0,1,5,5,0,0.0,0,5,0.0,5,10,0,0.0,0,10,0.0,15,0.0,Dropout
0,1,7,7,0,0.0,0,7,0.0,7,7,0,0.0,0,7,0.0,14,0.0,Dropout
0,1,5,15,3,5.4,0,12,0.2,5,6,3,0.0,0,3,0.5,15,2.7,Enrolled
0,1,6,0,0,0.0,0,0,0.0,6,0,0,0.0,0,0,0.0,0,0.0,Dropout
0,1,7,7,7,8.065714285714286,0,0,1.0,8,9,8,0.0,0,1,0.8889,1,4.0329,Graduate
0,1,7,7,7,7.419285714285714,0,0,1.0,8,9,8,0.0,0,1,0.8889,1,3.7096,Graduate
0,1,5,7,3,5.166666666666667,0,4,0.4286,5,6,3,0.0,0,3,0.5,7,2.5833,Dropout
0,1,6,11,3,6.0,0,8,0.2727,6,11,4,0.0,0,7,0.3636,15,3.0,Dropout
0,1,6,6,0,0.0,0,6,0.0,5,5,0,0.0,0,5,0.0,11,0.0,Dropout
0,1,6,6,6,6.583333333333333,0,0,1.0,6,6,6,0.0,0,0,1.0,0,3.2917,Graduate
0,1,8,8,8,6.97375,0,0,1.0,8,8,8,0.0,0,0,1.0,0,3.4869,Graduate
0,1,5,6,3,5.666666666666667,0,3,0.5,5,5,0,0.0,0,5,0.0,8,2.8333,Dropout
0,1,8,11,7,6.375,0,4,0.6364,7,7,7,0.0,0,0,1.0,4,3.1875,Graduate
0,1,5,6,5,6.3,0,1,0.8333,5,8,5,0.0,0,3,0.625,4,3.15,Graduate
0,1,8,8,6,6.125,1,2,0.75,8,8,6,0.0,1,2,0.75,4,3.0625,Dropout
0,1,7,14,0,0.0,6,14,0.0,7,12,2,0.0,0,10,0.1667,24,0.0,Enrolled
0,1,5,8,5,5.5,0,3,0.625,5,7,5,0.0,0,2,0.7143,5,2.75,Enrolled
0,1,12,17,12,5.916666666666667,0,5,0.7059,12,22,9,0.0,0,13,0.4091,18,2.9583,Graduate
0,1,8,10,6,6.533333333333334,0,4,0.6,8,10,6,0.0,0,4,0.6,8,3.2667,Dropout
1,1,6,6,6,6.916666666666667,0,0,1.0,6,8,6,0.0,0,2,0.75,2,3.4583,Graduate
0,1,7,7,3,6.916666666666667,1,4,0.4286,7,7,0,0.0,0,7,0.0,11,3.4583,Dropout
0,1,5,5,5,5.9,0,0,1.0,5,5,5,0.0,0,0,1.0,0,2.95,Graduate
0,1,12,12,12,6.666666666666667,0,0,1.0,11,15,10,0.0,0,5,0.6667,5,3.3333,Enrolled
0,1,8,8,8,6.873125,0,0,1.0,8,8,8,0.0,0,0,1.0,0,3.4366,Graduate
0,1,0,0,0,0.0,0,0,0.0,0,0,0,0.0,0,0,0.0,0,0.0,Dropout
0,1,6,0,0,0.0,0,0,0.0,6,0,0,0.0,0,0,0.0,0,0.0,Dropout
0,1,6,9,0,0.0,0,9,0.0,6,6,0,0.0,0,6,0.0,15,0.0,Dropout
0,1,6,6,6,6.666666666666667,0,0,1.0,6,10,5,0.0,0,5,0.5,5,3.3333,Graduate
0,1,6,8,1,5.0,0,7,0.125,6,13,5,0.0,0,8,0.3846,15,2.5,Enrolled
0,1,6,7,6,7.833333333333333,0,1,0.8571,6,8,6,0.0,0,2,0.75,3,3.9167,Graduate
0,1,7,9,7,5.928571428571429,0,2,0.7778,7,7,7,0.0,0,0,1.0,2,2.9643,Graduate
0,1,5,12,5,7.25,2,7,0.4167,5,5,5,0.0,0,0,1.0,7,3.625,Graduate
0,1,6,6,6,6.083333333333333,0,0,1.0,6,7,6,0.0,0,1,0.8571,1,3.0417,Graduate
0,1,6,6,5,6.3,0,1,0.8333,6,8,6,0.0,0,2,0.75,3,3.15,Graduate
0,1,8,12,7,6.142857142857143,0,5,0.5833,8,12,7,0.0,0,5,0.5833,10,3.0714,Enrolled
1,1,6,6,6,6.333333333333333,0,0,1.0,6,7,6,0.0,0,1,0.8571,1,3.1667,Graduate
0,1,7,0,0,0.0,0,0,0.0,8,0,0,0.0,0,0,0.0,0,0.0,Dropout
0,1,6,7,6,6.428571428571429,0,1,0.8571,6,10,4,0.0,0,6,0.4,7,3.2143,Graduate
0,1,8,8,7,6.95,0,1,0.875,8,8,7,0.0,0,1,0.875,2,3.475,Graduate
0,1,8,8,7,6.908571428571428,0,1,0.875,8,8,7,0.0,0,1,0.875,2,3.4543,Graduate
0,1,7,10,6,6.657142857142858,0,4,0.6,8,10,7,0.0,0,3,0.7,7,3.3286,Graduate
0,1,6,0,0,0.0,0,0,0.0,6,0,0,0.0,0,0,0.0,0,0.0,Dropout
0,1,6,6,6,6.083333333333333,0,0,1.0,6,6,6,0.0,0,0,1.0,0,3.0417,Graduate
0,0,6,12,4,5.625,0,8,0.3333,6,12,3,0.0,0,9,0.25,17,2.8125,Dropout
0,1,6,6,5,6.2,0,1,0.8333,6,8,6,0.0,0,2,0.75,3,3.1,Enrolled
0,1,6,6,6,7.333333333333333,0,0,1.0,6,7,6,0.0,0,1,0.8571,1,3.6667,Graduate
0,1,6,15,4,6.0,0,11,0.2667,6,14,4,0.0,0,10,0.2857,21,3.0,Dropout
0,1,6,8,6,7.0,0,2,0.75,6,18,3,0.0,0,15,0.1667,17,3.5,Graduate
0,1,6,10,6,6.285714285714286,0,4,0.6,6,12,4,0.0,0,8,0.3333,12,3.1429,Enrolled
0,1,6,14,6,7.769230769230769,0,8,0.4286,6,9,6,0.0,0,3,0.6667,11,3.8846,Graduate
0,0,6,0,0,0.0,0,0,0.0,6,0,0,0.0,0,0,0.0,0,0.0,Dropout
0,1,6,6,6,7.5,0,0,1.0,6,6,6,0.0,0,0,1.0,0,3.75,Graduate
0,1,5,11,4,6.125,0,7,0.3636,5,9,5,0.0,0,4,0.5556,11,3.0625,Graduate
0,1,11,13,11,7.846153846153846,0,2,0.8462,9,9,9,0.0,0,0,1.0,2,3.9231,Graduate
0,1,5,7,5,6.142857142857143,0,2,0.7143,5,9,5,0.0,1,4,0.5556,6,3.0714,Graduate
1,1,17,19,12,5.916666666666667,0,7,0.6316,17,22,11,0.0,0,11,0.5,18,2.9583,Enrolled
0,1,6,6,6,6.083333333333333,0,0,1.0,6,7,5,0.0,0,2,0.7143,2,3.0417,Enrolled
0,1,7,10,7,5.944444444444445,0,3,0.7,8,10,8,0.0,0,2,0.8,5,2.9722,Graduate
0,0,6,0,0,0.0,0,0,0.0,6,0,0,0.0,0,0,0.0,0,0.0,Dropout
0,1,5,6,5,5.9,0,1,0.8333,5,5,5,0.0,0,0,1.0,1,2.95,Graduate
0,1,6,7,6,5.583333333333333,0,1,0.8571,6,9,6,0.0,0,3,0.6667,4,2.7917,Graduate
0,1,7,7,7,7.02857142857143,0,0,1.0,8,9,8,0.0,0,1,0.8889,1,3.5143,Graduate
0,1,6,10,4,5.875,0,6,0.4,6,13,4,0.0,0,9,0.3077,15,2.9375,Dropout
0,1,6,6,6,6.583333333333333,0,0,1.0,6,8,6,0.0,0,2,0.75,2,3.2917,Enrolled
0,1,6,7,6,6.75,0,1,0.8571,6,7,6,0.0,0,1,0.8571,2,3.375,Graduate
0,1,7,10,7,6.3125,0,3,0.7,8,8,8,0.0,0,0,1.0,3,3.1562,Graduate
0,1,6,0,0,0.0,0,0,0.0,6,0,0,0.0,0,0,0.0,0,0.0,Dropout
0,1,8,8,7,6.985714285714286,0,1,0.875,8,8,7,0.0,0,1,0.875,2,3.4929,Graduate
0,1,6,7,2,5.5,0,5,0.2857,6,0,0,0.0,0,0,0.0,5,2.75,Dropout
0,1,5,5,5,6.4,0,0,1.0,5,6,5,0.0,0,1,0.8333,1,3.2,Graduate
0,1,6,8,6,6.785714285714286,0,2,0.75,6,6,5,0.0,0,1,0.8333,3,3.3929,Enrolled
0,0,0,0,0,0.0,0,0,0.0,0,0,0,0.0,0,0,0.0,0,0.0,Dropout
1,1,5,9,2,5.75,0,7,0.2222,5,13,4,0.0,1,9,0.3077,16,2.875,Enrolled
0,1,6,8,4,5.625,0,4,0.5,6,8,4,0.0,0,4,0.5,8,2.8125,Enrolled
0,1,5,7,5,6.857142857142857,0,2,0.7143,5,7,5,0.0,0,2,0.7143,4,3.4286,Graduate
0,0,4,4,0,0.0,0,4,0.0,5,0,0,0.0,0,0,0.0,4,0.0,Dropout
1,0,6,9,6,6.0,0,3,0.6667,6,8,3,0.0,0,5,0.375,8,3.0,Dropout
0,1,6,7,6,6.333333333333333,0,1,0.8571,6,7,6,0.0,0,1,0.8571,2,3.1667,Graduate
0,1,8,11,7,6.645,3,4,0.6364,8,11,7,0.0,3,4,0.6364,8,3.3225,Enrolled
0,1,10,15,8,5.1875,0,7,0.5333,10,13,9,0.0,0,4,0.6923,11,2.5938,Enrolled
0,0,7,13,3,6.0,0,10,0.2308,7,15,1,0.0,1,14,0.0667,24,3.0,Dropout
0,1,6,10,5,5.7,0,5,0.5,6,7,6,0.0,0,1,0.8571,6,2.85,Graduate
1,0,5,15,2,6.625,0,13,0.1333,5,12,3,0.0,3,9,0.25,22,3.3125,Dropout
0,1,7,7,6,6.930833333333333,0,1,0.8571,8,16,0,0.0,1,16,0.0,17,3.4654,Dropout
0,1,6,6,6,6.083333333333333,0,0,1.0,6,7,6,0.0,0,1,0.8571,1,3.0417,Graduate
0,1,6,17,4,6.875,0,13,0.2353,6,15,6,0.0,0,9,0.4,22,3.4375,Graduate
0,1,7,7,6,7.716666666666666,0,1,0.8571,7,7,6,0.0,0,1,0.8571,2,3.8583,Graduate
0,1,6,6,6,6.916666666666667,0,0,1.0,6,6,6,0.0,0,0,1.0,0,3.4583,Graduate
0,1,14,21,12,5.916666666666667,0,9,0.5714,12,15,11,0.0,0,4,0.7333,13,2.9583,Graduate
0,1,7,7,0,0.0,0,7,0.0,8,8,0,0.0,0,8,0.0,15,0.0,Dropout
0,1,1,1,0,0.0,1,1,0.0,6,0,0,0.0,0,0,0.0,1,0.0,Dropout
0,1,7,9,7,6.166666666666667,0,2,0.7778,8,8,8,0.0,0,0,1.0,2,3.0833,Enrolled
0,1,6,6,6,5.583333333333333,0,0,1.0,6,6,6,0.0,0,0,1.0,0,2.7917,Graduate
0,1,6,6,6,7.333333333333333,0,0,1.0,6,8,6,0.0,0,2,0.75,2,3.6667,Graduate
0,1,5,5,5,5.6,0,0,1.0,5,11,4,0.0,0,7,0.3636,7,2.8,Enrolled
0,1,6,9,6,6.857142857142857,0,3,0.6667,6,6,6,0.0,0,0,1.0,3,3.4286,Graduate
0,1,5,5,5,6.4,0,0,1.0,5,10,5,0.0,0,5,0.5,5,3.2,Graduate
0,1,6,9,4,6.625,0,5,0.4444,6,11,5,0.0,0,6,0.4545,11,3.3125,Graduate
0,1,8,10,6,6.89,1,4,0.6,8,10,6,0.0,1,4,0.6,8,3.445,Dropout
0,1,8,8,7,7.555,0,1,0.875,8,8,7,0.0,0,1,0.875,2,3.7775,Graduate
0,1,6,10,4,5.5,0,6,0.4,6,8,5,0.0,0,3,0.625,9,2.75,Graduate
0,1,8,8,7,7.899285714285713,0,1,0.875,8,8,7,0.0,0,1,0.875,2,3.9496,Graduate
0,1,7,7,7,6.887857142857144,0,0,1.0,8,8,8,0.0,0,0,1.0,0,3.4439,Graduate
0,1,8,11,7,6.08,0,4,0.6364,8,11,7,0.0,0,4,0.6364,8,3.04,Graduate
0,1,7,0,0,0.0,0,0,0.0,7,0,0,0.0,0,0,0.0,0,0.0,Dropout
0,1,6,6,6,7.166666666666667,0,0,1.0,6,6,6,0.0,0,0,1.0,0,3.5833,Graduate
0,1,6,6,6,5.916666666666667,0,0,1.0,6,6,3,0.0,0,3,0.5,3,2.9583,Enrolled
0,0,6,7,6,7.416666666666667,0,1,0.8571,6,8,6,0.0,0,2,0.75,3,3.7083,Enrolled
0,1,8,8,7,7.1,0,1,0.875,8,8,7,0.0,0,1,0.875,2,3.55,Graduate
0,1,5,6,5,6.1,0,1,0.8333,5,5,5,0.0,0,0,1.0,1,3.05,Graduate
0,1,6,10,4,6.5,0,6,0.4,6,9,5,0.0,0,4,0.5556,10,3.25,Graduate
0,1,8,8,7,6.242857142857143,0,1,0.875,8,8,7,0.0,0,1,0.875,2,3.1214,Graduate
0,1,6,7,6,8.5,0,1,0.8571,6,7,6,0.0,0,1,0.8571,2,4.25,Graduate
0,1,6,7,5,5.4,0,2,0.7143,6,9,6,0.0,0,3,0.6667,5,2.7,Graduate
0,1,7,7,6,7.358333333333334,0,1,0.8571,7,7,6,0.0,0,1,0.8571,2,3.6792,Graduate
0,1,5,10,2,6.75,0,8,0.2,5,11,5,0.0,1,6,0.4545,14,3.375,Enrolled
0,1,8,8,7,5.985714285714286,0,1,0.875,8,8,7,0.0,0,1,0.875,2,2.9929,Enrolled
0,1,5,7,3,6.0,0,4,0.4286,5,7,4,0.0,0,3,0.5714,7,3.0,Enrolled
0,1,6,7,6,6.166666666666667,0,1,0.8571,6,6,6,0.0,0,0,1.0,1,3.0833,Graduate
0,1,12,22,6,7.653846153846154,0,16,0.2727,10,13,6,0.0,0,7,0.4615,23,3.8269,Graduate
0,1,7,7,6,6.333333333333333,0,1,0.8571,7,7,6,0.0,0,1,0.8571,2,3.1667,Graduate
0,1,7,10,7,7.184,0,3,0.7,8,8,8,0.0,0,0,1.0,3,3.592,Graduate
0,1,8,8,7,6.042142857142858,0,1,0.875,8,8,7,0.0,0,1,0.875,2,3.0211,Graduate
0,1,12,18,8,6.125,0,10,0.4444,12,27,8,0.0,0,19,0.2963,29,3.0625,Enrolled
0,1,6,10,5,6.1,0,5,0.5,6,10,5,0.0,0,5,0.5,10,3.05,Enrolled
0,1,6,12,4,5.5,0,8,0.3333,6,9,6,0.0,0,3,0.6667,11,2.75,Graduate
0,1,6,8,5,6.4,0,3,0.625,6,8,5,0.0,0,3,0.625,6,3.2,Graduate
0,1,8,8,7,5.928571428571429,0,1,0.875,8,8,7,0.0,0,1,0.875,2,2.9643,Graduate
0,1,6,8,6,6.142857142857143,0,2,0.75,6,10,5,0.0,0,5,0.5,7,3.0714,Graduate
0,1,6,11,3,6.166666666666667,0,8,0.2727,6,11,4,0.0,0,7,0.3636,15,3.0833,Dropout
0,1,6,11,4,5.625,0,7,0.3636,6,12,4,0.0,0,8,0.3333,15,2.8125,Graduate
1,1,6,0,0,0.0,0,0,0.0,6,0,0,0.0,0,0,0.0,0,0.0,Dropout
0,1,3,3,2,8.0,0,1,0.6667,3,3,1,0.0,0,2,0.3333,3,4.0,Dropout
0,1,6,10,6,5.833333333333333,0,4,0.6,6,7,6,0.0,0,1,0.8571,5,2.9167,Graduate
0,1,7,15,5,6.2,0,10,0.3333,8,14,7,0.0,0,7,0.5,17,3.1,Enrolled
0,1,7,14,6,5.372222222222222,1,8,0.4286,8,10,8,0.0,0,2,0.8,10,2.6861,Enrolled
0,1,6,0,0,0.0,0,0,0.0,6,0,0,0.0,0,0,0.0,0,0.0,Dropout
0,1,7,12,4,6.0,0,8,0.3333,7,13,4,0.0,0,9,0.3077,17,3.0,Dropout
0,0,6,12,4,6.375,0,8,0.3333,6,15,2,0.0,0,13,0.1333,21,3.1875,Enrolled
0,1,5,9,2,5.0,0,7,0.2222,5,10,2,0.0,0,8,0.2,15,2.5,Enrolled
0,1,14,26,12,6.708695652173914,1,14,0.4615,14,26,12,0.0,1,14,0.4615,28,3.3543,Graduate
0,1,6,6,6,7.583333333333333,0,0,1.0,6,7,6,0.0,0,1,0.8571,1,3.7917,Graduate
1,1,6,10,5,6.916666666666667,0,5,0.5,6,13,5,0.0,0,8,0.3846,13,3.4583,Graduate
0,1,5,6,5,6.666666666666667,0,1,0.8333,5,7,4,0.0,0,3,0.5714,4,3.3333,Graduate
1,1,0,0,0,0.0,0,0,0.0,0,0,0,0.0,0,0,0.0,0,0.0,Enrolled
0,1,6,11,3,5.833333333333333,0,8,0.2727,6,11,3,0.0,0,8,0.2727,16,2.9167,Dropout
0,1,6,12,5,7.5,0,7,0.4167,6,9,6,0.0,0,3,0.6667,10,3.75,Graduate
0,1,8,8,7,6.621428571428572,0,1,0.875,8,8,7,0.0,0,1,0.875,2,3.3107,Enrolled
0,1,5,13,1,6.5,0,12,0.0769,5,7,2,0.0,0,5,0.2857,17,3.25,Dropout
0,1,7,8,6,6.5375,0,2,0.75,8,10,7,0.0,0,3,0.7,5,3.2687,Graduate
0,1,6,6,6,6.75,0,0,1.0,6,9,6,0.0,0,3,0.6667,3,3.375,Graduate
0,1,6,8,5,5.9,0,3,0.625,6,8,6,0.0,0,2,0.75,5,2.95,Graduate
0,0,6,7,5,6.3,0,2,0.7143,6,6,5,0.0,0,1,0.8333,3,3.15,Enrolled
0,1,6,6,6,6.083333333333333,0,0,1.0,6,9,3,0.0,0,6,0.3333,6,3.0417,Dropout
0,1,6,9,6,6.083333333333333,0,3,0.6667,6,9,6,0.0,0,3,0.6667,6,3.0417,Graduate
0,1,0,0,0,0.0,0,0,0.0,0,0,0,0.0,0,0,0.0,0,0.0,Dropout
0,1,7,7,7,6.778571428571428,0,0,1.0,8,9,8,0.0,0,1,0.8889,1,3.3893,Graduate
0,1,5,6,4,6.125,0,2,0.6667,5,8,4,0.0,0,4,0.5,6,3.0625,Enrolled
0,1,6,6,6,7.166666666666667,0,0,1.0,6,6,6,0.0,0,0,1.0,0,3.5833,Graduate
0,1,6,10,4,5.25,0,6,0.4,6,8,4,0.0,0,4,0.5,10,2.625,Graduate
0,1,4,8,0,0.0,0,8,0.0,4,8,0,0.0,0,8,0.0,16,0.0,Dropout
0,1,6,10,4,6.375,0,6,0.4,6,14,3,0.0,0,11,0.2143,17,3.1875,Enrolled
0,1,6,14,0,0.0,0,14,0.0,6,9,4,0.0,0,5,0.4444,19,0.0,Enrolled
0,1,5,10,1,7.0,0,9,0.1,5,10,1,0.0,0,9,0.1,18,3.5,Enrolled
0,1,7,9,7,7.046666666666666,0,2,0.7778,8,8,8,0.0,0,0,1.0,2,3.5233,Graduate
0,1,6,6,6,6.666666666666667,0,0,1.0,6,8,6,0.0,0,2,0.75,2,3.3333,Graduate
0,1,8,12,7,6.035714285714286,0,5,0.5833,8,12,7,0.0,0,5,0.5833,10,3.0179,Graduate
0,1,6,6,6,6.333333333333333,0,0,1.0,6,6,6,0.0,0,0,1.0,0,3.1667,Graduate
1,1,6,11,6,6.0625,0,5,0.5455,6,16,5,0.0,0,11,0.3125,16,3.0312,Enrolled
0,1,7,9,7,6.6,0,2,0.7778,8,9,7,0.0,0,2,0.7778,4,3.3,Graduate
0,1,7,8,7,7.075,0,1,0.875,8,8,8,0.0,0,0,1.0,1,3.5375,Graduate
1,1,6,12,4,6.75,0,8,0.3333,6,14,3,0.0,0,11,0.2143,19,3.375,Enrolled
1,0,6,0,0,0.0,0,0,0.0,5,10,0,0.0,0,10,0.0,10,0.0,Dropout
0,1,7,13,5,6.1,0,8,0.3846,7,14,3,0.0,0,11,0.2143,19,3.05,Dropout
0,1,5,6,5,7.4,1,1,0.8333,5,6,5,0.0,0,1,0.8333,2,3.7,Graduate
0,1,6,8,5,5.5,0,3,0.625,6,13,5,0.0,0,8,0.3846,11,2.75,Graduate
0,1,5,10,0,0.0,0,10,0.0,5,10,0,0.0,3,10,0.0,20,0.0,Enrolled
0,1,5,15,3,7.0,3,12,0.2,5,10,4,0.0,1,6,0.4,18,3.5,Enrolled
0,1,6,8,5,5.916666666666667,0,3,0.625,6,6,6,0.0,0,0,1.0,3,2.9583,Graduate
0,1,5,7,4,5.875,0,3,0.5714,5,7,5,0.0,1,2,0.7143,5,2.9375,Graduate
0,1,14,22,12,6.166666666666667,0,10,0.5455,12,20,8,0.0,0,12,0.4,22,3.0833,Graduate
0,1,10,16,3,5.833333333333333,0,13,0.1875,10,24,6,0.0,0,18,0.25,31,2.9167,Dropout
0,1,6,9,6,6.333333333333333,0,3,0.6667,6,10,4,0.0,0,6,0.4,9,3.1667,Enrolled
0,1,6,9,4,6.125,0,5,0.4444,6,8,5,0.0,0,3,0.625,8,3.0625,Enrolled
0,1,6,7,6,5.642857142857143,0,1,0.8571,6,9,4,0.0,0,5,0.4444,6,2.8214,Graduate
1,0,5,12,2,5.75,0,10,0.1667,5,12,0,0.0,0,12,0.0,22,2.875,Dropout
0,1,6,10,6,5.833333333333333,0,4,0.6,6,10,4,0.0,0,6,0.4,10,2.9167,Graduate
0,1,8,8,7,6.757142857142857,0,1,0.875,8,8,7,0.0,0,1,0.875,2,3.3786,Graduate
0,1,6,7,6,6.5,0,1,0.8571,6,9,6,0.0,0,3,0.6667,4,3.25,Graduate
0,1,6,11,3,7.5,0,8,0.2727,6,11,4,0.0,0,7,0.3636,15,3.75,Enrolled
0,1,8,8,7,6.372142857142858,0,1,0.875,8,8,7,0.0,0,1,0.875,2,3.1861,Graduate
0,1,5,10,4,5.875,0,6,0.4,5,8,5,0.0,0,3,0.625,9,2.9375,Graduate
1,1,6,6,6,6.083333333333333,0,0,1.0,6,7,6,0.0,0,1,0.8571,1,3.0417,Graduate
0,1,0,0,0,0.0,0,0,0.0,0,0,0,0.0,0,0,0.0,0,0.0,Enrolled
0,1,6,9,5,6.7,1,4,0.5556,6,9,6,0.0,0,3,0.6667,7,3.35,Graduate
0,1,6,9,5,5.9,0,4,0.5556,6,10,4,0.0,0,6,0.4,10,2.95,Dropout
0,1,7,7,6,6.766666666666666,0,1,0.8571,7,7,6,0.0,0,1,0.8571,2,3.3833,Graduate
0,1,6,7,6,7.083333333333333,0,1,0.8571,6,10,4,0.0,0,6,0.4,7,3.5417,Graduate
0,1,7,7,7,7.326428571428571,0,0,1.0,8,9,8,0.0,0,1,0.8889,1,3.6632,Graduate
0,0,0,0,0,0.0,0,0,0.0,0,0,0,0.0,0,0,0.0,0,0.0,Dropout
0,1,5,5,5,6.8,0,0,1.0,5,7,5,0.0,0,2,0.7143,2,3.4,Graduate
0,1,6,9,6,6.416666666666667,0,3,0.6667,6,6,4,0.0,0,2,0.6667,5,3.2083,Graduate
0,1,6,6,6,7.333333333333333,0,0,1.0,6,6,6,0.0,0,0,1.0,0,3.6667,Graduate
0,1,6,6,6,6.666666666666667,0,0,1.0,6,6,6,0.0,0,0,1.0,0,3.3333,Graduate
0,0,6,10,5,6.7,0,5,0.5,6,9,5,0.0,0,4,0.5556,9,3.35,Graduate
0,1,7,9,7,6.65625,0,2,0.7778,8,8,8,0.0,0,0,1.0,2,3.3281,Graduate
1,0,0,0,0,0.0,0,0,0.0,0,0,0,0.0,0,0,0.0,0,0.0,Dropout
1,0,4,4,0,0.0,0,4,0.0,5,5,0,0.0,0,5,0.0,9,0.0,Dropout
0,1,6,7,6,6.166666666666667,0,1,0.8571,6,6,6,0.0,0,0,1.0,1,3.0833,Graduate
0,1,6,6,6,6.75,0,0,1.0,6,6,6,0.0,0,0,1.0,0,3.375,Enrolled
0,1,6,8,5,6.5,0,3,0.625,6,7,6,0.0,0,1,0.8571,4,3.25,Graduate
0,1,5,6,2,6.25,0,4,0.3333,5,5,0,0.0,0,5,0.0,9,3.125,Dropout
0,1,6,10,6,8.5,0,4,0.6,6,11,6,0.0,0,5,0.5455,9,4.25,Graduate
0,1,6,7,6,6.75,0,1,0.8571,6,6,6,0.0,0,0,1.0,1,3.375,Graduate
0,1,6,7,6,6.357142857142857,0,1,0.8571,6,6,6,0.0,0,0,1.0,1,3.1786,Graduate
0,1,7,9,6,6.5,0,3,0.6667,8,11,8,0.0,0,3,0.7273,6,3.25,Graduate
0,1,6,7,6,6.285714285714286,0,1,0.8571,6,6,6,0.0,0,0,1.0,1,3.1429,Graduate
0,1,6,10,4,5.75,0,6,0.4,6,11,6,0.0,0,5,0.5455,11,2.875,Dropout
0,1,6,6,6,6.75,0,0,1.0,6,7,6,0.0,0,1,0.8571,1,3.375,Graduate
0,1,6,8,5,6.8,0,3,0.625,6,7,5,0.0,0,2,0.7143,5,3.4,Enrolled
0,0,5,14,1,6.0,3,13,0.0714,5,5,0,0.0,5,5,0.0,18,3.0,Dropout
0,1,7,8,7,7.475,0,1,0.875,8,8,8,0.0,0,0,1.0,1,3.7375,Graduate
1,1,5,10,4,5.625,0,6,0.4,5,9,4,0.0,0,5,0.4444,11,2.8125,Enrolled
1,0,6,13,3,5.333333333333333,0,10,0.2308,6,6,4,0.0,0,2,0.6667,12,2.6667,Dropout
0,1,8,8,7,7.496428571428571,0,1,0.875,8,8,7,0.0,0,1,0.875,2,3.7482,Graduate
0,1,5,12,3,5.25,0,9,0.25,5,10,4,0.0,0,6,0.4,15,2.625,Enrolled
0,1,6,6,4,5.625,0,2,0.6667,6,7,3,0.0,0,4,0.4286,6,2.8125,Enrolled
0,1,6,6,6,6.166666666666667,0,0,1.0,6,7,6,0.0,0,1,0.8571,1,3.0833,Graduate
0,1,7,7,6,6.508333333333333,0,1,0.8571,7,7,6,0.0,0,1,0.8571,2,3.2542,Enrolled
1,0,5,7,3,5.666666666666667,0,4,0.4286,5,8,2,0.0,0,6,0.25,10,2.8333,Dropout
0,1,6,7,6,8.071428571428571,0,1,0.8571,6,7,6,0.0,0,1,0.8571,2,4.0357,Graduate
0,1,6,8,6,7.416666666666667,0,2,0.75,6,10,5,0.0,0,5,0.5,7,3.7083,Graduate
1,0,8,8,7,6.663571428571428,0,1,0.875,8,8,7,0.0,0,1,0.875,2,3.3318,Dropout
0,0,6,13,4,5.5,0,9,0.3077,6,13,2,0.0,0,11,0.1538,20,2.75,Dropout
0,1,6,10,6,5.857142857142857,1,4,0.6,6,15,6,0.0,0,9,0.4,13,2.9286,Enrolled
0,1,12,13,12,6.166666666666667,0,1,0.9231,11,12,10,0.0,0,2,0.8333,3,3.0833,Dropout
1,0,7,9,0,0.0,0,9,0.0,6,6,0,0.0,0,6,0.0,15,0.0,Dropout
0,0,15,15,12,5.958333333333333,0,3,0.8,13,14,8,0.0,0,6,0.5714,9,2.9792,Dropout
1,1,6,9,6,5.916666666666667,0,3,0.6667,6,7,6,0.0,0,1,0.8571,4,2.9583,Graduate
1,0,7,11,3,6.166666666666667,0,8,0.2727,7,9,3,0.0,0,6,0.3333,14,3.0833,Dropout
0,1,10,11,10,7.15,0,1,0.9091,10,10,10,0.0,0,0,1.0,1,3.575,Graduate
0,0,8,11,5,5.916,4,6,0.4545,8,11,5,0.0,4,6,0.4545,12,2.958,Dropout
0,1,5,13,2,5.0,1,11,0.1538,5,10,0,0.0,0,10,0.0,21,2.5,Dropout
0,1,5,5,5,6.0,0,0,1.0,5,6,5,0.0,0,1,0.8333,1,3.0,Graduate
1,0,7,11,5,6.1,0,6,0.4545,7,13,0,0.0,0,13,0.0,19,3.05,Dropout
0,1,5,7,3,5.666666666666667,0,4,0.4286,5,5,4,0.0,0,1,0.8,5,2.8333,Dropout
0,1,16,24,13,6.923076923076924,0,11,0.5417,11,15,9,0.0,0,6,0.6,17,3.4615,Dropout
0,1,8,8,7,6.206428571428572,0,1,0.875,8,8,7,0.0,0,1,0.875,2,3.1032,Graduate
0,1,5,7,3,6.333333333333333,0,4,0.4286,5,6,4,0.0,1,2,0.6667,6,3.1667,Enrolled
0,1,8,11,7,6.272857142857143,0,4,0.6364,8,11,7,0.0,0,4,0.6364,8,3.1364,Graduate
0,1,6,12,3,6.5,0,9,0.25,6,13,2,0.0,0,11,0.1538,20,3.25,Dropout
1,0,6,6,0,0.0,0,6,0.0,6,6,0,0.0,0,6,0.0,12,0.0,Dropout
0,0,12,12,9,6.11111111111111,2,3,0.75,12,12,9,0.0,0,3,0.75,6,3.0556,Dropout
0,1,5,10,5,6.642857142857143,0,5,0.5,5,8,5,0.0,0,3,0.625,8,3.3214,Graduate
0,1,5,7,3,5.833333333333333,0,4,0.4286,5,8,1,0.0,0,7,0.125,11,2.9167,Dropout
0,1,6,9,6,6.777777777777778,0,3,0.6667,6,7,6,0.0,0,1,0.8571,4,3.3889,Graduate
0,1,6,6,6,6.583333333333333,0,0,1.0,6,8,6,0.0,0,2,0.75,2,3.2917,Graduate
0,1,0,0,0,0.0,0,0,0.0,0,0,0,0.0,0,0,0.0,0,0.0,Enrolled
0,1,6,6,6,5.833333333333333,0,0,1.0,6,7,5,0.0,0,2,0.7143,2,2.9167,Graduate
0,1,5,11,4,5.5,0,7,0.3636,5,8,4,0.0,0,4,0.5,11,2.75,Dropout
0,1,6,6,6,6.5,0,0,1.0,6,8,1,0.0,0,7,0.125,7,3.25,Enrolled
0,1,6,6,6,6.833333333333333,0,0,1.0,6,6,6,0.0,0,0,1.0,0,3.4167,Graduate
0,1,5,6,5,7.3,0,1,0.8333,5,5,5,0.0,0,0,1.0,1,3.65,Dropout
0,1,8,8,7,6.257142857142857,0,1,0.875,8,8,7,0.0,0,1,0.875,2,3.1286,Graduate
0,1,5,5,3,7.0,0,2,0.6,5,7,3,0.0,0,4,0.4286,6,3.5,Enrolled
0,1,6,8,6,6.583333333333333,0,2,0.75,6,8,5,0.0,0,3,0.625,5,3.2917,Enrolled
0,1,5,10,4,6.5,0,6,0.4,5,10,3,0.0,3,7,0.3,13,3.25,Enrolled
0,0,5,5,1,6.5,0,4,0.2,5,5,0,0.0,0,5,0.0,9,3.25,Dropout
0,1,5,10,1,5.0,0,9,0.1,5,8,3,0.0,3,5,0.375,14,2.5,Dropout
1,1,6,6,6,7.166666666666667,0,0,1.0,6,6,6,0.0,0,0,1.0,0,3.5833,Graduate
0,1,6,6,0,0.0,0,6,0.0,6,12,0,0.0,0,12,0.0,18,0.0,Dropout
0,1,5,7,1,5.5,0,6,0.1429,5,7,0,0.0,0,7,0.0,13,2.75,Dropout
0,1,6,15,3,5.625,0,12,0.2,6,9,0,0.0,0,9,0.0,21,2.8125,Enrolled
0,1,5,7,4,5.375,0,3,0.5714,5,12,3,0.0,0,9,0.25,12,2.6875,Dropout
1,0,5,7,1,5.5,0,6,0.1429,5,9,0,0.0,0,9,0.0,15,2.75,Dropout
0,1,7,13,6,5.428571428571429,0,7,0.4615,7,7,7,0.0,0,0,1.0,7,2.7143,Enrolled
0,1,5,10,4,5.875,0,6,0.4,5,10,3,0.0,0,7,0.3,13,2.9375,Enrolled
0,1,5,8,5,6.4,0,3,0.625,5,9,4,0.0,1,5,0.4444,8,3.2,Graduate
0,1,5,15,3,6.166666666666667,2,12,0.2,5,7,5,0.0,0,2,0.7143,14,3.0833,Graduate
1,0,6,12,2,5.666666666666667,0,10,0.1667,6,8,2,0.0,0,6,0.25,16,2.8333,Dropout
0,1,6,10,5,5.8,0,5,0.5,6,6,6,0.0,0,0,1.0,5,2.9,Graduate
0,1,14,15,12,5.461538461538462,0,3,0.8,13,14,11,0.0,0,3,0.7857,6,2.7308,Graduate
0,1,0,0,0,0.0,0,0,0.0,0,0,0,0.0,0,0,0.0,0,0.0,Graduate
0,1,7,7,7,6.814285714285715,0,0,1.0,8,8,8,0.0,0,0,1.0,0,3.4071,Graduate
0,1,6,16,3,5.166666666666667,0,13,0.1875,6,16,1,0.0,0,15,0.0625,28,2.5833,Dropout
0,1,18,25,18,6.868421052631579,0,7,0.72,13,15,12,0.0,1,3,0.8,10,3.4342,Graduate
0,1,13,19,8,5.8125,0,11,0.4211,10,17,6,0.0,0,11,0.3529,22,2.9062,Enrolled
0,1,7,7,4,5.75,0,3,0.5714,9,10,7,0.0,0,3,0.7,6,2.875,Graduate
0,1,6,8,5,7.0,0,3,0.625,6,8,6,0.0,0,2,0.75,5,3.5,Graduate
0,1,5,7,3,5.666666666666667,0,4,0.4286,5,6,0,0.0,0,6,0.0,10,2.8333,Dropout
0,1,5,13,1,5.0,0,12,0.0769,5,5,1,0.0,0,4,0.2,16,2.5,Dropout
0,1,6,14,5,5.857142857142857,0,9,0.3571,6,15,5,0.0,0,10,0.3333,19,2.9286,Graduate
0,0,0,0,0,0.0,0,0,0.0,0,0,0,0.0,0,0,0.0,0,0.0,Dropout
0,1,15,15,13,5.384615384615385,0,2,0.8667,14,15,12,0.0,0,3,0.8,5,2.6923,Dropout
0,1,6,10,5,5.8,0,5,0.5,6,6,6,0.0,0,0,1.0,5,2.9,Dropout
0,1,5,6,4,6.875,0,2,0.6667,5,5,0,0.0,0,5,0.0,7,3.4375,Dropout
0,1,5,14,4,5.5,0,10,0.2857,5,9,5,0.0,0,4,0.5556,14,2.75,Dropout
0,0,5,6,0,0.0,0,6,0.0,5,5,0,0.0,0,5,0.0,11,0.0,Dropout
0,1,0,0,0,0.0,0,0,0.0,0,0,0,0.0,0,0,0.0,0,0.0,Dropout
0,1,0,0,0,0.0,0,0,0.0,0,0,0,0.0,0,0,0.0,0,0.0,Dropout
0,1,6,7,6,6.166666666666667,0,1,0.8571,6,10,5,0.0,0,5,0.5,6,3.0833,Graduate
0,1,6,9,6,6.714285714285714,0,3,0.6667,6,12,6,0.0,0,6,0.5,9,3.3571,Graduate
0,1,5,10,0,0.0,0,10,0.0,5,10,1,0.0,3,9,0.1,19,0.0,Enrolled
0,0,5,12,4,7.375,0,8,0.3333,5,9,2,0.0,0,7,0.2222,15,3.6875,Dropout
0,1,21,21,21,6.238095238095238,0,0,1.0,19,19,19,0.0,0,0,1.0,0,3.119,Graduate
0,1,5,8,0,0.0,0,8,0.0,5,5,0,0.0,0,5,0.0,13,0.0,Dropout
0,1,6,15,3,5.833333333333333,0,12,0.2,6,14,2,0.0,0,12,0.1429,24,2.9167,Dropout
1,1,6,6,6,6.0,0,0,1.0,6,7,6,0.0,0,1,0.8571,1,3.0,Graduate
0,1,6,7,6,6.0,0,1,0.8571,6,6,6,0.0,0,0,1.0,1,3.0,Graduate
0,0,12,12,12,7.625,0,0,1.0,11,12,11,0.0,0,1,0.9167,1,3.8125,Graduate
0,1,6,9,5,6.2,0,4,0.5556,6,6,6,0.0,0,0,1.0,4,3.1,Graduate
1,1,5,9,3,6.166666666666667,0,6,0.3333,5,8,4,0.0,0,4,0.5,10,3.0833,Enrolled
0,1,5,8,4,5.75,0,4,0.5,5,7,4,0.0,0,3,0.5714,7,2.875,Enrolled
1,0,6,8,5,6.1,0,3,0.625,6,6,4,0.0,0,2,0.6667,5,3.05,Dropout
1,1,5,14,2,5.25,0,12,0.1429,5,6,0,0.0,0,6,0.0,18,2.625,Dropout
0,1,8,8,7,7.2,0,1,0.875,8,8,7,0.0,0,1,0.875,2,3.6,Graduate
0,1,14,18,13,6.423076923076924,0,5,0.7222,11,19,10,0.0,0,9,0.5263,14,3.2115,Graduate
1,0,6,13,4,6.0,0,9,0.3077,6,7,5,0.0,0,2,0.7143,11,3.0,Dropout
0,1,5,0,0,0.0,0,0,0.0,5,0,0,0.0,0,0,0.0,0,0.0,Dropout
0,1,7,8,6,6.833333333333333,0,2,0.75,6,8,5,0.0,0,3,0.625,5,3.4167,Dropout
0,1,6,10,5,5.928571428571429,0,5,0.5,6,8,6,0.0,0,2,0.75,7,2.9643,Graduate
0,1,6,0,0,0.0,0,0,0.0,6,0,0,0.0,0,0,0.0,0,0.0,Dropout
0,1,0,0,0,0.0,0,0,0.0,0,0,0,0.0,0,0,0.0,0,0.0,Dropout
0,1,6,8,5,6.6,0,3,0.625,6,6,6,0.0,0,0,1.0,3,3.3,Graduate
0,1,6,8,6,6.357142857142857,0,2,0.75,6,12,5,0.0,0,7,0.4167,9,3.1786,Dropout
0,1,6,6,6,6.25,0,0,1.0,6,6,6,0.0,0,0,1.0,0,3.125,Graduate
0,1,5,9,3,5.333333333333333,0,6,0.3333,5,13,2,0.0,0,11,0.1538,17,2.6667,Enrolled
0,1,6,12,1,8.5,0,11,0.0833,6,12,1,0.0,0,11,0.0833,22,4.25,Enrolled
0,1,5,6,5,6.5,1,1,0.8333,5,9,4,0.0,0,5,0.4444,6,3.25,Graduate
0,1,5,7,3,6.333333333333333,0,4,0.4286,5,5,4,0.0,0,1,0.8,5,3.1667,Enrolled
0,1,14,14,12,6.645833333333333,1,2,0.8571,14,14,12,0.0,1,2,0.8571,4,3.3229,Graduate
0,1,5,12,3,5.833333333333333,2,9,0.25,5,11,4,0.0,1,7,0.3636,16,2.9167,Graduate
0,1,8,8,7,7.12,0,1,0.875,8,8,7,0.0,0,1,0.875,2,3.56,Graduate
0,1,5,10,3,6.5,0,7,0.3,5,11,3,0.0,0,8,0.2727,15,3.25,Dropout
0,1,7,9,5,7.03,0,4,0.5556,7,9,6,0.0,0,3,0.6667,7,3.515,Enrolled
1,0,6,10,5,5.916666666666667,0,5,0.5,6,10,5,0.0,0,5,0.5,10,2.9583,Dropout
0,1,6,6,6,6.416666666666667,0,0,1.0,6,6,6,0.0,0,0,1.0,0,3.2083,Graduate
0,1,6,16,1,5.0,0,15,0.0625,6,12,0,0.0,0,12,0.0,27,2.5,Dropout
0,1,5,9,2,5.5,0,7,0.2222,5,12,2,0.0,0,10,0.1667,17,2.75,Dropout
0,1,7,7,7,7.052857142857144,0,0,1.0,8,8,8,0.0,0,0,1.0,0,3.5264,Graduate
0,1,8,12,7,6.235714285714286,0,5,0.5833,8,12,7,0.0,0,5,0.5833,10,3.1179,Graduate
0,1,6,11,6,5.916666666666667,0,5,0.5455,6,17,5,0.0,0,12,0.2941,17,2.9583,Graduate
0,1,6,6,6,6.25,0,0,1.0,6,6,6,0.0,0,0,1.0,0,3.125,Graduate
0,1,6,7,6,5.833333333333333,0,1,0.8571,6,7,6,0.0,0,1,0.8571,2,2.9167,Dropout
0,1,0,0,0,0.0,0,0,0.0,0,0,0,0.0,0,0,0.0,0,0.0,Graduate
0,1,5,11,3,5.166666666666667,0,8,0.2727,5,10,4,0.0,0,6,0.4,14,2.5833,Enrolled
0,1,5,8,5,8.083333333333334,2,3,0.625,5,9,5,0.0,1,4,0.5556,7,4.0417,Graduate
0,1,6,11,3,6.333333333333333,0,8,0.2727,6,7,0,0.0,0,7,0.0,15,3.1667,Dropout
1,0,6,14,2,5.25,0,12,0.1429,6,6,3,0.0,0,3,0.5,15,2.625,Dropout
1,1,6,13,2,5.75,0,11,0.1538,6,13,1,0.0,0,12,0.0769,23,2.875,Dropout
0,1,6,6,6,6.5,0,0,1.0,6,8,5,0.0,0,3,0.625,3,3.25,Graduate
0,1,7,7,6,5.983333333333334,0,1,0.8571,7,7,6,0.0,0,1,0.8571,2,2.9917,Graduate
0,1,8,8,8,6.67375,0,0,1.0,8,8,8,0.0,0,0,1.0,0,3.3369,Graduate
0,1,5,7,5,6.0,0,2,0.7143,5,7,4,0.0,0,3,0.5714,5,3.0,Graduate
0,1,6,10,2,5.25,0,8,0.2,6,13,0,0.0,0,13,0.0,21,2.625,Dropout
0,1,6,9,4,5.75,0,5,0.4444,6,10,4,0.0,0,6,0.4,11,2.875,Enrolled
0,1,0,0,0,0.0,0,0,0.0,0,0,0,0.0,0,0,0.0,0,0.0,Graduate
0,1,6,9,6,6.785714285714286,0,3,0.6667,6,11,4,0.0,0,7,0.3636,10,3.3929,Graduate
0,1,6,10,6,7.35,0,4,0.6,6,10,6,0.0,0,4,0.6,8,3.675,Graduate
0,0,5,5,0,0.0,0,5,0.0,5,5,0,0.0,0,5,0.0,10,0.0,Dropout
0,1,7,8,6,5.916666666666667,0,2,0.75,7,8,6,0.0,0,2,0.75,4,2.9583,Enrolled
0,1,0,0,0,0.0,0,0,0.0,0,0,0,0.0,0,0,0.0,0,0.0,Graduate
0,1,7,7,7,6.587857142857144,0,0,1.0,8,8,8,0.0,0,0,1.0,0,3.2939,Graduate
0,1,6,7,0,0.0,0,7,0.0,6,10,0,0.0,0,10,0.0,17,0.0,Dropout
0,1,6,12,2,6.5,0,10,0.1667,6,9,6,0.0,0,3,0.6667,13,3.25,Enrolled
0,1,8,11,7,6.871428571428572,0,4,0.6364,8,11,7,0.0,0,4,0.6364,8,3.4357,Graduate
0,1,5,5,0,0.0,0,5,0.0,5,5,0,0.0,0,5,0.0,10,0.0,Dropout
0,1,7,8,7,6.108571428571428,0,1,0.875,8,11,7,0.0,0,4,0.6364,5,3.0543,Graduate
0,1,15,15,14,5.535714285714286,0,1,0.9333,14,16,12,0.0,1,4,0.75,5,2.7679,Dropout
0,1,7,10,7,6.714285714285714,0,3,0.7,8,8,8,0.0,0,0,1.0,3,3.3571,Graduate
0,1,5,7,5,5.7,0,2,0.7143,5,6,5,0.0,0,1,0.8333,3,2.85,Dropout
0,1,8,14,4,5.6625,1,10,0.2857,8,14,4,0.0,1,10,0.2857,20,2.8312,Dropout
0,1,6,13,0,0.0,0,13,0.0,5,11,0,0.0,0,11,0.0,24,0.0,Enrolled
0,1,8,8,7,7.5,0,1,0.875,8,8,7,0.0,0,1,0.875,2,3.75,Graduate
0,1,6,7,6,6.583333333333333,0,1,0.8571,6,8,6,0.0,0,2,0.75,3,3.2917,Graduate
0,0,6,12,2,5.5,0,10,0.1667,6,14,4,0.0,0,10,0.2857,20,2.75,Dropout
0,1,6,0,0,0.0,0,0,0.0,6,0,0,0.0,0,0,0.0,0,0.0,Dropout
0,1,5,7,3,6.166666666666667,0,4,0.4286,5,5,2,0.0,0,3,0.4,7,3.0833,Dropout
0,0,5,6,4,6.125,0,2,0.6667,5,6,5,0.0,0,1,0.8333,3,3.0625,Dropout
1,0,13,13,13,5.961538461538462,0,0,1.0,12,12,12,0.0,0,0,1.0,0,2.9808,Dropout
0,1,6,6,6,7.166666666666667,0,0,1.0,6,7,6,0.0,0,1,0.8571,1,3.5833,Graduate
0,1,5,6,5,6.0,0,1,0.8333,5,5,5,0.0,0,0,1.0,1,3.0,Graduate
0,1,7,9,7,6.880555555555556,0,2,0.7778,8,11,7,0.0,0,4,0.6364,6,3.4403,Enrolled
0,1,5,6,4,5.625,0,2,0.6667,5,8,5,0.0,0,3,0.625,5,2.8125,Enrolled
0,1,5,10,3,6.166666666666667,0,7,0.3,5,10,3,0.0,0,7,0.3,14,3.0833,Graduate
0,1,8,8,8,7.444375,0,0,1.0,8,8,8,0.0,0,0,1.0,0,3.7222,Graduate
1,1,6,8,6,6.083333333333333,0,2,0.75,6,8,5,0.0,0,3,0.625,5,3.0417,Dropout
0,1,6,7,6,6.333333333333333,0,1,0.8571,6,6,6,0.0,0,0,1.0,1,3.1667,Graduate
0,1,6,9,5,6.3,0,4,0.5556,6,9,3,0.0,0,6,0.3333,10,3.15,Enrolled
0,1,5,8,4,6.5,0,4,0.5,5,10,4,0.0,2,6,0.4,10,3.25,Graduate
0,1,6,9,6,6.9375,0,3,0.6667,6,6,6,0.0,0,0,1.0,3,3.4688,Graduate
1,1,5,10,4,5.375,0,6,0.4,5,12,3,0.0,0,9,0.25,15,2.6875,Dropout
0,1,5,10,3,7.333333333333333,1,7,0.3,5,5,0,0.0,0,5,0.0,12,3.6667,Dropout
0,1,6,7,5,6.3,0,2,0.7143,6,6,6,0.0,0,0,1.0,2,3.15,Enrolled
0,1,7,11,6,6.20625,0,5,0.5455,8,12,7,0.0,0,5,0.5833,10,3.1031,Graduate
1,0,6,12,1,5.5,0,11,0.0833,6,9,2,0.0,0,7,0.2222,18,2.75,Dropout
0,1,8,8,7,7.157142857142858,0,1,0.875,8,8,7,0.0,0,1,0.875,2,3.5786,Graduate
0,1,6,6,4,6.0,0,2,0.6667,6,8,2,0.0,0,6,0.25,8,3.0,Enrolled
0,1,6,6,6,6.416666666666667,0,0,1.0,6,7,6,0.0,0,1,0.8571,1,3.2083,Graduate
0,1,6,8,5,5.7,0,3,0.625,6,10,6,0.0,0,4,0.6,7,2.85,Dropout
0,1,5,5,5,7.3,0,0,1.0,5,6,5,0.0,0,1,0.8333,1,3.65,Graduate
0,1,6,7,6,6.75,0,1,0.8571,6,9,5,0.0,0,4,0.5556,5,3.375,Graduate
0,1,6,8,6,6.25,0,2,0.75,6,11,3,0.0,0,8,0.2727,10,3.125,Dropout
0,1,6,6,4,6.5,0,2,0.6667,6,7,5,0.0,0,2,0.7143,4,3.25,Enrolled
0,1,10,13,5,5.8,0,8,0.3846,8,10,2,0.0,0,8,0.2,16,2.9,Enrolled
0,1,5,6,5,5.9,1,1,0.8333,5,8,5,0.0,0,3,0.625,4,2.95,Graduate
1,0,7,14,3,6.166666666666667,0,11,0.2143,7,12,3,0.0,0,9,0.25,20,3.0833,Dropout
0,1,14,15,12,6.3125,1,3,0.8,14,15,12,0.0,1,3,0.8,6,3.1562,Graduate
0,1,6,6,6,6.916666666666667,0,0,1.0,6,6,6,0.0,0,0,1.0,0,3.4583,Graduate
0,1,7,7,6,6.25,0,1,0.8571,9,10,7,0.0,1,3,0.7,4,3.125,Graduate
0,1,6,7,5,6.8,0,2,0.7143,6,8,5,0.0,0,3,0.625,5,3.4,Graduate
1,0,6,6,6,6.0,0,0,1.0,6,6,2,0.0,0,4,0.3333,4,3.0,Dropout
0,1,7,8,7,7.45625,0,1,0.875,8,9,1,0.0,0,8,0.1111,9,3.7281,Dropout
0,1,5,5,5,6.9,0,0,1.0,5,6,5,0.0,0,1,0.8333,1,3.45,Graduate
0,1,6,8,6,5.833333333333333,0,2,0.75,6,6,6,0.0,0,0,1.0,2,2.9167,Graduate
