Debtor,Tuition fees up to date,1st_sem_enrolled,1st_sem_evaluations,1st_sem_approved,1st_sem_grade,1st_sem_without_evaluations,1st_sem_failed,1st_sem_pass_rate,2nd_sem_enrolled,2nd_sem_evaluations,2nd_sem_approved,2nd_sem_grade,2nd_sem_without_evaluations,2nd_sem_failed,2nd_sem_pass_rate,total_failed,avg_grade,Target,WarningScore,WarningLevel
0,1,0,0,0,0.0,0,0,0.0,0,0,0,0.0,0,0,0.0,0,0.0,Dropout,1.0,HIGH
0,0,6,6,6,7.0,0,0,1.0,6,6,6,6.833333333333333,0,0,1.0,0,6.9167,Graduate,0.17399920000000002,MEDIUM
0,0,6,0,0,0.0,0,6,0.0,6,0,0,0.0,0,6,0.0,12,0.0,Dropout,0.7999999999999999,HIGH
0,1,6,8,6,6.714285714285714,0,0,0.75,6,10,5,6.2,0,1,0.5,1,6.4571,Graduate,0.2250296,MEDIUM
0,1,6,9,5,6.166666666666667,0,1,0.5556,6,6,6,6.5,0,0,1.0,1,6.3333,Graduate,0.1535528,LOW
1,1,5,10,5,5.928571428571429,0,0,0.5,5,17,5,5.75,5,0,0.2941,0,5.8393,Graduate,0.33750880000000005,MEDIUM
0,1,7,9,7,6.65,0,0,0.7778,8,8,8,7.1725,0,0,1.0,0,6.9113,Graduate,0.0919048,LOW
0,0,5,5,0,0.0,0,5,0.0,5,5,0,0.0,0,5,0.0,10,0.0,Dropout,0.7999999999999999,HIGH
0,1,6,8,6,6.9375,0,0,0.75,6,7,6,7.071428571428571,0,0,0.8571,0,7.0045,Graduate,0.103324,LOW
1,0,6,9,5,5.7,0,1,0.5556,6,14,2,6.75,0,4,0.1429,5,6.225,Dropout,0.5272600000000001,HIGH
0,1,6,6,6,6.166666666666667,0,0,1.0,6,7,5,7.1,0,1,0.7143,1,6.6333,Graduate,0.1907968,MEDIUM
0,1,8,8,7,6.607142857142857,0,1,0.875,8,8,7,6.607142857142857,0,1,0.875,2,6.6071,Graduate,0.1614296,LOW
0,1,6,6,0,0.0,0,6,0.0,6,0,0,0.0,0,6,0.0,12,0.0,Dropout,0.7,HIGH
0,1,6,7,6,5.285714285714286,0,0,0.8571,6,8,5,5.5,0,1,0.625,1,5.3929,Graduate,0.22842239999999997,MEDIUM
0,1,5,7,4,6.625,0,1,0.5714,5,5,5,6.0,0,0,1.0,1,6.3125,Graduate,0.15278799999999998,LOW
0,1,6,6,5,6.6,0,1,0.8333,6,7,0,0.0,0,6,0.0,7,3.3,Dropout,0.630796,HIGH
0,1,6,10,1,6.0,0,5,0.1,6,14,2,5.5,0,4,0.1429,9,5.75,Enrolled,0.512568,HIGH
0,1,7,8,7,6.653125,0,0,0.875,8,8,8,7.2725,0,0,1.0,0,6.9628,Graduate,0.08289279999999999,LOW
0,1,5,8,4,6.25,1,1,0.5,5,8,4,6.125,2,1,0.5,2,6.1875,Graduate,0.23149999999999998,MEDIUM
0,1,7,7,6,5.833333333333333,0,1,0.8571,7,8,6,6.75,0,1,0.75,2,6.2917,Enrolled,0.2018512,MEDIUM
0,1,0,0,0,0.0,0,0,0.0,0,0,0,0.0,0,0,0.0,0,0.0,Graduate,1.0,HIGH
0,1,7,14,7,5.71875,0,0,0.5,8,9,8,5.7125,0,0,0.8889,0,5.7156,Enrolled,0.1517136,LOW
0,1,8,12,7,6.428571428571429,0,1,0.5833,8,12,7,6.428571428571429,0,1,0.5833,2,6.4286,Graduate,0.2123856,MEDIUM
0,1,6,8,6,6.6875,0,0,0.75,6,7,6,6.142857142857143,0,0,0.8571,0,6.4152,Graduate,0.11746720000000002,LOW
0,1,7,8,6,6.648333333333334,0,1,0.75,8,9,7,7.057142857142857,0,1,0.7778,2,6.8527,Graduate,0.1733112,MEDIUM
1,1,6,8,5,5.8,0,1,0.625,6,12,4,5.5,0,2,0.3333,3,5.65,Enrolled,0.436076,HIGH
0,1,6,9,6,5.6875,0,0,0.6667,6,9,6,6.642857142857143,0,0,0.6667,0,6.1652,Graduate,0.14536320000000003,LOW
0,1,5,9,5,6.333333333333333,2,0,0.5556,5,7,4,6.5,0,1,0.5714,1,6.4167,Enrolled,0.1858392,MEDIUM
0,1,5,6,5,6.0,0,0,0.8333,5,6,5,6.166666666666667,0,0,0.8333,0,6.0833,Graduate,0.12067279999999998,LOW
0,1,7,9,6,6.466666666666666,0,1,0.6667,7,7,6,6.858333333333334,0,1,0.8571,2,6.6625,Enrolled,0.178196,MEDIUM
0,1,6,15,5,5.928571428571429,0,1,0.3333,6,17,5,5.285714285714286,0,1,0.2941,2,5.6071,Enrolled,0.28307760000000004,MEDIUM
0,1,6,7,6,6.416666666666667,0,0,0.8571,6,9,4,6.7,0,2,0.4444,2,6.5583,Graduate,0.2810208,MEDIUM
0,0,5,9,3,5.666666666666667,0,2,0.3333,5,8,2,6.75,0,3,0.25,5,6.2083,Enrolled,0.4709968,HIGH
0,1,6,6,6,6.333333333333333,0,0,1.0,6,8,6,7.1875,0,0,0.75,0,6.7604,Graduate,0.1477504,LOW
0,1,5,6,5,6.2,0,0,0.8333,5,9,5,6.714285714285714,0,0,0.5556,0,6.4571,Graduate,0.1894576,MEDIUM
1,0,7,7,0,0.0,0,7,0.0,7,7,1,5.0,0,6,0.1429,13,2.5,Dropout,0.728568,HIGH
0,1,5,0,0,0.0,0,5,0.0,5,0,0,0.0,0,5,0.0,10,0.0,Dropout,0.7,HIGH
0,1,5,10,1,5.0,0,4,0.1,5,8,2,6.0,2,3,0.25,7,5.5,Dropout,0.44999999999999996,HIGH
0,1,5,8,5,5.5,0,0,0.625,5,5,5,5.8,0,0,1.0,0,5.65,Graduate,0.1344,LOW
1,0,6,13,3,5.833333333333333,0,3,0.2308,6,11,3,6.0,0,3,0.2727,6,5.9167,Dropout,0.49771920000000003,HIGH
1,1,6,6,4,6.375,0,2,0.6667,5,5,0,0.0,0,5,0.0,7,3.1875,Dropout,0.713504,HIGH
0,1,5,5,5,7.4,0,0,1.0,5,5,5,7.9,0,0,1.0,0,7.65,Graduate,0.0564,LOW
0,1,7,9,5,6.964,0,2,0.5556,8,9,7,7.171428571428571,0,1,0.7778,3,7.0677,Graduate,0.21370319999999998,MEDIUM
0,0,6,7,4,6.5,0,2,0.5714,6,7,5,6.9,0,1,0.7143,3,6.7,Dropout,0.32634399999999997,MEDIUM
0,1,5,0,0,0.0,0,5,0.0,5,0,0,0.0,0,5,0.0,10,0.0,Dropout,0.7,HIGH
0,1,5,9,2,5.75,0,3,0.2222,5,11,3,7.166666666666667,1,2,0.2727,5,6.4583,Enrolled,0.3554088,MEDIUM
0,1,6,6,6,5.833333333333333,0,0,1.0,6,8,5,6.6,0,1,0.625,1,6.2167,Graduate,0.2257992,MEDIUM
0,1,7,8,6,6.758333333333333,0,1,0.75,8,9,7,6.885714285714286,0,1,0.7778,2,6.822,Graduate,0.17404799999999998,MEDIUM
0,1,6,6,6,5.75,0,0,1.0,6,7,6,6.642857142857143,0,0,0.8571,0,6.1964,Graduate,0.13129840000000004,LOW
0,1,6,7,5,6.166666666666667,0,1,0.7143,6,7,6,6.416666666666667,0,0,0.8571,1,6.2917,Graduate,0.1532872,LOW
0,1,6,6,6,6.833333333333333,0,0,1.0,6,6,6,7.083333333333333,0,0,1.0,0,6.9583,Graduate,0.07300079999999999,LOW
0,1,8,10,6,5.916666666666667,0,2,0.6,8,10,6,5.916666666666667,0,2,0.6,4,5.9167,Enrolled,0.2819992,MEDIUM
0,1,6,11,4,7.0,0,2,0.3636,6,12,3,5.5,0,3,0.25,5,6.25,Enrolled,0.373632,HIGH
0,1,5,7,5,7.357142857142857,0,0,0.7143,5,5,5,7.9,0,0,1.0,0,7.6286,Graduate,0.0797696,LOW
0,1,5,12,5,5.3,0,0,0.4167,5,10,5,5.5,0,0,0.5,0,5.4,Dropout,0.19706400000000002,MEDIUM
0,1,7,9,7,6.522222222222222,0,0,0.7778,8,10,8,6.7975,0,0,0.8,0,6.6599,Graduate,0.11393839999999998,LOW
0,1,6,10,0,0.0,0,6,0.0,6,6,0,0.0,0,6,0.0,12,0.0,Dropout,0.7,HIGH
0,1,6,9,5,6.5,0,1,0.5556,11,13,10,6.45,0,1,0.7692,2,6.475,Dropout,0.19861600000000004,MEDIUM
0,1,8,8,8,7.4675,0,0,1.0,8,8,8,7.4675,0,0,1.0,0,7.4675,Graduate,0.060779999999999994,LOW
0,1,0,0,0,0.0,0,0,0.0,0,0,0,0.0,0,0,0.0,0,0.0,Enrolled,1.0,HIGH
0,1,7,8,6,6.566666666666666,0,1,0.75,8,12,7,6.110714285714286,0,1,0.5833,2,6.3387,Graduate,0.23454719999999996,MEDIUM
0,1,6,7,6,6.0,0,0,0.8571,6,7,6,6.0,0,0,0.8571,0,6.0,Graduate,0.118864,LOW
0,1,0,0,0,0.0,0,0,0.0,0,0,0,0.0,0,0,0.0,0,0.0,Enrolled,1.0,HIGH
0,1,6,6,5,5.7,0,1,0.8333,6,8,1,5.0,0,5,0.125,6,5.35,Enrolled,0.516596,HIGH
0,1,6,6,0,0.0,0,6,0.0,6,6,0,0.0,0,6,0.0,12,0.0,Enrolled,0.7,HIGH
0,1,7,10,5,5.95,0,2,0.5,8,10,5,5.5,0,3,0.5,5,5.725,Dropout,0.3326,MEDIUM
0,1,0,0,0,0.0,0,0,0.0,0,0,0,0.0,0,0,0.0,0,0.0,Graduate,1.0,HIGH
0,1,6,8,6,6.285714285714286,0,0,0.75,6,7,6,6.214285714285714,0,0,0.8571,0,6.25,Graduate,0.12143199999999998,LOW
1,1,5,8,5,5.6,0,0,0.625,5,10,4,5.375,3,1,0.4,1,5.4875,Dropout,0.36130000000000007,MEDIUM
0,1,6,7,6,6.0,0,0,0.8571,6,8,5,5.4,0,1,0.625,1,5.7,Enrolled,0.22105199999999997,MEDIUM
0,1,5,9,0,0.0,0,5,0.0,5,5,0,0.0,0,5,0.0,10,0.0,Enrolled,0.7,HIGH
0,1,7,8,7,5.9875,0,0,0.875,8,8,8,6.875,0,0,1.0,0,6.4313,Graduate,0.0956488,LOW
0,1,0,0,0,0.0,0,0,0.0,0,0,0,0.0,0,0,0.0,0,0.0,Dropout,1.0,HIGH
0,1,6,12,3,5.833333333333333,0,3,0.25,6,12,1,6.0,0,5,0.0833,8,5.9167,Dropout,0.5046752,HIGH
0,1,6,8,6,6.166666666666667,0,0,0.75,6,11,3,6.166666666666667,0,3,0.2727,3,6.1667,Graduate,0.35564320000000005,MEDIUM
1,1,5,8,3,5.166666666666667,0,2,0.375,5,11,3,5.428571428571429,0,2,0.2727,4,5.2976,Dropout,0.46150160000000007,HIGH
0,1,6,8,4,5.25,0,2,0.5,6,11,1,5.5,0,5,0.0909,7,5.375,Dropout,0.515548,HIGH
1,1,6,6,6,6.833333333333333,0,0,1.0,6,6,6,6.666666666666667,0,0,1.0,0,6.75,Graduate,0.178,MEDIUM
0,1,7,7,7,7.421428571428571,0,0,1.0,8,9,8,7.527777777777778,0,0,0.8889,0,7.4746,Graduate,0.09171759999999998,LOW
0,1,6,8,6,6.0,0,0,0.75,6,6,6,5.833333333333333,0,0,1.0,0,5.9167,Graduate,0.11799920000000003,LOW
0,1,6,8,5,6.1,0,1,0.625,6,7,5,6.1,0,1,0.7143,2,6.1,Dropout,0.206456,MEDIUM
0,1,1,1,0,0.0,1,1,0.0,5,0,0,0.0,0,5,0.0,6,0.0,Dropout,0.5800000000000001,HIGH
1,1,12,17,6,6.083333333333333,0,6,0.3529,12,14,10,6.65,0,2,0.7143,8,6.3667,Dropout,0.5018232,HIGH
0,1,5,6,5,6.0,0,0,0.8333,5,8,3,5.666666666666667,0,2,0.375,2,5.8333,Enrolled,0.3149968000000001,MEDIUM
0,1,6,7,6,5.5,0,0,0.8571,6,11,5,5.5,0,1,0.4545,1,5.5,Graduate,0.273592,MEDIUM
0,1,8,8,7,6.54,0,1,0.875,8,8,7,6.54,0,1,0.875,2,6.54,Graduate,0.16304000000000002,LOW
0,1,5,7,4,5.25,0,1,0.5714,5,7,5,5.8,0,0,0.7143,1,5.525,Graduate,0.19454400000000002,MEDIUM
0,1,6,9,6,5.333333333333333,1,0,0.6667,6,6,5,5.6,0,1,0.8333,1,5.4667,Graduate,0.17879920000000002,MEDIUM
0,1,5,6,4,7.0,0,1,0.6667,5,5,5,6.9,0,0,1.0,1,6.95,Enrolled,0.12986399999999998,LOW
1,1,5,9,2,5.0,0,3,0.2222,5,9,0,0.0,0,5,0.0,8,2.5,Enrolled,0.7066640000000001,HIGH
0,1,7,18,0,0.0,0,7,0.0,7,7,0,0.0,0,7,0.0,14,0.0,Dropout,0.7,HIGH
0,0,6,6,6,7.0,0,0,1.0,6,6,6,6.75,0,0,1.0,0,6.875,Graduate,0.17500000000000002,MEDIUM
0,1,6,7,2,6.0,1,4,0.2857,6,6,0,0.0,0,6,0.0,10,3.0,Dropout,0.662284,HIGH
0,1,6,12,3,6.333333333333333,0,3,0.25,6,14,0,0.0,1,6,0.0,9,3.1667,Dropout,0.6239992000000001,HIGH
0,1,8,11,8,5.9375,0,0,0.7273,6,7,6,6.166666666666667,0,0,0.8571,0,6.0521,Graduate,0.12799760000000002,LOW
0,1,5,9,5,7.0,0,0,0.5556,5,11,3,6.625,0,2,0.2727,2,6.8125,Enrolled,0.286816,MEDIUM
0,1,6,6,6,6.833333333333333,0,0,1.0,6,6,6,6.666666666666667,0,0,1.0,0,6.75,Graduate,0.078,LOW
0,1,7,7,7,6.875,0,0,1.0,8,9,8,7.23888888888889,0,0,0.8889,0,7.0569,Graduate,0.10174240000000001,LOW
0,1,5,7,5,7.1,2,0,0.7143,5,7,5,6.9,0,0,0.7143,0,7.0,Enrolled,0.117712,LOW
1,0,7,10,4,5.98,0,3,0.4,7,7,0,0.0,0,7,0.0,10,2.99,Dropout,0.7762399999999999,HIGH
0,1,10,12,8,6.4375,0,2,0.6667,9,14,5,6.7,0,4,0.3571,6,6.5687,Dropout,0.40236720000000004,HIGH
0,1,0,0,0,0.0,0,0,0.0,0,0,0,0.0,0,0,0.0,0,0.0,Graduate,1.0,HIGH
0,1,6,0,0,0.0,0,6,0.0,6,0,0,0.0,0,6,0.0,12,0.0,Dropout,0.7,HIGH
0,1,18,19,18,7.31578947368421,0,0,0.9474,13,14,13,7.115384615384615,1,0,0.9286,0,7.2156,Graduate,0.08050560000000004,LOW
0,1,6,0,0,0.0,0,6,0.0,6,0,0,0.0,0,6,0.0,12,0.0,Dropout,0.7,HIGH
1,1,10,12,10,6.5,0,0,0.8333,11,11,11,6.136363636363636,0,0,1.0,0,6.3182,Graduate,0.2016992,MEDIUM
0,1,6,0,0,0.0,0,6,0.0,6,0,0,0.0,0,6,0.0,12,0.0,Dropout,0.7,HIGH
0,1,6,15,4,7.1,0,2,0.2667,6,17,4,6.625,0,2,0.2353,4,6.8625,Dropout,0.32142,MEDIUM
0,1,7,9,6,6.633333333333333,0,1,0.6667,7,10,5,6.15,0,2,0.5,3,6.3917,Dropout,0.2766032,MEDIUM
0,1,7,12,6,5.833333333333333,0,1,0.5,7,10,3,6.5,0,4,0.3,5,6.1667,Enrolled,0.3779992000000001,HIGH
0,1,6,8,6,6.928571428571429,0,0,0.75,6,6,6,7.5,0,0,1.0,0,7.2143,Graduate,0.08685680000000001,LOW
0,1,5,9,3,6.5,0,2,0.3333,5,11,3,5.5,0,2,0.2727,4,6.0,Enrolled,0.33964000000000005,MEDIUM
0,1,5,6,5,6.7,0,0,0.8333,5,5,5,6.4,0,0,1.0,0,6.55,Graduate,0.096136,LOW
0,1,6,6,6,6.333333333333333,0,0,1.0,6,7,6,6.285714285714286,0,0,0.8571,0,6.3095,Graduate,0.12858400000000003,LOW
0,1,7,7,6,6.258333333333333,1,1,0.8571,7,7,6,6.258333333333333,1,1,0.8571,2,6.2583,Dropout,0.1726648,MEDIUM
0,1,7,11,6,5.808333333333334,0,1,0.5455,7,7,7,6.5,0,0,1.0,1,6.1542,Enrolled,0.15865919999999997,LOW
0,1,6,13,2,5.0,0,4,0.1538,6,12,4,5.375,0,2,0.3333,6,5.1875,Enrolled,0.416532,HIGH
0,1,5,11,3,5.166666666666667,0,2,0.2727,5,10,3,5.333333333333333,0,2,0.3,4,5.25,Enrolled,0.348184,MEDIUM
0,1,5,12,5,6.571428571428571,2,0,0.4167,5,6,5,5.7,0,0,0.8333,0,6.1357,Graduate,0.15274320000000002,LOW
0,1,5,5,5,6.3,0,0,1.0,5,5,5,7.0,0,0,1.0,0,6.65,Graduate,0.0804,LOW
0,1,6,12,3,5.5,0,3,0.25,6,12,2,5.5,0,4,0.1667,7,5.5,Dropout,0.46132399999999996,HIGH
0,1,5,8,5,5.4,0,0,0.625,5,9,4,5.625,2,1,0.4444,1,5.5125,Graduate,0.24826800000000004,MEDIUM
0,1,0,0,0,0.0,0,0,0.0,0,0,0,0.0,0,0,0.0,0,0.0,Dropout,1.0,HIGH
0,1,5,5,5,6.4,0,0,1.0,5,5,5,7.1,0,0,1.0,0,6.75,Graduate,0.078,LOW
0,1,6,15,6,7.083333333333333,0,0,0.4,6,13,6,6.1,0,0,0.4615,0,6.5917,Graduate,0.1728792,MEDIUM
0,1,7,12,5,6.05,0,2,0.4167,7,0,0,0.0,0,7,0.0,9,3.025,Dropout,0.6474040000000001,HIGH
0,1,6,7,6,7.083333333333333,0,0,0.8571,6,17,5,6.88888888888889,0,1,0.2941,1,6.9861,Graduate,0.28283759999999997,MEDIUM
0,1,6,8,5,6.4,0,1,0.625,6,7,5,6.7,0,1,0.7143,2,6.55,Enrolled,0.195656,MEDIUM
0,1,6,7,6,6.5,0,0,0.8571,6,6,6,6.833333333333333,0,0,1.0,0,6.6667,Graduate,0.0914312,LOW
0,1,7,7,7,6.733571428571428,0,0,1.0,8,9,8,7.505555555555556,0,0,0.8889,0,7.1196,Graduate,0.10023759999999998,LOW
0,1,7,9,7,6.61875,0,0,0.7778,8,9,7,6.871428571428572,0,1,0.7778,1,6.7451,Dropout,0.1436696,LOW
0,1,6,6,6,6.166666666666667,0,0,1.0,6,6,6,6.5,0,0,1.0,0,6.3333,Graduate,0.08800079999999999,LOW
0,1,5,7,5,6.2,0,0,0.7143,5,5,5,7.3,0,0,1.0,0,6.75,Graduate,0.10085599999999997,LOW
0,1,7,8,5,7.0,0,2,0.625,7,7,0,0.0,0,7,0.0,9,3.5,Dropout,0.661,HIGH
0,1,9,15,9,5.833333333333333,0,0,0.6,7,8,7,5.857142857142857,0,0,0.875,0,5.8452,Graduate,0.14171519999999999,LOW
1,0,6,7,5,6.0,0,1,0.7143,6,9,4,6.25,0,2,0.4444,3,6.125,Dropout,0.404284,HIGH
0,1,5,7,4,6.1,0,1,0.5714,5,5,4,5.75,0,1,0.8,2,5.925,Graduate,0.208088,MEDIUM
1,1,6,6,6,7.416666666666667,0,0,1.0,6,6,6,7.416666666666667,0,0,1.0,0,7.4167,Graduate,0.1619992,LOW
0,1,7,9,5,6.594,0,2,0.5556,8,9,7,6.446428571428571,0,1,0.7778,3,6.5202,Enrolled,0.2268432,MEDIUM
0,1,7,8,7,8.5625,0,0,0.875,8,8,8,8.79375,0,0,1.0,0,8.6781,Graduate,0.04172559999999999,LOW
0,1,7,7,6,6.333333333333333,0,1,0.8571,7,7,6,6.333333333333333,0,1,0.8571,2,6.3333,Graduate,0.17086479999999998,MEDIUM
0,1,6,8,6,6.333333333333333,0,0,0.75,6,10,5,6.0,0,1,0.5,1,6.1667,Graduate,0.23199920000000002,MEDIUM
1,0,5,8,0,0.0,0,5,0.0,5,7,0,0.0,0,5,0.0,10,0.0,Enrolled,0.7999999999999999,HIGH
0,1,6,7,6,5.666666666666667,0,0,0.8571,6,6,6,5.75,0,0,1.0,0,5.7083,Graduate,0.11443279999999999,LOW
0,1,7,10,7,6.8025,0,0,0.7,8,11,8,6.165625,0,0,0.7273,0,6.4841,Graduate,0.13019760000000002,LOW
0,1,6,10,5,6.0,0,1,0.5,6,9,5,5.4,0,1,0.5556,2,5.7,Graduate,0.238752,MEDIUM
0,1,5,10,0,0.0,0,5,0.0,5,10,0,0.0,0,5,0.0,10,0.0,Dropout,0.7,HIGH
0,1,6,8,5,5.6,0,1,0.625,6,12,3,5.833333333333333,0,3,0.25,4,5.7167,Dropout,0.38779920000000007,HIGH
0,1,5,10,5,6.6875,0,0,0.5,5,9,5,7.083333333333333,0,0,0.5556,0,6.8854,Graduate,0.15030240000000003,LOW
0,1,7,8,6,6.931666666666668,0,1,0.75,8,9,7,7.089285714285714,0,1,0.7778,2,7.0105,Graduate,0.16952399999999998,LOW
0,1,0,0,0,0.0,0,0,0.0,0,0,0,0.0,0,0,0.0,0,0.0,Enrolled,1.0,HIGH
0,1,5,6,5,6.2,0,0,0.8333,5,6,5,6.7,0,0,0.8333,0,6.45,Graduate,0.111872,LOW
0,1,6,11,3,6.166666666666667,0,3,0.2727,6,10,5,5.416666666666667,0,1,0.5,4,5.7917,Enrolled,0.3191832,MEDIUM
0,1,6,7,6,6.666666666666667,0,0,0.8571,6,8,5,5.9,0,1,0.625,1,6.2833,Graduate,0.2070528,MEDIUM
0,1,6,10,3,6.333333333333333,0,3,0.3,6,12,3,5.0,0,3,0.25,6,5.6667,Dropout,0.4099992,HIGH
0,1,6,8,6,6.0,0,0,0.75,6,10,4,5.75,0,2,0.4,2,5.875,Dropout,0.297,MEDIUM
0,1,5,5,5,5.3,0,0,1.0,5,5,5,5.9,0,0,1.0,0,5.6,Graduate,0.10560000000000001,LOW
0,1,6,8,6,6.125,0,0,0.75,6,7,6,5.928571428571429,0,0,0.8571,0,6.0268,Graduate,0.1267888,LOW
0,1,6,10,4,5.5,0,2,0.4,6,9,6,5.916666666666667,0,0,0.6667,2,5.7083,Graduate,0.23766479999999998,MEDIUM
0,1,6,11,5,5.5,0,1,0.4545,6,9,5,6.3,0,1,0.5556,2,5.9,Graduate,0.23759199999999997,MEDIUM
0,1,6,6,6,6.583333333333333,0,0,1.0,6,9,6,6.5,0,0,0.6667,0,6.5417,Dropout,0.1763232,MEDIUM
0,1,7,9,7,6.427777777777777,0,0,0.7778,8,12,7,6.380555555555556,0,1,0.5833,1,6.4042,Graduate,0.20631120000000003,MEDIUM
0,1,7,8,7,7.459375,0,0,0.875,8,8,8,7.6775,0,0,1.0,0,7.5684,Graduate,0.06835840000000001,LOW
0,1,6,13,4,5.75,0,2,0.3077,6,10,3,5.5,0,3,0.3,5,5.625,Dropout,0.36792400000000003,MEDIUM
0,1,5,5,5,7.1,0,0,1.0,5,5,5,7.1,0,0,1.0,0,7.1,Graduate,0.06960000000000001,LOW
0,1,6,6,6,6.25,0,0,1.0,6,7,6,6.5,0,0,0.8571,0,6.375,Graduate,0.127012,LOW
1,1,1,1,0,0.0,0,1,0.0,6,0,0,0.0,0,6,0.0,7,0.0,Enrolled,0.71,HIGH
0,1,6,10,5,5.833333333333333,0,1,0.5,6,12,4,5.5,0,2,0.3333,3,5.6667,Graduate,0.3206752,MEDIUM
0,1,8,8,7,7.128571428571428,0,1,0.875,8,8,7,7.128571428571428,0,1,0.875,2,7.1286,Graduate,0.14891360000000003,LOW
0,1,6,13,3,6.0,0,3,0.2308,6,12,2,5.666666666666667,0,4,0.1667,7,5.8333,Dropout,0.45102080000000005,HIGH
0,1,5,13,4,5.625,1,1,0.3077,5,11,4,5.25,0,1,0.3636,2,5.4375,Enrolled,0.27579600000000004,MEDIUM
0,1,7,8,7,6.228571428571428,0,0,0.875,8,8,8,6.78125,0,0,1.0,0,6.5049,Graduate,0.09388239999999999,LOW
0,1,7,7,6,5.841666666666666,0,1,0.8571,7,7,6,5.841666666666666,0,1,0.8571,2,5.8417,Graduate,0.1826632,MEDIUM
0,1,6,10,3,5.833333333333333,0,3,0.3,6,8,5,6.0,0,1,0.625,4,5.9167,Graduate,0.3039992,MEDIUM
1,0,6,8,4,5.875,0,2,0.5,6,6,6,6.583333333333333,0,0,1.0,2,6.2292,Dropout,0.2904992,MEDIUM
0,1,5,6,3,5.833333333333333,0,2,0.5,5,6,4,6.75,0,1,0.6667,3,6.2917,Enrolled,0.2456632,MEDIUM
0,1,6,9,5,6.6,0,1,0.5556,6,10,5,6.0,0,1,0.5,2,6.3,Graduate,0.23547200000000001,MEDIUM
0,1,7,8,4,5.975,0,3,0.5,7,8,4,5.975,0,3,0.5,6,5.975,Dropout,0.35660000000000003,MEDIUM
0,1,6,8,5,6.2,0,1,0.625,6,12,5,5.2,0,1,0.4167,2,5.7,Dropout,0.281524,MEDIUM
0,1,7,8,6,7.175,0,1,0.75,8,10,6,7.291666666666667,0,2,0.6,3,7.2333,Dropout,0.2384008,MEDIUM
0,1,21,21,21,6.30952380952381,0,0,1.0,19,19,19,6.394736842105263,0,0,1.0,0,6.3521,Graduate,0.08754959999999999,LOW
0,1,6,7,6,6.333333333333333,0,0,0.8571,6,7,6,6.583333333333333,1,0,0.8571,0,6.4583,Enrolled,0.10786480000000001,LOW
1,0,6,6,5,6.0,0,1,0.8333,6,6,0,0.0,0,6,0.0,7,3.0,Dropout,0.737996,HIGH
0,0,6,6,6,6.083333333333333,0,0,1.0,6,6,0,0.0,0,6,0.0,6,3.0417,Dropout,0.7269992,HIGH
0,1,6,0,0,0.0,0,6,0.0,6,0,0,0.0,0,6,0.0,12,0.0,Dropout,0.7,HIGH
1,0,5,9,3,5.0,0,2,0.3333,5,9,3,5.285714285714286,0,2,0.3333,4,5.1429,Dropout,0.44324240000000004,HIGH
1,0,10,18,8,5.75,0,2,0.4444,6,12,4,5.0,0,2,0.3333,4,5.375,Enrolled,0.45100399999999996,HIGH
0,1,7,7,6,6.525,0,1,0.8571,7,7,6,6.525,0,1,0.8571,2,6.525,Graduate,0.16626399999999997,LOW
0,1,6,10,2,5.5,0,4,0.2,6,6,0,0.0,0,6,0.0,10,2.75,Dropout,0.6580000000000001,HIGH
0,1,6,7,6,5.75,0,0,0.8571,6,6,6,6.0,0,0,1.0,0,5.875,Graduate,0.110432,LOW
0,1,6,7,6,6.0,0,0,0.8571,6,6,6,6.25,0,0,1.0,0,6.125,Graduate,0.104432,LOW
0,1,6,13,2,5.0,0,4,0.1538,5,12,1,5.0,0,4,0.0833,8,5.0,Enrolled,0.515132,HIGH
0,1,5,5,0,0.0,0,5,0.0,5,5,0,0.0,0,5,0.0,10,0.0,Dropout,0.7,HIGH
0,1,6,0,0,0.0,0,6,0.0,6,0,0,0.0,0,6,0.0,12,0.0,Dropout,0.7,HIGH
0,1,8,8,7,6.121428571428572,0,1,0.875,8,8,7,6.121428571428572,0,1,0.875,2,6.1214,Graduate,0.17308639999999997,MEDIUM
0,1,5,0,0,0.0,0,5,0.0,5,0,0,0.0,0,5,0.0,10,0.0,Dropout,0.7,HIGH
0,1,8,8,8,6.466875,0,0,1.0,8,8,8,6.466875,0,0,1.0,0,6.4669,Graduate,0.0847944,LOW
0,1,5,0,0,0.0,0,5,0.0,5,0,0,0.0,0,5,0.0,10,0.0,Dropout,0.7,HIGH
0,1,7,9,7,6.285714285714286,0,0,0.7778,7,8,7,7.214285714285714,0,0,0.875,0,6.75,Graduate,0.10577599999999998,LOW
0,1,3,4,3,5.908333333333334,0,0,0.75,3,3,3,5.666666666666667,0,0,1.0,0,5.7875,Enrolled,0.12109999999999999,LOW
0,1,5,9,4,6.875,0,1,0.4444,5,13,4,7.166666666666667,2,1,0.3077,2,7.0208,Graduate,0.25867280000000004,MEDIUM
0,1,6,8,6,5.583333333333333,0,0,0.75,6,6,6,5.666666666666667,0,0,1.0,0,5.625,Graduate,0.125,LOW
0,1,8,8,7,6.162142857142856,0,1,0.875,8,8,7,6.162142857142856,0,1,0.875,2,6.1621,Graduate,0.17210960000000003,MEDIUM
1,1,6,6,6,6.083333333333333,0,0,1.0,6,7,6,5.857142857142857,0,0,0.8571,0,5.9702,Graduate,0.2367272,MEDIUM
0,1,6,11,5,5.571428571428571,0,1,0.4545,6,11,4,5.625,0,2,0.3636,3,5.5982,Graduate,0.3083752,MEDIUM
0,1,6,9,4,5.5,0,2,0.4444,6,9,4,5.375,0,2,0.4444,4,5.4375,Graduate,0.318396,MEDIUM
0,1,8,8,7,6.457142857142856,0,1,0.875,8,8,7,6.457142857142856,0,1,0.875,2,6.4571,Graduate,0.1650296,LOW
0,1,6,6,6,6.916666666666667,0,0,1.0,6,6,6,7.083333333333333,0,0,1.0,0,7.0,Graduate,0.07200000000000001,LOW
0,1,6,8,6,6.928571428571429,0,0,0.75,6,9,5,6.7,0,1,0.5556,1,6.8143,Graduate,0.2008888,MEDIUM
0,1,6,7,6,6.857142857142857,0,0,0.8571,6,6,5,6.4,0,1,0.8333,1,6.6286,Dropout,0.1404416,LOW
0,1,8,8,7,6.321428571428571,0,1,0.875,8,8,7,6.321428571428571,0,1,0.875,2,6.3214,Graduate,0.16828640000000003,LOW
0,1,7,7,6,6.458333333333333,0,1,0.8571,7,7,6,6.458333333333333,0,1,0.8571,2,6.4583,Graduate,0.1678648,LOW
0,1,6,8,6,7.8125,0,0,0.75,6,8,6,7.928571428571429,0,0,0.75,0,7.8705,Graduate,0.091108,LOW
0,1,5,7,0,0.0,0,5,0.0,5,8,0,0.0,0,5,0.0,10,0.0,Dropout,0.7,HIGH
0,1,6,8,6,5.857142857142857,0,0,0.75,6,7,6,6.0,0,0,0.8571,0,5.9286,Graduate,0.12914559999999997,LOW
0,1,7,10,6,6.0625,0,1,0.6,8,9,8,6.65625,0,0,0.8889,1,6.3594,Enrolled,0.1582624,LOW
0,1,5,7,5,5.8,0,0,0.7143,5,5,5,5.8,0,0,1.0,0,5.8,Graduate,0.12365599999999999,LOW
0,1,6,11,1,5.0,0,5,0.0909,6,6,0,0.0,6,6,0.0,11,2.5,Dropout,0.6509079999999999,HIGH
0,1,6,16,1,5.0,0,5,0.0625,6,13,0,0.0,0,6,0.0,11,2.5,Dropout,0.6475,HIGH
0,1,5,10,0,0.0,1,5,0.0,5,9,2,6.75,0,3,0.2222,8,3.375,Dropout,0.541224,HIGH
0,1,5,7,4,6.5,0,1,0.5714,5,8,3,6.166666666666667,0,2,0.375,3,6.3333,Graduate,0.30156879999999997,MEDIUM
0,1,6,6,6,6.666666666666667,0,0,1.0,6,6,6,7.25,0,0,1.0,0,6.9583,Graduate,0.07300079999999999,LOW
0,1,6,9,4,5.625,0,2,0.4444,6,13,2,6.25,0,4,0.1538,6,5.9375,Dropout,0.447764,HIGH
0,1,7,9,5,6.925,0,2,0.5556,8,9,7,6.09642857142857,0,1,0.7778,3,6.5107,Graduate,0.22707119999999997,MEDIUM
0,1,7,8,6,6.870833333333334,0,1,0.75,8,9,7,7.45625,0,1,0.7778,2,7.1635,Graduate,0.165852,LOW
0,1,6,7,6,7.666666666666667,0,0,0.8571,5,5,5,7.9,0,0,1.0,0,7.7833,Graduate,0.0646328,LOW
0,1,5,6,5,5.5,0,0,0.8333,5,5,5,6.9,0,0,1.0,0,6.2,Graduate,0.10453600000000002,LOW
0,1,6,6,6,6.0,0,0,1.0,6,7,6,6.428571428571429,0,0,0.8571,0,6.2143,Graduate,0.13086880000000004,LOW
0,1,5,5,0,0.0,0,5,0.0,5,5,0,0.0,0,5,0.0,10,0.0,Dropout,0.7,HIGH
0,1,8,15,7,5.785714285714286,0,1,0.4667,8,15,7,5.785714285714286,0,1,0.4667,2,5.7857,Graduate,0.2464712,MEDIUM
0,1,6,10,6,6.428571428571429,0,0,0.6,6,6,3,6.333333333333333,0,3,0.5,3,6.381,Graduate,0.268856,MEDIUM
0,1,6,0,0,0.0,0,6,0.0,6,0,0,0.0,0,6,0.0,12,0.0,Dropout,0.7,HIGH
0,1,5,5,5,6.5,0,0,1.0,5,5,5,6.6,0,0,1.0,0,6.55,Graduate,0.0828,LOW
0,1,6,9,5,5.5,0,1,0.5556,6,8,5,6.0,0,1,0.625,2,5.75,Graduate,0.22755200000000003,MEDIUM
0,1,5,12,3,6.0,0,2,0.25,5,12,1,7.5,3,4,0.0833,6,6.75,Dropout,0.424676,HIGH
0,1,6,6,5,6.3,0,1,0.8333,6,6,6,6.5,0,0,1.0,1,6.4,Graduate,0.12973600000000002,LOW
0,1,6,8,5,6.7,0,1,0.625,6,7,6,6.583333333333333,0,0,0.8571,1,6.6417,Graduate,0.15203119999999998,LOW
0,1,6,9,6,5.666666666666667,0,0,0.6667,6,9,6,5.785714285714286,0,0,0.6667,0,5.7262,Graduate,0.15589920000000002,LOW
0,0,5,14,4,6.75,2,1,0.2857,5,10,4,7.125,0,1,0.4,2,6.9375,Dropout,0.33864400000000006,MEDIUM
1,0,6,11,3,5.875,0,3,0.2727,6,14,3,5.166666666666667,0,3,0.2143,6,5.5208,Dropout,0.5202208,HIGH
0,1,7,10,6,6.235714285714286,0,1,0.6,7,8,7,5.73125,0,0,0.875,1,5.9835,Enrolled,0.16839599999999996,LOW
0,1,17,19,11,6.454545454545454,0,6,0.5789,13,15,9,6.777777777777778,0,4,0.6,10,6.6162,Enrolled,0.4468992,HIGH
0,1,5,5,5,5.8,0,0,1.0,5,5,5,6.8,0,0,1.0,0,6.3,Graduate,0.0888,LOW
0,0,5,5,0,0.0,0,5,0.0,5,9,0,0.0,0,5,0.0,10,0.0,Dropout,0.7999999999999999,HIGH
0,1,10,13,9,6.45,0,1,0.6923,10,12,10,6.181818181818182,0,0,0.8333,1,6.3159,Graduate,0.1563704,LOW
0,1,8,8,8,6.61,0,0,1.0,8,8,8,6.61,0,0,1.0,0,6.61,Graduate,0.08135999999999999,LOW
0,1,8,8,7,6.575714285714286,0,1,0.875,8,8,7,6.575714285714286,0,1,0.875,2,6.5757,Graduate,0.16218320000000003,LOW
1,0,6,13,3,6.375,0,3,0.2308,6,8,3,5.666666666666667,0,3,0.375,6,6.0208,Dropout,0.48703680000000005,HIGH
0,1,6,8,6,5.666666666666667,0,0,0.75,6,8,4,6.125,0,2,0.5,2,5.8958,Graduate,0.26850080000000004,MEDIUM
0,1,6,10,6,6.625,0,0,0.6,6,13,5,7.071428571428571,0,1,0.3846,1,6.8482,Graduate,0.22995520000000003,MEDIUM
0,1,6,7,5,6.2,0,1,0.7143,6,6,5,6.2,0,1,0.8333,2,6.2,Enrolled,0.187392,MEDIUM
0,1,6,6,6,7.5,0,0,1.0,6,6,6,6.416666666666667,0,0,1.0,0,6.9583,Dropout,0.07300079999999999,LOW
0,1,5,6,5,7.2,0,0,0.8333,5,6,5,6.5,0,0,0.8333,0,6.85,Graduate,0.10227200000000002,LOW
0,1,6,12,1,5.5,0,5,0.0833,6,12,0,0.0,0,6,0.0,11,2.75,Enrolled,0.6439960000000001,HIGH
0,1,5,8,5,6.2,0,0,0.625,5,6,5,5.4,0,0,0.8333,0,5.8,Graduate,0.14413600000000001,LOW
1,0,7,13,1,8.0,0,6,0.0769,7,12,0,0.0,0,7,0.0,13,4.0,Dropout,0.713228,HIGH
0,1,5,10,5,6.785714285714286,0,0,0.5,5,14,5,6.166666666666667,3,0,0.3571,0,6.4762,Graduate,0.20458320000000002,MEDIUM
0,1,6,6,6,5.916666666666667,0,0,1.0,6,6,6,6.25,0,0,1.0,0,6.0833,Enrolled,0.0940008,LOW
0,1,6,8,5,5.833333333333333,0,1,0.625,6,9,5,6.333333333333333,0,1,0.5556,2,6.0833,Graduate,0.2334328,MEDIUM
1,0,10,16,6,5.916666666666667,0,4,0.375,7,8,2,6.5,0,5,0.25,9,6.2083,Dropout,0.5960008,HIGH
0,1,6,8,6,5.583333333333333,0,0,0.75,6,10,5,5.3,0,1,0.5,1,5.4417,Graduate,0.2493992,MEDIUM
0,1,6,0,0,0.0,0,6,0.0,6,0,0,0.0,0,6,0.0,12,0.0,Dropout,0.7,HIGH
1,0,12,17,8,5.875,0,4,0.4706,12,19,6,6.083333333333333,2,6,0.3158,10,5.9792,Dropout,0.6245472,HIGH
0,1,6,7,6,7.0,0,0,0.8571,6,7,6,7.0,0,0,0.8571,0,7.0,Graduate,0.09486400000000002,LOW
0,1,6,6,6,6.416666666666667,0,0,1.0,6,6,6,6.0,0,0,1.0,0,6.2083,Graduate,0.09100079999999999,LOW
0,1,6,11,4,6.125,0,2,0.3636,6,10,3,5.833333333333333,0,3,0.3,5,5.9792,Graduate,0.36613120000000005,MEDIUM
0,1,8,8,7,7.414285714285714,0,1,0.875,8,8,7,7.414285714285714,0,1,0.875,2,7.4143,Graduate,0.14205679999999998,LOW
0,1,6,7,5,5.7,0,1,0.7143,6,8,5,6.4,0,1,0.625,2,6.05,Graduate,0.225516,MEDIUM
0,1,6,6,6,6.5,0,0,1.0,6,8,6,6.25,0,0,0.75,0,6.375,Graduate,0.15700000000000003,LOW
0,1,8,8,7,6.835714285714286,0,1,0.875,8,8,7,6.835714285714286,0,1,0.875,2,6.8357,Graduate,0.1559432,LOW
0,1,6,9,6,6.333333333333333,0,0,0.6667,6,8,5,6.4,0,1,0.625,1,6.3667,Graduate,0.1822032,MEDIUM
0,0,5,10,2,5.0,0,3,0.2,5,12,1,6.5,0,4,0.0833,7,5.75,Dropout,0.572676,HIGH
0,1,5,10,5,6.75,0,0,0.5,5,8,5,6.166666666666667,0,0,0.625,0,6.4583,Graduate,0.15500080000000002,LOW
0,1,7,8,7,6.335,0,0,0.875,8,8,8,6.775,0,0,1.0,0,6.555,Graduate,0.09268000000000001,LOW
0,1,6,8,6,7.25,0,0,0.75,6,7,6,7.714285714285714,0,0,0.8571,0,7.4821,Graduate,0.09186159999999999,LOW
0,1,7,7,7,6.842857142857142,0,0,1.0,8,8,8,7.69375,0,0,1.0,0,7.2683,Graduate,0.06556080000000002,LOW
0,1,6,8,5,5.5,0,1,0.625,6,10,3,5.333333333333333,0,3,0.3,4,5.4167,Dropout,0.38099920000000004,HIGH
1,0,9,16,7,5.777777777777778,4,2,0.4375,7,12,5,6.6,2,2,0.4167,4,6.1889,Dropout,0.40729040000000005,HIGH
0,1,7,7,7,6.89857142857143,0,0,1.0,8,8,8,6.8875,0,0,1.0,0,6.893,Enrolled,0.074568,LOW
0,1,7,8,7,7.001875,0,0,0.875,8,11,7,6.906428571428571,0,1,0.6364,1,6.9542,Graduate,0.1899072,MEDIUM
0,1,5,8,4,6.0,0,1,0.5,5,8,4,5.7,2,1,0.5,2,5.85,Graduate,0.2396,MEDIUM
0,1,6,9,5,7.083333333333333,0,1,0.5556,6,7,6,7.083333333333333,0,0,0.8571,1,7.0833,Graduate,0.1469848,LOW
0,1,5,5,5,7.0,0,0,1.0,5,5,5,6.9,0,0,1.0,0,6.95,Graduate,0.07319999999999999,LOW
0,1,6,7,5,6.9,0,1,0.7143,6,6,6,6.416666666666667,0,0,1.0,1,6.6583,Graduate,0.13305680000000003,LOW
0,1,6,8,5,6.4,0,1,0.625,6,10,6,5.928571428571429,0,0,0.6,1,6.1643,Graduate,0.1890568,MEDIUM
0,1,6,6,6,6.083333333333333,0,0,1.0,6,6,6,6.916666666666667,0,0,1.0,0,6.5,Graduate,0.084,LOW
0,1,6,8,6,6.25,0,0,0.75,6,6,6,6.166666666666667,0,0,1.0,0,6.2083,Enrolled,0.1110008,LOW
0,1,6,9,4,6.0,0,2,0.4444,6,12,4,5.75,0,2,0.3333,4,5.875,Graduate,0.33900399999999997,MEDIUM
0,1,6,8,6,5.416666666666667,0,0,0.75,6,9,6,5.75,0,0,0.6667,0,5.5833,Graduate,0.16932480000000003,LOW
0,1,8,8,8,6.6925,0,0,1.0,8,8,8,6.6925,0,0,1.0,0,6.6925,Graduate,0.07938,LOW
0,1,6,14,6,7.833333333333333,0,0,0.4286,6,9,6,7.25,0,0,0.6667,0,7.5417,Graduate,0.1313752,LOW
1,1,6,9,6,7.166666666666667,0,0,0.6667,6,7,6,6.916666666666667,0,0,0.8571,0,7.0417,Graduate,0.20909520000000004,MEDIUM
0,1,6,10,6,5.714285714285714,0,0,0.6,6,12,5,6.5,0,1,0.4167,1,6.1071,Enrolled,0.2387536,MEDIUM
0,1,6,9,6,5.833333333333333,0,0,0.6667,6,8,6,5.833333333333333,0,0,0.75,0,5.8333,Graduate,0.1466648,LOW
0,1,6,9,5,6.0,0,1,0.5556,6,10,2,5.666666666666667,0,4,0.2,5,5.8333,Dropout,0.4206728,HIGH
0,1,8,8,7,7.362857142857144,0,1,0.875,8,8,7,7.362857142857144,0,1,0.875,2,7.3629,Graduate,0.1432904,LOW
0,1,6,6,6,7.083333333333333,0,0,1.0,6,6,6,6.833333333333333,0,0,1.0,0,6.9583,Graduate,0.07300079999999999,LOW
0,1,6,10,6,5.785714285714286,0,0,0.6,6,8,6,6.166666666666667,0,0,0.75,0,5.9762,Graduate,0.1485712,LOW
0,1,7,7,7,6.25,0,0,1.0,8,8,8,6.56875,0,0,1.0,0,6.4094,Graduate,0.08617440000000001,LOW
0,1,8,10,8,6.43,2,0,0.8,8,10,8,6.43,2,0,0.8,0,6.43,Graduate,0.11767999999999999,LOW
0,1,6,10,6,6.125,0,0,0.6,6,9,6,6.857142857142857,0,0,0.6667,0,6.4911,Graduate,0.1428776,LOW
0,1,5,7,4,6.0,0,1,0.5714,5,5,5,6.1,0,0,1.0,1,6.05,Graduate,0.15908799999999998,LOW
0,1,7,9,7,7.558333333333334,0,0,0.7778,8,9,8,8.084444444444443,0,0,0.8889,0,7.8214,Graduate,0.0789504,LOW
1,0,5,6,2,6.25,0,3,0.3333,5,6,4,5.125,0,1,0.6667,4,5.6875,Dropout,0.40349999999999997,HIGH
0,1,6,11,0,0.0,0,6,0.0,6,0,0,0.0,0,6,0.0,12,0.0,Dropout,0.7,HIGH
0,1,6,8,4,5.5,0,2,0.5,6,9,4,5.5,0,2,0.4444,4,5.5,Enrolled,0.323568,MEDIUM
0,1,6,8,6,5.9375,0,0,0.75,6,11,4,7.3,0,2,0.3636,2,6.6188,Graduate,0.2893408,MEDIUM
0,1,5,6,1,5.5,0,4,0.1667,5,5,0,0.0,0,5,0.0,9,2.75,Dropout,0.6240040000000001,HIGH
0,1,5,5,5,7.6,0,0,1.0,5,6,5,6.6,0,0,0.8333,0,7.1,Graduate,0.116276,LOW
1,0,6,7,5,5.8,0,1,0.7143,6,12,2,5.5,0,4,0.1667,5,5.65,Dropout,0.55344,HIGH
1,1,6,6,6,7.416666666666667,0,0,1.0,6,7,6,7.571428571428571,0,0,0.8571,0,7.494,Graduate,0.20015600000000003,MEDIUM
0,1,6,12,3,5.666666666666667,0,3,0.25,6,10,3,5.666666666666667,0,3,0.3,6,5.6667,Dropout,0.3999992,HIGH
0,1,5,5,5,5.6,0,0,1.0,5,5,5,5.9,0,0,1.0,0,5.75,Graduate,0.10200000000000001,LOW
0,1,6,8,5,6.7,0,1,0.625,6,9,5,6.833333333333333,0,1,0.5556,2,6.7667,Graduate,0.2170312,MEDIUM
0,1,5,12,2,5.25,0,3,0.1667,5,5,0,0.0,0,5,0.0,8,2.625,Dropout,0.597004,HIGH
0,1,5,5,5,8.1,0,0,1.0,5,5,5,8.2,0,0,1.0,0,8.15,Graduate,0.04439999999999999,LOW
0,1,7,7,7,7.271428571428572,0,0,1.0,8,11,8,7.44090909090909,0,0,0.7273,0,7.3562,Graduate,0.1398072,LOW
0,1,7,7,7,6.847142857142857,0,0,1.0,8,9,8,7.177777777777777,0,0,0.8889,0,7.0125,Graduate,0.10280799999999998,LOW
0,1,6,8,6,5.642857142857143,0,0,0.75,6,10,6,5.928571428571429,0,0,0.6,0,5.7857,Graduate,0.18314319999999998,MEDIUM
0,1,7,11,6,5.878571428571428,0,1,0.5455,8,12,6,6.541666666666667,0,2,0.5,3,6.2101,Enrolled,0.26641760000000003,MEDIUM
1,0,3,3,0,0.0,0,3,0.0,6,0,0,0.0,0,6,0.0,9,0.0,Dropout,0.77,HIGH
0,1,8,8,7,6.529285714285714,0,1,0.875,8,8,7,6.529285714285714,0,1,0.875,2,6.5293,Graduate,0.1632968,LOW
0,1,7,7,7,7.15,0,0,1.0,8,9,8,7.027777777777778,0,0,0.8889,0,7.0889,Graduate,0.10097439999999999,LOW
0,1,10,15,5,5.9,0,5,0.3333,10,14,8,6.0,0,2,0.5714,7,5.95,Graduate,0.394824,HIGH
0,1,5,9,3,5.166666666666667,1,2,0.3333,5,8,3,6.5,0,2,0.375,4,5.8333,Enrolled,0.32333680000000004,MEDIUM
0,1,6,7,6,5.285714285714286,0,0,0.8571,6,11,3,5.833333333333333,0,3,0.2727,3,5.5595,Graduate,0.38306799999999996,HIGH
0,1,7,7,6,6.666666666666667,0,1,0.8571,7,7,6,6.666666666666667,0,1,0.8571,2,6.6667,Graduate,0.16286319999999999,LOW
1,1,6,10,6,5.928571428571429,0,0,0.6,6,9,5,5.5,0,1,0.5556,1,5.7143,Graduate,0.30928880000000003,MEDIUM
0,1,6,9,5,6.3,0,1,0.5556,6,8,5,5.7,0,1,0.625,2,6.0,Enrolled,0.22155200000000003,MEDIUM
0,1,5,11,5,7.0,3,0,0.4545,5,7,5,5.8,0,0,0.7143,0,6.4,Enrolled,0.15289600000000003,LOW
0,1,7,12,5,6.0,0,2,0.4167,7,9,6,6.333333333333333,0,1,0.6667,3,6.1667,Enrolled,0.25532720000000003,MEDIUM
1,1,5,6,0,0.0,0,5,0.0,5,5,0,0.0,0,5,0.0,10,0.0,Dropout,0.7999999999999999,HIGH
0,1,6,7,6,6.0,0,0,0.8571,6,7,6,6.5,0,0,0.8571,0,6.25,Graduate,0.11286399999999999,LOW
0,1,6,6,6,6.333333333333333,0,0,1.0,6,6,6,5.833333333333333,0,0,1.0,0,6.0833,Graduate,0.0940008,LOW
0,1,6,6,6,6.083333333333333,0,0,1.0,6,9,6,6.833333333333333,0,0,0.6667,0,6.4583,Graduate,0.1783248,MEDIUM
0,1,6,6,6,6.666666666666667,0,0,1.0,6,6,6,7.333333333333333,0,0,1.0,0,7.0,Graduate,0.07200000000000001,LOW
1,1,7,8,7,7.5,0,0,0.875,7,7,7,7.285714285714286,0,0,1.0,0,7.3929,Graduate,0.1725704,MEDIUM
0,1,8,8,8,6.695625,0,0,1.0,8,8,8,6.695625,0,0,1.0,0,6.6956,Graduate,0.07930560000000002,LOW
0,1,6,9,5,6.083333333333333,0,1,0.5556,6,8,6,6.214285714285714,0,0,0.75,1,6.1488,Graduate,0.1779808,MEDIUM
0,1,5,9,4,5.625,0,1,0.4444,5,6,4,6.25,0,1,0.6667,2,5.9375,Graduate,0.228612,MEDIUM
0,1,5,13,4,6.0,2,1,0.3077,5,8,3,6.0,0,2,0.375,3,6.0,Enrolled,0.291384,MEDIUM
0,1,0,0,0,0.0,0,0,0.0,0,0,0,0.0,0,0,0.0,0,0.0,Dropout,1.0,HIGH
0,1,6,7,6,6.416666666666667,0,0,0.8571,6,8,6,6.428571428571429,0,0,0.75,0,6.4226,Graduate,0.1387096,LOW
0,1,6,10,6,7.0,0,0,0.6,6,11,6,6.55,0,0,0.5455,0,6.775,Graduate,0.15666000000000002,LOW
0,1,5,5,4,6.5,0,1,0.8,5,7,2,6.0,0,3,0.2857,4,6.25,Enrolled,0.386004,HIGH
0,1,6,7,6,6.75,0,0,0.8571,6,8,6,6.25,0,0,0.75,0,6.5,Graduate,0.136852,LOW
0,1,16,24,13,5.346153846153846,1,3,0.5417,13,19,9,6.153846153846154,0,4,0.4737,7,5.75,Enrolled,0.404368,HIGH
0,1,5,6,5,5.5,0,0,0.8333,5,9,5,5.833333333333333,0,0,0.5556,0,5.6667,Graduate,0.2084272,MEDIUM
0,1,6,8,6,6.5,0,0,0.75,6,6,6,6.916666666666667,0,0,1.0,0,6.7083,Graduate,0.0990008,LOW
0,1,6,10,5,6.0,0,1,0.5,6,9,4,5.625,0,2,0.4444,3,5.8125,Enrolled,0.286068,MEDIUM
0,1,6,9,4,6.3,0,2,0.4444,6,6,4,5.75,0,2,0.6667,4,6.025,Dropout,0.286512,MEDIUM
0,1,6,6,6,6.833333333333333,0,0,1.0,6,6,6,6.666666666666667,0,0,1.0,0,6.75,Graduate,0.078,LOW
0,0,0,0,0,0.0,0,0,0.0,0,0,0,0.0,0,0,0.0,0,0.0,Dropout,1.0,HIGH
1,1,7,7,6,7.1,0,1,0.8571,7,7,6,7.1,0,1,0.8571,2,7.1,Graduate,0.252464,MEDIUM
1,0,6,10,5,5.5,0,1,0.5,6,12,0,0.0,0,6,0.0,7,2.75,Dropout,0.704,HIGH
0,1,6,7,6,7.5,0,0,0.8571,6,7,6,8.214285714285714,0,0,0.8571,0,7.8571,Graduate,0.0742936,LOW
0,1,7,9,6,6.292857142857142,0,1,0.6667,8,9,7,6.72142857142857,0,1,0.7778,2,6.5071,Graduate,0.18826959999999998,MEDIUM
0,1,5,0,0,0.0,0,5,0.0,5,0,0,0.0,0,5,0.0,10,0.0,Dropout,0.7,HIGH
1,1,6,6,0,0.0,0,6,0.0,6,6,0,0.0,0,6,0.0,12,0.0,Enrolled,0.7999999999999999,HIGH
0,1,6,0,0,0.0,0,6,0.0,6,0,0,0.0,0,6,0.0,12,0.0,Dropout,0.7,HIGH
0,1,6,7,6,5.833333333333333,0,0,0.8571,6,10,6,5.916666666666667,0,0,0.6,0,5.875,Graduate,0.19385199999999997,MEDIUM
1,1,6,13,3,6.333333333333333,0,3,0.2308,6,12,2,5.0,0,4,0.1667,7,5.6667,Dropout,0.5550192,HIGH
0,1,5,10,3,5.166666666666667,0,2,0.3,5,9,4,5.5,2,1,0.4444,3,5.3333,Enrolled,0.30244879999999996,MEDIUM
0,1,11,18,8,6.75,0,3,0.4444,9,16,7,6.857142857142857,0,2,0.4375,5,6.8036,Graduate,0.31754160000000003,MEDIUM
0,1,7,8,5,6.99,0,2,0.625,7,8,5,6.99,0,2,0.625,4,6.99,Enrolled,0.25224,MEDIUM
0,1,6,13,6,8.076923076923077,0,0,0.4615,6,10,6,7.875,0,0,0.6,0,7.976,Graduate,0.12365599999999999,LOW
0,1,7,7,6,7.016666666666666,0,1,0.8571,7,7,6,7.016666666666666,0,1,0.8571,2,7.0167,Graduate,0.15446320000000002,LOW
0,1,5,8,1,5.5,0,4,0.125,5,6,5,5.6,0,0,0.8333,4,5.55,Enrolled,0.310136,MEDIUM
0,1,7,8,7,6.928571428571429,0,0,0.875,7,8,6,6.833333333333333,0,1,0.75,1,6.881,Graduate,0.159856,LOW
0,1,8,8,7,6.707142857142858,0,1,0.875,8,8,7,6.707142857142858,0,1,0.875,2,6.7071,Dropout,0.15902960000000005,LOW
0,1,11,11,11,6.772727272727272,0,0,1.0,7,7,7,6.785714285714286,0,0,1.0,0,6.7792,Graduate,0.07729919999999998,LOW
0,1,5,11,4,5.625,0,1,0.3636,5,10,4,5.416666666666667,0,1,0.4,2,5.5208,Enrolled,0.2664128,MEDIUM
0,1,6,6,6,6.916666666666667,0,0,1.0,6,7,6,7.214285714285714,0,0,0.8571,0,7.0655,Graduate,0.11044000000000001,LOW
0,1,5,8,5,6.0,0,0,0.625,5,9,5,6.428571428571429,0,0,0.5556,0,6.2143,Graduate,0.17028880000000002,MEDIUM
0,1,6,0,0,0.0,0,6,0.0,6,0,0,0.0,0,6,0.0,12,0.0,Dropout,0.7,HIGH
1,1,11,14,10,5.95,0,1,0.7143,11,14,10,6.4,0,1,0.7143,2,6.175,Enrolled,0.297512,MEDIUM
0,0,5,5,0,0.0,0,5,0.0,5,0,0,0.0,0,5,0.0,10,0.0,Dropout,0.7999999999999999,HIGH
0,1,7,7,7,7.567857142857143,0,0,1.0,8,8,8,7.643749999999999,0,0,1.0,0,7.6058,Graduate,0.05746079999999999,LOW
0,0,7,7,7,6.142857142857143,0,0,1.0,7,8,6,6.666666666666667,0,1,0.75,1,6.4048,Enrolled,0.2862848,MEDIUM
0,1,6,16,5,6.333333333333333,0,1,0.3125,6,15,2,6.75,0,4,0.1333,5,6.5417,Enrolled,0.39317520000000006,HIGH
0,1,7,13,5,6.37,0,2,0.3846,8,12,6,5.489285714285714,0,2,0.5,4,5.9296,Dropout,0.3069216,MEDIUM
0,1,7,8,6,6.625,0,1,0.75,8,8,8,6.875,0,0,1.0,1,6.75,Enrolled,0.128,LOW
0,1,6,13,3,5.166666666666667,0,3,0.2308,6,12,3,5.166666666666667,0,3,0.25,6,5.1667,Enrolled,0.41753520000000005,HIGH
0,1,6,7,6,6.714285714285714,0,0,0.8571,6,6,6,6.583333333333333,0,0,1.0,0,6.6488,Graduate,0.09186080000000003,LOW
0,1,11,19,9,6.277777777777778,0,2,0.4737,9,14,8,5.555555555555555,0,1,0.5714,3,5.9167,Graduate,0.26439120000000005,MEDIUM
0,1,6,8,6,5.75,0,0,0.75,6,7,6,5.583333333333333,0,0,0.8571,0,5.6667,Graduate,0.13543120000000003,LOW
0,1,6,6,6,6.833333333333333,0,0,1.0,6,9,6,6.166666666666667,0,0,0.6667,0,6.5,Graduate,0.17732399999999998,MEDIUM
0,1,14,16,11,5.636363636363636,0,3,0.6875,11,16,10,6.0,0,1,0.625,4,5.8182,Graduate,0.28786320000000004,MEDIUM
0,1,6,10,5,6.583333333333333,0,1,0.5,6,8,5,6.2,0,1,0.625,2,6.3917,Enrolled,0.21659920000000002,MEDIUM
0,1,6,6,6,7.333333333333333,0,0,1.0,6,6,6,7.083333333333333,0,0,1.0,0,7.2083,Graduate,0.06700079999999999,LOW
0,1,6,11,4,6.375,0,2,0.3636,6,19,1,5.5,0,5,0.0526,7,5.9375,Enrolled,0.49640400000000007,HIGH
0,1,7,11,5,5.6,0,2,0.4545,8,13,5,6.07,0,3,0.3846,5,5.835,Enrolled,0.356812,MEDIUM
1,0,6,8,5,6.5,0,1,0.625,6,8,5,5.7,0,1,0.625,2,6.1,Dropout,0.3136,MEDIUM
0,0,5,8,2,5.25,0,3,0.25,5,8,2,6.166666666666667,0,3,0.25,6,5.7083,Dropout,0.5030008,HIGH
0,1,6,7,6,7.428571428571429,0,0,0.8571,6,7,6,7.0,0,0,0.8571,0,7.2143,Graduate,0.0897208,LOW
0,1,8,11,7,6.43,0,1,0.6364,8,11,7,6.43,0,1,0.6364,2,6.43,Graduate,0.20385599999999998,MEDIUM
0,1,11,12,11,5.863636363636364,0,0,0.9167,11,14,11,6.0,0,0,0.7857,0,5.9318,Graduate,0.14764480000000002,LOW
0,1,6,11,6,6.571428571428571,0,0,0.5455,6,10,3,6.0,0,3,0.3,3,6.2857,Graduate,0.3206032,MEDIUM
1,1,6,6,5,5.9,0,1,0.8333,6,9,4,6.857142857142857,0,2,0.4444,3,6.3786,Dropout,0.4124776,HIGH
0,1,5,10,3,5.333333333333333,0,2,0.3,5,9,0,0.0,3,5,0.0,7,2.6667,Dropout,0.5819992,HIGH
0,1,6,9,5,5.8,0,1,0.5556,6,8,4,5.6,0,2,0.5,3,5.7,Enrolled,0.279872,MEDIUM
0,1,6,13,3,5.166666666666667,0,3,0.2308,6,12,3,5.166666666666667,0,3,0.25,6,5.1667,Enrolled,0.41753520000000005,HIGH
0,1,6,11,4,6.125,0,2,0.3636,6,11,3,5.5,0,3,0.2727,5,5.8125,Enrolled,0.377776,HIGH
0,1,6,6,6,6.0,0,0,1.0,6,7,4,6.375,0,2,0.5714,2,6.1875,Enrolled,0.27150799999999997,MEDIUM
0,1,8,8,7,7.365714285714286,0,1,0.875,8,8,7,7.365714285714286,0,1,0.875,2,7.3657,Graduate,0.1432232,LOW
0,1,0,0,0,0.0,0,0,0.0,0,0,0,0.0,0,0,0.0,0,0.0,Graduate,1.0,HIGH
0,1,13,14,13,6.807692307692308,1,0,0.9286,12,12,12,7.125,0,0,1.0,0,6.9663,Graduate,0.07852079999999999,LOW
0,1,5,5,5,7.9,0,0,1.0,5,5,5,7.4,0,0,1.0,0,7.65,Graduate,0.0564,LOW
0,1,6,6,6,7.333333333333333,0,0,1.0,6,7,6,7.285714285714286,0,0,0.8571,0,7.3095,Graduate,0.10458400000000002,LOW
0,1,5,5,0,0.0,0,5,0.0,5,5,0,0.0,0,5,0.0,10,0.0,Dropout,0.7,HIGH
0,1,8,8,7,7.327142857142858,0,1,0.875,8,8,7,7.327142857142858,0,1,0.875,2,7.3271,Graduate,0.1441496,LOW
0,1,8,8,7,6.200714285714286,0,1,0.875,8,8,7,6.200714285714286,0,1,0.875,2,6.2007,Graduate,0.17118319999999998,MEDIUM
0,1,7,8,7,5.79375,0,0,0.875,8,9,7,7.035714285714286,0,1,0.7778,1,6.4147,Graduate,0.16326319999999997,LOW
0,1,5,5,5,7.0,0,0,1.0,5,5,5,7.8,0,0,1.0,0,7.4,Graduate,0.062400000000000004,LOW
0,1,6,9,6,6.166666666666667,0,0,0.6667,6,6,6,5.916666666666667,0,0,1.0,0,6.0417,Graduate,0.1216632,LOW
0,1,5,5,5,7.0,0,0,1.0,5,6,5,7.7,0,0,0.8333,0,7.35,Graduate,0.110276,LOW
0,1,6,13,6,7.615384615384615,0,0,0.4615,6,10,6,6.1875,0,0,0.6,0,6.9014,Graduate,0.14944639999999998,LOW
0,1,6,9,5,5.8,0,1,0.5556,6,9,3,5.5,0,3,0.3333,4,5.65,Dropout,0.357748,MEDIUM
0,1,7,7,6,5.8,0,1,0.8571,7,7,6,5.8,0,1,0.8571,2,5.8,Graduate,0.183664,MEDIUM
0,1,7,0,0,0.0,0,7,0.0,8,0,0,0.0,0,8,0.0,15,0.0,Dropout,0.7,HIGH
0,1,7,7,7,6.450714285714286,0,0,1.0,8,9,8,6.547222222222222,0,0,0.8889,0,6.499,Graduate,0.11513200000000001,LOW
0,1,7,9,7,7.071428571428571,0,0,0.7778,5,5,5,7.4,0,0,1.0,0,7.2357,Graduate,0.08411920000000002,LOW
0,1,6,0,0,0.0,0,6,0.0,6,0,0,0.0,0,6,0.0,12,0.0,Dropout,0.7,HIGH
0,1,8,8,8,6.626875,0,0,1.0,8,8,8,6.626875,0,0,1.0,0,6.6269,Graduate,0.0809544,LOW
0,1,7,7,7,6.892857142857143,0,0,1.0,8,8,8,7.05,0,0,1.0,0,6.9714,Graduate,0.07268640000000001,LOW
0,1,7,7,6,6.958333333333333,0,1,0.8571,7,7,6,6.958333333333333,0,1,0.8571,2,6.9583,Graduate,0.1558648,LOW
0,1,6,8,6,6.75,0,0,0.75,6,9,6,6.785714285714286,0,0,0.6667,0,6.7679,Graduate,0.1408944,LOW
0,1,5,8,3,5.666666666666667,0,2,0.375,5,12,2,5.333333333333333,0,3,0.1667,5,5.5,Enrolled,0.416324,HIGH
0,1,5,8,0,0.0,4,5,0.0,5,12,0,0.0,4,5,0.0,10,0.0,Dropout,0.7,HIGH
0,1,6,10,5,5.75,0,1,0.5,6,9,4,7.3,0,2,0.4444,3,6.525,Graduate,0.268968,MEDIUM
0,1,8,8,7,6.041428571428571,0,1,0.875,8,8,7,6.041428571428571,0,1,0.875,2,6.0414,Graduate,0.1750064,MEDIUM
0,1,6,8,6,5.916666666666667,0,0,0.75,6,10,5,6.4,0,1,0.5,1,6.1583,Graduate,0.23220080000000004,MEDIUM
0,1,5,6,5,6.7,0,0,0.8333,5,5,5,6.2,0,0,1.0,0,6.45,Graduate,0.09853600000000001,LOW
0,1,7,7,0,0.0,2,7,0.0,7,7,0,0.0,2,7,0.0,14,0.0,Dropout,0.7,HIGH
0,1,6,7,5,7.1,0,1,0.7143,6,7,6,7.285714285714286,0,0,0.8571,1,7.1929,Graduate,0.1316584,LOW
0,1,8,8,7,6.907142857142858,0,1,0.875,8,8,7,6.907142857142858,0,1,0.875,2,6.9071,Graduate,0.15422960000000002,LOW
0,1,6,10,4,5.625,0,2,0.4,6,6,6,5.25,0,0,1.0,2,5.4375,Enrolled,0.21750000000000003,MEDIUM
0,1,6,6,6,7.25,0,0,1.0,6,8,6,6.833333333333333,0,0,0.75,0,7.0417,Graduate,0.14099920000000002,LOW
0,1,6,0,0,0.0,0,6,0.0,6,0,0,0.0,0,6,0.0,12,0.0,Dropout,0.7,HIGH
0,1,7,7,6,5.65,0,1,0.8571,7,7,6,5.65,0,1,0.8571,2,5.65,Graduate,0.187264,MEDIUM
0,1,2,2,0,0.0,0,2,0.0,4,4,1,8.0,0,3,0.25,5,4.0,Enrolled,0.43399999999999994,HIGH
1,1,5,11,1,6.0,0,4,0.0909,5,9,3,6.0,0,2,0.3333,6,6.0,Enrolled,0.5020640000000001,HIGH
0,1,8,9,7,6.15,0,1,0.7778,8,9,7,6.15,0,1,0.7778,2,6.15,Graduate,0.18795199999999998,MEDIUM
0,1,8,8,7,6.347142857142857,0,1,0.875,8,8,7,6.347142857142857,0,1,0.875,2,6.3471,Graduate,0.16766960000000003,LOW
0,1,5,5,4,5.5,0,1,0.8,5,5,4,5.5,0,1,0.8,2,5.5,Graduate,0.19999999999999998,MEDIUM
0,1,6,6,6,6.5,0,0,1.0,6,6,6,7.083333333333333,0,0,1.0,0,6.7917,Graduate,0.07699920000000002,LOW
0,1,7,8,7,7.20625,0,0,0.875,8,8,8,8.025,0,0,1.0,0,7.6156,Graduate,0.0672256,LOW
0,1,7,8,7,6.464375,0,0,0.875,8,8,8,7.03125,0,0,1.0,0,6.7478,Dropout,0.08805280000000001,LOW
0,1,6,6,6,6.666666666666667,0,0,1.0,6,10,5,6.4,0,1,0.5,1,6.5333,Graduate,0.2532008,MEDIUM
0,1,6,8,5,6.4,0,1,0.625,6,9,5,6.4,0,1,0.5556,2,6.4,Enrolled,0.225832,MEDIUM
0,1,8,8,7,7.201428571428571,0,1,0.875,8,8,7,7.201428571428571,0,1,0.875,2,7.2014,Graduate,0.1471664,LOW
0,1,8,8,7,6.690714285714286,0,1,0.875,8,8,7,6.690714285714286,0,1,0.875,2,6.6907,Graduate,0.15942320000000004,LOW
0,1,7,8,7,7.065625,0,0,0.875,8,8,8,6.991875,0,0,1.0,0,7.0288,Graduate,0.08130879999999999,LOW
0,1,5,11,5,5.857142857142857,2,0,0.4545,5,6,5,6.3,0,0,0.8333,0,6.0786,Graduate,0.15108960000000002,LOW
0,1,5,5,5,5.9,0,0,1.0,5,8,4,5.625,0,1,0.5,1,5.7625,Enrolled,0.2717,MEDIUM
0,1,6,9,6,5.583333333333333,0,0,0.6667,6,15,2,5.5,1,4,0.1333,4,5.5417,Graduate,0.42967920000000004,HIGH
0,1,6,7,0,0.0,0,6,0.0,6,6,0,0.0,0,6,0.0,12,0.0,Dropout,0.7,HIGH
0,1,6,9,5,6.8,0,1,0.5556,6,8,5,6.0,0,1,0.625,2,6.4,Dropout,0.211952,MEDIUM
0,1,12,14,12,6.923076923076924,0,0,0.8571,12,18,11,7.045454545454546,0,1,0.6111,1,6.9843,Graduate,0.1941208,MEDIUM
0,1,6,7,6,6.25,0,0,0.8571,6,8,6,6.666666666666667,0,0,0.75,0,6.4583,Graduate,0.1378528,LOW
0,1,5,5,5,8.2,0,0,1.0,5,5,5,7.3,0,0,1.0,0,7.75,Graduate,0.05399999999999999,LOW
0,1,11,11,11,6.909090909090909,0,0,1.0,11,11,11,6.727272727272728,0,0,1.0,0,6.8182,Graduate,0.0763632,LOW
0,1,6,8,5,5.3,0,1,0.625,6,11,4,5.25,0,2,0.3636,3,5.275,Graduate,0.336592,MEDIUM
1,1,5,8,5,5.1,0,0,0.625,5,6,5,6.1,0,0,0.8333,0,5.6,Graduate,0.24893600000000002,MEDIUM
0,1,6,11,5,5.3,0,1,0.4545,6,11,4,5.2,0,2,0.3636,3,5.25,Enrolled,0.316732,MEDIUM
0,1,10,10,9,5.722222222222222,0,1,0.9,11,11,5,5.4,0,6,0.4545,7,5.5611,Dropout,0.4572736,HIGH
0,1,6,9,5,7.166666666666667,0,1,0.5556,8,8,8,6.3125,0,0,1.0,1,6.7396,Enrolled,0.1438016,LOW
0,1,16,18,16,6.5,0,0,0.8889,13,15,13,6.633333333333334,0,0,0.8667,0,6.5667,Graduate,0.1063912,LOW
0,1,8,9,8,6.655,1,0,0.8889,8,9,8,6.655,1,0,0.8889,0,6.655,Graduate,0.09805600000000002,LOW
0,1,6,10,5,5.285714285714286,1,1,0.5,6,9,5,6.1,0,1,0.5556,2,5.6929,Graduate,0.2389224,MEDIUM
0,1,8,8,7,6.743571428571428,0,1,0.875,8,8,7,6.743571428571428,0,1,0.875,2,6.7436,Graduate,0.1581536,LOW
0,1,6,6,6,6.166666666666667,0,0,1.0,6,7,6,5.916666666666667,0,0,0.8571,0,6.0417,Graduate,0.1350112,LOW
0,1,6,11,6,5.9375,0,0,0.5455,6,9,5,6.416666666666667,0,1,0.5556,1,6.1771,Dropout,0.19366160000000002,MEDIUM
0,1,7,7,6,6.983333333333334,0,1,0.8571,7,7,6,6.983333333333334,0,1,0.8571,2,6.9833,Graduate,0.1552648,LOW
0,0,5,10,0,0.0,0,5,0.0,5,10,0,0.0,0,5,0.0,10,0.0,Dropout,0.7999999999999999,HIGH
0,1,5,8,4,5.75,0,1,0.5,5,5,5,6.4,0,0,1.0,1,6.075,Graduate,0.16419999999999998,LOW
0,1,2,2,2,6.25,0,0,1.0,7,0,0,0.0,0,7,0.0,7,3.125,Dropout,0.655,HIGH
0,1,7,0,0,0.0,0,7,0.0,8,0,0,0.0,0,8,0.0,15,0.0,Dropout,0.7,HIGH
0,1,7,10,6,5.99,0,1,0.6,8,11,7,6.6125,0,1,0.6364,2,6.3012,Graduate,0.2098592,MEDIUM
0,1,6,8,5,6.6,0,1,0.625,6,7,5,5.9,0,1,0.7143,2,6.25,Enrolled,0.20285599999999998,MEDIUM
0,1,7,10,6,5.807142857142857,0,1,0.6,8,8,8,7.01875,0,0,1.0,1,6.4129,Graduate,0.1480904,LOW
0,1,8,8,7,7.157142857142858,0,1,0.875,8,8,7,7.157142857142858,0,1,0.875,2,7.1571,Graduate,0.14822960000000002,LOW
0,1,7,0,0,0.0,0,7,0.0,8,0,0,0.0,0,8,0.0,15,0.0,Dropout,0.7,HIGH
0,1,6,9,6,6.333333333333333,0,0,0.6667,6,12,2,6.5,0,4,0.1667,4,6.4167,Enrolled,0.3993272,HIGH
0,1,7,9,6,6.383333333333333,0,1,0.6667,8,10,7,6.064285714285714,0,1,0.7,2,6.2238,Graduate,0.20129280000000005,MEDIUM
0,1,6,7,6,6.333333333333333,0,0,0.8571,6,7,5,6.1,0,1,0.7143,1,6.2167,Graduate,0.18364719999999995,MEDIUM
0,1,6,7,6,5.75,0,0,0.8571,6,10,4,5.285714285714286,0,2,0.4,2,5.5179,Dropout,0.3184224,MEDIUM
0,1,6,13,5,5.7,0,1,0.3846,6,14,4,5.875,0,2,0.2857,3,5.7875,Dropout,0.317256,MEDIUM
0,1,7,8,7,7.353125,0,0,0.875,8,8,8,7.23875,0,0,1.0,0,7.2959,Graduate,0.07489840000000002,LOW
0,1,7,9,6,5.907142857142858,0,1,0.6667,8,8,7,6.771428571428572,0,1,0.875,2,6.3393,Graduate,0.18452079999999998,MEDIUM
0,1,6,8,6,6.5,1,0,0.75,6,8,6,5.9375,0,0,0.75,0,6.2188,Graduate,0.1307488,LOW
0,1,6,7,6,7.428571428571429,0,0,0.8571,6,6,6,6.666666666666667,0,0,1.0,0,7.0476,Graduate,0.08228959999999999,LOW
0,1,7,7,6,6.3,0,1,0.8571,7,7,6,6.3,0,1,0.8571,2,6.3,Graduate,0.171664,MEDIUM
1,1,6,9,5,6.666666666666667,0,1,0.5556,6,17,4,5.7,0,2,0.2353,3,6.1833,Enrolled,0.4423888,HIGH
0,1,7,10,6,5.333333333333333,0,1,0.6,7,12,6,6.416666666666667,0,1,0.5,2,5.875,Enrolled,0.251,MEDIUM
1,0,5,6,2,5.75,0,3,0.3333,5,5,1,5.5,0,4,0.2,7,5.625,Dropout,0.558996,HIGH
0,1,7,9,1,5.0,0,6,0.1111,7,0,0,0.0,0,7,0.0,13,2.5,Dropout,0.653332,HIGH
0,1,6,10,5,5.9,0,1,0.5,6,10,5,6.1,0,1,0.5,2,6.0,Graduate,0.23600000000000002,MEDIUM
0,1,6,7,5,5.9,0,1,0.7143,6,6,6,6.333333333333333,0,0,1.0,1,6.1167,Graduate,0.1460552,LOW
0,1,8,8,8,6.385625,0,0,1.0,8,8,8,6.385625,0,0,1.0,0,6.3856,Graduate,0.08674559999999999,LOW
0,1,5,13,3,5.666666666666667,2,2,0.2308,5,8,5,6.3,0,0,0.625,2,5.9833,Enrolled,0.2479368,MEDIUM
0,1,6,6,6,6.333333333333333,0,0,1.0,6,7,5,7.3,0,1,0.7143,1,6.8167,Graduate,0.18639519999999998,MEDIUM
0,0,6,10,5,6.1,1,1,0.5,6,11,4,5.416666666666667,0,2,0.3636,3,5.7583,Enrolled,0.40999280000000005,HIGH
0,0,5,9,1,6.0,1,4,0.1111,4,10,0,0.0,4,4,0.0,8,3.0,Dropout,0.681332,HIGH
0,1,8,12,7,5.860714285714286,0,1,0.5833,8,12,7,5.860714285714286,0,1,0.5833,2,5.8607,Graduate,0.22601520000000003,MEDIUM
0,1,7,12,4,7.0,0,3,0.3333,7,14,3,6.2625,0,4,0.2143,7,6.6312,Enrolled,0.43084320000000004,HIGH
0,1,7,9,7,7.375,0,0,0.7778,7,12,5,6.9,3,2,0.4167,2,7.1375,Enrolled,0.26536000000000004,MEDIUM
0,1,6,6,6,6.333333333333333,0,0,1.0,6,6,6,6.833333333333333,0,0,1.0,0,6.5833,Graduate,0.08200079999999998,LOW
0,1,5,12,4,6.5,2,1,0.3333,5,6,5,7.0,0,0,0.8333,1,6.75,Dropout,0.174672,MEDIUM
0,1,5,6,0,0.0,0,5,0.0,5,5,0,0.0,0,5,0.0,10,0.0,Dropout,0.7,HIGH
0,1,6,8,4,5.375,0,2,0.5,6,9,0,0.0,0,6,0.0,8,2.6875,Enrolled,0.6355000000000001,HIGH
0,0,5,5,0,0.0,0,5,0.0,5,10,0,0.0,0,5,0.0,10,0.0,Dropout,0.7999999999999999,HIGH
0,1,5,6,4,6.25,0,1,0.6667,5,7,4,5.875,0,1,0.5714,2,6.0625,Graduate,0.23451200000000003,MEDIUM
0,0,4,4,0,0.0,0,4,0.0,5,0,0,0.0,0,5,0.0,9,0.0,Dropout,0.77,HIGH
1,0,5,5,0,0.0,0,5,0.0,4,4,0,0.0,0,4,0.0,9,0.0,Dropout,0.77,HIGH
1,0,6,0,0,0.0,0,6,0.0,6,0,0,0.0,0,6,0.0,12,0.0,Dropout,0.7999999999999999,HIGH
0,1,6,7,6,6.25,0,0,0.8571,6,15,5,6.2,0,1,0.3333,1,6.225,Graduate,0.29012800000000005,MEDIUM
0,1,6,10,5,6.4,0,1,0.5,6,9,3,5.833333333333333,0,3,0.3333,4,6.1167,Dropout,0.3398752,MEDIUM
0,1,6,11,1,5.0,0,5,0.0909,6,11,1,5.5,0,5,0.0909,10,5.25,Dropout,0.559456,HIGH
0,1,6,11,4,5.625,0,2,0.3636,6,10,5,5.1,0,1,0.5,3,5.3625,Dropout,0.292212,MEDIUM
0,1,8,8,7,6.305,0,1,0.875,8,8,7,6.305,0,1,0.875,2,6.305,Graduate,0.16868000000000002,LOW
0,1,5,14,2,6.0,2,3,0.1429,5,6,5,6.3,0,0,0.8333,3,6.15,Graduate,0.264304,MEDIUM
0,0,6,9,5,6.5,0,1,0.5556,6,7,6,6.75,0,0,0.8571,1,6.625,Graduate,0.257984,MEDIUM
0,1,5,9,4,6.0,0,1,0.4444,5,8,5,6.5,0,0,0.625,1,6.25,Graduate,0.19444800000000004,MEDIUM
0,1,7,8,4,6.0,0,3,0.5,8,8,0,0.0,0,8,0.0,11,3.0,Dropout,0.688,HIGH
0,1,5,12,1,6.0,0,4,0.0833,5,9,1,5.5,4,4,0.1111,8,5.75,Dropout,0.486448,HIGH
0,1,5,9,1,6.0,0,4,0.1111,5,6,3,5.25,0,2,0.5,6,5.625,Enrolled,0.396112,HIGH
0,1,0,0,0,0.0,0,0,0.0,0,0,0,0.0,0,0,0.0,0,0.0,Graduate,1.0,HIGH
1,0,5,5,0,0.0,0,5,0.0,5,9,0,0.0,0,5,0.0,10,0.0,Dropout,0.7999999999999999,HIGH
1,1,6,11,5,6.8125,0,1,0.4545,6,9,4,5.875,0,2,0.4444,3,6.3438,Dropout,0.3678568,MEDIUM
0,1,5,12,3,5.833333333333333,0,2,0.25,5,10,3,5.833333333333333,0,2,0.3,4,5.8333,Enrolled,0.3360008,MEDIUM
0,1,6,0,0,0.0,0,6,0.0,6,0,0,0.0,0,6,0.0,12,0.0,Dropout,0.7,HIGH
0,1,8,8,7,5.845,0,1,0.875,8,8,7,5.845,0,1,0.875,2,5.845,Graduate,0.17972,MEDIUM
1,0,6,11,0,0.0,6,6,0.0,6,12,0,0.0,12,6,0.0,12,0.0,Dropout,0.7999999999999999,HIGH
0,1,0,0,0,0.0,0,0,0.0,0,0,0,0.0,0,0,0.0,0,0.0,Graduate,1.0,HIGH
0,1,5,10,4,5.75,0,1,0.4,5,11,5,5.642857142857143,0,0,0.4545,1,5.6964,Graduate,0.22492640000000005,MEDIUM
0,1,5,10,1,7.0,0,4,0.1,5,0,0,0.0,0,5,0.0,9,3.5,Dropout,0.5980000000000001,HIGH
0,1,6,7,5,5.5,0,1,0.7143,6,7,5,6.2,0,1,0.7143,2,5.85,Graduate,0.205312,MEDIUM
0,1,6,7,6,6.428571428571429,0,0,0.8571,6,6,6,6.583333333333333,0,0,1.0,0,6.506,Graduate,0.095288,LOW
0,1,6,9,4,6.25,0,2,0.4444,6,6,6,5.666666666666667,0,0,1.0,2,5.9583,Dropout,0.2014488,MEDIUM
0,1,7,7,7,7.264285714285714,0,0,1.0,8,11,8,7.509090909090909,0,0,0.7273,0,7.3867,Graduate,0.1390752,LOW
0,1,5,8,5,5.0,0,0,0.625,5,10,2,6.0,0,3,0.2,3,5.5,Enrolled,0.37700000000000006,HIGH
0,1,6,8,6,6.5,0,0,0.75,6,10,6,6.3125,0,0,0.6,0,6.4062,Graduate,0.1682512,LOW
0,1,7,7,7,7.978571428571428,0,0,1.0,8,9,8,7.594444444444444,0,0,0.8889,0,7.7865,Graduate,0.08423199999999997,LOW
0,1,5,6,5,6.6,0,0,0.8333,5,8,5,6.3,0,0,0.625,0,6.45,Enrolled,0.17019600000000001,LOW
0,1,5,9,4,5.1,0,1,0.4444,5,6,3,5.5,0,2,0.5,3,5.3,Enrolled,0.287248,MEDIUM
0,1,5,6,5,7.1,0,0,0.8333,5,5,2,6.75,0,3,0.4,3,6.925,Enrolled,0.311796,MEDIUM
1,1,6,8,6,6.3125,0,0,0.75,6,11,2,7.25,0,4,0.1818,4,6.7812,Enrolled,0.4963472000000001,HIGH
0,1,8,11,6,6.748333333333334,1,2,0.5455,8,11,6,6.748333333333334,1,2,0.5455,4,6.7483,Enrolled,0.2707608,MEDIUM
0,1,5,8,5,6.625,0,0,0.625,5,8,5,5.5,0,0,0.625,0,6.0625,Graduate,0.15450000000000003,LOW
0,1,5,12,3,6.0,0,2,0.25,5,10,3,6.0,0,2,0.3,4,6.0,Dropout,0.332,MEDIUM
1,0,6,10,4,6.5,0,2,0.4,6,9,4,6.875,0,2,0.4444,4,6.6875,Dropout,0.39194799999999996,HIGH
1,1,11,12,9,5.88888888888889,0,2,0.75,8,11,3,6.833333333333333,0,5,0.2727,7,6.3611,Dropout,0.5709776,HIGH
0,1,5,10,2,5.5,0,3,0.2,6,10,0,0.0,0,6,0.0,9,2.75,Dropout,0.6280000000000001,HIGH
0,1,5,14,0,0.0,0,5,0.0,5,5,0,0.0,0,5,0.0,10,0.0,Dropout,0.7,HIGH
0,1,14,16,14,6.214285714285714,0,0,0.875,9,13,6,5.428571428571429,0,3,0.4615,3,5.8214,Dropout,0.3260664,MEDIUM
0,1,5,8,3,5.5,0,2,0.375,5,11,3,6.0,0,2,0.2727,4,5.75,Enrolled,0.350644,MEDIUM
0,1,0,0,0,0.0,0,0,0.0,0,0,0,0.0,0,0,0.0,0,0.0,Graduate,1.0,HIGH
1,1,6,12,3,5.75,0,3,0.25,6,12,3,5.333333333333333,0,3,0.25,6,5.5417,Enrolled,0.5069992,HIGH
0,1,8,8,8,6.25375,0,0,1.0,8,8,8,6.25375,0,0,1.0,0,6.2538,Graduate,0.0899088,LOW
0,1,12,18,11,6.045454545454546,0,1,0.6111,12,14,11,6.0,0,1,0.7857,2,6.0227,Graduate,0.2037112,MEDIUM
0,1,5,14,2,5.5,3,3,0.1429,5,9,3,6.333333333333333,0,2,0.3333,5,5.9167,Enrolled,0.36990320000000004,MEDIUM
0,1,5,13,1,5.0,0,4,0.0769,5,8,2,5.666666666666667,0,3,0.25,7,5.3333,Dropout,0.4558488,HIGH
0,1,6,6,6,6.75,0,0,1.0,6,9,5,6.6,0,1,0.5556,1,6.675,Graduate,0.234232,MEDIUM
0,1,6,6,6,7.083333333333333,0,0,1.0,6,8,6,6.8125,0,0,0.75,0,6.9479,Graduate,0.1432504,LOW
0,1,6,7,6,7.0,0,0,0.8571,6,7,6,7.357142857142857,0,0,0.8571,0,7.1786,Graduate,0.0905776,LOW
0,1,3,4,0,0.0,0,3,0.0,3,5,0,0.0,0,3,0.0,6,0.0,Dropout,0.5800000000000001,HIGH
0,1,5,9,3,5.833333333333333,0,2,0.3333,5,10,3,5.666666666666667,4,2,0.3,4,5.75,Dropout,0.337996,MEDIUM
0,1,5,7,5,7.3,1,0,0.7143,5,5,5,7.1,0,0,1.0,0,7.2,Graduate,0.090056,LOW
0,1,6,10,5,6.5,0,1,0.5,6,13,5,5.75,0,1,0.3846,2,6.125,Graduate,0.265312,MEDIUM
0,1,6,7,6,6.083333333333333,0,0,0.8571,6,9,6,6.0,0,0,0.6667,0,6.0417,Graduate,0.1711752,MEDIUM
0,1,5,9,0,0.0,0,5,0.0,5,5,1,6.0,0,4,0.2,9,3.0,Dropout,0.5820000000000001,HIGH
0,1,5,10,3,5.25,0,2,0.3,5,11,3,5.4,0,2,0.2727,4,5.325,Dropout,0.35184400000000005,MEDIUM
0,1,5,14,3,6.2,0,2,0.2143,5,8,5,5.416666666666667,0,0,0.625,2,5.8083,Enrolled,0.25345680000000004,MEDIUM
0,1,0,0,0,0.0,0,0,0.0,0,0,0,0.0,0,0,0.0,0,0.0,Graduate,1.0,HIGH
0,0,5,12,0,0.0,4,5,0.0,5,8,0,0.0,1,5,0.0,10,0.0,Dropout,0.7999999999999999,HIGH
0,1,8,8,7,6.914285714285714,0,1,0.875,8,8,7,6.914285714285714,0,1,0.875,2,6.9143,Graduate,0.1540568,LOW
0,1,5,7,5,5.3,0,0,0.7143,5,6,5,5.1,0,0,0.8333,0,5.2,Enrolled,0.151392,LOW
0,1,6,7,6,5.75,0,0,0.8571,6,6,6,5.833333333333333,0,0,1.0,0,5.7917,Graduate,0.11243120000000001,LOW
0,1,6,6,4,6.75,0,2,0.6667,6,8,6,6.8125,0,0,0.75,2,6.7812,Graduate,0.1839152,MEDIUM
0,1,6,12,0,0.0,0,6,0.0,6,0,0,0.0,0,6,0.0,12,0.0,Dropout,0.7,HIGH
0,1,7,8,7,6.26875,0,0,0.875,8,9,7,6.307142857142857,0,1,0.7778,1,6.2879,Graduate,0.1663064,LOW
0,1,6,6,6,7.416666666666667,0,0,1.0,6,8,6,6.642857142857143,0,0,0.75,0,7.0298,Enrolled,0.14128480000000002,LOW
0,1,5,10,4,6.0,0,1,0.4,5,9,4,6.4,0,1,0.4444,2,6.2,Graduate,0.243648,MEDIUM
0,1,6,8,5,5.9,0,1,0.625,6,8,5,5.8,0,1,0.625,2,5.85,Graduate,0.21960000000000002,MEDIUM
0,1,5,5,5,7.5,0,0,1.0,5,5,5,7.6,0,0,1.0,0,7.55,Graduate,0.0588,LOW
0,1,5,7,3,6.0,0,2,0.4286,5,7,5,6.6,0,0,0.7143,2,6.3,Graduate,0.217368,MEDIUM
0,1,6,6,6,6.416666666666667,0,0,1.0,6,7,6,6.142857142857143,0,0,0.8571,0,6.2798,Graduate,0.12929680000000002,LOW
0,1,6,12,6,5.833333333333333,0,0,0.5,6,14,3,6.0,0,3,0.2143,3,5.9167,Graduate,0.34799520000000006,MEDIUM
0,1,7,9,7,6.08125,0,0,0.7778,8,8,8,6.9125,0,0,1.0,0,6.4969,Graduate,0.10185040000000001,LOW
0,1,6,6,6,6.916666666666667,0,0,1.0,6,11,6,7.277777777777778,0,0,0.5455,0,7.0972,Graduate,0.1969272,MEDIUM
0,1,7,12,4,6.225,0,3,0.3333,7,11,5,5.85,0,2,0.4545,5,6.0375,Enrolled,0.34207600000000005,MEDIUM
0,1,6,9,6,6.0625,0,0,0.6667,6,7,6,6.785714285714286,0,0,0.8571,0,6.4241,Graduate,0.12391759999999999,LOW
0,1,6,8,5,6.7,0,1,0.625,6,10,4,6.5,0,2,0.4,3,6.6,Enrolled,0.29460000000000003,MEDIUM
1,1,6,8,6,6.666666666666667,0,0,0.75,6,8,5,7.0,0,1,0.625,1,6.8333,Enrolled,0.2810008,MEDIUM
0,1,15,15,11,5.727272727272728,0,4,0.7333,13,16,11,5.772727272727272,0,2,0.6875,6,5.75,Dropout,0.337496,MEDIUM
0,0,6,10,4,6.0,0,2,0.4,6,14,3,5.0,0,3,0.2143,5,5.5,Dropout,0.505996,HIGH
1,0,7,8,6,6.333333333333333,0,1,0.75,7,9,5,6.3,0,2,0.5556,3,6.3167,Dropout,0.37283120000000003,HIGH
0,1,6,7,6,6.333333333333333,0,0,0.8571,6,9,6,6.88888888888889,0,0,0.6667,0,6.6111,Graduate,0.15750959999999997,LOW
0,1,18,22,18,5.944444444444445,1,0,0.8182,13,13,13,5.730769230769231,0,0,1.0,0,5.8376,Graduate,0.11444159999999999,LOW
0,1,6,0,0,0.0,0,6,0.0,6,0,0,0.0,0,6,0.0,12,0.0,Dropout,0.7,HIGH
1,0,6,6,4,6.5,0,2,0.6667,6,8,4,5.8,0,2,0.5,4,6.15,Dropout,0.412404,HIGH
0,1,7,7,7,8.442857142857141,0,0,1.0,8,9,8,7.872222222222222,0,0,0.8889,0,8.1575,Graduate,0.07532799999999998,LOW
0,1,6,6,6,6.25,0,0,1.0,6,6,6,6.166666666666667,0,0,1.0,0,6.2083,Graduate,0.09100079999999999,LOW
0,1,7,9,7,6.527777777777778,0,0,0.7778,8,8,8,7.90625,0,0,1.0,0,7.217,Graduate,0.084568,LOW
0,0,0,0,0,0.0,0,0,0.0,0,0,0,0.0,0,0,0.0,0,0.0,Dropout,1.0,HIGH
1,1,5,7,0,0.0,0,5,0.0,5,5,0,0.0,0,5,0.0,10,0.0,Dropout,0.7999999999999999,HIGH
0,1,8,8,7,6.177857142857142,0,1,0.875,8,8,7,6.177857142857142,0,1,0.875,2,6.1779,Graduate,0.1717304,MEDIUM
0,1,6,0,0,0.0,0,6,0.0,6,0,0,0.0,0,6,0.0,12,0.0,Dropout,0.7,HIGH
0,1,7,8,5,5.99,0,2,0.625,7,8,5,5.99,0,2,0.625,4,5.99,Enrolled,0.27624000000000004,MEDIUM
1,1,7,7,7,6.928571428571429,0,0,1.0,7,8,7,6.285714285714286,0,0,0.875,0,6.6071,Graduate,0.2164296,MEDIUM
0,1,6,9,5,6.5,0,1,0.5556,6,6,6,7.083333333333333,0,0,1.0,1,6.7917,Graduate,0.14255120000000002,LOW
0,1,6,6,6,6.416666666666667,0,0,1.0,6,10,6,5.583333333333333,0,0,0.6,0,6.0,Graduate,0.208,MEDIUM
0,1,5,11,4,5.5,0,1,0.3636,5,7,5,6.6,0,0,0.7143,1,6.05,Enrolled,0.19856800000000002,MEDIUM
0,1,8,8,7,6.178571428571429,0,1,0.875,8,8,7,6.178571428571429,0,1,0.875,2,6.1786,Graduate,0.17171359999999997,MEDIUM
0,1,8,8,7,6.928571428571429,0,1,0.875,8,8,7,6.928571428571429,0,1,0.875,2,6.9286,Graduate,0.1537136,LOW
0,1,6,6,6,6.166666666666667,0,0,1.0,6,6,6,5.333333333333333,0,0,1.0,0,5.75,Graduate,0.10200000000000001,LOW
0,1,7,8,7,6.423571428571429,0,0,0.875,8,10,8,6.894444444444444,0,0,0.8,0,6.659,Graduate,0.12118400000000001,LOW
0,1,7,9,6,6.169999999999999,0,1,0.6667,8,9,8,6.509375,0,0,0.8889,1,6.3397,Graduate,0.1533992,LOW
0,1,6,10,5,6.333333333333333,0,1,0.5,6,19,4,5.875,0,2,0.2105,3,6.1042,Enrolled,0.3445592,MEDIUM
0,1,6,6,6,6.916666666666667,0,0,1.0,6,6,6,6.25,0,0,1.0,0,6.5833,Graduate,0.08200079999999998,LOW
0,1,5,15,2,5.375,0,3,0.1333,5,11,2,5.0,0,3,0.1818,6,5.1875,Dropout,0.430292,HIGH
0,1,6,11,4,6.625,0,2,0.3636,6,10,4,5.125,0,2,0.4,4,5.875,Dropout,0.317912,MEDIUM
0,1,8,8,8,6.865625,0,0,1.0,8,8,8,6.865625,0,0,1.0,0,6.8656,Graduate,0.07522560000000002,LOW
0,1,6,6,6,6.666666666666667,0,0,1.0,6,8,3,6.333333333333333,0,3,0.375,3,6.5,Dropout,0.349,MEDIUM
0,1,6,8,5,6.0,0,1,0.625,6,9,5,5.4,0,1,0.5556,2,5.7,Dropout,0.242632,MEDIUM
0,1,9,10,9,5.444444444444445,0,0,0.9,8,10,6,5.666666666666667,0,2,0.6,2,5.5556,Graduate,0.2666656,MEDIUM
0,1,7,8,7,6.5125,0,0,0.875,8,9,8,6.905555555555556,0,0,0.8889,0,6.709,Graduate,0.09787200000000001,LOW
0,1,6,6,6,6.5,0,0,1.0,6,6,6,7.083333333333333,0,0,1.0,0,6.7917,Graduate,0.07699920000000002,LOW
0,1,6,10,5,5.9,0,1,0.5,6,10,5,6.0,0,1,0.5,2,5.95,Graduate,0.23720000000000002,MEDIUM
0,1,8,8,7,6.021428571428572,0,1,0.875,8,8,7,6.021428571428572,0,1,0.875,2,6.0214,Graduate,0.1754864,MEDIUM
0,1,6,9,5,6.1,0,1,0.5556,6,10,4,6.5,0,2,0.4,3,6.3,Enrolled,0.293472,MEDIUM
0,1,7,8,7,6.41875,0,0,0.875,8,8,8,7.75,0,0,1.0,0,7.0844,Graduate,0.0799744,LOW
1,1,7,13,7,5.5,0,0,0.5385,8,13,7,5.85,0,1,0.5385,1,5.675,Graduate,0.30764,MEDIUM
0,1,6,7,6,6.75,0,0,0.8571,6,9,5,7.0,0,1,0.5556,1,6.875,Graduate,0.212284,MEDIUM
0,1,6,8,6,6.0625,0,0,0.75,6,7,6,6.357142857142857,0,0,0.8571,0,6.2098,Graduate,0.12239679999999997,LOW
0,1,8,12,7,6.314285714285715,0,1,0.5833,8,12,7,6.314285714285715,0,1,0.5833,2,6.3143,Graduate,0.2151288,MEDIUM
0,1,5,9,3,5.333333333333333,0,2,0.3333,5,7,4,5.7,0,1,0.5714,3,5.5167,Enrolled,0.2852232,MEDIUM
0,1,6,11,5,5.6,0,1,0.4545,6,13,5,5.8,0,1,0.3846,2,5.7,Graduate,0.27005199999999996,MEDIUM
0,1,6,6,6,6.333333333333333,0,0,1.0,6,6,6,5.916666666666667,0,0,1.0,0,6.125,Dropout,0.09299999999999999,LOW
1,0,6,7,4,6.75,0,2,0.5714,6,6,0,0.0,6,6,0.0,8,3.375,Dropout,0.727568,HIGH
0,1,5,9,3,5.833333333333333,0,2,0.3333,5,15,2,5.5,0,3,0.1333,5,5.6667,Enrolled,0.41667119999999996,HIGH
0,1,5,8,2,5.25,0,3,0.25,5,7,3,6.166666666666667,0,2,0.4286,5,5.7083,Enrolled,0.3587128,MEDIUM
0,1,8,8,8,7.134375,0,0,1.0,8,8,8,7.134375,0,0,1.0,0,7.1344,Enrolled,0.06877439999999999,LOW
1,0,6,0,0,0.0,0,6,0.0,6,0,0,0.0,0,6,0.0,12,0.0,Dropout,0.7999999999999999,HIGH
0,1,5,8,2,5.25,0,3,0.25,5,11,3,6.666666666666667,0,2,0.2727,5,5.9583,Enrolled,0.3651848,MEDIUM
0,1,6,11,5,5.6,0,1,0.4545,6,15,1,5.0,0,5,0.0667,6,5.3,Enrolled,0.48866400000000004,HIGH
0,1,5,5,5,6.0,0,0,1.0,5,6,5,7.416666666666667,0,0,0.8333,0,6.7083,Graduate,0.12567679999999998,LOW
0,1,7,9,7,6.114285714285714,0,0,0.7778,8,10,8,6.60625,0,0,0.8,0,6.3603,Graduate,0.1211288,LOW
0,1,5,6,4,5.75,0,1,0.6667,5,5,4,5.375,0,1,0.8,2,5.5625,Graduate,0.20916400000000002,MEDIUM
0,1,6,8,6,7.6875,0,0,0.75,6,7,6,8.214285714285714,0,0,0.8571,0,7.9509,Graduate,0.08061040000000003,LOW
0,0,12,19,9,6.833333333333333,0,3,0.4737,9,15,6,6.75,0,3,0.4,6,6.7917,Enrolled,0.4618432,HIGH
0,1,8,11,7,6.307142857142857,0,1,0.6364,8,11,7,6.307142857142857,0,1,0.6364,2,6.3071,Graduate,0.2068056,MEDIUM
0,1,6,7,5,6.1,0,1,0.7143,6,6,6,5.75,0,0,1.0,1,5.925,Graduate,0.15065599999999996,LOW
0,1,6,13,4,5.875,0,2,0.3077,6,10,4,5.5,0,2,0.4,4,5.6875,Graduate,0.32688399999999995,MEDIUM
1,1,6,9,5,5.7,0,1,0.5556,6,9,3,5.0,0,3,0.3333,4,5.35,Enrolled,0.46494800000000003,HIGH
1,1,6,10,5,5.3,0,1,0.5,6,14,2,5.0,0,4,0.1429,5,5.15,Enrolled,0.546388,HIGH
0,1,16,16,13,5.461538461538462,0,3,0.8125,13,13,11,5.727272727272728,0,2,0.8462,5,5.5944,Graduate,0.28303839999999997,MEDIUM
0,1,6,6,5,6.2,0,1,0.8333,6,9,5,6.2,0,1,0.5556,2,6.2,Graduate,0.255628,MEDIUM
0,1,6,6,0,0.0,0,6,0.0,6,6,0,0.0,0,6,0.0,12,0.0,Dropout,0.7,HIGH
0,1,6,6,6,7.916666666666667,0,0,1.0,6,8,6,7.75,0,0,0.75,0,7.8333,Graduate,0.12200079999999998,LOW
0,1,7,12,5,5.9,0,2,0.4167,7,9,6,5.854166666666667,0,1,0.6667,3,5.8771,Enrolled,0.2622776,MEDIUM
0,1,6,7,6,6.285714285714286,0,0,0.8571,6,6,6,6.833333333333333,0,0,1.0,0,6.5595,Graduate,0.094004,LOW
0,1,5,7,3,6.0,0,2,0.4286,5,7,4,6.625,1,1,0.5714,3,6.3125,Graduate,0.2585,MEDIUM
0,1,7,8,7,6.68125,0,0,0.875,8,9,8,7.222222222222222,0,0,0.8889,0,6.9517,Graduate,0.09204720000000002,LOW
0,1,5,6,5,7.7,0,0,0.8333,5,5,5,8.0,0,0,1.0,0,7.85,Graduate,0.06493600000000002,LOW
1,0,6,9,5,6.1,0,1,0.5556,6,9,4,5.875,0,2,0.4444,3,5.9875,Dropout,0.38854,HIGH
0,1,11,11,11,6.409090909090909,0,0,1.0,11,11,11,6.772727272727272,0,0,1.0,0,6.5909,Graduate,0.08181839999999999,LOW
0,1,7,0,0,0.0,0,7,0.0,8,0,0,0.0,0,8,0.0,15,0.0,Dropout,0.7,HIGH
0,1,17,21,17,6.697368421052632,0,0,0.8095,17,19,17,6.777368421052632,0,0,0.8947,0,6.7374,Graduate,0.1019664,LOW
0,1,6,8,6,7.125,0,0,0.75,6,8,6,5.5,0,0,0.75,0,6.3125,Graduate,0.12850000000000003,LOW
0,1,11,19,9,6.722222222222222,1,2,0.4737,7,7,7,7.357142857142857,0,0,1.0,2,7.0397,Dropout,0.1731512,MEDIUM
0,1,7,8,7,6.142857142857143,0,0,0.875,8,10,8,5.86875,0,0,0.8,0,6.0058,Graduate,0.13686079999999998,LOW
0,1,6,7,6,5.833333333333333,0,0,0.8571,6,7,5,6.6,0,1,0.7143,1,6.2167,Graduate,0.18364719999999995,MEDIUM
0,1,6,8,6,6.083333333333333,0,0,0.75,6,6,6,6.75,0,0,1.0,0,6.4167,Graduate,0.10599920000000002,LOW
0,1,6,11,2,5.0,0,4,0.1818,6,15,2,5.5,0,4,0.1333,8,5.25,Dropout,0.498492,HIGH
0,1,6,6,6,7.0,0,0,1.0,6,6,6,7.5,0,0,1.0,0,7.25,Graduate,0.066,LOW
0,1,6,9,5,5.916666666666667,0,1,0.5556,6,6,4,6.0,0,2,0.6667,3,5.9583,Enrolled,0.2492168,MEDIUM
1,0,6,7,1,7.5,0,5,0.1429,5,12,0,0.0,0,5,0.0,10,3.75,Dropout,0.727148,HIGH
0,1,0,0,0,0.0,0,0,0.0,0,0,0,0.0,0,0,0.0,0,0.0,Graduate,1.0,HIGH
0,1,6,7,6,5.416666666666667,0,0,0.8571,6,6,6,5.333333333333333,0,0,1.0,0,5.375,Graduate,0.12243200000000001,LOW
1,1,6,7,6,6.571428571428571,0,0,0.8571,6,6,6,7.0,0,0,1.0,0,6.7857,Graduate,0.18857520000000003,MEDIUM
1,0,5,8,5,7.2,1,0,0.625,5,6,5,7.0,0,0,0.8333,0,7.1,Dropout,0.21293600000000001,MEDIUM
0,0,6,0,0,0.0,0,6,0.0,6,0,0,0.0,0,6,0.0,12,0.0,Dropout,0.7999999999999999,HIGH
0,1,12,17,7,6.0,0,5,0.4118,12,19,9,5.61111111111111,0,3,0.4737,8,5.8056,Graduate,0.42982560000000003,HIGH
0,1,10,13,9,6.1,0,1,0.6923,10,12,10,6.4,0,0,0.8333,1,6.25,Graduate,0.15795199999999998,LOW
0,0,3,3,3,6.166666666666667,0,0,1.0,2,2,2,5.5,0,0,1.0,0,5.8333,Dropout,0.2000008,MEDIUM
0,1,7,8,7,5.91875,0,0,0.875,8,9,8,6.240625,0,0,0.8889,0,6.0797,Graduate,0.1129752,LOW
0,1,5,5,5,5.9,0,0,1.0,5,6,5,7.0,0,0,0.8333,0,6.45,Graduate,0.131876,LOW
1,0,5,5,0,0.0,0,5,0.0,5,9,0,0.0,0,5,0.0,10,0.0,Dropout,0.7999999999999999,HIGH
0,1,6,0,0,0.0,0,6,0.0,6,0,0,0.0,0,6,0.0,12,0.0,Dropout,0.7,HIGH
0,1,19,19,19,6.342105263157895,0,0,1.0,13,13,13,6.192307692307692,0,0,1.0,0,6.2672,Graduate,0.08958720000000002,LOW
0,1,6,8,6,6.285714285714286,0,0,0.75,6,10,4,6.5,0,2,0.4,2,6.3929,Enrolled,0.2845704,MEDIUM
1,0,7,18,3,5.625,0,4,0.1667,7,7,0,0.0,0,7,0.0,11,2.8125,Dropout,0.7525040000000001,HIGH
0,1,5,13,4,7.0,3,1,0.3077,5,9,4,7.75,2,1,0.4444,2,7.375,Graduate,0.222832,MEDIUM
1,1,5,15,4,6.666666666666667,0,1,0.2667,5,6,2,6.75,0,3,0.3333,4,6.7083,Dropout,0.41100079999999994,HIGH
0,1,6,7,6,6.833333333333333,0,0,0.8571,6,6,6,6.833333333333333,0,0,1.0,0,6.8333,Graduate,0.0874328,LOW
0,1,6,12,3,5.0,0,3,0.25,6,9,5,5.4,0,1,0.5556,4,5.2,Enrolled,0.33075200000000005,MEDIUM
0,1,6,12,5,6.3,0,1,0.4167,6,11,6,5.857142857142857,0,0,0.5455,1,6.0786,Graduate,0.2071376,MEDIUM
0,1,5,10,3,8.666666666666666,0,2,0.3,5,11,1,8.5,0,4,0.0909,6,8.5833,Dropout,0.3845488,HIGH
0,0,6,10,5,6.6,0,1,0.5,6,21,3,6.0,0,3,0.1429,4,6.3,Enrolled,0.488788,HIGH
0,1,5,9,3,7.0,0,2,0.3333,5,8,3,6.833333333333333,0,2,0.375,4,6.9167,Dropout,0.2973352,MEDIUM
0,1,4,4,4,6.9375,0,0,1.0,1,1,1,6.25,0,0,1.0,0,6.5938,Dropout,0.08174880000000001,LOW
0,1,5,5,0,0.0,0,5,0.0,5,5,0,0.0,0,5,0.0,10,0.0,Dropout,0.7,HIGH
0,1,9,9,9,6.555555555555555,0,0,1.0,7,7,7,7.428571428571429,0,0,1.0,0,6.9921,Graduate,0.0721896,LOW
0,1,5,8,5,6.5,0,0,0.625,5,11,4,6.666666666666667,2,1,0.3636,1,6.5833,Dropout,0.2451928,MEDIUM
0,1,10,10,10,6.25,0,0,1.0,7,7,7,6.071428571428571,0,0,1.0,0,6.1607,Graduate,0.0921432,LOW
0,1,18,18,18,7.055555555555555,0,0,1.0,13,13,13,7.115384615384615,0,0,1.0,0,7.0855,Graduate,0.069948,LOW
0,1,11,11,11,7.363636363636364,0,0,1.0,9,9,9,7.88888888888889,0,0,1.0,0,7.6263,Graduate,0.05696880000000002,LOW
1,0,6,6,0,0.0,0,6,0.0,5,6,0,0.0,0,5,0.0,11,0.0,Dropout,0.7999999999999999,HIGH
0,1,5,5,0,0.0,0,5,0.0,5,5,0,0.0,0,5,0.0,10,0.0,Dropout,0.7,HIGH
1,0,5,5,0,0.0,0,5,0.0,5,5,0,0.0,0,5,0.0,10,0.0,Dropout,0.7999999999999999,HIGH
0,1,5,7,4,6.75,0,1,0.5714,5,6,5,5.8,0,0,0.8333,1,6.275,Graduate,0.167024,LOW
0,1,8,8,7,6.552857142857142,0,1,0.875,8,8,7,6.552857142857142,0,1,0.875,2,6.5529,Graduate,0.1627304,LOW
0,1,5,8,5,6.75,2,0,0.625,5,5,5,7.2,0,0,1.0,0,6.975,Graduate,0.10260000000000001,LOW
0,1,13,18,13,5.923076923076924,0,0,0.7222,11,11,11,6.0,0,0,1.0,0,5.9615,Graduate,0.11914800000000002,LOW
0,1,5,5,0,0.0,0,5,0.0,5,5,0,0.0,0,5,0.0,10,0.0,Dropout,0.7,HIGH
1,0,6,11,3,7.166666666666667,0,3,0.2727,6,6,0,0.0,0,6,0.0,9,3.5833,Dropout,0.7167248,HIGH
0,1,5,10,5,7.9,0,0,0.5,5,5,5,8.8,0,0,1.0,0,8.35,Enrolled,0.0796,LOW
0,1,6,16,5,6.9,0,1,0.3125,6,7,5,6.2,0,1,0.7143,2,6.55,Enrolled,0.22065600000000002,MEDIUM
1,1,10,18,6,6.333333333333333,0,4,0.3333,9,11,3,6.0,2,6,0.2727,10,6.1667,Dropout,0.6156392,HIGH
0,1,6,10,6,6.5,0,0,0.6,6,9,6,6.0,0,0,0.6667,0,6.25,Enrolled,0.148664,LOW
0,1,0,0,0,0.0,0,0,0.0,0,0,0,0.0,0,0,0.0,0,0.0,Graduate,1.0,HIGH
0,0,6,6,1,5.5,0,5,0.1667,6,0,0,0.0,0,6,0.0,11,2.75,Dropout,0.7540040000000001,HIGH
0,0,5,9,0,0.0,4,5,0.0,5,9,0,0.0,3,5,0.0,10,0.0,Dropout,0.7999999999999999,HIGH
0,1,7,7,7,7.6,0,0,1.0,8,8,8,8.2875,0,0,1.0,0,7.9437,Graduate,0.0493512,LOW
0,1,6,7,6,7.214285714285714,0,0,0.8571,7,8,7,7.1875,0,0,0.875,0,7.2009,Graduate,0.0886104,LOW
0,1,5,5,0,0.0,0,5,0.0,5,5,0,0.0,0,5,0.0,10,0.0,Dropout,0.7,HIGH
0,1,0,0,0,0.0,0,0,0.0,0,0,0,0.0,0,0,0.0,0,0.0,Graduate,1.0,HIGH
0,1,6,13,4,6.875,0,2,0.3077,6,8,5,5.6,0,1,0.625,3,6.2375,Enrolled,0.26568400000000003,MEDIUM
1,0,6,11,5,6.083333333333333,0,1,0.4545,6,15,3,6.0,0,3,0.2,4,6.0417,Dropout,0.47353920000000005,HIGH
0,1,6,12,5,6.071428571428571,0,1,0.4167,6,11,5,5.833333333333333,0,1,0.4545,2,5.9524,Graduate,0.2474464,MEDIUM
0,1,6,9,6,6.0,0,0,0.6667,6,8,5,5.8,0,1,0.625,1,5.9,Graduate,0.19340399999999996,MEDIUM
0,1,5,10,3,5.833333333333333,1,2,0.3,5,7,4,6.375,0,1,0.5714,3,6.1042,Graduate,0.2737872,MEDIUM
0,1,6,9,0,0.0,0,6,0.0,6,6,0,0.0,0,6,0.0,12,0.0,Dropout,0.7,HIGH
0,1,6,10,6,5.9375,0,0,0.6,6,8,5,6.0,0,1,0.625,1,5.9688,Graduate,0.18874880000000002,MEDIUM
0,1,11,15,7,5.642857142857143,0,4,0.4667,7,10,6,6.166666666666667,0,1,0.6,5,5.9048,Enrolled,0.32294880000000004,MEDIUM
0,1,6,17,2,5.0,0,4,0.1176,6,15,3,5.666666666666667,0,3,0.2,7,5.3333,Dropout,0.4565928,HIGH
1,1,12,13,11,6.0,0,1,0.8462,11,15,10,5.590909090909091,0,1,0.6667,2,5.7955,Enrolled,0.33577599999999996,MEDIUM
0,1,7,7,6,6.916666666666667,0,1,0.8571,6,7,5,6.5,0,1,0.7143,2,6.7083,Dropout,0.2018488,MEDIUM
0,1,6,0,0,0.0,0,6,0.0,6,0,0,0.0,0,6,0.0,12,0.0,Dropout,0.7,HIGH
0,1,6,7,6,7.214285714285714,0,0,0.8571,6,6,6,6.25,0,0,1.0,0,6.7321,Graduate,0.08986160000000001,LOW
0,1,7,8,5,7.1,0,2,0.625,7,9,6,6.2,0,1,0.6667,3,6.65,Dropout,0.227064,MEDIUM
0,1,5,8,4,5.75,0,1,0.5,5,9,3,5.166666666666667,0,2,0.3333,3,5.4583,Dropout,0.3256768,MEDIUM
0,1,6,7,5,6.5,0,1,0.7143,6,6,6,7.5,0,0,1.0,1,7.0,Graduate,0.124856,LOW
0,0,6,6,0,0.0,0,6,0.0,6,8,0,0.0,0,6,0.0,12,0.0,Dropout,0.7999999999999999,HIGH
1,0,6,12,3,5.666666666666667,0,3,0.25,6,13,2,5.5,0,4,0.1538,7,5.5833,Dropout,0.5629368,HIGH
0,1,18,45,18,6.25,12,0,0.4,13,26,12,5.714285714285714,6,1,0.4615,1,5.9821,Graduate,0.21750960000000003,MEDIUM
0,1,5,5,0,0.0,0,5,0.0,5,5,0,0.0,0,5,0.0,10,0.0,Dropout,0.7,HIGH
0,1,7,7,7,6.735714285714286,0,0,1.0,8,9,8,6.972222222222222,0,0,0.8889,0,6.854,Graduate,0.10661199999999998,LOW
0,1,5,5,4,5.875,0,1,0.8,5,5,3,6.666666666666667,0,2,0.6,3,6.2708,Graduate,0.2675008,MEDIUM
1,1,6,9,6,6.666666666666667,0,0,0.6667,6,10,6,7.333333333333333,0,0,0.6,0,7.0,Graduate,0.24400400000000003,MEDIUM
0,1,8,8,8,6.5525,0,0,1.0,8,8,8,6.5525,0,0,1.0,0,6.5525,Graduate,0.08274000000000001,LOW
1,0,5,5,0,0.0,0,5,0.0,5,6,0,0.0,0,5,0.0,10,0.0,Dropout,0.7999999999999999,HIGH
0,1,6,6,6,7.75,0,0,1.0,6,7,6,6.083333333333333,0,0,0.8571,0,6.9167,Graduate,0.11401120000000001,LOW
1,0,0,0,0,0.0,0,0,0.0,0,0,0,0.0,0,0,0.0,0,0.0,Dropout,1.0,HIGH
1,0,6,6,4,5.625,0,2,0.6667,6,7,3,6.166666666666667,0,3,0.4286,5,5.8958,Dropout,0.46849680000000005,HIGH
0,0,15,24,12,5.5,0,3,0.5,14,21,11,5.681818181818182,1,3,0.5238,6,5.5909,Dropout,0.46391439999999995,HIGH
0,1,6,10,6,6.166666666666667,0,0,0.6,6,9,4,6.5,0,2,0.4444,2,6.3333,Graduate,0.2555688,MEDIUM
0,1,9,18,8,5.6875,2,1,0.4444,5,11,5,5.9,0,0,0.4545,1,5.7938,Graduate,0.2190368,MEDIUM
0,1,18,19,18,6.11111111111111,0,0,0.9474,12,15,12,6.192307692307692,0,0,0.8,0,6.1517,Graduate,0.1420472,LOW
0,1,0,0,0,0.0,0,0,0.0,0,0,0,0.0,0,0,0.0,0,0.0,Enrolled,1.0,HIGH
0,1,9,11,9,6.0,0,0,0.8182,7,8,6,6.0,0,1,0.75,1,6.0,Graduate,0.174184,MEDIUM
1,1,5,10,1,5.5,0,4,0.1,5,10,1,5.0,0,4,0.1,8,5.25,Enrolled,0.598,HIGH
0,1,16,17,16,7.0625,0,0,0.9412,11,14,10,6.5,0,1,0.7143,1,6.7812,Graduate,0.1801912,MEDIUM
0,1,5,8,5,5.1,0,0,0.625,5,7,5,5.6,0,0,0.7143,0,5.35,Enrolled,0.16445600000000002,LOW
0,1,5,7,4,6.0,1,1,0.5714,5,6,4,6.2,0,1,0.6667,2,6.1,Enrolled,0.21455200000000002,MEDIUM
0,1,9,11,9,6.166666666666667,0,0,0.8182,7,7,7,6.285714285714286,0,0,1.0,0,6.2262,Graduate,0.10511519999999999,LOW
0,1,9,9,9,7.166666666666667,0,0,1.0,7,7,7,6.928571428571429,0,0,1.0,0,7.0476,Graduate,0.07085759999999999,LOW
0,1,6,6,6,7.583333333333333,0,0,1.0,6,9,6,7.0,0,0,0.6667,0,7.2917,Graduate,0.1583232,LOW
0,1,6,8,6,7.571428571428571,0,0,0.75,6,8,6,7.571428571428571,0,0,0.75,0,7.5714,Graduate,0.09828640000000002,LOW
0,1,6,0,0,0.0,0,6,0.0,6,0,0,0.0,0,6,0.0,12,0.0,Dropout,0.7,HIGH
0,1,7,9,6,6.705714285714286,0,1,0.6667,8,12,7,6.647222222222222,0,1,0.5833,2,6.6765,Enrolled,0.21644399999999997,MEDIUM
0,1,6,7,6,6.166666666666667,0,0,0.8571,6,7,6,6.083333333333333,0,0,0.8571,0,6.125,Graduate,0.115864,LOW
0,1,6,13,4,5.9,0,2,0.3077,6,18,4,6.1,0,2,0.2222,4,6.0,Enrolled,0.350708,MEDIUM
1,1,6,9,6,6.0,0,0,0.6667,6,12,3,6.0,0,3,0.25,3,6.0,Dropout,0.45600399999999996,HIGH
0,1,6,7,6,7.5,0,0,0.8571,6,8,6,7.8125,0,0,0.75,0,7.6562,Graduate,0.10910320000000001,LOW
0,1,12,12,8,6.9375,0,4,0.6667,11,13,9,6.35,1,2,0.6923,6,6.6437,Dropout,0.3118312,MEDIUM
0,1,7,9,6,5.916666666666667,0,1,0.6667,7,7,6,7.166666666666667,0,1,0.8571,2,6.5417,Enrolled,0.1810952,MEDIUM
0,1,6,6,6,6.25,0,0,1.0,6,6,6,6.916666666666667,0,0,1.0,0,6.5833,Graduate,0.08200079999999998,LOW
0,1,6,6,6,7.5,0,0,1.0,6,6,6,7.75,0,0,1.0,0,7.625,Graduate,0.05700000000000001,LOW
1,1,6,10,2,5.833333333333333,0,4,0.2,6,10,4,5.25,0,2,0.4,6,5.5417,Dropout,0.4989992,HIGH
0,1,7,10,7,7.334,0,0,0.7,8,8,8,7.316875,0,0,1.0,0,7.3254,Graduate,0.0881904,LOW
0,1,8,9,6,6.6725,2,2,0.6667,8,9,6,6.6725,2,2,0.6667,4,6.6725,Enrolled,0.25318799999999997,MEDIUM
0,1,6,7,5,6.4,0,1,0.7143,6,6,6,6.166666666666667,0,0,1.0,1,6.2833,Graduate,0.1420568,LOW
0,1,6,10,6,5.416666666666667,0,0,0.6,6,7,6,6.071428571428571,0,0,0.8571,0,5.744,Graduate,0.145576,LOW
0,1,6,6,6,6.833333333333333,0,0,1.0,6,6,5,7.0,0,1,0.8333,1,6.9167,Graduate,0.1506752,LOW
0,1,8,8,7,7.268571428571428,0,1,0.875,8,8,7,7.268571428571428,0,1,0.875,2,7.2686,Graduate,0.1455536,LOW
1,1,5,5,5,7.2,0,0,1.0,5,5,5,7.0,0,0,1.0,0,7.1,Dropout,0.16960000000000003,LOW
0,1,0,0,0,0.0,0,0,0.0,0,0,0,0.0,0,0,0.0,0,0.0,Graduate,1.0,HIGH
0,1,6,6,6,6.583333333333333,0,0,1.0,6,6,6,6.916666666666667,0,0,1.0,0,6.75,Graduate,0.078,LOW
0,0,6,15,2,5.75,0,4,0.1333,7,9,0,0.0,0,7,0.0,11,2.875,Dropout,0.746996,HIGH
0,1,6,7,6,5.666666666666667,0,0,0.8571,6,7,6,6.214285714285714,0,0,0.8571,0,5.9405,Graduate,0.12029200000000002,LOW
0,1,6,6,6,6.0,0,0,1.0,6,6,5,6.8,0,1,0.8333,1,6.4,Graduate,0.163076,LOW
0,1,6,6,6,6.583333333333333,0,0,1.0,6,6,6,6.083333333333333,0,0,1.0,0,6.3333,Graduate,0.08800079999999999,LOW
0,1,6,6,6,7.416666666666667,0,0,1.0,6,6,6,7.083333333333333,0,0,1.0,0,7.25,Graduate,0.066,LOW
0,1,7,7,7,6.5,0,0,1.0,9,9,9,6.61111111111111,0,0,1.0,0,6.5556,Graduate,0.0826656,LOW
0,1,7,8,7,6.543571428571428,0,0,0.875,8,8,8,6.475,0,0,1.0,0,6.5093,Graduate,0.0937768,LOW
0,1,6,8,6,6.666666666666667,0,0,0.75,6,7,6,6.833333333333333,0,0,0.8571,0,6.75,Graduate,0.109432,LOW
0,1,6,7,6,6.083333333333333,0,0,0.8571,6,10,4,6.375,0,2,0.4,2,6.2292,Enrolled,0.30135120000000004,MEDIUM
0,0,6,8,6,5.5,0,0,0.75,6,10,4,6.0,0,2,0.4,2,5.75,Enrolled,0.4,HIGH
1,0,6,0,0,0.0,0,6,0.0,6,0,0,0.0,0,6,0.0,12,0.0,Dropout,0.7999999999999999,HIGH
0,1,5,7,5,6.8,0,0,0.7143,5,6,5,6.1,0,0,0.8333,0,6.45,Graduate,0.121392,LOW
0,1,6,6,6,7.75,0,0,1.0,6,6,6,7.0,0,0,1.0,0,7.375,Graduate,0.06299999999999999,LOW
0,1,7,7,7,6.928571428571429,0,0,1.0,7,7,7,7.142857142857143,0,0,1.0,0,7.0357,Graduate,0.0711432,LOW
1,1,5,10,2,5.75,0,3,0.2,5,8,3,5.0,0,2,0.375,5,5.375,Enrolled,0.475,HIGH
0,1,6,6,6,6.5,0,0,1.0,6,6,6,6.083333333333333,0,0,1.0,0,6.2917,Graduate,0.0889992,LOW
1,0,6,10,6,7.0,0,0,0.6,6,11,4,6.5,0,2,0.3636,2,6.75,Enrolled,0.36819199999999996,MEDIUM
0,1,4,4,0,0.0,0,4,0.0,6,0,0,0.0,0,6,0.0,10,0.0,Dropout,0.7,HIGH
0,1,6,6,6,5.583333333333333,0,0,1.0,6,9,6,5.75,0,0,0.6667,0,5.6667,Enrolled,0.19732320000000003,MEDIUM
1,0,6,0,0,0.0,0,6,0.0,6,0,0,0.0,0,6,0.0,12,0.0,Dropout,0.7999999999999999,HIGH
0,1,7,8,7,6.071428571428571,0,0,0.875,7,9,6,6.833333333333333,0,1,0.6667,1,6.4524,Graduate,0.19346639999999998,MEDIUM
0,1,7,7,7,7.072857142857143,0,0,1.0,8,9,8,6.813888888888889,0,0,0.8889,0,6.9434,Graduate,0.10446640000000001,LOW
0,1,7,7,7,7.225,0,0,1.0,8,9,8,7.072222222222222,0,0,0.8889,0,7.1486,Graduate,0.09954159999999998,LOW
0,1,7,7,7,7.857142857142857,0,0,1.0,7,7,7,7.5,0,0,1.0,0,7.6786,Graduate,0.0557136,LOW
0,1,5,9,5,6.4,0,0,0.5556,5,11,3,6.333333333333333,0,2,0.2727,2,6.3667,Enrolled,0.29751520000000004,MEDIUM
0,1,6,6,6,6.25,0,0,1.0,6,8,6,5.75,0,0,0.75,0,6.0,Enrolled,0.16599999999999998,LOW
0,1,6,6,6,7.25,0,0,1.0,6,6,6,6.416666666666667,0,0,1.0,0,6.8333,Graduate,0.07600080000000001,LOW
0,0,7,7,7,6.731428571428572,0,0,1.0,8,10,7,6.582142857142858,0,1,0.7,1,6.6568,Enrolled,0.2942368000000001,MEDIUM
0,1,6,6,6,6.416666666666667,0,0,1.0,6,6,6,6.416666666666667,0,0,1.0,0,6.4167,Graduate,0.08599920000000001,LOW
0,1,5,10,5,6.0,0,0,0.5,5,8,4,5.8,0,1,0.5,1,5.9,Graduate,0.2084,MEDIUM
0,1,0,0,0,0.0,0,0,0.0,0,0,0,0.0,0,0,0.0,0,0.0,Graduate,1.0,HIGH
0,1,7,9,6,7.357142857142857,0,1,0.6667,7,16,6,6.6,0,1,0.375,2,6.9786,Enrolled,0.26751759999999997,MEDIUM
0,1,6,7,6,6.285714285714286,0,0,0.8571,6,7,6,6.642857142857143,0,0,0.8571,0,6.4643,Graduate,0.10772080000000002,LOW
0,1,6,6,6,6.25,0,0,1.0,6,6,6,5.75,0,0,1.0,0,6.0,Graduate,0.096,LOW
0,1,6,8,6,7.0,0,0,0.75,6,9,5,7.0,0,1,0.5556,1,7.0,Graduate,0.196432,MEDIUM
0,1,7,8,7,5.785714285714286,0,0,0.875,7,9,6,6.583333333333333,0,1,0.6667,1,6.1845,Dropout,0.19989600000000002,MEDIUM
0,1,6,6,6,7.916666666666667,0,0,1.0,6,6,6,7.666666666666667,0,0,1.0,0,7.7917,Graduate,0.05299920000000002,LOW
0,1,8,8,8,7.125,0,0,1.0,8,8,8,7.125,0,0,1.0,0,7.125,Graduate,0.06899999999999999,LOW
0,1,6,0,0,0.0,0,6,0.0,6,0,0,0.0,0,6,0.0,12,0.0,Dropout,0.7,HIGH
0,1,6,8,6,5.833333333333333,0,0,0.75,6,10,6,5.5,0,0,0.6,0,5.6667,Dropout,0.1859992,MEDIUM
0,1,6,12,0,0.0,0,6,0.0,5,10,0,0.0,0,5,0.0,11,0.0,Dropout,0.7,HIGH
1,1,5,9,5,6.6,2,0,0.5556,5,7,2,6.25,2,3,0.2857,3,6.425,Enrolled,0.4224760000000001,HIGH
0,1,6,11,2,6.0,1,4,0.1818,6,12,1,5.0,1,5,0.0833,9,5.5,Dropout,0.5364920000000001,HIGH
0,1,5,6,0,0.0,0,5,0.0,5,5,0,0.0,0,5,0.0,10,0.0,Dropout,0.7,HIGH
0,1,5,9,4,6.0,0,1,0.4444,5,10,2,5.5,0,3,0.2,4,5.75,Enrolled,0.379328,HIGH
0,1,5,10,3,6.666666666666667,0,2,0.3,5,9,4,5.375,0,1,0.4444,3,6.0208,Dropout,0.2859488,MEDIUM
0,1,7,11,5,6.207142857142856,0,2,0.4545,7,13,2,6.75,0,5,0.1538,7,6.4786,Enrolled,0.4659896,HIGH
0,0,5,5,0,0.0,0,5,0.0,5,5,0,0.0,0,5,0.0,10,0.0,Dropout,0.7999999999999999,HIGH
0,1,5,5,5,6.9,0,0,1.0,5,7,5,6.2,0,0,0.7143,0,6.55,Graduate,0.16279599999999997,LOW
1,0,5,14,0,0.0,0,5,0.0,5,5,0,0.0,0,5,0.0,10,0.0,Dropout,0.7999999999999999,HIGH
0,0,5,10,4,5.75,0,1,0.4,5,11,4,7.0,0,1,0.3636,2,6.375,Enrolled,0.35319200000000006,MEDIUM
1,0,5,11,0,0.0,4,5,0.0,5,6,0,0.0,1,5,0.0,10,0.0,Dropout,0.7999999999999999,HIGH
0,1,7,7,6,7.008333333333333,0,1,0.8571,7,7,6,7.008333333333333,0,1,0.8571,2,7.0083,Graduate,0.1546648,LOW
0,1,6,9,5,5.7,0,1,0.5556,6,8,5,5.4,0,1,0.625,2,5.55,Graduate,0.23235200000000003,MEDIUM
1,0,0,0,0,0.0,0,0,0.0,0,0,0,0.0,0,0,0.0,0,0.0,Dropout,1.0,HIGH
0,1,5,12,5,5.2,0,0,0.4167,5,11,5,6.0,0,0,0.4545,0,5.6,Graduate,0.19590400000000002,MEDIUM
0,1,5,11,3,5.333333333333333,0,2,0.2727,5,9,4,5.125,0,1,0.4444,3,5.2292,Graduate,0.3071312,MEDIUM
0,1,5,9,4,7.125,0,1,0.4444,5,8,5,6.357142857142857,0,0,0.625,1,6.7411,Enrolled,0.18266160000000004,MEDIUM
0,1,7,7,7,6.957142857142856,0,0,1.0,8,8,8,7.053125,0,0,1.0,0,7.0051,Graduate,0.07187760000000001,LOW
0,1,7,9,7,6.880555555555556,0,0,0.7778,8,11,7,6.411875,0,1,0.6364,1,6.6462,Graduate,0.18563520000000003,MEDIUM
0,1,6,10,5,6.3,0,1,0.5,6,9,4,5.625,0,2,0.4444,3,5.9625,Enrolled,0.28246800000000005,MEDIUM
0,1,6,7,6,6.928571428571429,0,0,0.8571,6,6,6,7.083333333333333,0,0,1.0,0,7.006,Graduate,0.08328800000000001,LOW
0,1,8,8,7,6.921428571428572,0,1,0.875,8,8,7,6.921428571428572,0,1,0.875,2,6.9214,Graduate,0.15388640000000003,LOW
1,0,5,12,0,0.0,0,5,0.0,5,8,0,0.0,0,5,0.0,10,0.0,Enrolled,0.7999999999999999,HIGH
0,1,6,6,5,5.9,0,1,0.8333,6,9,0,0.0,0,6,0.0,7,2.95,Dropout,0.6391960000000001,HIGH
0,1,6,6,6,6.333333333333333,0,0,1.0,6,6,6,6.916666666666667,0,0,1.0,0,6.625,Dropout,0.08100000000000002,LOW
0,1,6,6,0,0.0,0,6,0.0,6,6,0,0.0,0,6,0.0,12,0.0,Dropout,0.7,HIGH
0,1,5,7,0,0.0,0,5,0.0,5,5,0,0.0,0,5,0.0,10,0.0,Dropout,0.7,HIGH
0,1,6,11,4,5.375,0,2,0.3636,6,13,2,5.0,0,4,0.1538,6,5.1875,Dropout,0.456068,HIGH
0,1,5,7,5,6.3,0,0,0.7143,5,9,3,6.625,0,2,0.3333,2,6.4625,Dropout,0.297292,MEDIUM
1,0,5,5,0,0.0,0,5,0.0,5,5,0,0.0,0,5,0.0,10,0.0,Dropout,0.7999999999999999,HIGH
0,1,7,7,2,6.0,0,5,0.2857,9,10,7,6.071428571428571,0,2,0.7,7,6.0357,Dropout,0.38628719999999994,HIGH
1,0,6,7,3,7.0,0,3,0.4286,6,9,2,7.25,0,4,0.2222,7,7.125,Dropout,0.528216,HIGH
0,0,6,6,6,7.0,0,0,1.0,6,11,6,6.75,0,0,0.5455,0,6.875,Dropout,0.30226,MEDIUM
0,1,7,7,7,7.341428571428572,0,0,1.0,8,9,8,7.527777777777778,0,0,0.8889,0,7.4346,Graduate,0.0926776,LOW
0,1,3,3,0,0.0,3,3,0.0,5,0,0,0.0,0,5,0.0,8,0.0,Dropout,0.64,HIGH
0,1,5,6,0,0.0,0,5,0.0,5,7,0,0.0,0,5,0.0,10,0.0,Dropout,0.7,HIGH
0,1,6,7,6,6.928571428571429,0,0,0.8571,6,7,5,6.4,0,1,0.7143,1,6.6643,Graduate,0.17290479999999997,MEDIUM
0,1,0,0,0,0.0,0,0,0.0,0,0,0,0.0,0,0,0.0,0,0.0,Graduate,1.0,HIGH
0,1,6,8,6,6.571428571428571,0,0,0.75,6,7,6,6.25,0,0,0.8571,0,6.4107,Graduate,0.11757519999999999,LOW
0,1,5,14,1,9.0,0,4,0.0714,5,9,2,6.5,0,3,0.2222,7,7.75,Dropout,0.400512,HIGH
0,1,15,15,13,5.730769230769231,0,2,0.8667,11,15,10,5.791666666666667,1,1,0.6667,3,5.7612,Graduate,0.26905920000000005,MEDIUM
0,1,7,14,5,5.6,0,2,0.3571,8,11,6,5.791666666666667,0,2,0.5455,4,5.6958,Enrolled,0.3110928,MEDIUM
1,1,6,6,5,7.5,0,1,0.8333,6,8,4,7.25,0,2,0.5,3,7.375,Graduate,0.372996,HIGH
0,1,7,9,7,7.122222222222222,0,0,0.7778,8,12,8,6.116666666666666,0,0,0.6667,0,6.6194,Graduate,0.14779440000000002,LOW
0,1,6,8,4,5.75,0,2,0.5,6,7,5,5.5,0,1,0.7143,3,5.625,Dropout,0.257856,MEDIUM
0,1,7,7,2,5.0,0,5,0.2857,7,7,0,0.0,0,7,0.0,12,2.5,Dropout,0.6742839999999999,HIGH
0,1,5,7,3,6.166666666666667,0,2,0.4286,5,5,5,5.8,0,0,1.0,2,5.9833,Graduate,0.2021128,MEDIUM
0,1,7,8,5,6.1,0,2,0.625,9,10,7,6.071428571428571,1,2,0.7,4,6.0857,Dropout,0.2679432,MEDIUM
0,1,6,6,6,6.833333333333333,0,0,1.0,6,7,5,6.6,0,1,0.7143,1,6.7167,Graduate,0.1887952,MEDIUM
0,1,0,0,0,0.0,0,0,0.0,0,0,0,0.0,0,0,0.0,0,0.0,Graduate,1.0,HIGH
1,0,6,15,1,5.5,0,5,0.0667,6,10,0,0.0,0,6,0.0,11,2.75,Dropout,0.7420040000000001,HIGH
1,0,6,8,3,6.5,0,3,0.375,10,14,6,5.714285714285714,0,4,0.4286,7,6.1071,Dropout,0.49914159999999996,HIGH
0,1,8,12,7,6.299999999999999,0,1,0.5833,8,12,7,6.299999999999999,0,1,0.5833,2,6.3,Graduate,0.21547200000000002,MEDIUM
0,1,10,11,10,6.1,0,0,0.9091,10,12,9,6.166666666666667,0,1,0.75,1,6.1333,Graduate,0.1818928,MEDIUM
0,1,6,6,6,6.583333333333333,0,0,1.0,6,6,6,6.5,0,0,1.0,0,6.5417,Graduate,0.08299920000000002,LOW
0,1,7,16,6,5.5,0,1,0.375,7,9,7,5.5,0,0,0.7778,1,5.5,Graduate,0.205776,MEDIUM
0,1,7,7,7,7.007142857142857,0,0,1.0,8,8,8,7.675,0,0,1.0,0,7.3411,Graduate,0.0638136,LOW
0,1,6,9,4,6.5,0,2,0.4444,6,13,4,5.625,0,2,0.3077,4,6.0625,Graduate,0.3416720000000001,MEDIUM
0,1,6,6,6,7.0,0,0,1.0,6,6,6,7.333333333333333,0,0,1.0,0,7.1667,Graduate,0.06799920000000002,LOW
0,0,0,0,0,0.0,0,0,0.0,0,0,0,0.0,0,0,0.0,0,0.0,Dropout,1.0,HIGH
0,1,8,8,7,7.214285714285714,0,1,0.875,8,8,7,7.214285714285714,0,1,0.875,2,7.2143,Graduate,0.1468568,LOW
0,0,5,9,0,0.0,0,5,0.0,5,10,0,0.0,0,5,0.0,10,0.0,Dropout,0.7999999999999999,HIGH
0,1,18,45,18,5.916666666666667,10,0,0.4,13,27,13,6.230769230769231,5,0,0.4815,0,6.0737,Graduate,0.18371120000000002,MEDIUM
0,0,5,12,3,5.666666666666667,0,2,0.25,5,10,1,6.5,0,4,0.1,6,6.0833,Dropout,0.5360007999999999,HIGH
0,1,6,9,6,6.25,0,0,0.6667,6,9,6,6.5,0,0,0.6667,0,6.375,Graduate,0.140328,LOW
0,1,12,12,12,6.666666666666667,0,0,1.0,12,12,11,6.272727272727272,0,1,0.9167,1,6.4697,Graduate,0.1380512,LOW
0,1,6,10,6,5.416666666666667,0,0,0.6,6,10,4,5.5,0,2,0.4,2,5.4583,Enrolled,0.2890008,MEDIUM
0,1,6,6,6,6.5,0,0,1.0,6,6,6,7.0,0,0,1.0,0,6.75,Graduate,0.078,LOW
0,1,5,7,2,5.0,0,3,0.2857,5,11,2,7.0,0,3,0.1818,6,6.0,Dropout,0.41938000000000003,HIGH
0,1,6,8,6,5.714285714285714,0,0,0.75,6,11,5,5.6,0,1,0.4545,1,5.6571,Graduate,0.2569696,MEDIUM
0,1,8,8,8,6.44375,0,0,1.0,8,8,8,6.44375,0,0,1.0,0,6.4437,Graduate,0.0853512,LOW
0,1,7,7,6,6.475,0,1,0.8571,7,7,6,6.475,0,1,0.8571,2,6.475,Graduate,0.167464,LOW
0,1,5,12,1,5.0,2,4,0.0833,5,5,0,0.0,0,5,0.0,9,2.5,Dropout,0.6199960000000001,HIGH
0,1,7,7,7,6.547142857142857,0,0,1.0,8,8,8,6.275,0,0,1.0,0,6.4111,Graduate,0.08613359999999998,LOW
0,1,6,7,0,0.0,0,6,0.0,6,6,0,0.0,0,6,0.0,12,0.0,Dropout,0.7,HIGH
0,1,6,12,5,5.857142857142857,0,1,0.4167,6,11,6,5.5,0,0,0.5455,1,5.6786,Graduate,0.2167376,MEDIUM
0,1,6,8,4,5.625,0,2,0.5,6,15,3,5.0,0,3,0.2,5,5.3125,Enrolled,0.42650000000000005,HIGH
0,1,0,0,0,0.0,0,0,0.0,0,0,0,0.0,0,0,0.0,0,0.0,Dropout,1.0,HIGH
0,1,6,6,6,6.583333333333333,0,0,1.0,6,6,6,6.666666666666667,0,0,1.0,0,6.625,Graduate,0.08100000000000002,LOW
0,1,5,7,4,6.375,0,1,0.5714,5,5,5,6.7,0,0,1.0,1,6.5375,Graduate,0.14738800000000002,LOW
0,0,5,6,5,5.3,0,0,0.8333,5,9,2,5.5,0,3,0.2222,3,5.4,Dropout,0.49817999999999996,HIGH
0,1,6,8,5,5.6,0,1,0.625,6,6,6,6.0,0,0,1.0,1,5.8,Graduate,0.1608,LOW
0,1,7,0,0,0.0,0,7,0.0,8,0,0,0.0,0,8,0.0,15,0.0,Dropout,0.7,HIGH
0,1,6,6,6,6.5,0,0,1.0,6,6,6,6.833333333333333,0,0,1.0,0,6.6667,Graduate,0.0799992,LOW
0,1,5,10,0,0.0,0,5,0.0,5,5,0,0.0,0,5,0.0,10,0.0,Dropout,0.7,HIGH
0,1,6,0,0,0.0,0,6,0.0,6,0,0,0.0,0,6,0.0,12,0.0,Dropout,0.7,HIGH
0,1,6,8,6,7.083333333333333,0,0,0.75,6,9,6,7.5,0,0,0.6667,0,7.2917,Graduate,0.12832320000000003,LOW
0,1,6,10,5,6.416666666666667,0,1,0.5,6,6,6,6.166666666666667,0,0,1.0,1,6.2917,Graduate,0.1589992,LOW
0,1,6,11,4,5.875,0,2,0.3636,6,9,5,5.2,0,1,0.5556,3,5.5375,Graduate,0.28356400000000004,MEDIUM
0,1,6,8,6,5.416666666666667,0,0,0.75,6,7,6,5.75,0,0,0.8571,0,5.5833,Graduate,0.13743280000000002,LOW
0,1,6,8,4,5.875,0,2,0.5,6,8,4,6.125,0,2,0.5,4,6.0,Dropout,0.29600000000000004,MEDIUM
0,0,7,14,3,5.75,0,4,0.2143,7,9,2,5.25,0,5,0.2222,9,5.5,Dropout,0.60308,HIGH
0,1,5,14,2,5.0,0,3,0.1429,5,7,3,5.666666666666667,0,2,0.4286,5,5.3333,Enrolled,0.37628079999999997,HIGH
0,1,7,7,6,6.85,0,1,0.8571,7,7,6,6.85,0,1,0.8571,2,6.85,Graduate,0.15846400000000002,LOW
0,1,5,8,1,7.0,2,4,0.125,5,12,0,0.0,4,5,0.0,9,3.5,Dropout,0.6010000000000001,HIGH
1,1,8,12,7,5.6875,0,1,0.5833,7,10,6,6.083333333333333,0,1,0.6,2,5.8854,Enrolled,0.3240864,MEDIUM
1,1,6,17,0,0.0,0,6,0.0,6,6,0,0.0,0,6,0.0,12,0.0,Enrolled,0.7999999999999999,HIGH
0,1,6,10,0,0.0,4,6,0.0,6,0,0,0.0,0,6,0.0,12,0.0,Dropout,0.7,HIGH
0,1,5,9,1,5.5,0,4,0.1111,5,9,2,6.25,0,3,0.2222,7,5.875,Enrolled,0.442336,HIGH
0,1,7,10,6,6.5,0,1,0.6,7,7,7,6.642857142857143,0,0,1.0,1,6.5714,Graduate,0.1442864,LOW
0,1,11,15,8,6.8,0,3,0.5333,8,10,8,7.555555555555555,0,0,0.8,3,7.1778,Graduate,0.21106879999999997,MEDIUM
0,1,5,8,3,5.5,0,2,0.375,5,9,2,5.75,0,3,0.2222,5,5.625,Dropout,0.397784,HIGH
0,1,8,11,7,5.852857142857142,0,1,0.6364,8,11,7,5.852857142857142,0,1,0.6364,2,5.8529,Enrolled,0.21770640000000002,MEDIUM
0,1,12,12,12,6.625,0,0,1.0,11,14,11,7.166666666666667,0,0,0.7857,0,6.8958,Graduate,0.1345048,LOW
0,1,7,15,1,5.375,0,6,0.0667,7,10,1,5.0,0,6,0.1,12,5.1875,Dropout,0.562164,HIGH
0,1,6,8,6,6.0,0,0,0.75,7,8,7,6.714285714285714,0,0,0.875,0,6.3571,Enrolled,0.11742960000000001,LOW
0,1,6,7,6,6.333333333333333,0,0,0.8571,6,8,4,6.125,0,2,0.5,2,6.2292,Enrolled,0.2733512,MEDIUM
0,0,6,8,5,5.7,0,1,0.625,6,9,3,5.5,0,3,0.3333,4,5.6,Dropout,0.467276,HIGH
0,1,6,6,6,6.5,0,0,1.0,6,8,5,6.2,0,1,0.625,1,6.35,Graduate,0.22260000000000002,MEDIUM
0,1,6,8,6,7.0,0,0,0.75,6,8,6,6.142857142857143,0,0,0.75,0,6.5714,Graduate,0.12228640000000002,LOW
0,1,6,11,0,0.0,0,6,0.0,5,10,0,0.0,0,5,0.0,11,0.0,Enrolled,0.7,HIGH
0,1,6,0,0,0.0,0,6,0.0,6,0,0,0.0,0,6,0.0,12,0.0,Dropout,0.7,HIGH
0,1,7,7,7,7.642857142857143,0,0,1.0,8,8,8,8.0375,0,0,1.0,0,7.8402,Graduate,0.051835199999999984,LOW
0,1,6,6,6,6.583333333333333,0,0,1.0,6,6,6,6.333333333333333,0,0,1.0,0,6.4583,Graduate,0.0850008,LOW
1,1,5,7,5,6.8,0,0,0.7143,5,11,5,6.416666666666667,5,0,0.4545,0,6.6083,Graduate,0.29985680000000003,MEDIUM
0,0,4,8,0,0.0,0,4,0.0,4,8,0,0.0,0,4,0.0,8,0.0,Dropout,0.74,HIGH
0,1,10,12,10,5.7,0,0,0.8333,9,9,4,5.75,0,5,0.4444,5,5.725,Graduate,0.388164,HIGH
0,1,5,0,0,0.0,0,5,0.0,5,0,0,0.0,0,5,0.0,10,0.0,Dropout,0.7,HIGH
0,1,5,7,5,5.5,0,0,0.7143,5,5,5,5.8,0,0,1.0,0,5.65,Graduate,0.12725599999999998,LOW
1,0,5,9,0,0.0,0,5,0.0,5,11,0,0.0,0,5,0.0,10,0.0,Dropout,0.7999999999999999,HIGH
0,1,6,7,6,6.785714285714286,0,0,0.8571,6,6,6,6.333333333333333,0,0,1.0,0,6.5595,Graduate,0.094004,LOW
0,1,7,0,0,0.0,0,7,0.0,8,0,0,0.0,0,8,0.0,15,0.0,Dropout,0.7,HIGH
0,1,10,14,4,5.625,0,6,0.2857,11,11,4,6.0,0,7,0.3636,13,5.8125,Dropout,0.508556,HIGH
0,1,5,6,3,6.666666666666667,0,2,0.5,5,5,1,5.5,0,4,0.2,6,6.0833,Dropout,0.43800079999999997,HIGH
0,1,6,6,6,6.0,0,0,1.0,6,7,6,5.833333333333333,0,0,0.8571,0,5.9167,Graduate,0.13801120000000003,LOW
0,1,6,6,6,6.25,0,0,1.0,6,7,5,6.5,0,1,0.7143,1,6.375,Graduate,0.196996,MEDIUM
0,1,5,6,5,6.6,0,0,0.8333,5,6,5,6.333333333333333,0,0,0.8333,0,6.4667,Graduate,0.11147119999999998,LOW
0,0,5,5,0,0.0,0,5,0.0,4,4,0,0.0,0,4,0.0,9,0.0,Dropout,0.77,HIGH
0,0,5,7,3,5.833333333333333,0,2,0.4286,5,8,2,5.75,1,3,0.25,5,5.7917,Dropout,0.49243119999999996,HIGH
0,1,15,16,15,6.733333333333334,1,0,0.9375,14,14,14,6.821428571428571,0,0,1.0,0,6.7774,Graduate,0.08234240000000001,LOW
0,1,5,7,3,6.833333333333333,0,2,0.4286,5,5,5,6.6,0,0,1.0,2,6.7167,Graduate,0.18451120000000004,MEDIUM
0,1,5,9,2,5.833333333333333,0,3,0.2222,5,9,2,6.25,2,3,0.2222,6,6.0417,Enrolled,0.3994472,HIGH
0,1,6,7,6,5.833333333333333,0,0,0.8571,6,12,5,5.1,0,1,0.4167,1,5.4667,Graduate,0.2849752,MEDIUM
0,1,6,9,5,6.7,0,1,0.5556,6,9,5,6.2,0,1,0.5556,2,6.45,Graduate,0.216304,MEDIUM
0,0,5,5,0,0.0,0,5,0.0,5,6,0,0.0,0,5,0.0,10,0.0,Dropout,0.7999999999999999,HIGH
0,1,6,9,0,0.0,0,6,0.0,6,6,0,0.0,0,6,0.0,12,0.0,Dropout,0.7,HIGH
0,0,5,5,0,0.0,0,5,0.0,5,5,0,0.0,0,5,0.0,10,0.0,Dropout,0.7999999999999999,HIGH
0,1,5,6,3,5.333333333333333,0,2,0.5,5,9,2,5.25,0,3,0.2222,5,5.2917,Enrolled,0.4207832,HIGH
0,1,5,5,4,6.875,0,1,0.8,5,5,4,7.375,0,1,0.8,2,7.125,Graduate,0.16099999999999998,LOW
0,1,5,5,1,5.0,0,4,0.2,5,5,0,0.0,0,5,0.0,9,2.5,Dropout,0.6340000000000001,HIGH
0,0,5,11,0,0.0,0,5,0.0,5,5,0,0.0,0,5,0.0,10,0.0,Dropout,0.7999999999999999,HIGH
0,1,2,4,1,8.0,0,1,0.25,4,5,4,7.75,0,0,0.8,1,7.875,Graduate,0.157,LOW
0,1,5,9,5,6.142857142857143,0,0,0.5556,5,8,5,5.5625,0,0,0.625,0,5.8527,Graduate,0.16508720000000002,LOW
1,0,5,10,3,6.0,0,2,0.3,5,8,3,5.166666666666667,0,2,0.375,4,5.5833,Enrolled,0.4320008000000001,HIGH
0,1,7,7,6,6.333333333333333,1,1,0.8571,7,7,6,6.333333333333333,1,1,0.8571,2,6.3333,Graduate,0.17086479999999998,MEDIUM
0,1,5,6,5,5.9,0,0,0.8333,5,7,4,6.625,1,1,0.5714,1,6.2625,Graduate,0.219704,MEDIUM
1,0,5,6,5,5.3,0,0,0.8333,5,7,5,7.333333333333333,0,0,0.7143,0,6.3167,Dropout,0.2483912,MEDIUM
0,1,11,16,9,5.95,0,2,0.5625,9,14,8,6.125,0,1,0.5714,3,6.0375,Graduate,0.25438799999999995,MEDIUM
0,1,6,8,4,5.625,0,2,0.5,5,8,2,5.25,0,3,0.25,5,5.4375,Dropout,0.4095,HIGH
0,1,5,9,4,5.5,0,1,0.4444,5,6,5,5.7,0,0,0.8333,1,5.6,Enrolled,0.19338400000000003,MEDIUM
0,1,6,6,6,6.0,0,0,1.0,6,6,6,6.25,0,0,1.0,0,6.125,Graduate,0.09299999999999999,LOW
0,1,5,10,4,5.875,0,1,0.4,5,10,4,5.416666666666667,0,1,0.4,2,5.6458,Enrolled,0.2605008,MEDIUM
0,1,5,8,2,5.0,0,3,0.25,5,8,1,8.0,0,4,0.125,7,6.5,Dropout,0.44900000000000007,HIGH
0,1,8,8,7,6.857142857142857,0,1,0.875,8,8,7,6.857142857142857,0,1,0.875,2,6.8571,Graduate,0.1554296,LOW
0,1,6,14,6,7.4375,0,0,0.4286,6,12,6,7.9,0,0,0.5,0,7.6688,Graduate,0.1416608,LOW
0,1,6,7,5,5.4,1,1,0.7143,6,6,0,0.0,0,6,0.0,7,2.7,Dropout,0.630916,HIGH
0,1,6,11,3,6.0,0,3,0.2727,6,12,2,5.0,0,4,0.1667,7,5.5,Dropout,0.464048,HIGH
1,0,6,10,5,6.25,0,1,0.5,6,19,2,6.75,0,4,0.1053,5,6.5,Dropout,0.524516,HIGH
0,1,7,7,7,7.364285714285714,0,0,1.0,8,11,8,8.163636363636364,0,0,0.7273,0,7.764,Graduate,0.13002,LOW
0,1,6,8,6,6.0,0,0,0.75,6,8,5,7.4,0,1,0.625,1,6.7,Graduate,0.18419999999999997,MEDIUM
0,1,6,8,6,5.714285714285714,0,0,0.75,6,7,6,5.5,0,0,0.8571,0,5.6071,Dropout,0.1368616,LOW
0,1,6,6,6,7.083333333333333,0,0,1.0,6,6,6,6.75,0,0,1.0,0,6.9167,Graduate,0.0739992,LOW
0,1,6,12,5,6.25,0,1,0.4167,6,10,5,7.3,0,1,0.5,2,6.775,Graduate,0.22406399999999999,MEDIUM
0,1,6,6,6,7.083333333333333,0,0,1.0,6,6,6,7.166666666666667,0,0,1.0,0,7.125,Graduate,0.06899999999999999,LOW
0,1,7,10,5,7.23,0,2,0.5,7,8,6,6.775,0,1,0.75,3,7.0025,Enrolled,0.22194,MEDIUM
0,1,6,12,5,6.4,0,1,0.4167,6,19,2,5.75,0,4,0.1053,5,6.075,Enrolled,0.42472,HIGH
0,1,6,8,6,6.333333333333333,0,0,0.75,6,8,5,6.7,0,1,0.625,1,6.5167,Graduate,0.1885992,MEDIUM
0,1,6,6,6,6.25,0,0,1.0,6,6,6,6.5,0,0,1.0,0,6.375,Dropout,0.08700000000000002,LOW
0,1,6,0,0,0.0,0,6,0.0,6,0,0,0.0,0,6,0.0,12,0.0,Dropout,0.7,HIGH
0,0,6,0,0,0.0,0,6,0.0,6,0,0,0.0,0,6,0.0,12,0.0,Dropout,0.7999999999999999,HIGH
0,1,0,0,0,0.0,0,0,0.0,0,0,0,0.0,0,0,0.0,0,0.0,Graduate,1.0,HIGH
0,1,5,8,5,5.6,0,0,0.625,5,5,3,5.5,0,2,0.6,2,5.55,Graduate,0.23380000000000004,MEDIUM
0,1,6,6,6,8.25,0,0,1.0,6,7,6,8.714285714285714,0,0,0.8571,0,8.4821,Dropout,0.07644159999999998,LOW
0,1,5,9,3,6.833333333333333,1,2,0.3333,5,5,5,6.0,0,0,1.0,2,6.4167,Graduate,0.19933520000000002,MEDIUM
0,1,8,8,7,7.614285714285714,0,1,0.875,8,8,7,7.614285714285714,0,1,0.875,2,7.6143,Graduate,0.1372568,LOW
0,1,9,10,9,6.38888888888889,0,0,0.9,9,9,9,6.61111111111111,0,0,1.0,0,6.5,Graduate,0.09200000000000001,LOW
0,1,8,8,7,7.214285714285714,0,1,0.875,8,8,7,7.214285714285714,0,1,0.875,2,7.2143,Graduate,0.1468568,LOW
0,1,6,8,6,6.9375,0,0,0.75,6,7,6,6.857142857142857,0,0,0.8571,0,6.8973,Graduate,0.1058968,LOW
0,1,7,10,7,6.564,0,0,0.7,8,13,6,6.596666666666666,0,2,0.4615,2,6.5803,Graduate,0.2568528,MEDIUM
0,1,7,9,6,5.8025,0,1,0.6667,8,10,7,6.20625,0,1,0.7,2,6.0044,Graduate,0.2065584,MEDIUM
0,1,5,5,5,7.3,0,0,1.0,5,8,5,6.0,0,0,0.625,0,6.65,Graduate,0.1854,MEDIUM
0,1,6,0,0,0.0,0,6,0.0,6,0,0,0.0,0,6,0.0,12,0.0,Dropout,0.7,HIGH
0,1,5,6,5,5.9,0,0,0.8333,5,6,5,5.8,0,0,0.8333,0,5.85,Graduate,0.126272,LOW
0,1,6,6,6,6.166666666666667,0,0,1.0,6,6,6,6.166666666666667,0,0,1.0,0,6.1667,Graduate,0.09199920000000002,LOW
1,1,5,5,4,5.5,0,1,0.8,5,5,0,0.0,0,5,0.0,6,2.75,Dropout,0.7100000000000001,HIGH
0,1,11,11,11,6.590909090909091,0,0,1.0,11,11,11,6.454545454545454,0,0,1.0,0,6.5227,Graduate,0.08345520000000001,LOW
1,0,6,6,1,5.5,0,5,0.1667,6,0,0,0.0,0,6,0.0,11,2.75,Dropout,0.7540040000000001,HIGH
1,1,6,6,6,5.916666666666667,0,0,1.0,6,7,6,6.142857142857143,0,0,0.8571,0,6.0298,Graduate,0.23529680000000003,MEDIUM
0,1,8,8,8,6.490625,0,0,1.0,8,8,8,6.490625,0,0,1.0,0,6.4906,Graduate,0.08422560000000001,LOW
0,1,7,10,6,5.666666666666667,0,1,0.6,5,6,5,5.6,0,0,0.8333,1,5.6333,Graduate,0.1801368,MEDIUM
0,1,8,12,6,5.84,0,2,0.5,8,12,6,5.84,0,2,0.5,4,5.84,Graduate,0.29984,MEDIUM
0,1,6,6,6,7.25,0,0,1.0,6,7,6,6.75,0,0,0.8571,0,7.0,Graduate,0.11201200000000003,LOW
0,1,7,7,7,6.571428571428571,0,0,1.0,7,8,7,6.428571428571429,0,0,0.875,0,6.5,Graduate,0.119,LOW
0,0,5,8,2,5.75,0,3,0.25,5,7,2,5.25,0,3,0.2857,6,5.5,Dropout,0.5051439999999999,HIGH
0,1,5,6,5,7.1,0,0,0.8333,5,7,5,5.9,0,0,0.7143,0,6.5,Graduate,0.143992,LOW
0,1,6,8,5,5.833333333333333,0,1,0.625,6,7,5,6.1,0,1,0.7143,2,5.9667,Graduate,0.20965519999999999,MEDIUM
0,1,7,8,7,6.5875,0,0,0.875,8,8,8,7.4375,0,0,1.0,0,7.0125,Graduate,0.0817,LOW
0,1,8,8,7,6.657142857142858,0,1,0.875,8,8,7,6.657142857142858,0,1,0.875,2,6.6571,Graduate,0.16022959999999997,LOW
0,1,5,13,3,5.3,0,2,0.2308,5,12,3,5.25,0,2,0.25,4,5.275,Graduate,0.35493600000000003,MEDIUM
0,1,6,11,4,6.0,0,2,0.3636,6,8,4,5.375,0,2,0.5,4,5.6875,Enrolled,0.314412,MEDIUM
0,1,6,7,6,6.714285714285714,0,0,0.8571,6,7,6,7.071428571428571,0,0,0.8571,0,6.8929,Graduate,0.09743440000000002,LOW
0,1,5,7,4,6.625,0,1,0.5714,5,8,5,7.785714285714286,0,0,0.625,1,7.2054,Graduate,0.1613584,LOW
0,1,6,6,2,6.5,0,4,0.3333,6,6,0,0.0,0,6,0.0,10,3.25,Dropout,0.661996,HIGH
0,1,6,6,6,7.166666666666667,0,0,1.0,6,7,6,7.0,0,0,0.8571,0,7.0833,Enrolled,0.11001280000000001,LOW
0,1,6,0,0,0.0,0,6,0.0,6,0,0,0.0,0,6,0.0,12,0.0,Dropout,0.7,HIGH
0,1,6,6,6,7.0,0,0,1.0,6,6,6,6.583333333333333,0,0,1.0,0,6.7917,Graduate,0.07699920000000002,LOW
0,1,2,2,2,6.0,0,0,1.0,6,11,6,6.416666666666667,0,0,0.5455,0,6.2083,Graduate,0.2182608,MEDIUM
0,1,6,9,5,6.166666666666667,0,1,0.5556,6,10,5,5.3,0,1,0.5,2,5.7333,Enrolled,0.2490728,MEDIUM
0,1,6,8,5,5.9,0,1,0.625,6,7,5,5.2,1,1,0.7143,2,5.55,Graduate,0.21965600000000002,MEDIUM
0,1,8,8,7,6.395714285714286,1,1,0.875,8,8,7,6.395714285714286,1,1,0.875,2,6.3957,Graduate,0.16650320000000002,LOW
0,1,8,8,8,5.8125,0,0,1.0,7,12,5,5.6,0,2,0.4167,2,5.7062,Graduate,0.3263752,MEDIUM
0,1,7,11,6,5.997222222222222,0,1,0.5455,8,11,7,6.215714285714285,0,1,0.6364,2,6.1065,Graduate,0.21889200000000003,MEDIUM
0,1,6,9,5,5.8,0,1,0.5556,6,12,5,6.1,0,1,0.4167,2,5.95,Graduate,0.267196,MEDIUM
0,1,5,5,0,0.0,0,5,0.0,5,6,0,0.0,0,5,0.0,10,0.0,Dropout,0.7,HIGH
0,1,6,8,6,6.583333333333333,0,0,0.75,6,7,6,6.583333333333333,0,0,0.8571,0,6.5833,Dropout,0.11343279999999999,LOW
0,1,8,8,7,7.05,0,1,0.875,8,8,7,7.05,0,1,0.875,2,7.05,Graduate,0.15080000000000002,LOW
0,1,7,8,6,6.198333333333334,0,1,0.75,8,9,7,6.47142857142857,0,1,0.7778,2,6.3349,Graduate,0.1857384,MEDIUM
0,1,7,7,7,7.507142857142857,0,0,1.0,8,8,8,8.04375,0,0,1.0,0,7.7754,Graduate,0.0533904,LOW
0,1,0,0,0,0.0,0,0,0.0,0,0,0,0.0,0,0,0.0,0,0.0,Graduate,1.0,HIGH
0,1,7,8,7,7.025,0,0,0.875,8,8,8,7.55,0,0,1.0,0,7.2875,Graduate,0.0751,LOW
0,1,7,8,7,7.425,0,0,0.875,8,8,8,7.6,0,0,1.0,0,7.5125,Dropout,0.06970000000000001,LOW
0,1,6,10,6,6.5,0,0,0.6,6,19,5,6.5,0,1,0.2632,1,6.5,Graduate,0.272304,MEDIUM
0,1,7,8,7,7.39375,0,0,0.875,8,8,8,7.93125,0,0,1.0,0,7.6625,Graduate,0.0661,LOW
0,1,7,7,7,6.85,0,0,1.0,8,9,7,7.335714285714287,0,1,0.7778,1,7.0929,Graduate,0.1619864,LOW
0,1,7,7,7,6.247857142857143,0,0,1.0,8,9,7,6.121428571428572,0,1,0.7778,1,6.1846,Dropout,0.1837856,MEDIUM
0,1,7,7,6,7.283333333333334,0,1,0.8571,7,7,6,7.283333333333334,0,1,0.8571,2,7.2833,Graduate,0.14806480000000002,LOW
1,0,5,5,5,5.6,0,0,1.0,5,5,4,5.625,0,1,0.8,1,5.6125,Dropout,0.2913,MEDIUM
0,1,8,8,7,6.342857142857142,0,1,0.875,8,8,7,6.342857142857142,0,1,0.875,2,6.3429,Graduate,0.1677704,LOW
1,0,9,12,7,6.785714285714286,0,2,0.5833,9,14,4,6.625,0,5,0.2857,7,6.7054,Dropout,0.5390704000000001,HIGH
0,1,6,0,0,0.0,0,6,0.0,6,0,0,0.0,0,6,0.0,12,0.0,Dropout,0.7,HIGH
0,1,6,8,5,5.5,0,1,0.625,6,7,6,5.583333333333333,0,0,0.8571,1,5.5417,Graduate,0.1784312,MEDIUM
0,1,8,8,8,7.2225,0,0,1.0,8,8,8,7.2225,0,0,1.0,0,7.2225,Graduate,0.06665999999999998,LOW
1,1,6,9,5,6.8,0,1,0.5556,6,10,4,5.875,0,2,0.4,3,6.3375,Enrolled,0.39257200000000003,HIGH
1,0,12,12,11,7.0,0,1,0.9167,10,11,8,7.3125,0,2,0.7273,3,7.1562,Dropout,0.3246112,MEDIUM
0,1,7,7,6,6.708333333333333,0,1,0.8571,7,7,6,6.708333333333333,0,1,0.8571,2,6.7083,Graduate,0.1618648,LOW
0,1,5,8,5,6.166666666666667,2,0,0.625,5,7,5,5.7,0,0,0.7143,0,5.9333,Graduate,0.1504568,LOW
0,1,7,8,7,6.55,0,0,0.875,8,8,8,7.40625,0,0,1.0,0,6.9781,Graduate,0.08252559999999999,LOW
0,1,6,9,4,6.6,0,2,0.4444,6,10,5,6.4,0,1,0.5,3,6.5,Graduate,0.258448,MEDIUM
0,1,8,8,8,7.375,0,0,1.0,8,8,8,7.375,0,0,1.0,0,7.375,Graduate,0.06299999999999999,LOW
0,1,6,7,6,6.571428571428571,0,0,0.8571,6,6,6,7.166666666666667,0,0,1.0,0,6.869,Graduate,0.08657600000000001,LOW
0,1,6,9,4,6.25,0,2,0.4444,6,9,5,6.25,0,1,0.5556,3,6.25,Enrolled,0.26,MEDIUM
0,1,5,6,4,6.875,0,1,0.6667,5,8,5,7.428571428571429,0,0,0.625,1,7.1518,Graduate,0.1633608,LOW
0,1,6,11,5,6.2,0,1,0.4545,6,7,6,6.5,0,0,0.8571,1,6.35,Graduate,0.172672,MEDIUM
0,1,6,6,6,6.666666666666667,0,0,1.0,6,6,6,6.0,0,0,1.0,0,6.3333,Graduate,0.08800079999999999,LOW
0,0,11,11,11,5.863636363636364,0,0,1.0,8,8,8,6.0,0,0,1.0,0,5.9318,Dropout,0.1976368,MEDIUM
0,1,6,8,4,6.25,0,2,0.5,6,11,1,7.0,0,5,0.0909,7,6.625,Dropout,0.485548,HIGH
1,1,0,0,0,0.0,0,0,0.0,0,0,0,0.0,0,0,0.0,0,0.0,Dropout,1.0,HIGH
0,1,7,8,6,6.766666666666666,0,1,0.75,8,9,7,6.807142857142857,0,1,0.7778,2,6.7869,Graduate,0.1748904,MEDIUM
0,1,6,6,6,6.583333333333333,0,0,1.0,6,6,6,6.333333333333333,0,0,1.0,0,6.4583,Graduate,0.0850008,LOW
0,1,6,9,5,6.6,0,1,0.5556,6,8,5,5.5,0,1,0.625,2,6.05,Graduate,0.22035200000000002,MEDIUM
0,1,6,7,5,6.1,0,1,0.7143,6,7,4,6.3,0,2,0.5714,3,6.2,Enrolled,0.266924,MEDIUM
0,1,7,7,7,6.714285714285714,0,0,1.0,7,7,7,7.428571428571429,0,0,1.0,0,7.0714,Graduate,0.07028640000000001,LOW
0,1,6,8,6,6.357142857142857,1,0,0.75,6,8,6,6.3125,0,0,0.75,0,6.3348,Graduate,0.1279648,LOW
0,1,6,0,0,0.0,0,6,0.0,6,0,0,0.0,0,6,0.0,12,0.0,Dropout,0.7,HIGH
0,1,6,6,6,6.833333333333333,0,0,1.0,6,9,6,6.833333333333333,0,0,0.6667,0,6.8333,Graduate,0.1693248,LOW
1,1,6,6,5,5.5,0,1,0.8333,6,6,6,6.583333333333333,0,0,1.0,1,6.0417,Graduate,0.23833520000000002,MEDIUM
0,1,7,11,5,5.7,0,2,0.4545,7,9,6,6.666666666666667,0,1,0.6667,3,6.1833,Enrolled,0.2519048,MEDIUM
0,1,0,0,0,0.0,0,0,0.0,0,0,0,0.0,0,0,0.0,0,0.0,Enrolled,1.0,HIGH
0,1,5,7,4,6.0,0,1,0.5714,5,6,5,6.0,0,0,0.8333,1,6.0,Graduate,0.173624,MEDIUM
0,1,6,6,0,0.0,0,6,0.0,6,0,0,0.0,0,6,0.0,12,0.0,Dropout,0.7,HIGH
0,1,6,14,5,5.5,0,1,0.3571,6,6,6,5.833333333333333,0,0,1.0,1,5.6667,Graduate,0.1854312,MEDIUM
0,1,6,12,5,6.0,0,1,0.4167,6,8,6,5.785714285714286,0,0,0.75,1,5.8929,Dropout,0.1952344,MEDIUM
0,1,7,7,7,6.654285714285714,0,0,1.0,8,10,8,6.275,0,0,0.8,0,6.4646,Graduate,0.14084959999999996,LOW
1,0,6,8,3,6.833333333333333,0,3,0.375,6,7,3,5.333333333333333,0,3,0.4286,6,6.0833,Dropout,0.46971280000000004,HIGH
1,0,6,6,0,0.0,0,6,0.0,6,9,0,0.0,0,6,0.0,12,0.0,Dropout,0.7999999999999999,HIGH
0,1,6,10,5,6.1,0,1,0.5,6,8,4,5.625,0,2,0.5,3,5.8625,Graduate,0.2693,MEDIUM
0,1,6,7,6,6.333333333333333,0,0,0.8571,6,6,6,6.416666666666667,0,0,1.0,0,6.375,Graduate,0.09843200000000002,LOW
0,1,8,8,8,7.035625,0,0,1.0,8,8,8,7.035625,0,0,1.0,0,7.0356,Graduate,0.07114560000000002,LOW
0,1,5,14,4,7.125,3,1,0.2857,5,9,5,6.6,4,0,0.5556,1,6.8625,Dropout,0.197996,MEDIUM
0,0,6,0,0,0.0,0,6,0.0,2,2,0,0.0,2,2,0.0,8,0.0,Dropout,0.74,HIGH
0,1,6,10,3,6.0,0,3,0.3,6,8,4,5.125,0,2,0.5,5,5.5625,Enrolled,0.35250000000000004,MEDIUM
0,1,10,18,6,5.583333333333333,2,4,0.3333,10,16,7,5.285714285714286,0,3,0.4375,7,5.4345,Enrolled,0.41790800000000006,HIGH
0,1,6,12,2,6.5,0,4,0.1667,6,8,5,5.8,0,1,0.625,5,6.15,Graduate,0.33906400000000003,MEDIUM
0,1,0,0,0,0.0,0,0,0.0,0,0,0,0.0,0,0,0.0,0,0.0,Dropout,1.0,HIGH
0,1,8,8,7,7.450714285714286,1,1,0.875,8,8,7,7.450714285714286,1,1,0.875,2,7.4507,Dropout,0.1411832,LOW
1,1,7,8,7,6.325,0,0,0.875,8,9,8,6.222777777777777,0,0,0.8889,0,6.2739,Graduate,0.2083144,MEDIUM
0,0,12,12,7,5.5,0,5,0.5833,5,5,5,5.3,0,0,1.0,5,5.4,Dropout,0.393736,HIGH
0,1,5,7,4,6.2,0,1,0.5714,5,9,5,6.333333333333333,0,0,0.5556,1,6.2667,Graduate,0.1925992,MEDIUM
0,1,6,7,6,6.0,0,0,0.8571,6,7,6,6.333333333333333,0,0,0.8571,0,6.1667,Graduate,0.11486320000000001,LOW
0,1,7,8,7,6.067857142857143,0,0,0.875,8,10,7,6.664285714285714,0,1,0.7,1,6.3661,Graduate,0.1862136,MEDIUM
0,1,7,10,5,6.31,0,2,0.5,7,8,6,6.25,0,1,0.75,3,6.28,Enrolled,0.23928,MEDIUM
0,1,5,11,3,5.333333333333333,0,2,0.2727,5,11,3,5.666666666666667,0,2,0.2727,4,5.5,Enrolled,0.344368,MEDIUM
0,1,7,12,6,6.883333333333333,0,1,0.5,8,10,7,7.025714285714286,0,1,0.7,2,6.9545,Graduate,0.197092,MEDIUM
0,1,8,8,8,6.558125,0,0,1.0,8,8,8,6.558125,0,0,1.0,0,6.5581,Graduate,0.0826056,LOW
0,0,5,5,0,0.0,0,5,0.0,6,0,0,0.0,0,6,0.0,11,0.0,Dropout,0.7999999999999999,HIGH
0,1,7,9,6,6.35,0,1,0.6667,8,8,7,6.785714285714286,0,1,0.875,2,6.5679,Graduate,0.1790344,MEDIUM
0,1,7,11,7,5.928571428571429,0,0,0.6364,8,21,5,5.85,0,3,0.2381,3,5.8893,Enrolled,0.3583568,MEDIUM
0,1,7,7,6,6.166666666666667,0,1,0.8571,7,7,6,6.166666666666667,0,1,0.8571,2,6.1667,Graduate,0.1748632,MEDIUM
0,1,6,9,4,7.875,0,2,0.4444,6,10,5,8.2,0,1,0.5,3,8.0375,Enrolled,0.22154800000000002,MEDIUM
0,1,5,6,5,6.666666666666667,0,0,0.8333,5,6,5,6.6,0,0,0.8333,0,6.6333,Graduate,0.1074728,LOW
0,1,7,9,7,7.177777777777777,0,0,0.7778,8,8,8,6.746875,0,0,1.0,0,6.9623,Graduate,0.09068079999999999,LOW
1,1,6,8,6,6.5,0,0,0.75,6,11,5,6.5,0,1,0.4545,1,6.5,Graduate,0.33674000000000004,MEDIUM
0,1,6,6,6,6.416666666666667,0,0,1.0,6,6,6,6.75,0,0,1.0,0,6.5833,Graduate,0.08200079999999998,LOW
0,1,5,5,5,6.6,0,0,1.0,5,5,4,6.5,0,1,0.8,1,6.55,Graduate,0.1688,LOW
0,1,7,9,7,8.502777777777778,0,0,0.7778,8,9,8,8.291111111111112,0,0,0.8889,0,8.3969,Graduate,0.06513839999999997,LOW
1,0,6,8,5,5.3,0,1,0.625,6,8,5,5.5,0,1,0.625,2,5.4,Graduate,0.3304,MEDIUM
0,1,5,5,5,7.0,0,0,1.0,5,6,5,6.8,0,0,0.8333,0,6.9,Graduate,0.12107599999999999,LOW
0,1,8,8,7,6.057142857142857,0,1,0.875,8,8,7,6.057142857142857,0,1,0.875,2,6.0571,Graduate,0.1746296,MEDIUM
0,1,8,8,8,6.529375,0,0,1.0,8,8,8,6.529375,0,0,1.0,0,6.5294,Graduate,0.0832944,LOW
0,1,8,8,7,6.642857142857143,0,1,0.875,8,8,7,6.642857142857143,0,1,0.875,2,6.6429,Graduate,0.1605704,LOW
0,1,5,9,4,5.5,0,1,0.4444,5,8,3,5.333333333333333,0,2,0.375,3,5.4167,Enrolled,0.3083272,MEDIUM
0,1,7,7,7,7.035714285714286,0,0,1.0,8,8,8,7.58125,0,0,1.0,0,7.3085,Graduate,0.064596,LOW
0,0,6,0,0,0.0,0,6,0.0,6,0,0,0.0,0,6,0.0,12,0.0,Dropout,0.7999999999999999,HIGH
0,0,9,9,4,5.625,0,5,0.4444,10,12,3,5.5,0,7,0.25,12,5.5625,Dropout,0.649828,HIGH
0,1,6,6,6,7.0,0,0,1.0,6,8,6,6.8125,0,0,0.75,0,6.9062,Graduate,0.14425120000000002,LOW
0,1,6,8,6,6.083333333333333,0,0,0.75,6,11,3,5.833333333333333,0,3,0.2727,3,5.9583,Dropout,0.3606448,MEDIUM
0,1,8,8,7,6.648571428571428,0,1,0.875,8,8,7,6.648571428571428,0,1,0.875,2,6.6486,Graduate,0.1604336,LOW
0,1,6,14,6,6.961538461538462,0,0,0.4286,6,9,6,7.125,0,0,0.6667,0,7.0433,Graduate,0.14333680000000001,LOW
0,1,7,11,7,6.685,0,0,0.6364,8,13,7,6.416666666666667,0,1,0.5385,1,6.5508,Graduate,0.1983688,MEDIUM
0,1,5,5,5,6.2,0,0,1.0,5,8,3,5.5,0,2,0.375,2,5.85,Enrolled,0.3346,MEDIUM
0,1,5,5,4,7.5,0,1,0.8,5,5,4,6.875,0,1,0.8,2,7.1875,Dropout,0.15949999999999998,LOW
1,1,6,6,6,6.666666666666667,0,0,1.0,6,7,6,6.285714285714286,0,0,0.8571,0,6.4762,Graduate,0.22458319999999998,MEDIUM
0,1,5,8,3,6.0,0,2,0.375,5,9,4,6.3125,0,1,0.4444,3,6.1562,Enrolled,0.2766992,MEDIUM
0,1,6,7,5,6.7,0,1,0.7143,6,9,5,6.1,0,1,0.5556,2,6.4,Graduate,0.23654800000000004,MEDIUM
0,1,0,0,0,0.0,0,0,0.0,0,0,0,0.0,0,0,0.0,0,0.0,Enrolled,1.0,HIGH
0,1,5,9,4,5.75,0,1,0.4444,5,5,5,5.7,0,0,1.0,1,5.725,Graduate,0.17704800000000004,MEDIUM
0,1,7,12,6,6.0,0,1,0.5,7,11,6,6.083333333333333,0,1,0.5455,2,6.0417,Enrolled,0.2313592,MEDIUM
0,1,8,8,7,6.742857142857142,0,1,0.875,8,8,7,6.742857142857142,0,1,0.875,2,6.7429,Graduate,0.15817040000000002,LOW
0,1,6,6,6,6.0,0,0,1.0,6,8,6,5.642857142857143,0,0,0.75,0,5.8214,Graduate,0.1702864,MEDIUM
0,1,0,0,0,0.0,0,0,0.0,0,0,0,0.0,0,0,0.0,0,0.0,Dropout,1.0,HIGH
0,1,5,7,3,5.166666666666667,0,2,0.4286,5,11,3,7.214285714285714,0,2,0.2727,4,6.1905,Enrolled,0.34650400000000003,MEDIUM
0,1,7,10,5,6.47,0,2,0.5,7,7,5,6.88,0,2,0.7143,4,6.675,Enrolled,0.262656,MEDIUM
0,1,8,11,7,6.629285714285714,0,1,0.6364,8,11,7,6.629285714285714,0,1,0.6364,2,6.6293,Graduate,0.1990728,MEDIUM
0,1,5,9,4,6.125,0,1,0.4444,5,10,4,6.0,0,1,0.4,2,6.0625,Enrolled,0.255828,MEDIUM
0,0,6,9,3,5.833333333333333,0,3,0.3333,6,15,1,5.0,0,5,0.0667,8,5.4167,Dropout,0.6313192000000001,HIGH
0,1,6,7,6,6.785714285714286,0,0,0.8571,6,6,6,6.25,0,0,1.0,0,6.5179,Graduate,0.0950024,LOW
0,1,6,9,5,5.9,0,1,0.5556,6,9,5,5.916666666666667,0,1,0.5556,2,5.9083,Graduate,0.22930480000000003,MEDIUM
0,1,5,7,5,7.1,0,0,0.7143,5,7,5,6.642857142857143,0,0,0.7143,0,6.8714,Graduate,0.12079839999999997,LOW
0,1,5,8,5,5.5,0,0,0.625,5,6,5,5.9,1,0,0.8333,0,5.7,Graduate,0.146536,LOW
0,1,7,16,4,6.8125,0,3,0.25,7,8,7,6.31875,0,0,0.875,3,6.5656,Enrolled,0.2424256,MEDIUM
0,1,8,8,7,7.326428571428571,0,1,0.875,8,8,7,7.326428571428571,0,1,0.875,2,7.3264,Graduate,0.14416640000000003,LOW
0,1,6,9,6,5.666666666666667,0,0,0.6667,6,6,6,5.666666666666667,0,0,1.0,0,5.6667,Graduate,0.1306632,LOW
1,0,7,12,4,6.85,0,3,0.3333,7,7,0,0.0,0,7,0.0,10,3.425,Dropout,0.757796,HIGH
0,1,11,11,11,6.863636363636364,0,0,1.0,8,8,8,7.375,0,0,1.0,0,7.1193,Graduate,0.06913680000000001,LOW
0,1,7,9,7,5.875,0,0,0.7778,8,12,7,5.571428571428571,0,1,0.5833,1,5.7232,Dropout,0.2226552,MEDIUM
0,1,6,9,6,6.166666666666667,0,0,0.6667,6,11,5,6.5,0,1,0.4545,1,6.3333,Graduate,0.23074479999999997,MEDIUM
0,1,6,6,6,7.0,0,0,1.0,6,7,6,6.928571428571429,0,0,0.8571,0,6.9643,Dropout,0.11286880000000002,LOW
0,1,5,7,4,5.75,0,1,0.5714,5,6,4,5.875,0,1,0.6667,2,5.8125,Graduate,0.221452,MEDIUM
0,1,5,6,5,5.6,0,0,0.8333,5,5,5,6.6,0,0,1.0,0,6.1,Graduate,0.10693600000000002,LOW
0,1,8,8,7,7.535,0,1,0.875,8,8,7,7.535,0,1,0.875,2,7.535,Graduate,0.13916,LOW
0,1,5,6,1,5.0,0,4,0.1667,5,7,1,6.0,0,4,0.1429,8,5.5,Dropout,0.487992,HIGH
0,1,5,5,4,6.0,0,1,0.8,5,6,5,6.333333333333333,0,0,0.8333,1,6.1667,Enrolled,0.1513352,LOW
0,1,6,11,4,6.5,0,2,0.3636,6,11,4,6.3,0,2,0.3636,4,6.4,Graduate,0.30822400000000005,MEDIUM
0,1,6,7,4,5.5,0,2,0.5714,6,7,3,5.625,0,3,0.4286,5,5.5625,Dropout,0.36506000000000005,MEDIUM
0,1,6,8,6,6.785714285714286,0,0,0.75,6,11,5,6.083333333333333,0,1,0.4545,1,6.4345,Graduate,0.23831200000000002,MEDIUM
0,1,6,7,5,7.3,0,1,0.7143,6,6,5,7.1,0,1,0.8333,2,7.2,Graduate,0.16339199999999998,LOW
1,1,7,13,3,5.916666666666667,0,4,0.2308,7,14,2,5.0,0,5,0.1429,9,5.4583,Dropout,0.6266848,HIGH
0,1,7,11,7,6.3125,0,0,0.6364,8,11,8,6.25625,0,0,0.7273,0,6.2844,Graduate,0.14007840000000002,LOW
0,1,7,12,4,5.75,0,3,0.3333,7,14,3,6.166666666666667,0,4,0.2143,7,5.9583,Dropout,0.44699279999999997,HIGH
0,1,5,8,4,6.625,1,1,0.5,5,10,4,5.25,0,1,0.4,2,5.9375,Graduate,0.2655,MEDIUM
0,1,7,9,7,6.303125,0,0,0.7778,8,12,6,5.95,0,2,0.5,2,6.1266,Graduate,0.2662976,MEDIUM
1,0,10,15,8,6.875,0,2,0.5333,9,17,5,6.6,0,4,0.2941,6,6.7375,Dropout,0.49994800000000006,HIGH
0,1,7,10,6,6.799166666666667,0,1,0.6,8,11,6,5.966666666666666,0,2,0.5455,3,6.3829,Enrolled,0.25607040000000003,MEDIUM
0,1,6,11,5,5.571428571428571,0,1,0.4545,6,8,6,6.142857142857143,0,0,0.75,1,5.8571,Graduate,0.19306960000000004,MEDIUM
0,1,11,11,11,6.35,0,0,1.0,10,12,10,6.48409090909091,0,0,0.8333,0,6.417,Enrolled,0.132668,LOW
0,1,5,9,1,5.0,0,4,0.1111,5,10,1,5.5,0,4,0.1,8,5.25,Dropout,0.49933199999999994,HIGH
1,1,6,8,6,5.833333333333333,0,0,0.75,6,10,4,5.75,0,2,0.4,2,5.7917,Graduate,0.3989992,HIGH
0,1,6,8,6,7.0,0,0,0.75,6,7,6,6.571428571428571,0,0,0.8571,0,6.7857,Graduate,0.10857520000000001,LOW
0,1,5,9,0,0.0,4,5,0.0,5,9,0,0.0,3,5,0.0,10,0.0,Dropout,0.7,HIGH
0,1,8,9,7,6.020714285714285,0,1,0.7778,8,9,7,6.020714285714285,0,1,0.7778,2,6.0207,Graduate,0.1910552,MEDIUM
0,1,0,0,0,0.0,0,0,0.0,0,0,0,0.0,0,0,0.0,0,0.0,Graduate,1.0,HIGH
0,1,13,14,13,6.884615384615385,0,0,0.9286,12,16,12,7.291666666666667,0,0,0.75,0,7.0881,Graduate,0.13131760000000003,LOW
0,1,18,20,18,7.722222222222222,0,0,0.9,13,13,13,7.653846153846154,0,0,1.0,0,7.688,Graduate,0.06348800000000003,LOW
0,1,7,9,6,5.75,0,1,0.6667,7,8,7,6.357142857142857,0,0,0.875,1,6.0536,Enrolled,0.16137759999999998,LOW
0,0,3,3,2,5.0,0,1,0.6667,6,0,0,0.0,0,6,0.0,7,2.5,Dropout,0.730004,HIGH
0,1,6,8,4,6.125,0,2,0.5,6,13,3,5.166666666666667,0,3,0.2308,5,5.6458,Dropout,0.40987679999999993,HIGH
0,0,6,6,6,7.25,0,0,1.0,6,6,6,7.583333333333333,0,0,1.0,0,7.4167,Graduate,0.1619992,LOW
0,1,6,7,6,7.785714285714286,0,0,0.8571,6,8,6,8.1875,0,0,0.75,0,7.9866,Graduate,0.10117359999999999,LOW
0,1,6,7,6,7.785714285714286,0,0,0.8571,6,7,6,7.357142857142857,0,0,0.8571,0,7.5714,Graduate,0.08115040000000003,LOW
0,1,6,8,5,6.9,0,1,0.625,6,7,6,6.083333333333333,0,0,0.8571,1,6.4917,Graduate,0.1556312,LOW
1,0,5,8,3,5.333333333333333,0,2,0.375,5,14,2,7.4,0,3,0.1429,5,6.3667,Dropout,0.5021872000000001,HIGH
1,1,6,8,5,5.8,0,1,0.625,6,8,4,5.875,0,2,0.5,3,5.8375,Graduate,0.3849,HIGH
0,0,6,11,1,6.5,0,5,0.0909,6,12,0,0.0,0,6,0.0,11,3.25,Dropout,0.732908,HIGH
0,1,5,9,3,6.0,0,2,0.3333,5,11,4,6.8125,0,1,0.3636,3,6.4062,Graduate,0.2804992,MEDIUM
1,1,14,14,12,6.166666666666667,2,2,0.8571,14,14,12,6.166666666666667,2,2,0.8571,4,6.1667,Graduate,0.3348632,MEDIUM
1,1,6,10,6,6.4375,0,0,0.6,6,12,6,6.45,0,0,0.5,0,6.4437,Enrolled,0.2773512,MEDIUM
0,0,6,12,1,5.5,0,5,0.0833,6,0,0,0.0,0,6,0.0,11,2.75,Dropout,0.7439960000000001,HIGH
1,0,6,10,4,6.125,0,2,0.4,6,13,4,5.25,0,2,0.3077,4,5.6875,Dropout,0.44534399999999996,HIGH
0,0,7,7,0,0.0,7,7,0.0,8,8,0,0.0,7,8,0.0,15,0.0,Dropout,0.7999999999999999,HIGH
0,1,6,11,4,5.375,0,2,0.3636,6,13,5,5.75,0,1,0.3846,3,5.5625,Enrolled,0.296644,MEDIUM
0,1,8,9,8,6.815,1,0,0.8889,8,9,8,6.815,1,0,0.8889,0,6.815,Graduate,0.094216,LOW
0,1,5,8,3,6.5,0,2,0.375,5,7,4,5.75,1,1,0.5714,3,6.125,Graduate,0.26728799999999997,MEDIUM
0,1,7,9,6,6.766666666666666,0,1,0.6667,7,7,7,6.114285714285714,0,0,1.0,1,6.4405,Enrolled,0.142092,LOW
0,1,7,7,7,8.45,0,0,1.0,8,9,8,8.18888888888889,0,0,0.8889,0,8.3194,Graduate,0.07144239999999999,LOW
0,1,6,10,5,6.0,0,1,0.5,6,11,4,6.0,0,2,0.3636,3,6.0,Graduate,0.3041920000000001,MEDIUM
0,1,6,6,6,6.25,0,0,1.0,6,7,6,6.642857142857143,0,0,0.8571,0,6.4464,Graduate,0.12529840000000003,LOW
0,1,8,8,7,6.382142857142857,0,1,0.875,8,8,7,6.382142857142857,0,1,0.875,2,6.3821,Graduate,0.1668296,LOW
0,1,5,8,5,6.875,0,0,0.625,5,6,5,6.083333333333333,0,0,0.8333,0,6.4792,Graduate,0.1278352,LOW
1,1,0,0,0,0.0,0,0,0.0,0,0,0,0.0,0,0,0.0,0,0.0,Dropout,1.0,HIGH
0,1,7,7,7,7.302142857142856,0,0,1.0,8,9,8,7.841666666666665,0,0,0.8889,0,7.5719,Graduate,0.0893824,LOW
1,0,5,7,0,0.0,0,5,0.0,5,7,0,0.0,0,5,0.0,10,0.0,Dropout,0.7999999999999999,HIGH
1,1,6,9,5,6.916666666666667,0,1,0.5556,6,7,6,6.25,0,0,0.8571,1,6.5833,Graduate,0.2589848,MEDIUM
0,1,8,8,8,6.788125,0,0,1.0,8,8,8,6.788125,0,0,1.0,0,6.7881,Graduate,0.07708559999999999,LOW
0,1,6,7,6,7.571428571428571,0,0,0.8571,6,6,6,7.916666666666667,0,0,1.0,0,7.744,Graduate,0.06557600000000001,LOW
0,1,5,8,3,5.333333333333333,0,2,0.375,5,8,5,5.8,0,0,0.625,2,5.5667,Graduate,0.2463992,MEDIUM
0,1,6,11,5,5.6,0,1,0.4545,6,6,6,6.0,0,0,1.0,1,5.8,Graduate,0.17444,MEDIUM
0,1,8,8,8,6.881875,0,0,1.0,8,8,8,6.881875,0,0,1.0,0,6.8819,Graduate,0.07483440000000001,LOW
1,1,9,10,8,6.625,0,1,0.8,9,14,5,6.1,0,4,0.3571,5,6.3625,Enrolled,0.493312,HIGH
0,1,6,10,5,5.357142857142857,0,1,0.5,6,10,5,6.1,0,1,0.5,2,5.7286,Graduate,0.2425136,MEDIUM
1,1,6,6,6,6.083333333333333,0,0,1.0,6,7,6,5.833333333333333,0,0,0.8571,0,5.9583,Graduate,0.2370128,MEDIUM
0,1,7,8,6,7.178571428571429,0,1,0.75,7,8,6,7.178571428571429,0,1,0.75,2,7.1786,Graduate,0.1677136,LOW
0,1,6,6,6,6.416666666666667,0,0,1.0,6,6,6,6.333333333333333,0,0,1.0,0,6.375,Graduate,0.08700000000000002,LOW
0,1,8,8,7,6.962857142857142,0,1,0.875,8,8,7,6.962857142857142,0,1,0.875,2,6.9629,Graduate,0.15289039999999998,LOW
0,1,5,9,2,6.0,0,3,0.2222,5,9,3,5.5,0,2,0.3333,5,5.75,Dropout,0.36756,MEDIUM
0,1,7,7,7,6.72142857142857,0,0,1.0,8,9,8,6.872222222222222,0,0,0.8889,0,6.7968,Graduate,0.10798479999999996,LOW
0,1,5,5,1,8.0,0,4,0.2,5,5,0,0.0,0,5,0.0,9,4.0,Dropout,0.5980000000000001,HIGH
0,1,6,8,6,6.5625,0,0,0.75,6,10,6,6.6,0,0,0.6,0,6.5812,Graduate,0.1640512,LOW
0,1,6,7,0,0.0,0,6,0.0,6,6,0,0.0,0,6,0.0,12,0.0,Dropout,0.7,HIGH
0,0,9,9,5,5.7,0,4,0.5556,4,4,4,5.5,0,0,1.0,4,5.6,Dropout,0.36115200000000003,MEDIUM
0,0,4,12,2,5.5,2,2,0.1667,5,9,3,5.833333333333333,0,2,0.3333,4,5.6667,Dropout,0.44399920000000004,HIGH
0,1,5,13,1,5.5,0,4,0.0769,5,11,1,5.0,0,4,0.0909,8,5.25,Enrolled,0.500576,HIGH
0,1,6,14,5,6.833333333333333,0,1,0.3571,6,10,5,6.5,0,1,0.5,2,6.6667,Graduate,0.2314312,MEDIUM
0,0,6,10,4,5.875,0,2,0.4,5,6,1,5.0,0,4,0.1667,6,5.4375,Dropout,0.550824,HIGH
0,1,7,11,1,5.0,0,6,0.0909,7,7,1,6.5,0,6,0.1429,12,5.75,Dropout,0.543296,HIGH
0,1,6,8,6,6.75,0,0,0.75,6,9,6,6.416666666666667,0,0,0.6667,0,6.5833,Graduate,0.14532479999999998,LOW
1,1,6,0,0,0.0,0,6,0.0,6,0,0,0.0,0,6,0.0,12,0.0,Dropout,0.7999999999999999,HIGH
1,1,6,12,1,6.0,0,5,0.0833,6,11,1,5.5,0,5,0.0909,10,5.75,Enrolled,0.648064,HIGH
0,0,6,11,3,6.5,0,3,0.2727,6,10,5,5.9,0,1,0.5,4,6.2,Dropout,0.40938399999999997,HIGH
0,1,6,7,6,7.416666666666667,0,0,0.8571,6,6,6,8.0,0,0,1.0,0,7.7083,Graduate,0.0664328,LOW
0,1,6,6,6,5.916666666666667,0,0,1.0,6,7,6,6.428571428571429,0,0,0.8571,0,6.1726,Graduate,0.13186959999999998,LOW
0,1,6,10,5,6.0,0,1,0.5,6,11,5,6.166666666666667,0,1,0.4545,2,6.0833,Graduate,0.2467408,MEDIUM
0,1,6,11,4,6.375,0,2,0.3636,6,7,6,5.666666666666667,0,0,0.8571,2,6.0208,Graduate,0.2178448,MEDIUM
0,1,5,5,0,0.0,5,5,0.0,5,7,4,7.375,1,1,0.5714,6,3.6875,Enrolled,0.44578799999999996,HIGH
0,1,6,7,0,0.0,0,6,0.0,6,16,1,5.0,0,5,0.0625,11,2.5,Dropout,0.635,HIGH
0,1,6,6,6,6.0,0,0,1.0,6,7,6,6.428571428571429,0,0,0.8571,0,6.2143,Graduate,0.13086880000000004,LOW
0,1,7,9,7,5.838888888888888,0,0,0.7778,8,8,8,6.9,0,0,1.0,0,6.3694,Graduate,0.10491040000000001,LOW
0,1,8,8,7,6.8,0,1,0.875,8,8,7,6.8,0,1,0.875,2,6.8,Graduate,0.15680000000000002,LOW
0,1,6,7,6,8.0,0,0,0.8571,6,8,6,7.9375,0,0,0.75,0,7.9688,Graduate,0.10160079999999999,LOW
0,1,6,9,5,5.9,0,1,0.5556,6,7,6,5.75,0,0,0.8571,1,5.825,Graduate,0.177184,MEDIUM
1,1,5,5,0,0.0,0,5,0.0,6,7,2,7.0,0,4,0.2857,9,3.5,Dropout,0.6631440000000001,HIGH
0,1,6,0,0,0.0,0,6,0.0,6,0,0,0.0,0,6,0.0,12,0.0,Dropout,0.7,HIGH
1,1,6,7,6,8.071428571428571,0,0,0.8571,6,10,6,8.1,0,0,0.6,0,8.0857,Graduate,0.24079520000000004,MEDIUM
0,1,8,8,7,5.892857142857143,0,1,0.875,8,8,7,5.892857142857143,0,1,0.875,2,5.8929,Graduate,0.17857040000000002,MEDIUM
0,1,8,8,8,6.711875,0,0,1.0,8,8,8,6.711875,0,0,1.0,0,6.7119,Graduate,0.07891440000000001,LOW
0,1,6,8,6,6.25,0,0,0.75,6,10,5,7.083333333333333,0,1,0.5,1,6.6667,Graduate,0.2199992,MEDIUM
0,1,8,8,7,6.232142857142857,0,1,0.875,8,8,7,6.232142857142857,0,1,0.875,2,6.2321,Graduate,0.17042960000000001,MEDIUM
1,1,11,18,8,6.1875,0,3,0.4444,9,15,5,6.3,0,4,0.3333,7,6.2438,Enrolled,0.5201528,HIGH
0,1,6,8,1,5.0,0,5,0.125,6,9,0,0.0,0,6,0.0,11,2.5,Dropout,0.655,HIGH
0,1,6,8,5,6.3,0,1,0.625,6,10,6,6.214285714285714,0,0,0.6,1,6.2571,Enrolled,0.1868296,MEDIUM
0,1,5,5,5,6.3,0,0,1.0,5,6,4,6.2,0,1,0.6667,1,6.25,Graduate,0.213324,MEDIUM
0,1,5,7,2,5.0,0,3,0.2857,5,6,4,6.0,0,1,0.6667,4,5.5,Dropout,0.311808,MEDIUM
0,1,7,7,0,0.0,0,7,0.0,6,0,0,0.0,0,6,0.0,13,0.0,Dropout,0.7,HIGH
0,1,5,7,5,5.8,0,0,0.7143,5,8,5,6.166666666666667,0,0,0.625,0,5.9833,Graduate,0.1671168,LOW
0,1,6,8,6,6.083333333333333,0,0,0.75,6,6,6,6.75,0,0,1.0,0,6.4167,Graduate,0.10599920000000002,LOW
0,1,6,10,4,6.8,0,2,0.4,6,7,5,6.333333333333333,0,1,0.7143,3,6.5667,Graduate,0.2432552,MEDIUM
0,0,5,8,4,6.25,1,1,0.5,5,8,5,5.9,0,0,0.625,1,6.075,Dropout,0.2942,MEDIUM
0,1,6,6,4,6.125,0,2,0.6667,6,10,4,5.75,0,2,0.4,4,5.9375,Enrolled,0.345504,MEDIUM
0,1,6,7,6,5.857142857142857,0,0,0.8571,6,8,6,6.3125,0,0,0.75,0,6.0848,Graduate,0.1468168,LOW
0,1,6,7,6,6.75,0,0,0.8571,6,7,6,6.5,0,0,0.8571,0,6.625,Graduate,0.10386400000000001,LOW
0,1,8,8,7,6.512142857142857,0,1,0.875,8,8,7,6.512142857142857,0,1,0.875,2,6.5121,Graduate,0.16370959999999998,LOW
0,0,6,12,0,0.0,0,6,0.0,6,0,0,0.0,0,6,0.0,12,0.0,Dropout,0.7999999999999999,HIGH
0,1,5,6,5,8.666666666666666,0,0,0.8333,5,8,5,9.285714285714286,0,0,0.625,0,8.9762,Graduate,0.1095672,LOW
0,1,5,7,4,5.5,0,1,0.5714,5,7,4,5.75,0,1,0.5714,2,5.625,Graduate,0.233576,MEDIUM
0,1,7,10,6,6.833333333333333,0,1,0.6,7,9,6,6.25,0,1,0.6667,2,6.5417,Dropout,0.20166320000000004,MEDIUM
0,1,6,9,6,5.6875,0,0,0.6667,6,6,5,6.9,0,1,0.8333,1,6.2938,Enrolled,0.1589488,LOW
0,1,6,6,6,6.416666666666667,0,0,1.0,6,8,6,5.916666666666667,0,0,0.75,0,6.1667,Graduate,0.1619992,LOW
0,1,6,9,5,6.3,0,1,0.5556,6,11,4,5.75,0,2,0.3636,3,6.025,Graduate,0.310264,MEDIUM
0,1,7,8,6,7.166666666666667,0,1,0.75,8,9,7,6.885714285714286,0,1,0.7778,2,7.0262,Graduate,0.1691472,LOW
0,1,5,8,4,6.75,0,1,0.5,6,10,6,6.8125,0,0,0.6,1,6.7812,Enrolled,0.1792512,MEDIUM
0,1,8,8,7,7.142857142857143,0,1,0.875,8,8,7,7.142857142857143,0,1,0.875,2,7.1429,Graduate,0.1485704,LOW
0,1,6,15,3,5.875,0,3,0.2,6,12,2,5.0,0,4,0.1667,7,5.4375,Dropout,0.456824,HIGH
0,1,5,5,5,7.4,0,0,1.0,5,5,5,8.8,0,0,1.0,0,8.1,Graduate,0.045600000000000016,LOW
1,0,6,7,0,0.0,0,6,0.0,6,0,0,0.0,0,6,0.0,12,0.0,Dropout,0.7999999999999999,HIGH
0,1,6,14,1,5.0,0,5,0.0714,5,5,0,0.0,0,5,0.0,10,2.5,Dropout,0.6485679999999999,HIGH
0,1,5,5,0,0.0,0,5,0.0,5,5,0,0.0,0,5,0.0,10,0.0,Dropout,0.7,HIGH
0,1,7,10,4,6.3,0,3,0.4,7,9,5,6.19,0,2,0.5556,5,6.245,Dropout,0.32367199999999996,MEDIUM
0,1,5,9,5,6.214285714285714,1,0,0.5556,5,7,5,5.9,0,0,0.7143,0,6.0571,Graduate,0.1530376,LOW
0,1,6,10,4,5.0,0,2,0.4,6,11,3,6.0,0,3,0.2727,5,5.5,Enrolled,0.38964399999999993,HIGH
0,1,5,7,3,6.166666666666667,0,2,0.4286,5,5,0,0.0,0,5,0.0,7,3.0833,Dropout,0.5874328,HIGH
0,0,6,0,0,0.0,0,6,0.0,6,0,0,0.0,0,6,0.0,12,0.0,Dropout,0.7999999999999999,HIGH
1,1,0,0,0,0.0,0,0,0.0,0,0,0,0.0,0,0,0.0,0,0.0,Graduate,1.0,HIGH
1,1,11,12,10,6.05,0,1,0.8333,8,9,8,6.666666666666667,0,0,0.8889,1,6.3583,Graduate,0.23962480000000003,MEDIUM
0,1,6,7,6,7.357142857142857,0,0,0.8571,6,6,6,7.5,0,0,1.0,0,7.4286,Graduate,0.07314559999999999,LOW
0,1,6,6,6,6.333333333333333,0,0,1.0,6,7,6,6.416666666666667,0,0,0.8571,0,6.375,Graduate,0.127012,LOW
0,1,12,14,12,7.192307692307692,0,0,0.8571,10,12,10,6.65,0,0,0.8333,0,6.9212,Graduate,0.10341920000000002,LOW
0,1,5,5,5,6.7,0,0,1.0,5,6,5,6.1,0,0,0.8333,0,6.4,Graduate,0.133076,LOW
0,1,8,8,7,6.657142857142858,0,1,0.875,8,8,7,6.657142857142858,0,1,0.875,2,6.6571,Graduate,0.16022959999999997,LOW
0,1,8,8,7,5.994285714285715,0,1,0.875,8,8,7,5.994285714285715,0,1,0.875,2,5.9943,Graduate,0.17613679999999998,MEDIUM
0,1,11,17,11,5.772727272727272,0,0,0.6471,9,13,8,6.444444444444445,0,1,0.6154,1,6.1086,Graduate,0.18873360000000003,MEDIUM
0,1,6,13,6,8.23076923076923,0,0,0.4615,6,8,6,6.9375,0,0,0.75,0,7.5841,Graduate,0.12106159999999999,LOW
0,1,6,7,6,6.833333333333333,0,0,0.8571,6,6,6,6.416666666666667,0,0,1.0,0,6.625,Graduate,0.09243200000000001,LOW
0,1,7,8,7,6.325,0,0,0.875,8,9,8,6.705555555555556,0,0,0.8889,0,6.5153,Dropout,0.10252080000000002,LOW
0,1,6,7,6,6.166666666666667,0,0,0.8571,6,10,3,6.0,0,3,0.3,3,6.0833,Enrolled,0.3628528,MEDIUM
0,1,7,8,6,7.185,0,1,0.75,8,10,7,7.325,0,1,0.7,2,7.255,Graduate,0.17988,MEDIUM
0,1,5,13,3,6.0,2,2,0.2308,5,8,4,5.875,0,1,0.5,3,5.9375,Enrolled,0.28903599999999996,MEDIUM
0,0,6,12,3,6.0,0,3,0.25,6,15,3,5.333333333333333,0,3,0.2,6,5.6667,Dropout,0.5179992,HIGH
0,1,6,11,4,6.0,0,2,0.3636,6,14,3,5.5,0,3,0.2143,5,5.75,Dropout,0.395628,HIGH
0,1,6,10,5,6.3,0,1,0.5,6,7,5,5.6,0,1,0.7143,2,5.95,Graduate,0.22005599999999997,MEDIUM
1,1,6,6,6,6.083333333333333,0,0,1.0,6,6,6,6.166666666666667,0,0,1.0,0,6.125,Graduate,0.193,MEDIUM
0,1,7,8,6,6.75,0,1,0.75,7,8,6,7.0,0,1,0.75,2,6.875,Enrolled,0.175,MEDIUM
0,1,8,8,8,6.881875,0,0,1.0,8,8,8,6.881875,0,0,1.0,0,6.8819,Graduate,0.07483440000000001,LOW
0,1,7,11,6,6.2,0,1,0.5455,7,8,6,6.4,0,1,0.75,2,6.3,Graduate,0.20516,MEDIUM
0,1,5,16,4,5.333333333333333,0,1,0.25,5,11,2,6.0,0,3,0.1818,4,5.6667,Enrolled,0.36309520000000006,MEDIUM
0,1,7,7,6,7.166666666666667,0,1,0.8571,7,7,6,7.166666666666667,0,1,0.8571,2,7.1667,Graduate,0.15086320000000003,LOW
0,1,6,12,4,6.25,0,2,0.3333,6,13,2,6.333333333333333,0,4,0.1538,6,6.2917,Enrolled,0.4259312,HIGH
1,0,6,14,1,5.0,0,5,0.0714,6,13,0,0.0,0,6,0.0,11,2.5,Dropout,0.7485679999999999,HIGH
0,1,7,8,7,7.348125,0,0,0.875,8,9,8,7.311111111111112,0,0,0.8889,0,7.3296,Graduate,0.08297759999999998,LOW
0,1,6,14,4,5.75,0,2,0.2857,6,17,3,6.875,0,3,0.1765,5,6.3125,Enrolled,0.38336400000000004,HIGH
0,1,7,9,7,6.427777777777778,0,0,0.7778,8,8,8,6.95625,0,0,1.0,0,6.692,Graduate,0.09716799999999999,LOW
0,1,7,7,7,6.85,0,0,1.0,8,9,8,6.997222222222222,0,0,0.8889,0,6.9236,Graduate,0.10494159999999997,LOW
0,0,5,9,0,0.0,3,5,0.0,5,10,1,6.0,3,4,0.1,9,3.0,Dropout,0.6900000000000001,HIGH
0,1,6,13,3,5.6,0,3,0.2308,6,9,4,6.0,0,2,0.4444,5,5.8,Enrolled,0.35678400000000005,MEDIUM
0,1,7,7,7,6.642857142857143,0,0,1.0,8,9,8,6.666666666666667,0,0,0.8889,0,6.6548,Graduate,0.11139280000000001,LOW
0,1,6,9,5,6.5,0,1,0.5556,6,8,5,5.2,0,1,0.625,2,5.85,Enrolled,0.22515200000000002,MEDIUM
0,1,7,8,6,6.3,0,1,0.75,7,9,6,5.842857142857142,0,1,0.6667,2,6.0714,Enrolled,0.2176104,MEDIUM
1,0,5,5,5,6.4,0,0,1.0,5,5,4,6.0,0,1,0.8,1,6.2,Enrolled,0.2772,MEDIUM
0,1,6,14,5,5.75,1,1,0.3571,6,13,5,5.5,1,1,0.3846,2,5.625,Dropout,0.265664,MEDIUM
0,1,8,8,7,5.7,0,1,0.875,8,8,7,5.7,0,1,0.875,2,5.7,Graduate,0.18319999999999997,MEDIUM
0,1,6,6,6,6.166666666666667,0,0,1.0,6,8,6,5.666666666666667,0,0,0.75,0,5.9167,Graduate,0.16799920000000002,LOW
0,1,6,7,5,6.4,0,1,0.7143,6,10,4,6.1,0,2,0.4,3,6.25,Graduate,0.313716,MEDIUM
0,1,5,8,5,6.0,1,0,0.625,5,8,4,7.5,1,1,0.5,1,6.75,Graduate,0.20299999999999999,MEDIUM
0,1,6,8,5,6.5,0,1,0.625,6,9,5,6.75,0,1,0.5556,2,6.625,Graduate,0.22043200000000002,MEDIUM
1,0,6,6,6,5.916666666666667,0,0,1.0,6,8,6,5.5,0,0,0.75,0,5.7083,Dropout,0.2730008,MEDIUM
0,1,6,8,6,7.0,0,0,0.75,6,9,6,6.666666666666667,0,0,0.6667,0,6.8333,Graduate,0.13932480000000003,LOW
0,1,6,6,6,6.166666666666667,0,0,1.0,6,6,6,6.75,0,0,1.0,0,6.4583,Graduate,0.0850008,LOW
0,1,7,10,5,6.52,0,2,0.5,7,7,7,6.25,0,0,1.0,2,6.385,Enrolled,0.18676,MEDIUM
1,0,11,18,11,6.583333333333333,0,0,0.6111,9,15,8,6.666666666666667,0,1,0.5333,1,6.625,Enrolled,0.295008,MEDIUM
0,1,6,7,6,6.25,0,0,0.8571,6,11,6,6.416666666666667,0,0,0.5455,0,6.3333,Graduate,0.19811279999999998,MEDIUM
0,1,0,0,0,0.0,0,0,0.0,0,0,0,0.0,0,0,0.0,0,0.0,Graduate,1.0,HIGH
0,1,8,8,7,7.828571428571428,0,1,0.875,8,8,7,7.828571428571428,0,1,0.875,2,7.8286,Graduate,0.1321136,LOW
0,1,6,6,6,6.083333333333333,0,0,1.0,6,6,6,5.666666666666667,0,0,1.0,0,5.875,Graduate,0.09899999999999999,LOW
0,1,6,0,0,0.0,0,6,0.0,6,0,0,0.0,0,6,0.0,12,0.0,Dropout,0.7,HIGH
0,1,6,11,5,5.3,0,1,0.4545,6,9,5,5.583333333333333,0,1,0.5556,2,5.4417,Enrolled,0.24859119999999998,MEDIUM
0,1,6,10,6,6.714285714285714,0,0,0.6,6,11,5,6.333333333333333,0,1,0.4545,1,6.5238,Enrolled,0.2181688,MEDIUM
0,1,6,8,4,5.875,0,2,0.5,6,12,0,0.0,0,6,0.0,8,2.9375,Dropout,0.6295000000000001,HIGH
1,0,5,10,0,0.0,0,5,0.0,5,5,0,0.0,0,5,0.0,10,0.0,Dropout,0.7999999999999999,HIGH
0,0,0,0,0,0.0,0,0,0.0,0,0,0,0.0,0,0,0.0,0,0.0,Dropout,1.0,HIGH
0,0,5,0,0,0.0,0,5,0.0,5,0,0,0.0,0,5,0.0,10,0.0,Dropout,0.7999999999999999,HIGH
0,1,5,9,1,6.5,0,4,0.1111,5,5,0,0.0,0,5,0.0,9,3.25,Dropout,0.6053320000000001,HIGH
0,1,8,8,7,6.665714285714286,0,1,0.875,8,8,7,6.665714285714286,0,1,0.875,2,6.6657,Graduate,0.1600232,LOW
0,1,6,0,0,0.0,0,6,0.0,6,0,0,0.0,0,6,0.0,12,0.0,Dropout,0.7,HIGH
0,1,0,0,0,0.0,0,0,0.0,0,0,0,0.0,0,0,0.0,0,0.0,Graduate,1.0,HIGH
0,1,7,7,6,6.85,0,1,0.8571,7,7,6,6.85,0,1,0.8571,2,6.85,Graduate,0.15846400000000002,LOW
1,0,5,5,0,0.0,0,5,0.0,5,5,0,0.0,5,5,0.0,10,0.0,Dropout,0.7999999999999999,HIGH
0,1,9,12,9,6.727272727272728,0,0,0.75,7,9,6,6.9375,0,1,0.6667,1,6.8324,Dropout,0.1693464,LOW
0,1,8,8,7,6.1,0,1,0.875,8,8,7,6.1,0,1,0.875,2,6.1,Graduate,0.17359999999999998,MEDIUM
0,1,5,8,3,5.0,0,2,0.375,5,10,4,5.5,0,1,0.4,3,5.25,Dropout,0.30200000000000005,MEDIUM
0,1,6,7,5,6.5,0,1,0.7143,6,7,6,6.428571428571429,0,0,0.8571,1,6.4643,Graduate,0.14914480000000002,LOW
0,1,6,11,6,6.0,0,0,0.5455,6,6,6,7.0,0,0,1.0,0,6.5,Graduate,0.12035999999999998,LOW
0,1,8,8,7,7.514285714285714,0,1,0.875,8,8,7,7.514285714285714,0,1,0.875,2,7.5143,Graduate,0.1396568,LOW
0,1,6,8,6,6.0,0,0,0.75,6,7,6,5.857142857142857,0,0,0.8571,0,5.9286,Graduate,0.12914559999999997,LOW
0,1,6,8,5,6.0,0,1,0.625,6,8,5,6.2,0,1,0.625,2,6.1,Graduate,0.2136,MEDIUM
0,0,7,7,3,6.833333333333333,0,4,0.4286,8,8,3,5.666666666666667,4,5,0.375,9,6.25,Dropout,0.566432,HIGH
0,1,0,0,0,0.0,0,0,0.0,0,0,0,0.0,0,0,0.0,0,0.0,Dropout,1.0,HIGH
0,1,5,6,5,6.0,0,0,0.8333,5,7,4,6.25,0,1,0.5714,1,6.125,Enrolled,0.223004,MEDIUM
0,1,0,0,0,0.0,0,0,0.0,0,0,0,0.0,0,0,0.0,0,0.0,Graduate,1.0,HIGH
1,0,6,6,1,7.0,0,5,0.1667,6,7,0,0.0,7,6,0.0,11,3.5,Dropout,0.7360040000000001,HIGH
0,1,6,6,0,0.0,0,6,0.0,6,7,0,0.0,0,6,0.0,12,0.0,Dropout,0.7,HIGH
0,1,7,8,7,6.1875,0,0,0.875,7,11,5,6.291666666666667,0,2,0.4545,2,6.2396,Graduate,0.28798959999999996,MEDIUM
0,0,7,0,0,0.0,0,7,0.0,8,0,0,0.0,0,8,0.0,15,0.0,Dropout,0.7999999999999999,HIGH
0,1,18,21,18,5.710526315789474,0,0,0.8571,13,16,13,5.538461538461538,1,0,0.8125,0,5.6245,Graduate,0.140364,LOW
0,1,7,7,6,6.675,0,1,0.8571,7,7,6,6.675,0,1,0.8571,2,6.675,Graduate,0.162664,LOW
0,1,6,6,6,7.5,0,0,1.0,6,6,2,8.0,0,4,0.3333,4,7.75,Graduate,0.360676,MEDIUM
0,1,5,9,2,5.25,0,3,0.2222,5,5,0,0.0,0,5,0.0,8,2.625,Dropout,0.603664,HIGH
0,0,6,0,0,0.0,0,6,0.0,4,6,0,0.0,2,4,0.0,10,0.0,Dropout,0.7999999999999999,HIGH
0,1,5,8,5,6.625,0,0,0.625,5,6,5,5.916666666666667,0,0,0.8333,0,6.2708,Graduate,0.13283679999999998,LOW
0,1,5,10,0,0.0,0,5,0.0,5,5,0,0.0,0,5,0.0,10,0.0,Dropout,0.7,HIGH
0,1,5,7,4,5.75,0,1,0.5714,5,15,3,5.3,4,2,0.2,3,5.525,Enrolled,0.369968,MEDIUM
0,1,8,8,8,6.940625,0,0,1.0,8,8,8,6.940625,0,0,1.0,0,6.9406,Graduate,0.0734256,LOW
0,1,6,8,6,5.666666666666667,0,0,0.75,6,8,5,6.3,0,1,0.625,1,5.9833,Graduate,0.20140079999999996,MEDIUM
1,1,0,0,0,0.0,0,0,0.0,0,0,0,0.0,0,0,0.0,0,0.0,Dropout,1.0,HIGH
0,1,6,7,6,6.428571428571429,0,0,0.8571,6,7,6,6.833333333333333,0,0,0.8571,0,6.631,Graduate,0.10371999999999999,LOW
1,1,6,6,5,5.8,0,1,0.8333,6,6,6,6.25,0,0,1.0,1,6.025,Graduate,0.238736,MEDIUM
0,1,6,9,5,5.7,0,1,0.5556,6,6,6,5.666666666666667,0,0,1.0,1,5.6833,Graduate,0.16915280000000002,LOW
0,1,6,11,6,6.666666666666667,0,0,0.5455,6,10,6,6.5,0,0,0.6,0,6.5833,Enrolled,0.1503608,LOW
1,1,7,7,7,6.785714285714286,0,0,1.0,9,9,9,6.88888888888889,0,0,1.0,0,6.8373,Graduate,0.17590480000000003,MEDIUM
0,1,7,13,6,5.916666666666667,0,1,0.4615,7,8,7,6.114285714285714,0,0,0.875,1,6.0155,Graduate,0.178708,MEDIUM
0,1,7,7,7,7.214285714285714,0,0,1.0,7,7,7,7.071428571428571,0,0,1.0,0,7.1429,Graduate,0.0685704,LOW
0,1,0,0,0,0.0,0,0,0.0,0,0,0,0.0,0,0,0.0,0,0.0,Enrolled,1.0,HIGH
0,1,6,8,6,6.142857142857143,0,0,0.75,6,9,5,6.2,0,1,0.5556,1,6.1714,Graduate,0.21631839999999997,MEDIUM
0,1,5,7,5,7.2,0,0,0.7143,5,5,5,6.9,0,0,1.0,0,7.05,Graduate,0.093656,LOW
0,1,7,8,7,6.575,0,0,0.875,8,9,8,7.534375,0,0,0.8889,0,7.0547,Graduate,0.0895752,LOW
1,0,5,6,0,0.0,0,5,0.0,5,5,0,0.0,0,5,0.0,10,0.0,Dropout,0.7999999999999999,HIGH
1,1,5,5,0,0.0,0,5,0.0,6,8,0,0.0,0,6,0.0,11,0.0,Dropout,0.7999999999999999,HIGH
0,1,8,8,7,6.171428571428572,0,1,0.875,8,8,7,6.171428571428572,0,1,0.875,2,6.1714,Graduate,0.1718864,MEDIUM
0,1,6,6,5,6.1,0,1,0.8333,6,7,5,5.4,0,1,0.7143,2,5.75,Enrolled,0.22199200000000002,MEDIUM
0,1,6,10,4,5.25,0,2,0.4,6,14,1,5.5,0,5,0.0714,7,5.375,Dropout,0.509008,HIGH
0,1,5,5,5,5.3,0,0,1.0,5,8,5,5.8,0,0,0.625,0,5.55,Graduate,0.21180000000000002,MEDIUM
0,1,6,6,0,0.0,0,6,0.0,6,6,0,0.0,0,6,0.0,12,0.0,Dropout,0.7,HIGH
0,1,6,8,4,5.625,0,2,0.5,6,6,6,6.0,0,0,1.0,2,5.8125,Graduate,0.20049999999999998,MEDIUM
0,1,9,11,6,5.25,0,3,0.5455,10,10,10,5.85,0,0,1.0,3,5.55,Graduate,0.23316,MEDIUM
0,1,6,11,4,5.5,0,2,0.3636,6,11,3,5.833333333333333,0,3,0.2727,5,5.6667,Enrolled,0.38127520000000004,HIGH
0,1,7,7,7,6.728571428571428,0,0,1.0,8,8,8,7.25625,0,0,1.0,0,6.9924,Graduate,0.07218240000000001,LOW
0,1,5,6,5,6.3,0,0,0.8333,5,8,4,6.166666666666667,0,1,0.5,1,6.2333,Graduate,0.24039680000000002,MEDIUM
0,0,6,0,0,0.0,0,6,0.0,6,0,0,0.0,0,6,0.0,12,0.0,Dropout,0.7999999999999999,HIGH
0,1,6,6,6,6.833333333333333,0,0,1.0,6,8,5,6.8,0,1,0.625,1,6.8167,Graduate,0.2113992,MEDIUM
1,1,5,5,5,5.8,0,0,1.0,5,5,5,5.9,0,0,1.0,0,5.85,Graduate,0.1996,MEDIUM
0,1,6,9,6,6.285714285714286,0,0,0.6667,6,10,5,6.416666666666667,0,1,0.5,1,6.3512,Dropout,0.21757520000000002,MEDIUM
0,1,6,7,5,5.9,0,1,0.7143,6,7,5,5.7,0,1,0.7143,2,5.8,Dropout,0.206512,MEDIUM
0,1,5,5,5,5.8,0,0,1.0,5,11,3,6.333333333333333,0,2,0.2727,2,6.0667,Enrolled,0.3580432,MEDIUM
0,1,6,8,6,5.666666666666667,0,0,0.75,6,6,6,5.916666666666667,0,0,1.0,0,5.7917,Graduate,0.1209992,LOW
0,1,6,6,6,5.333333333333333,0,0,1.0,6,6,6,5.75,0,0,1.0,0,5.5417,Graduate,0.10699920000000002,LOW
0,1,5,10,4,6.75,1,1,0.4,5,5,5,6.7,0,0,1.0,1,6.725,Enrolled,0.15660000000000002,LOW
0,1,0,0,0,0.0,0,0,0.0,0,0,0,0.0,0,0,0.0,0,0.0,Graduate,1.0,HIGH
0,1,6,9,6,6.666666666666667,0,0,0.6667,6,9,4,5.75,0,2,0.4444,2,6.2083,Graduate,0.2665728,MEDIUM
0,1,6,9,5,6.7,0,1,0.5556,6,16,2,6.75,0,4,0.125,5,6.725,Enrolled,0.420272,HIGH
0,1,6,8,3,5.1,0,3,0.375,6,13,4,6.125,0,2,0.3077,5,5.6125,Enrolled,0.37414400000000003,HIGH
0,1,6,6,5,6.5,0,1,0.8333,6,7,6,6.416666666666667,0,0,0.8571,1,6.4583,Graduate,0.1397688,LOW
0,1,8,11,7,6.454285714285715,0,1,0.6364,8,11,7,6.454285714285715,0,1,0.6364,2,6.4543,Graduate,0.2032728,MEDIUM
0,1,6,12,4,6.0,0,2,0.3333,6,11,1,5.0,0,5,0.0909,7,5.5,Dropout,0.49254400000000004,HIGH
0,1,6,9,6,5.416666666666667,0,0,0.6667,6,8,5,5.5,0,1,0.625,1,5.4583,Enrolled,0.20400479999999996,MEDIUM
0,1,6,6,6,7.666666666666667,0,0,1.0,6,9,6,7.916666666666667,0,0,0.6667,0,7.7917,Graduate,0.14632320000000001,LOW
0,1,7,9,6,6.408333333333334,0,1,0.6667,8,11,6,6.4375,0,2,0.5455,3,6.4229,Enrolled,0.2631144,MEDIUM
1,0,7,7,6,6.5,0,1,0.8571,6,6,2,7.0,0,4,0.3333,5,6.75,Dropout,0.4975280000000001,HIGH
1,1,6,11,2,6.75,1,4,0.1818,5,11,2,5.5,0,3,0.1818,7,6.125,Enrolled,0.5339119999999999,HIGH
0,1,6,7,6,6.25,0,0,0.8571,6,6,6,6.083333333333333,0,0,1.0,0,6.1667,Graduate,0.10343120000000001,LOW
0,1,6,7,6,6.5,0,0,0.8571,6,6,6,7.166666666666667,0,0,1.0,0,6.8333,Graduate,0.0874328,LOW
0,1,5,6,4,5.875,0,1,0.6667,5,10,5,6.285714285714286,1,0,0.5,1,6.0804,Graduate,0.2240744,MEDIUM
0,1,5,5,4,6.25,0,1,0.8,5,5,4,7.125,0,1,0.8,2,6.6875,Graduate,0.17149999999999999,MEDIUM
0,1,17,19,17,5.805555555555555,0,0,0.8947,17,22,17,6.027777777777778,0,0,0.7727,0,5.9167,Graduate,0.1490072,LOW
0,1,6,6,6,7.0,0,0,1.0,6,6,6,7.333333333333333,0,0,1.0,0,7.1667,Graduate,0.06799920000000002,LOW
1,0,6,8,0,0.0,0,6,0.0,6,10,0,0.0,0,6,0.0,12,0.0,Dropout,0.7999999999999999,HIGH
0,1,5,5,5,6.9,0,0,1.0,5,6,5,6.916666666666667,0,0,0.8333,0,6.9083,Graduate,0.12087680000000002,LOW
0,0,5,6,0,0.0,0,5,0.0,5,5,0,0.0,0,5,0.0,10,0.0,Dropout,0.7999999999999999,HIGH
0,0,0,0,0,0.0,0,0,0.0,0,0,0,0.0,0,0,0.0,0,0.0,Dropout,1.0,HIGH
0,1,5,9,4,6.125,0,1,0.4444,5,9,3,6.166666666666667,0,2,0.3333,3,6.1458,Dropout,0.3025048,MEDIUM
0,1,6,12,3,5.75,0,3,0.25,6,12,3,6.833333333333333,0,3,0.25,6,6.2917,Dropout,0.3889992,HIGH
0,1,7,9,6,6.285714285714286,0,1,0.6667,9,9,9,6.277777777777778,0,0,1.0,1,6.2817,Graduate,0.14590319999999998,LOW
0,1,6,9,6,6.0,0,0,0.6667,6,10,5,6.083333333333333,0,1,0.5,1,6.0417,Dropout,0.22500320000000001,MEDIUM
0,1,12,17,11,6.0,2,1,0.6471,12,21,12,6.153846153846154,0,0,0.5714,1,6.0769,Graduate,0.20181439999999998,MEDIUM
0,1,0,0,0,0.0,0,0,0.0,0,0,0,0.0,0,0,0.0,0,0.0,Dropout,1.0,HIGH
0,1,7,9,6,6.0,0,1,0.6667,6,6,6,5.583333333333333,0,0,1.0,1,5.7917,Graduate,0.1576632,LOW
0,1,5,9,4,5.8,0,1,0.4444,5,7,4,6.125,2,1,0.5714,2,5.9625,Enrolled,0.235636,MEDIUM
0,1,5,5,0,0.0,0,5,0.0,5,5,0,0.0,0,5,0.0,10,0.0,Dropout,0.7,HIGH
0,1,5,9,5,6.0,0,0,0.5556,5,9,4,6.5,0,1,0.4444,1,6.25,Enrolled,0.22224,MEDIUM
0,1,7,8,6,6.988333333333334,0,1,0.75,8,12,6,6.020833333333333,1,2,0.5,3,6.5046,Enrolled,0.2838896,MEDIUM
0,1,6,10,4,6.25,0,2,0.4,6,12,1,5.0,3,5,0.0833,7,5.625,Enrolled,0.499676,HIGH
0,0,5,5,0,0.0,0,5,0.0,5,0,0,0.0,0,5,0.0,10,0.0,Dropout,0.7999999999999999,HIGH
0,1,6,15,4,5.25,0,2,0.2667,6,16,4,6.25,0,2,0.25,4,5.75,Dropout,0.34400400000000003,MEDIUM
0,1,6,8,5,6.428571428571429,0,1,0.625,6,11,6,6.15,0,0,0.5455,1,6.2893,Graduate,0.20131680000000002,MEDIUM
0,1,5,7,3,5.833333333333333,0,2,0.4286,5,5,4,6.0,0,1,0.8,3,5.9167,Enrolled,0.24971120000000002,MEDIUM
0,1,5,7,2,6.5,0,3,0.2857,5,11,1,5.0,0,4,0.0909,7,5.75,Dropout,0.480832,HIGH
0,1,6,8,6,5.916666666666667,0,0,0.75,6,9,5,5.2,0,1,0.5556,1,5.5583,Enrolled,0.23103279999999998,MEDIUM
0,1,11,11,11,6.227272727272728,0,0,1.0,11,17,8,6.375,0,3,0.4706,3,6.3011,Graduate,0.3270056,MEDIUM
0,1,5,6,3,5.5,0,2,0.5,5,6,0,0.0,0,5,0.0,7,2.75,Dropout,0.604,HIGH
0,1,5,10,4,6.6,0,1,0.4,5,7,4,7.125,2,1,0.5714,2,6.8625,Enrolled,0.217588,MEDIUM
0,1,6,6,6,7.75,0,0,1.0,6,6,6,7.083333333333333,0,0,1.0,0,7.4167,Graduate,0.06199920000000001,LOW
0,1,6,8,6,6.166666666666667,0,0,0.75,6,6,6,6.833333333333333,0,0,1.0,0,6.5,Graduate,0.10400000000000001,LOW
0,1,5,13,5,6.0,0,0,0.3846,5,9,4,5.7,0,1,0.4444,1,5.85,Enrolled,0.22328,MEDIUM
0,1,6,12,4,5.8,0,2,0.3333,6,11,5,5.75,0,1,0.4545,3,5.775,Enrolled,0.28837599999999997,MEDIUM
0,1,6,7,6,5.666666666666667,0,0,0.8571,6,8,6,6.142857142857143,0,0,0.75,0,5.9048,Graduate,0.15113680000000002,LOW
0,1,6,12,0,0.0,1,6,0.0,6,0,0,0.0,0,6,0.0,12,0.0,Dropout,0.7,HIGH
0,1,5,7,4,6.0,0,1,0.5714,5,8,2,6.25,0,3,0.25,4,6.125,Enrolled,0.371568,MEDIUM
0,1,5,11,4,6.0,1,1,0.3636,5,9,5,6.3,0,0,0.5556,1,6.15,Graduate,0.20886400000000002,MEDIUM
1,1,5,11,2,6.25,0,3,0.1818,5,9,2,5.75,1,3,0.2222,6,6.0,Dropout,0.50368,HIGH
0,1,12,12,12,6.833333333333333,0,0,1.0,11,16,11,6.5,0,0,0.6875,0,6.6667,Graduate,0.16749920000000001,LOW
1,0,6,17,2,7.25,2,4,0.1176,6,13,0,0.0,1,6,0.0,10,3.625,Dropout,0.727112,HIGH
0,1,6,10,4,6.6,0,2,0.4,6,8,0,0.0,0,6,0.0,8,3.3,Dropout,0.6088,HIGH
0,1,7,11,5,6.083333333333333,0,2,0.4545,8,14,5,7.4,0,3,0.3571,5,6.7417,Dropout,0.34275120000000003,MEDIUM
0,1,6,10,4,5.625,0,2,0.4,6,6,6,5.666666666666667,0,0,1.0,2,5.6458,Graduate,0.2125008,MEDIUM
0,1,6,8,6,7.583333333333333,0,0,0.75,6,7,6,7.214285714285714,0,0,0.8571,0,7.3988,Graduate,0.09386080000000002,LOW
0,1,6,8,6,5.583333333333333,0,0,0.75,6,7,4,6.7,0,2,0.5714,2,6.1417,Graduate,0.24260719999999997,MEDIUM
0,1,7,8,6,5.491666666666667,0,1,0.75,7,8,6,5.491666666666667,0,1,0.75,2,5.4917,Graduate,0.2081992,MEDIUM
0,1,6,8,4,5.375,0,2,0.5,6,11,5,5.75,0,1,0.4545,3,5.5625,Graduate,0.28924000000000005,MEDIUM
0,0,12,15,11,6.692307692307692,0,1,0.7333,9,13,7,7.142857142857143,0,2,0.5385,3,6.9176,Graduate,0.3611936,MEDIUM
0,1,6,8,6,5.642857142857143,0,0,0.75,6,10,5,6.1,0,1,0.5,1,5.8714,Enrolled,0.23908640000000003,MEDIUM
0,1,6,13,0,0.0,3,6,0.0,6,6,0,0.0,0,6,0.0,12,0.0,Dropout,0.7,HIGH
0,1,5,7,4,6.5,0,1,0.5714,5,9,5,7.416666666666667,3,0,0.5556,1,6.9583,Graduate,0.17600079999999999,MEDIUM
0,1,6,9,6,8.055555555555555,0,0,0.6667,6,7,6,6.75,0,0,0.8571,0,7.4028,Graduate,0.10042879999999998,LOW
0,1,6,8,6,5.75,0,0,0.75,6,8,6,5.5,0,0,0.75,0,5.625,Graduate,0.14500000000000002,LOW
0,1,6,15,4,5.375,0,2,0.2667,6,12,2,5.25,0,4,0.1667,6,5.3125,Dropout,0.43782800000000005,HIGH
0,1,6,10,4,5.8,0,2,0.4,6,8,5,6.5,0,1,0.625,3,6.15,Graduate,0.2604,MEDIUM
1,1,7,21,0,0.0,3,7,0.0,7,7,0,0.0,0,7,0.0,14,0.0,Dropout,0.7999999999999999,HIGH
0,1,5,5,5,6.9,0,0,1.0,5,7,5,7.071428571428571,0,0,0.7143,0,6.9857,Graduate,0.1523392,LOW
0,1,7,8,7,6.792857142857142,0,0,0.875,8,8,8,7.34375,0,0,1.0,0,7.0683,Graduate,0.08036080000000001,LOW
0,1,6,8,6,6.928571428571429,0,0,0.75,6,8,5,6.5,0,1,0.625,1,6.7143,Graduate,0.18385680000000001,MEDIUM
0,1,6,12,5,6.0,0,1,0.4167,6,10,6,6.166666666666667,0,0,0.6,1,6.0833,Enrolled,0.2026648,MEDIUM
0,1,6,9,6,6.722222222222222,0,0,0.6667,6,9,5,6.3,0,1,0.5556,1,6.5111,Graduate,0.1981696,MEDIUM
0,1,6,6,6,7.0,0,0,1.0,6,7,6,6.928571428571429,0,0,0.8571,0,6.9643,Graduate,0.11286880000000002,LOW
1,1,6,10,1,6.0,1,5,0.1,6,0,0,0.0,0,6,0.0,11,3.0,Dropout,0.7400000000000001,HIGH
0,1,5,5,5,7.1,0,0,1.0,5,6,5,6.916666666666667,0,0,0.8333,0,7.0083,Graduate,0.1184768,LOW
0,1,7,11,5,6.67,0,2,0.4545,7,9,5,5.42,0,2,0.5556,4,6.045,Enrolled,0.29411200000000004,MEDIUM
0,1,8,12,7,6.228571428571428,0,1,0.5833,8,12,7,6.228571428571428,0,1,0.5833,2,6.2286,Enrolled,0.2171856,MEDIUM
0,0,6,12,3,5.5,0,3,0.25,6,12,3,6.0,0,3,0.25,6,5.75,Dropout,0.502,HIGH
0,1,5,13,4,5.25,0,1,0.3077,5,10,4,5.25,0,1,0.4,2,5.25,Enrolled,0.277384,MEDIUM
0,1,0,0,0,0.0,0,0,0.0,0,0,0,0.0,0,0,0.0,0,0.0,Graduate,1.0,HIGH
0,1,13,13,13,7.0,0,0,1.0,12,13,12,6.5,0,0,0.9231,0,6.75,Graduate,0.099532,LOW
0,1,7,0,0,0.0,0,7,0.0,8,0,0,0.0,0,8,0.0,15,0.0,Dropout,0.7,HIGH
0,0,1,1,0,0.0,0,1,0.0,6,0,0,0.0,0,6,0.0,7,0.0,Dropout,0.71,HIGH
0,1,5,8,4,5.0,0,1,0.5,5,8,4,6.25,0,1,0.5,2,5.625,Enrolled,0.24500000000000002,MEDIUM
0,1,0,0,0,0.0,0,0,0.0,0,0,0,0.0,0,0,0.0,0,0.0,Graduate,1.0,HIGH
0,1,6,6,6,6.75,0,0,1.0,6,6,6,7.166666666666667,0,0,1.0,0,6.9583,Graduate,0.07300079999999999,LOW
0,1,7,0,0,0.0,0,7,0.0,8,0,0,0.0,0,8,0.0,15,0.0,Dropout,0.7,HIGH
0,1,17,18,17,6.694444444444445,0,0,0.9444,17,18,17,7.444444444444445,0,0,0.9444,0,7.0694,Graduate,0.07923039999999999,LOW
0,0,7,0,0,0.0,0,7,0.0,8,0,0,0.0,0,8,0.0,15,0.0,Dropout,0.7999999999999999,HIGH
0,1,12,12,12,6.791666666666667,0,0,1.0,11,12,11,6.791666666666667,0,0,0.9167,0,6.7917,Graduate,0.10032320000000002,LOW
0,1,0,0,0,0.0,0,0,0.0,0,0,0,0.0,0,0,0.0,0,0.0,Enrolled,1.0,HIGH
1,0,5,5,0,0.0,0,5,0.0,5,5,0,0.0,0,5,0.0,10,0.0,Dropout,0.7999999999999999,HIGH
0,1,5,9,1,5.0,0,4,0.1111,5,5,0,0.0,0,5,0.0,9,2.5,Dropout,0.6233320000000001,HIGH
0,1,5,5,5,7.6,0,0,1.0,5,5,5,7.6,0,0,1.0,0,7.6,Graduate,0.0576,LOW
0,1,6,12,4,6.4,0,2,0.3333,6,17,0,0.0,0,6,0.0,8,3.2,Dropout,0.6031960000000001,HIGH
0,1,5,7,5,5.583333333333333,0,0,0.7143,5,5,4,5.5,0,1,0.8,1,5.5417,Dropout,0.17585520000000002,MEDIUM
0,1,0,0,0,0.0,0,0,0.0,0,0,0,0.0,0,0,0.0,0,0.0,Enrolled,1.0,HIGH
0,1,8,9,7,6.414285714285714,0,1,0.7778,8,9,7,6.414285714285714,0,1,0.7778,2,6.4143,Graduate,0.18160880000000001,MEDIUM
1,0,6,6,6,6.25,0,0,1.0,6,10,4,6.3,0,2,0.4,2,6.275,Dropout,0.4174,HIGH
0,1,5,12,3,5.0,0,2,0.25,5,10,3,6.2,0,2,0.3,4,5.6,Graduate,0.3416,MEDIUM
0,0,6,6,6,5.75,0,0,1.0,6,10,4,6.625,0,2,0.4,2,6.1875,Graduate,0.4195,HIGH
1,0,8,11,7,5.664285714285714,0,1,0.6364,8,11,7,5.664285714285714,0,1,0.6364,2,5.6643,Dropout,0.3222328,MEDIUM
0,1,6,15,2,6.5,2,4,0.1333,6,13,3,6.5,1,3,0.2308,7,6.5,Enrolled,0.424872,HIGH
0,1,7,7,6,6.516666666666666,0,1,0.8571,7,7,6,6.516666666666666,0,1,0.8571,2,6.5167,Graduate,0.1664632,LOW
0,1,6,8,6,6.083333333333333,0,0,0.75,6,7,4,5.875,0,2,0.5714,2,5.9792,Graduate,0.2465072,MEDIUM
1,1,5,6,4,7.25,0,1,0.6667,5,10,3,8.1,0,2,0.3,3,7.675,Enrolled,0.40180400000000005,HIGH
0,1,5,7,5,7.2,1,0,0.7143,5,5,5,6.8,0,0,1.0,0,7.0,Graduate,0.094856,LOW
0,1,6,10,4,6.125,0,2,0.4,7,9,6,6.25,0,1,0.6667,3,6.1875,Enrolled,0.256164,MEDIUM
0,1,7,14,0,0.0,0,7,0.0,7,14,0,0.0,0,7,0.0,14,0.0,Dropout,0.7,HIGH
0,1,6,6,6,6.333333333333333,0,0,1.0,6,6,6,6.0,0,0,1.0,0,6.1667,Graduate,0.09199920000000002,LOW
1,0,6,14,2,6.0,0,4,0.1429,6,14,3,5.833333333333333,0,3,0.2143,7,5.9167,Dropout,0.5394232,HIGH
0,0,5,6,0,0.0,0,5,0.0,5,5,0,0.0,0,5,0.0,10,0.0,Dropout,0.7999999999999999,HIGH
0,1,5,5,3,5.833333333333333,0,2,0.6,5,10,4,5.4,0,1,0.4,3,5.6167,Dropout,0.31519919999999996,MEDIUM
0,1,6,0,0,0.0,0,6,0.0,6,0,0,0.0,0,6,0.0,12,0.0,Dropout,0.7,HIGH
0,1,5,12,1,5.0,0,4,0.0833,5,10,0,0.0,0,5,0.0,9,2.5,Dropout,0.6199960000000001,HIGH
0,1,7,8,0,0.0,1,7,0.0,6,9,0,0.0,0,6,0.0,13,0.0,Dropout,0.7,HIGH
0,1,6,11,4,6.125,0,2,0.3636,6,16,3,6.0,0,3,0.1875,5,6.0625,Dropout,0.395632,HIGH
0,1,6,10,4,6.0,1,2,0.4,6,6,6,6.25,0,0,1.0,2,6.125,Graduate,0.20099999999999998,MEDIUM
0,0,6,7,5,6.3,0,1,0.7143,6,6,5,5.9,0,1,0.8333,2,6.1,Enrolled,0.289792,MEDIUM
0,0,5,5,0,0.0,0,5,0.0,5,5,0,0.0,0,5,0.0,10,0.0,Dropout,0.7999999999999999,HIGH
0,0,5,5,0,0.0,0,5,0.0,5,10,0,0.0,0,5,0.0,10,0.0,Dropout,0.7999999999999999,HIGH
0,0,8,8,0,0.0,1,8,0.0,8,8,0,0.0,1,8,0.0,16,0.0,Dropout,0.7999999999999999,HIGH
0,1,16,16,16,6.34375,0,0,1.0,13,13,13,6.0,0,0,1.0,0,6.1719,Graduate,0.0918744,LOW
0,1,13,22,10,5.2,0,3,0.4545,9,18,6,5.333333333333333,0,3,0.3333,6,5.2667,Graduate,0.4148152,HIGH
0,1,15,26,14,5.233333333333334,0,1,0.5385,12,16,12,5.461538461538462,0,0,0.75,1,5.3474,Graduate,0.19858240000000002,MEDIUM
0,1,5,10,5,7.166666666666667,2,0,0.5,5,8,5,6.5,1,0,0.625,0,6.8333,Graduate,0.14600080000000001,LOW
0,1,7,7,6,7.333333333333333,1,1,0.8571,6,7,6,7.166666666666667,0,0,0.8571,1,7.25,Graduate,0.11886400000000001,LOW
0,1,7,7,7,6.417857142857142,0,0,1.0,8,8,8,7.115625,0,0,1.0,0,6.7667,Graduate,0.07759920000000001,LOW
0,1,5,5,0,0.0,0,5,0.0,5,0,0,0.0,0,5,0.0,10,0.0,Dropout,0.7,HIGH
1,1,5,9,0,0.0,0,5,0.0,5,5,0,0.0,0,5,0.0,10,0.0,Enrolled,0.7999999999999999,HIGH
0,1,0,0,0,0.0,0,0,0.0,0,0,0,0.0,0,0,0.0,0,0.0,Dropout,1.0,HIGH
0,1,8,8,8,6.624375,0,0,1.0,8,8,8,6.624375,0,0,1.0,0,6.6244,Graduate,0.08101440000000003,LOW
0,1,7,10,7,6.428571428571429,0,0,0.7,7,7,4,6.375,0,3,0.5714,3,6.4018,Enrolled,0.2603648,MEDIUM
0,1,6,12,5,6.8,0,1,0.4167,6,10,4,7.125,0,2,0.4,3,6.9625,Enrolled,0.260904,MEDIUM
0,1,5,6,3,7.0,0,2,0.5,5,8,5,6.2,0,0,0.625,2,6.6,Graduate,0.21160000000000004,MEDIUM
1,0,6,11,3,6.0,0,3,0.2727,6,11,2,5.5,0,4,0.1818,7,5.75,Enrolled,0.55382,HIGH
0,1,6,9,6,6.583333333333333,0,0,0.6667,6,8,4,7.0,0,2,0.5,2,6.7917,Enrolled,0.23700320000000002,MEDIUM
0,1,6,8,6,6.8125,0,0,0.75,6,7,6,6.083333333333333,0,0,0.8571,0,6.4479,Graduate,0.11668240000000002,LOW
0,1,7,8,7,7.425,0,0,0.875,8,9,8,7.805555555555555,0,0,0.8889,0,7.6153,Graduate,0.07612079999999999,LOW
0,1,5,9,4,5.375,0,1,0.4444,5,6,5,5.7,0,0,0.8333,1,5.5375,Graduate,0.194884,MEDIUM
1,1,7,11,0,0.0,4,7,0.0,7,11,2,5.833333333333333,0,5,0.1818,12,2.9167,Enrolled,0.7154552,HIGH
0,1,6,0,0,0.0,0,6,0.0,6,0,0,0.0,0,6,0.0,12,0.0,Dropout,0.7,HIGH
0,1,12,14,12,7.0,0,0,0.8571,7,12,7,6.928571428571429,0,0,0.5833,0,6.9643,Enrolled,0.1723848,MEDIUM
1,0,6,8,0,0.0,0,6,0.0,6,10,0,0.0,0,6,0.0,12,0.0,Dropout,0.7999999999999999,HIGH
0,0,5,5,0,0.0,0,5,0.0,5,5,0,0.0,0,5,0.0,10,0.0,Dropout,0.7999999999999999,HIGH
1,0,6,17,5,6.5,0,1,0.2941,6,11,4,5.875,0,2,0.3636,3,6.1875,Dropout,0.388884,HIGH
0,1,8,12,8,6.1875,0,0,0.6667,9,11,5,6.2,0,4,0.4545,4,6.1937,Graduate,0.32409519999999997,MEDIUM
0,1,0,0,0,0.0,0,0,0.0,0,0,0,0.0,0,0,0.0,0,0.0,Graduate,1.0,HIGH
0,1,6,10,5,5.7,0,1,0.5,6,9,4,6.875,0,2,0.4444,3,6.2875,Dropout,0.274668,MEDIUM
0,1,5,9,4,5.625,0,1,0.4444,5,7,4,6.5,0,1,0.5714,2,6.0625,Enrolled,0.23323600000000003,MEDIUM
1,0,5,7,3,6.5,0,2,0.4286,5,8,3,6.0,0,2,0.375,4,6.25,Dropout,0.416432,HIGH
0,1,0,0,0,0.0,0,0,0.0,0,0,0,0.0,0,0,0.0,0,0.0,Enrolled,1.0,HIGH
0,1,6,6,6,6.75,0,0,1.0,6,6,6,7.083333333333333,0,0,1.0,0,6.9167,Graduate,0.0739992,LOW
0,1,6,11,1,5.5,1,5,0.0909,6,11,4,5.5,4,2,0.3636,7,5.5,Enrolled,0.44164,HIGH
0,1,5,9,0,0.0,0,5,0.0,5,10,1,5.5,0,4,0.1,9,2.75,Dropout,0.5960000000000001,HIGH
0,1,6,9,5,6.0,0,1,0.5556,6,8,5,5.6,0,1,0.625,2,5.8,Dropout,0.22635200000000003,MEDIUM
0,1,6,8,5,6.5,0,1,0.625,6,7,6,6.5,0,0,0.8571,1,6.5,Graduate,0.155432,LOW
0,1,0,0,0,0.0,0,0,0.0,0,0,0,0.0,0,0,0.0,0,0.0,Graduate,1.0,HIGH
0,1,5,8,4,6.0,0,1,0.5,5,8,4,6.125,0,1,0.5,2,6.0625,Enrolled,0.23450000000000001,MEDIUM
0,1,5,10,5,5.583333333333333,0,0,0.5,5,10,3,5.4,0,2,0.3,2,5.4917,Enrolled,0.3041992,MEDIUM
0,1,6,13,2,5.25,0,4,0.1538,6,11,1,6.0,0,5,0.0909,9,5.625,Dropout,0.5280040000000001,HIGH
0,1,6,7,6,6.333333333333333,0,0,0.8571,6,6,6,6.083333333333333,0,0,1.0,0,6.2083,Graduate,0.10243279999999999,LOW
0,1,6,6,1,5.5,0,5,0.1667,6,8,0,0.0,0,6,0.0,11,2.75,Dropout,0.6540040000000001,HIGH
0,1,0,0,0,0.0,0,0,0.0,0,0,0,0.0,0,0,0.0,0,0.0,Dropout,1.0,HIGH
0,1,5,6,4,5.75,0,1,0.6667,5,12,2,5.166666666666667,0,3,0.1667,4,5.4583,Enrolled,0.42232879999999995,HIGH
1,0,0,0,0,0.0,0,0,0.0,0,0,0,0.0,0,0,0.0,0,0.0,Dropout,1.0,HIGH
0,1,5,10,2,5.25,0,3,0.2,5,5,4,5.875,0,1,0.8,4,5.5625,Enrolled,0.3065,MEDIUM
0,1,5,8,4,6.25,0,1,0.5,5,6,4,5.5,0,1,0.6667,2,5.875,Enrolled,0.225664,MEDIUM
0,1,7,9,6,6.416666666666667,0,1,0.6667,8,12,6,6.25,0,2,0.5,3,6.3333,Enrolled,0.2780048,MEDIUM
0,1,6,7,6,7.785714285714286,0,0,0.8571,6,7,6,8.071428571428571,0,0,0.8571,0,7.9286,Graduate,0.0725776,LOW
0,1,6,10,4,6.0,0,2,0.4,6,7,5,5.9,0,1,0.7143,3,5.95,Dropout,0.25805599999999995,MEDIUM
1,1,6,6,4,5.625,0,2,0.6667,6,6,3,5.666666666666667,0,3,0.5,5,5.6458,Dropout,0.45450480000000004,HIGH
0,1,0,0,0,0.0,0,0,0.0,0,0,0,0.0,0,0,0.0,0,0.0,Graduate,1.0,HIGH
0,1,6,10,6,6.142857142857143,0,0,0.6,6,11,4,7.125,0,2,0.3636,2,6.6339,Enrolled,0.2709784,MEDIUM
0,1,6,12,5,5.5,0,1,0.4167,6,11,3,5.166666666666667,0,3,0.2727,4,5.3333,Enrolled,0.3656488,MEDIUM
0,1,6,8,6,6.071428571428571,0,0,0.75,6,11,5,6.8,0,1,0.4545,1,6.4357,Graduate,0.23828320000000003,MEDIUM
1,0,6,11,2,5.75,0,4,0.1818,6,7,0,0.0,0,6,0.0,10,2.875,Dropout,0.7528159999999999,HIGH
1,1,12,16,11,6.272727272727272,0,1,0.6875,10,12,8,5.8125,0,2,0.6667,3,6.0426,Enrolled,0.34080160000000004,MEDIUM
0,1,6,10,4,6.5,0,2,0.4,6,6,6,6.5,0,0,1.0,2,6.5,Graduate,0.192,MEDIUM
0,1,8,9,8,6.44375,1,0,0.8889,8,9,8,6.44375,1,0,0.8889,0,6.4437,Graduate,0.1031272,LOW
0,1,6,6,6,6.333333333333333,0,0,1.0,6,7,5,6.8,0,1,0.7143,1,6.5667,Enrolled,0.1923952,MEDIUM
0,1,6,7,6,6.416666666666667,0,0,0.8571,6,7,6,6.285714285714286,0,0,0.8571,0,6.3512,Graduate,0.11043520000000001,LOW
0,1,5,10,3,5.333333333333333,1,2,0.3,5,11,2,6.25,0,3,0.1818,5,5.7917,Dropout,0.3960952,HIGH
0,1,5,11,5,6.5,2,0,0.4545,5,7,5,6.2,0,0,0.7143,0,6.35,Enrolled,0.154096,LOW
0,1,7,11,6,5.991666666666667,0,1,0.5455,8,12,8,6.140625,0,0,0.6667,1,6.0661,Graduate,0.1874376,MEDIUM
0,0,5,9,0,0.0,0,5,0.0,5,5,0,0.0,5,5,0.0,10,0.0,Dropout,0.7999999999999999,HIGH
0,1,6,6,6,5.916666666666667,0,0,1.0,6,6,6,5.75,0,0,1.0,0,5.8333,Graduate,0.1000008,LOW
0,1,6,21,3,6.333333333333333,0,3,0.1429,6,15,2,5.5,0,4,0.1333,7,5.9167,Dropout,0.4478232,HIGH
0,1,5,9,4,6.875,1,1,0.4444,5,8,4,7.25,0,1,0.5,2,7.0625,Graduate,0.214948,MEDIUM
0,1,6,8,5,5.7,0,1,0.625,6,8,5,5.9,0,1,0.625,2,5.8,Dropout,0.22080000000000002,MEDIUM
0,1,6,8,6,6.583333333333333,0,0,0.75,6,6,6,6.5,0,0,1.0,0,6.5417,Dropout,0.10299920000000003,LOW
0,1,7,10,6,6.416666666666667,0,1,0.6,8,8,5,5.9,0,3,0.625,4,6.1583,Graduate,0.2742008,MEDIUM
0,1,6,8,6,7.0625,0,0,0.75,6,10,5,7.25,0,1,0.5,1,7.1562,Graduate,0.20825120000000003,MEDIUM
0,1,5,10,3,5.833333333333333,0,2,0.3,5,5,5,6.5,0,0,1.0,2,6.1667,Graduate,0.20799920000000002,MEDIUM
0,0,7,18,6,5.125,0,1,0.3333,7,14,4,5.625,0,3,0.2857,4,5.375,Dropout,0.45099999999999996,HIGH
0,1,7,16,6,6.257142857142858,0,1,0.375,7,15,4,5.875,0,3,0.2667,4,6.0661,Dropout,0.3447376,MEDIUM
0,1,13,17,10,5.75,0,3,0.5882,13,18,9,5.222222222222222,0,4,0.5,7,5.4861,Dropout,0.4089176,HIGH
0,0,5,5,1,5.0,0,4,0.2,5,5,0,0.0,0,5,0.0,9,2.5,Dropout,0.7340000000000001,HIGH
0,1,6,7,6,7.857142857142857,0,0,0.8571,6,17,5,6.38888888888889,0,1,0.2941,1,7.123,Graduate,0.279552,MEDIUM
0,1,6,9,4,6.25,0,2,0.4444,7,7,4,5.5,0,3,0.5714,5,5.875,Dropout,0.327736,MEDIUM
0,0,5,6,3,6.0,0,2,0.5,5,5,4,6.375,0,1,0.8,3,6.1875,Dropout,0.3375,MEDIUM
1,1,5,11,0,0.0,0,5,0.0,5,5,0,0.0,0,5,0.0,10,0.0,Dropout,0.7999999999999999,HIGH
0,1,5,9,4,6.125,2,1,0.4444,5,8,4,5.875,0,1,0.5,2,6.0,Graduate,0.24044800000000002,MEDIUM
1,0,4,5,0,0.0,0,4,0.0,4,4,0,0.0,0,4,0.0,8,0.0,Dropout,0.74,HIGH
0,1,5,5,5,6.8,0,0,1.0,5,5,5,7.1,0,0,1.0,0,6.95,Graduate,0.07319999999999999,LOW
0,1,13,14,13,6.653846153846154,0,0,0.9286,11,12,11,6.409090909090909,0,0,0.9167,0,6.5315,Enrolled,0.09800000000000002,LOW
0,1,5,6,5,6.1,0,0,0.8333,5,9,5,5.9,0,0,0.5556,0,6.0,Graduate,0.200428,MEDIUM
0,1,6,7,6,6.142857142857143,0,0,0.8571,6,7,6,6.666666666666667,1,0,0.8571,0,6.4048,Graduate,0.10914880000000003,LOW
0,1,5,12,3,6.0,2,2,0.25,5,8,4,6.5,1,1,0.5,3,6.25,Graduate,0.28,MEDIUM
0,1,7,9,6,6.671428571428572,0,1,0.6667,8,10,7,5.825,0,1,0.7,2,6.2482,Graduate,0.20070720000000003,MEDIUM
1,1,5,5,0,0.0,0,5,0.0,5,5,0,0.0,0,5,0.0,10,0.0,Dropout,0.7999999999999999,HIGH
0,1,12,12,11,7.136363636363636,0,1,0.9167,12,12,11,7.409090909090909,0,1,0.9167,2,7.2727,Graduate,0.1387832,LOW
0,1,7,9,7,6.06875,0,0,0.7778,8,9,8,6.455555555555555,0,0,0.8889,0,6.2622,Graduate,0.1163712,LOW
0,1,6,7,6,7.083333333333333,0,0,0.8571,6,7,6,7.428571428571429,0,0,0.8571,0,7.256,Graduate,0.08872000000000001,LOW
0,1,7,7,7,6.764285714285714,0,0,1.0,8,9,8,7.327777777777778,0,0,0.8889,0,7.046,Graduate,0.10200399999999998,LOW
0,1,6,8,5,6.0,0,1,0.625,6,8,6,5.5,0,0,0.75,1,5.75,Graduate,0.18200000000000002,MEDIUM
0,1,5,5,5,5.7,0,0,1.0,6,11,1,5.5,0,5,0.0909,5,5.6,Dropout,0.510148,HIGH
0,1,0,0,0,0.0,0,0,0.0,0,0,0,0.0,0,0,0.0,0,0.0,Dropout,1.0,HIGH
0,1,12,12,12,6.458333333333333,0,0,1.0,11,16,11,7.25,0,0,0.6875,0,6.8542,Graduate,0.1629992,LOW
0,1,7,8,7,6.81875,0,0,0.875,8,8,8,7.19375,0,0,1.0,0,7.0062,Graduate,0.0818512,LOW
0,1,7,10,7,6.45,0,0,0.7,8,15,7,6.071428571428571,0,1,0.4667,1,6.2607,Dropout,0.23306719999999997,MEDIUM
0,1,8,8,7,7.18,0,1,0.875,8,8,7,7.18,0,1,0.875,2,7.18,Graduate,0.14768,LOW
0,1,8,8,7,7.257142857142857,0,1,0.875,8,8,7,7.257142857142857,0,1,0.875,2,7.2571,Enrolled,0.14582959999999998,LOW
0,1,8,8,7,7.35,0,1,0.875,8,8,7,7.35,0,1,0.875,2,7.35,Graduate,0.1436,LOW
0,1,5,5,5,7.6,0,0,1.0,5,6,5,7.0,0,0,0.8333,0,7.3,Enrolled,0.111476,LOW
0,1,7,7,7,6.5,0,0,1.0,8,8,8,7.53125,0,0,1.0,0,7.0156,Graduate,0.07162560000000001,LOW
0,1,6,6,6,6.75,0,0,1.0,6,6,0,0.0,0,6,0.0,6,3.375,Dropout,0.619,HIGH
0,1,5,11,5,6.166666666666667,2,0,0.4545,5,7,5,6.3,0,0,0.7143,0,6.2333,Graduate,0.15689680000000003,LOW
0,1,5,6,5,6.7,0,0,0.8333,5,6,5,6.5,0,0,0.8333,0,6.6,Graduate,0.10827200000000002,LOW
0,1,5,7,4,5.875,0,1,0.5714,5,9,2,5.25,0,3,0.2222,4,5.5625,Enrolled,0.39285200000000003,HIGH
0,1,0,0,0,0.0,0,0,0.0,0,0,0,0.0,0,0,0.0,0,0.0,Graduate,1.0,HIGH
0,1,0,0,0,0.0,0,0,0.0,0,0,0,0.0,0,0,0.0,0,0.0,Enrolled,1.0,HIGH
0,1,12,17,11,7.363636363636364,0,1,0.6471,9,10,7,7.071428571428571,0,2,0.7,3,7.2175,Graduate,0.20901199999999998,MEDIUM
0,1,6,7,6,8.285714285714286,0,0,0.8571,6,6,6,7.833333333333333,0,0,1.0,0,8.0595,Graduate,0.058004000000000014,LOW
0,1,7,10,7,7.5725,0,0,0.7,8,8,8,7.87125,0,0,1.0,0,7.7219,Graduate,0.07867440000000002,LOW
0,1,7,7,7,6.72142857142857,0,0,1.0,8,8,8,7.5375,0,0,1.0,0,7.1295,Graduate,0.06889200000000001,LOW
0,1,5,8,5,7.083333333333333,2,0,0.625,5,6,4,5.875,2,1,0.6667,1,6.4792,Graduate,0.17116320000000002,MEDIUM
0,1,6,7,6,7.0,0,0,0.8571,6,7,5,7.5,0,1,0.7143,1,7.25,Enrolled,0.158848,LOW
0,1,6,9,6,5.666666666666667,0,0,0.6667,6,6,6,6.166666666666667,0,0,1.0,0,5.9167,Graduate,0.12466320000000003,LOW
0,1,8,8,8,6.880625,0,0,1.0,8,8,8,6.880625,0,0,1.0,0,6.8806,Graduate,0.0748656,LOW
1,0,7,9,5,5.8,0,2,0.5556,9,9,5,5.0,0,4,0.5556,6,5.4,Dropout,0.461504,HIGH
1,1,6,7,4,6.375,0,2,0.5714,6,8,5,6.5,0,1,0.625,3,6.4375,Graduate,0.339788,MEDIUM
0,1,5,12,4,6.25,0,1,0.3333,5,10,4,5.5,0,1,0.4,2,5.875,Enrolled,0.260336,MEDIUM
0,1,6,13,6,7.653846153846154,0,0,0.4615,6,9,6,7.0,0,0,0.6667,0,7.3269,Graduate,0.13389839999999997,LOW
0,0,6,12,5,6.642857142857143,0,1,0.4167,6,10,4,6.0,0,2,0.4,3,6.3214,Dropout,0.3762904,HIGH
0,1,7,7,7,7.378571428571428,0,0,1.0,8,9,8,7.038888888888889,0,0,0.8889,0,7.2087,Graduate,0.0980992,LOW
0,1,7,7,6,6.383333333333333,0,1,0.8571,7,7,6,6.383333333333333,0,1,0.8571,2,6.3833,Graduate,0.1696648,LOW
0,0,5,5,5,5.2,0,0,1.0,6,13,0,0.0,0,6,0.0,6,2.6,Dropout,0.7375999999999999,HIGH
0,1,7,0,0,0.0,0,7,0.0,7,0,0,0.0,0,7,0.0,14,0.0,Dropout,0.7,HIGH
0,1,5,10,4,5.25,0,1,0.4,5,6,5,6.3,0,0,0.8333,1,5.775,Graduate,0.192736,MEDIUM
0,1,5,6,4,7.125,0,1,0.6667,5,6,5,6.7,0,0,0.8333,1,6.9125,Graduate,0.14410000000000003,LOW
0,1,7,11,3,5.958333333333333,1,4,0.2727,7,17,0,0.0,0,7,0.0,11,2.9792,Dropout,0.6612232,HIGH
0,1,5,10,3,5.333333333333333,0,2,0.3,5,9,2,7.0,2,3,0.2222,5,6.1667,Enrolled,0.3757832,HIGH
0,1,6,11,4,6.125,0,2,0.3636,6,10,3,6.333333333333333,0,3,0.3,5,6.2292,Enrolled,0.36013120000000004,MEDIUM
1,1,5,5,4,6.0,0,1,0.8,5,6,5,5.8,0,0,0.8333,1,5.9,Dropout,0.25773599999999997,MEDIUM
0,1,5,7,3,5.5,0,2,0.4286,5,5,4,6.375,0,1,0.8,3,5.9375,Dropout,0.24921200000000002,MEDIUM
0,1,6,6,6,7.083333333333333,0,0,1.0,6,8,5,6.5,0,1,0.625,1,6.7917,Graduate,0.21199920000000003,MEDIUM
0,1,6,6,6,7.333333333333333,0,0,1.0,6,6,6,7.5,0,0,1.0,0,7.4167,Graduate,0.06199920000000001,LOW
0,1,5,11,0,0.0,0,5,0.0,5,10,5,6.142857142857143,1,0,0.5,5,3.0714,Graduate,0.43628639999999996,HIGH
1,0,7,8,3,6.333333333333333,0,4,0.375,5,5,0,0.0,0,5,0.0,9,3.1667,Dropout,0.7389992,HIGH
0,1,0,0,0,0.0,0,0,0.0,0,0,0,0.0,0,0,0.0,0,0.0,Enrolled,1.0,HIGH
0,1,0,0,0,0.0,0,0,0.0,0,0,0,0.0,0,0,0.0,0,0.0,Dropout,1.0,HIGH
0,1,5,0,0,0.0,0,5,0.0,5,0,0,0.0,0,5,0.0,10,0.0,Dropout,0.7,HIGH
0,0,6,0,0,0.0,0,6,0.0,6,0,0,0.0,0,6,0.0,12,0.0,Dropout,0.7999999999999999,HIGH
0,1,7,7,7,6.85,0,0,1.0,8,9,8,7.011111111111111,0,0,0.8889,0,6.9306,Graduate,0.1047736,LOW
0,1,5,7,5,5.9,0,0,0.7143,5,8,4,6.2,2,1,0.5,1,6.05,Enrolled,0.230516,MEDIUM
0,1,5,0,0,0.0,0,5,0.0,5,0,0,0.0,0,5,0.0,10,0.0,Dropout,0.7,HIGH
0,1,6,6,6,6.666666666666667,0,0,1.0,6,7,6,6.642857142857143,0,0,0.8571,0,6.6548,Graduate,0.12029680000000004,LOW
0,1,6,7,5,5.7,0,1,0.7143,6,6,6,6.083333333333333,0,0,1.0,1,5.8917,Graduate,0.15145519999999998,LOW
0,1,5,5,0,0.0,0,5,0.0,5,5,0,0.0,0,5,0.0,10,0.0,Dropout,0.7,HIGH
0,1,7,7,7,8.071428571428571,0,0,1.0,8,9,0,0.0,0,8,0.0,8,4.0357,Dropout,0.6631431999999999,HIGH
0,1,8,8,0,0.0,8,8,0.0,8,8,0,0.0,8,8,0.0,16,0.0,Dropout,0.7,HIGH
0,1,8,8,8,7.816875,0,0,1.0,8,8,8,7.816875,0,0,1.0,0,7.8169,Graduate,0.0523944,LOW
0,1,6,6,6,6.833333333333333,0,0,1.0,6,6,6,7.25,0,0,1.0,0,7.0417,Graduate,0.07099920000000001,LOW
0,1,6,0,0,0.0,0,6,0.0,6,0,0,0.0,0,6,0.0,12,0.0,Dropout,0.7,HIGH
0,1,6,8,6,6.25,0,0,0.75,6,7,6,5.75,0,0,0.8571,0,6.0,Graduate,0.127432,LOW
0,1,6,8,6,6.142857142857143,0,0,0.75,6,6,6,6.5,0,0,1.0,0,6.3214,Graduate,0.10828640000000003,LOW
0,1,5,10,2,7.0,0,3,0.2,5,7,3,5.5,1,2,0.4286,5,6.25,Enrolled,0.349712,MEDIUM
0,1,0,0,0,0.0,0,0,0.0,0,0,0,0.0,0,0,0.0,0,0.0,Dropout,1.0,HIGH
0,1,5,5,4,5.375,0,1,0.8,5,6,4,6.125,0,1,0.6667,2,5.75,Enrolled,0.23132400000000003,MEDIUM
0,1,7,14,4,6.475,1,3,0.2857,7,11,4,6.5625,1,3,0.3636,6,6.5187,Dropout,0.3716072,MEDIUM
0,1,7,7,6,6.225,0,1,0.8571,7,7,6,6.225,0,1,0.8571,2,6.225,Graduate,0.173464,MEDIUM
0,1,6,12,4,6.125,0,2,0.3333,7,9,7,6.0,0,0,0.7778,2,6.0625,Enrolled,0.225612,MEDIUM
0,1,8,8,8,6.690625,0,0,1.0,8,8,8,6.690625,0,0,1.0,0,6.6906,Graduate,0.0794256,LOW
0,0,7,10,5,6.08,0,2,0.5,6,7,5,5.67,0,1,0.7143,3,5.875,Dropout,0.35185599999999995,MEDIUM
1,0,6,11,4,6.25,0,2,0.3636,6,18,2,5.75,0,4,0.1111,6,6.0,Enrolled,0.548524,HIGH
0,1,6,8,6,6.375,0,0,0.75,6,10,6,6.083333333333333,0,0,0.6,0,6.2292,Graduate,0.17249920000000002,MEDIUM
0,1,8,8,8,6.67125,0,0,1.0,8,8,8,6.67125,0,0,1.0,0,6.6712,Graduate,0.07989120000000002,LOW
0,1,7,10,7,7.0875,0,0,0.7,8,14,6,6.515625,0,2,0.4286,2,6.8016,Graduate,0.2607536,MEDIUM
0,1,8,16,1,5.0,1,7,0.0625,8,16,1,5.0,1,7,0.0625,14,5.0,Enrolled,0.5700000000000001,HIGH
0,1,5,9,0,0.0,0,5,0.0,5,8,2,7.25,2,3,0.25,8,3.625,Dropout,0.5329999999999999,HIGH
0,1,5,7,0,0.0,0,5,0.0,5,7,0,0.0,0,5,0.0,10,0.0,Dropout,0.7,HIGH
0,1,5,6,5,6.0,0,0,0.8333,5,8,5,6.071428571428571,0,0,0.625,0,6.0357,Graduate,0.1801392,MEDIUM
0,1,6,8,6,5.285714285714286,0,0,0.75,6,9,5,5.7,0,1,0.5556,1,5.4929,Graduate,0.2326024,MEDIUM
0,1,12,19,11,7.076923076923076,0,1,0.5789,12,20,12,7.714285714285714,0,0,0.6,1,7.3956,Graduate,0.1581936,LOW
0,1,6,9,6,5.583333333333333,0,0,0.6667,6,11,5,6.2,0,1,0.4545,1,5.8917,Graduate,0.24134320000000004,MEDIUM
0,1,17,20,17,6.0,0,0,0.85,17,18,17,6.333333333333333,0,0,0.9444,0,6.1667,Graduate,0.10844720000000002,LOW
0,1,5,11,3,5.666666666666667,0,2,0.2727,5,9,4,6.0,0,1,0.4444,3,5.8333,Dropout,0.2926328,MEDIUM
0,1,16,17,16,6.294117647058824,0,0,0.9412,13,14,13,6.678571428571429,0,0,0.9286,0,6.4863,Graduate,0.0972648,LOW
0,1,6,11,4,6.0,0,2,0.3636,6,9,4,5.375,0,2,0.4444,4,5.6875,Enrolled,0.31886000000000003,MEDIUM
0,0,6,0,0,0.0,0,6,0.0,6,0,0,0.0,0,6,0.0,12,0.0,Dropout,0.7999999999999999,HIGH
0,1,12,13,12,6.125,0,0,0.9231,13,13,13,6.423076923076924,0,0,1.0,0,6.274,Graduate,0.09557600000000001,LOW
0,1,5,7,5,5.8,0,0,0.7143,5,5,5,6.4,0,0,1.0,0,6.1,Graduate,0.11645599999999999,LOW
0,0,5,7,4,6.5,0,1,0.5714,5,11,3,6.0,2,2,0.2727,3,6.25,Dropout,0.43221200000000004,HIGH
1,1,5,11,3,5.333333333333333,0,2,0.2727,5,5,2,6.25,0,3,0.4,5,5.7917,Dropout,0.4571832,HIGH
0,1,11,21,9,6.166666666666667,0,2,0.4286,11,16,9,5.5,0,2,0.5625,4,5.8333,Enrolled,0.3007128,MEDIUM
0,0,5,7,2,5.5,0,3,0.2857,5,9,3,5.714285714285714,0,2,0.3333,5,5.6071,Dropout,0.46590960000000003,HIGH
0,1,7,10,6,6.714285714285714,0,1,0.6,9,9,8,6.5625,0,1,0.8889,2,6.6384,Graduate,0.1815664,MEDIUM
0,1,8,10,8,6.526875,2,0,0.8,8,10,8,6.526875,2,0,0.8,0,6.5269,Graduate,0.1153544,LOW
0,1,7,10,6,6.017857142857143,0,1,0.6,8,9,7,6.875,0,1,0.7778,2,6.4464,Enrolled,0.1950624,MEDIUM
0,1,6,6,6,7.083333333333333,0,0,1.0,6,7,6,6.916666666666667,0,0,0.8571,0,7.0,Graduate,0.11201200000000003,LOW
0,0,6,6,0,0.0,0,6,0.0,6,8,0,0.0,0,6,0.0,12,0.0,Dropout,0.7999999999999999,HIGH
0,1,6,11,5,6.8,0,1,0.4545,6,13,3,6.333333333333333,0,3,0.2308,4,6.5667,Dropout,0.35231520000000005,MEDIUM
0,1,6,7,5,6.1,0,1,0.7143,6,12,2,6.0,0,4,0.1667,5,6.05,Enrolled,0.44384,HIGH
0,1,6,8,6,6.857142857142857,0,0,0.75,6,7,5,6.666666666666667,0,1,0.7143,1,6.7619,Dropout,0.15771039999999997,LOW
1,0,6,10,3,5.833333333333333,0,3,0.3,6,11,2,5.0,0,4,0.1818,7,5.4167,Dropout,0.5650952,HIGH
1,0,6,9,1,7.0,0,5,0.1111,6,6,0,0.0,0,6,0.0,11,3.5,Dropout,0.7293320000000001,HIGH
0,1,6,20,4,6.25,0,2,0.2,6,16,3,5.0,0,3,0.1875,5,5.625,Dropout,0.3865,HIGH
1,0,6,11,5,5.916666666666667,0,1,0.4545,6,11,4,5.75,0,2,0.3636,3,5.8333,Dropout,0.4027328,HIGH
0,0,6,6,0,0.0,0,6,0.0,6,8,0,0.0,0,6,0.0,12,0.0,Dropout,0.7999999999999999,HIGH
1,0,6,0,0,0.0,0,6,0.0,6,0,0,0.0,0,6,0.0,12,0.0,Dropout,0.7999999999999999,HIGH
0,1,17,18,13,5.769230769230769,0,4,0.7222,15,15,10,6.2,0,5,0.6667,9,5.9846,Dropout,0.4263576,HIGH
0,1,9,14,7,5.642857142857143,2,2,0.5,8,15,4,6.125,0,4,0.2667,6,5.8839,Enrolled,0.4241104,HIGH
0,1,0,0,0,0.0,0,0,0.0,0,0,0,0.0,0,0,0.0,0,0.0,Graduate,1.0,HIGH
0,1,6,7,5,5.9,0,1,0.7143,6,9,4,6.0,0,2,0.4444,3,5.95,Enrolled,0.308484,MEDIUM
0,1,5,16,0,0.0,0,5,0.0,5,12,2,5.25,0,3,0.1667,8,2.625,Enrolled,0.5636639999999999,HIGH
1,0,5,5,0,0.0,0,5,0.0,5,5,0,0.0,0,5,0.0,10,0.0,Dropout,0.7999999999999999,HIGH
0,0,5,5,5,7.1,0,0,1.0,5,5,5,7.1,0,0,1.0,0,7.1,Enrolled,0.16960000000000003,LOW
1,1,12,12,10,6.35,0,2,0.8333,11,16,10,6.136363636363636,0,1,0.625,3,6.2432,Enrolled,0.3651592,MEDIUM
0,0,6,10,3,6.333333333333333,0,3,0.3,6,7,0,0.0,0,6,0.0,9,3.1667,Dropout,0.7299992000000001,HIGH
0,1,6,7,6,7.214285714285714,0,0,0.8571,6,8,6,7.5,2,0,0.75,0,7.3571,Graduate,0.11628160000000001,LOW
0,1,7,7,7,6.558571428571428,0,0,1.0,8,9,7,6.3,0,1,0.7778,1,6.4293,Graduate,0.17791279999999998,MEDIUM
1,1,6,7,6,6.333333333333333,0,0,0.8571,6,7,6,5.916666666666667,0,0,0.8571,0,6.125,Graduate,0.215864,MEDIUM
0,1,0,0,0,0.0,0,0,0.0,0,0,0,0.0,0,0,0.0,0,0.0,Dropout,1.0,HIGH
0,1,6,7,6,7.642857142857143,0,0,0.8571,6,6,6,8.25,0,0,1.0,0,7.9464,Graduate,0.0607184,LOW
1,1,5,12,3,5.25,0,2,0.25,5,8,4,5.625,0,1,0.5,3,5.4375,Graduate,0.39949999999999997,HIGH
0,1,11,11,11,6.318181818181818,0,0,1.0,9,11,9,6.3,0,0,0.8182,0,6.3091,Graduate,0.1394856,LOW
0,1,5,6,0,0.0,0,5,0.0,5,0,0,0.0,0,5,0.0,10,0.0,Dropout,0.7,HIGH
1,0,9,9,3,7.166666666666667,0,6,0.3333,7,8,1,7.0,0,6,0.125,12,7.0833,Dropout,0.6349968,HIGH
0,0,8,14,8,7.5625,0,0,0.5714,6,12,6,6.833333333333333,0,0,0.5,0,7.1979,Enrolled,0.2558184,MEDIUM
0,1,7,0,0,0.0,0,7,0.0,8,0,0,0.0,0,8,0.0,15,0.0,Dropout,0.7,HIGH
1,1,7,16,3,6.0,0,4,0.1875,8,10,3,5.166666666666667,0,5,0.3,9,5.5833,Enrolled,0.5970008,HIGH
0,1,6,10,4,7.125,1,2,0.4,6,8,5,6.0,0,1,0.625,3,6.5625,Enrolled,0.2505,MEDIUM
0,1,5,12,2,5.25,0,3,0.1667,5,9,4,5.0,2,1,0.4444,4,5.125,Enrolled,0.3481120000000001,MEDIUM
0,1,6,7,6,6.75,0,0,0.8571,6,7,6,7.214285714285714,0,0,0.8571,0,6.9821,Graduate,0.0952936,LOW
0,1,6,14,5,5.833333333333333,0,1,0.3571,6,11,4,6.0,0,2,0.3636,3,5.9167,Enrolled,0.2903432,MEDIUM
0,1,6,13,5,5.4,0,1,0.3846,6,12,3,5.0,0,3,0.25,4,5.2,Enrolled,0.371352,MEDIUM
0,0,4,4,0,0.0,0,4,0.0,4,8,0,0.0,0,4,0.0,8,0.0,Dropout,0.74,HIGH
0,1,9,11,9,6.4,0,0,0.8182,7,9,7,5.714285714285714,0,0,0.7778,0,6.0571,Graduate,0.1350296,LOW
1,1,5,6,5,5.4,0,0,0.8333,5,7,5,6.0,2,0,0.7143,0,5.7,Dropout,0.263192,MEDIUM
0,1,5,8,4,5.7,0,1,0.5,5,7,4,5.5,0,1,0.5714,2,5.6,Graduate,0.23988800000000002,MEDIUM
0,1,7,7,7,6.862857142857143,0,0,1.0,8,8,8,7.25,0,0,1.0,0,7.0564,Graduate,0.07064639999999998,LOW
0,1,6,6,5,6.4,0,1,0.8333,6,9,5,6.125,0,1,0.5556,2,6.2625,Enrolled,0.254128,MEDIUM
0,1,6,6,6,6.75,0,0,1.0,6,6,6,5.583333333333333,0,0,1.0,0,6.1667,Graduate,0.09199920000000002,LOW
0,1,8,8,7,7.785,0,1,0.875,8,8,7,7.785,0,1,0.875,2,7.785,Dropout,0.13316,LOW
1,1,5,10,4,5.5,0,1,0.4,5,13,2,6.0,0,3,0.1538,4,5.75,Enrolled,0.48693600000000004,HIGH
0,1,7,7,7,7.057142857142857,0,0,1.0,8,9,8,7.955555555555555,0,0,0.8889,0,7.5063,Dropout,0.09095679999999998,LOW
0,1,5,12,3,5.5,1,2,0.25,5,12,4,5.75,0,1,0.3333,3,5.625,Enrolled,0.30833600000000005,MEDIUM
0,1,6,0,0,0.0,0,6,0.0,6,0,0,0.0,0,6,0.0,12,0.0,Dropout,0.7,HIGH
0,1,5,6,4,6.75,0,1,0.6667,5,6,4,6.875,0,1,0.6667,2,6.8125,Graduate,0.18982800000000002,MEDIUM
0,1,6,9,4,5.625,1,2,0.4444,6,10,0,0.0,4,6,0.0,8,2.8125,Dropout,0.625828,HIGH
0,1,6,7,6,6.071428571428571,0,0,0.8571,6,8,6,5.666666666666667,0,0,0.75,0,5.869,Graduate,0.151996,LOW
0,1,8,8,7,6.537857142857143,0,1,0.875,8,8,7,6.537857142857143,0,1,0.875,2,6.5379,Graduate,0.16309040000000002,LOW
0,1,5,0,0,0.0,0,5,0.0,5,0,0,0.0,0,5,0.0,10,0.0,Dropout,0.7,HIGH
1,1,5,9,3,5.5,0,2,0.3333,5,11,2,6.75,0,3,0.1818,5,6.125,Dropout,0.492092,HIGH
0,1,6,16,0,0.0,0,6,0.0,6,7,0,0.0,0,6,0.0,12,0.0,Dropout,0.7,HIGH
0,1,7,12,4,6.5625,0,3,0.3333,7,8,6,6.166666666666667,0,1,0.75,4,6.3646,Enrolled,0.2805856,MEDIUM
0,1,8,8,7,6.756428571428571,0,1,0.875,8,8,7,6.756428571428571,0,1,0.875,2,6.7564,Graduate,0.1578464,LOW
0,1,6,7,6,6.416666666666667,0,0,0.8571,6,6,6,6.083333333333333,0,0,1.0,0,6.25,Graduate,0.101432,LOW
0,1,5,8,3,7.5,2,2,0.375,5,9,3,5.833333333333333,0,2,0.3333,4,6.6667,Dropout,0.31167520000000004,MEDIUM
1,0,6,12,5,6.4,0,1,0.4167,6,16,3,6.666666666666667,0,3,0.1875,4,6.5333,Dropout,0.4607048,HIGH
1,0,6,14,3,6.166666666666667,0,3,0.2143,6,16,0,0.0,0,6,0.0,9,3.0833,Dropout,0.7217168,HIGH
0,1,8,15,5,6.144,1,3,0.3333,8,15,5,6.144,1,3,0.3333,6,6.144,Dropout,0.379216,HIGH
0,1,12,21,12,6.166666666666667,0,0,0.5714,10,13,7,6.642857142857143,2,3,0.5385,3,6.4048,Graduate,0.25407280000000004,MEDIUM
0,1,5,9,4,5.75,0,1,0.4444,5,5,5,6.4,0,0,1.0,1,6.075,Graduate,0.168648,LOW
0,1,6,6,6,5.916666666666667,0,0,1.0,6,11,4,5.571428571428571,0,2,0.3636,2,5.744,Dropout,0.340336,MEDIUM
1,0,5,5,0,0.0,0,5,0.0,5,5,0,0.0,0,5,0.0,10,0.0,Dropout,0.7999999999999999,HIGH
0,1,5,5,0,0.0,0,5,0.0,5,5,0,0.0,0,5,0.0,10,0.0,Dropout,0.7,HIGH
0,1,5,10,5,5.9,0,0,0.5,5,12,3,5.75,0,2,0.25,2,5.825,Enrolled,0.3102,MEDIUM
0,1,6,0,0,0.0,0,6,0.0,6,0,0,0.0,0,6,0.0,12,0.0,Dropout,0.7,HIGH
0,0,5,6,5,6.1,0,0,0.8333,5,8,4,6.0,0,1,0.5,1,6.05,Enrolled,0.344796,MEDIUM
0,1,6,6,6,6.166666666666667,0,0,1.0,5,5,5,6.5,0,0,1.0,0,6.3333,Graduate,0.08800079999999999,LOW
0,1,6,7,6,6.214285714285714,0,0,0.8571,6,6,6,6.416666666666667,0,0,1.0,0,6.3155,Graduate,0.09986,LOW
0,1,7,7,7,6.382857142857144,0,0,1.0,8,9,8,6.772222222222222,0,0,0.8889,0,6.5775,Graduate,0.11324800000000002,LOW
0,1,7,11,5,6.05,0,2,0.4545,7,10,5,6.3,0,2,0.5,4,6.175,Dropout,0.29544000000000004,MEDIUM
0,1,5,10,5,6.0,0,0,0.5,5,9,5,5.75,0,0,0.5556,0,5.875,Graduate,0.174552,MEDIUM
0,1,6,6,0,0.0,0,6,0.0,6,6,0,0.0,0,6,0.0,12,0.0,Dropout,0.7,HIGH
1,1,6,10,6,7.444444444444445,0,0,0.6,6,11,6,6.863636363636364,0,0,0.5455,0,7.154,Enrolled,0.24756399999999998,MEDIUM
0,1,14,19,13,5.678571428571429,0,1,0.6842,14,14,13,6.0,1,1,0.9286,2,5.8393,Graduate,0.19083280000000002,MEDIUM
0,1,6,6,6,6.75,0,0,1.0,6,6,6,6.25,0,0,1.0,0,6.5,Graduate,0.084,LOW
1,0,6,6,0,0.0,0,6,0.0,6,0,0,0.0,0,6,0.0,12,0.0,Dropout,0.7999999999999999,HIGH
0,1,7,7,7,6.942142857142856,0,0,1.0,8,9,8,7.375,0,0,0.8889,0,7.1586,Dropout,0.09930160000000002,LOW
0,0,6,12,5,6.5,0,1,0.4167,6,12,3,5.833333333333333,0,3,0.25,4,6.1667,Enrolled,0.45200320000000005,HIGH
0,1,7,11,4,6.325,0,3,0.3636,7,9,5,5.55,0,2,0.5556,5,5.9375,Enrolled,0.33396400000000004,MEDIUM
0,1,5,10,1,5.5,0,4,0.1,5,13,0,0.0,0,5,0.0,9,2.75,Enrolled,0.6160000000000001,HIGH
0,1,6,12,2,5.833333333333333,0,4,0.1667,6,20,2,5.25,6,4,0.1,8,5.5417,Dropout,0.4990032,HIGH
0,1,6,6,6,7.25,0,0,1.0,6,6,6,6.333333333333333,0,0,1.0,0,6.7917,Graduate,0.07699920000000002,LOW
0,1,6,7,6,7.357142857142857,0,0,0.8571,6,7,6,7.083333333333333,0,0,0.8571,0,7.2202,Graduate,0.08957920000000001,LOW
0,1,6,7,6,6.642857142857143,0,0,0.8571,6,6,6,7.166666666666667,0,0,1.0,0,6.9048,Graduate,0.08571680000000002,LOW
0,1,5,13,3,5.666666666666667,2,2,0.2308,5,12,2,5.25,1,3,0.1667,5,5.4583,Enrolled,0.4000208,HIGH
1,0,7,7,0,0.0,7,7,0.0,7,7,0,0.0,7,7,0.0,14,0.0,Dropout,0.7999999999999999,HIGH
0,1,5,11,4,5.785714285714286,0,1,0.3636,5,9,5,6.0,0,0,0.5556,1,5.8929,Enrolled,0.21503440000000004,MEDIUM
1,1,6,10,5,6.5,0,1,0.5,6,10,4,5.75,0,2,0.4,3,6.125,Dropout,0.391,HIGH
0,1,6,9,6,5.75,0,0,0.6667,6,11,5,7.0,0,1,0.4545,1,6.375,Graduate,0.229744,MEDIUM
0,1,5,8,5,5.9,0,0,0.625,5,10,5,5.8,3,0,0.5,0,5.85,Graduate,0.19460000000000002,MEDIUM
0,0,5,7,3,5.333333333333333,0,2,0.4286,5,10,3,6.142857142857143,0,2,0.3,4,5.7381,Dropout,0.44971760000000005,HIGH
0,1,7,11,6,6.94375,0,1,0.5455,8,9,8,7.432222222222222,0,0,0.8889,1,7.188,Graduate,0.142736,LOW
1,1,6,7,5,5.7,0,1,0.7143,6,9,6,5.75,0,0,0.6667,1,5.725,Graduate,0.29164000000000007,MEDIUM
0,1,11,17,9,6.166666666666667,0,2,0.5294,7,12,7,6.071428571428571,0,0,0.5833,2,6.119,Graduate,0.22412800000000002,MEDIUM
0,1,7,8,5,6.08,0,2,0.625,7,8,5,6.08,0,2,0.625,4,6.08,Enrolled,0.27408,MEDIUM
0,1,8,8,8,6.713749999999999,0,0,1.0,8,8,8,6.713749999999999,0,0,1.0,0,6.7137,Graduate,0.0788712,LOW
0,1,6,6,6,7.583333333333333,0,0,1.0,6,6,2,7.75,0,4,0.3333,4,7.6667,Graduate,0.36267520000000003,MEDIUM
0,1,6,12,0,0.0,1,6,0.0,6,0,0,0.0,0,6,0.0,12,0.0,Dropout,0.7,HIGH
0,1,5,11,2,5.25,2,3,0.1818,5,9,0,0.0,3,5,0.0,8,2.625,Dropout,0.598816,HIGH
0,1,5,5,5,5.9,0,0,1.0,5,8,3,5.5,0,2,0.375,2,5.7,Graduate,0.3382,MEDIUM
1,1,5,6,5,6.6,0,0,0.8333,5,10,5,5.7,3,0,0.5,0,6.15,Enrolled,0.312396,MEDIUM
1,1,7,8,7,6.5375,0,0,0.875,8,11,8,6.180555555555555,0,0,0.7273,0,6.359,Graduate,0.24874000000000002,MEDIUM
0,1,6,8,4,5.8,0,2,0.5,6,14,2,6.5,0,4,0.1429,6,6.15,Dropout,0.45238799999999996,HIGH
0,1,6,10,6,6.833333333333333,0,0,0.6,6,10,4,6.125,0,2,0.4,2,6.4792,Dropout,0.26449920000000005,MEDIUM
0,1,5,9,4,5.375,0,1,0.4444,5,7,2,5.0,0,3,0.2857,4,5.1875,Dropout,0.36883199999999994,MEDIUM
0,1,7,10,6,6.746428571428572,0,1,0.6,8,9,8,6.344444444444445,0,0,0.8889,1,6.5454,Graduate,0.1537984,LOW
0,1,6,14,3,6.25,0,3,0.2143,6,9,4,5.5,0,2,0.4444,5,5.875,Enrolled,0.356304,MEDIUM
0,0,7,0,0,0.0,0,7,0.0,8,0,0,0.0,0,8,0.0,15,0.0,Dropout,0.7999999999999999,HIGH
0,1,5,12,5,6.642857142857143,0,0,0.4167,5,16,5,7.4,0,0,0.3125,0,7.0214,Dropout,0.19399040000000004,MEDIUM
0,1,5,6,5,6.3,0,0,0.8333,5,13,5,5.9,5,0,0.3846,0,6.1,Graduate,0.24590800000000002,MEDIUM
0,1,6,7,6,7.0,0,0,0.8571,6,7,6,7.333333333333333,0,0,0.8571,0,7.1667,Graduate,0.09086320000000003,LOW
1,0,5,7,2,5.75,0,3,0.2857,5,8,2,5.25,0,3,0.25,6,5.5,Dropout,0.512284,HIGH
0,0,6,6,0,0.0,0,6,0.0,6,9,0,0.0,0,6,0.0,12,0.0,Dropout,0.7999999999999999,HIGH
1,0,6,6,6,5.916666666666667,0,0,1.0,6,8,6,6.4375,0,0,0.75,0,6.1771,Graduate,0.2617496,MEDIUM
1,0,6,10,5,5.75,0,1,0.5,6,8,5,6.2,0,1,0.625,2,5.975,Graduate,0.32660000000000006,MEDIUM
0,1,6,6,6,7.083333333333333,0,0,1.0,6,8,6,6.166666666666667,0,0,0.75,0,6.625,Graduate,0.15100000000000002,LOW
0,1,2,2,2,6.25,0,0,1.0,5,6,2,6.25,0,3,0.3333,3,6.25,Enrolled,0.366676,MEDIUM
1,1,5,5,0,0.0,0,5,0.0,5,5,0,0.0,0,5,0.0,10,0.0,Dropout,0.7999999999999999,HIGH
0,1,5,7,0,0.0,0,5,0.0,5,8,1,5.5,0,4,0.125,9,2.75,Enrolled,0.5940000000000001,HIGH
0,0,6,14,2,5.25,0,4,0.1429,6,16,0,0.0,0,6,0.0,10,2.625,Dropout,0.754148,HIGH
0,1,6,6,6,5.916666666666667,0,0,1.0,6,6,6,6.583333333333333,0,0,1.0,0,6.25,Graduate,0.09,LOW
0,1,5,9,0,0.0,0,5,0.0,5,6,0,0.0,0,5,0.0,10,0.0,Dropout,0.7,HIGH
0,1,5,5,5,6.2,0,0,1.0,5,5,5,6.2,0,0,1.0,0,6.2,Graduate,0.0912,LOW
0,0,5,5,2,5.25,0,3,0.4,5,9,0,0.0,0,5,0.0,8,2.625,Dropout,0.725,HIGH
1,0,5,9,0,0.0,0,5,0.0,5,6,0,0.0,0,5,0.0,10,0.0,Dropout,0.7999999999999999,HIGH
0,1,12,12,12,7.291666666666667,0,0,1.0,11,14,11,7.166666666666667,0,0,0.7857,0,7.2292,Graduate,0.12650320000000004,LOW
0,1,6,6,6,5.833333333333333,0,0,1.0,6,10,3,6.333333333333333,0,3,0.3,3,6.0833,Graduate,0.38000079999999997,HIGH
1,0,5,5,0,0.0,0,5,0.0,5,5,0,0.0,0,5,0.0,10,0.0,Dropout,0.7999999999999999,HIGH
0,1,7,14,1,6.5,0,6,0.0714,7,15,0,0.0,0,7,0.0,13,3.25,Dropout,0.630568,HIGH
0,1,7,7,7,7.83,0,0,1.0,10,11,9,7.505555555555556,0,1,0.8182,1,7.6678,Graduate,0.1368768,LOW
0,1,6,10,0,0.0,1,6,0.0,5,10,0,0.0,0,5,0.0,11,0.0,Dropout,0.7,HIGH
0,1,6,6,6,6.083333333333333,0,0,1.0,6,8,4,6.375,0,2,0.5,2,6.2292,Graduate,0.2904992,MEDIUM
0,1,7,7,6,6.65,0,1,0.8571,7,7,6,6.65,0,1,0.8571,2,6.65,Graduate,0.16326400000000002,LOW
0,1,7,15,0,0.0,0,7,0.0,7,13,0,0.0,1,7,0.0,14,0.0,Dropout,0.7,HIGH
0,1,7,0,0,0.0,0,7,0.0,8,0,0,0.0,0,8,0.0,15,0.0,Dropout,0.7,HIGH
1,0,0,0,0,0.0,0,0,0.0,0,0,0,0.0,0,0,0.0,0,0.0,Dropout,1.0,HIGH
0,1,8,8,7,6.77857142857143,0,1,0.875,8,8,7,6.77857142857143,0,1,0.875,2,6.7786,Graduate,0.1573136,LOW
1,1,7,15,5,7.166666666666667,0,2,0.3333,6,16,6,7.318181818181818,0,0,0.375,2,7.2424,Enrolled,0.3295184,MEDIUM
0,1,6,16,4,6.0,0,2,0.25,6,11,3,5.166666666666667,0,3,0.2727,5,5.5833,Dropout,0.3741848,HIGH
0,1,5,5,0,0.0,0,5,0.0,6,0,0,0.0,0,6,0.0,11,0.0,Dropout,0.7,HIGH
0,1,0,0,0,0.0,0,0,0.0,0,0,0,0.0,0,0,0.0,0,0.0,Graduate,1.0,HIGH
0,1,7,11,4,5.875,0,3,0.3636,7,14,3,5.8625,0,4,0.2143,7,5.8688,Enrolled,0.4527768,HIGH
0,1,7,7,6,6.091666666666666,0,1,0.8571,7,7,6,6.091666666666666,0,1,0.8571,2,6.0917,Graduate,0.1766632,MEDIUM
0,0,9,18,6,5.916666666666667,0,3,0.3333,8,21,4,5.5,0,4,0.1905,7,5.7083,Dropout,0.5596568,HIGH
1,0,4,4,0,0.0,0,4,0.0,4,4,0,0.0,0,4,0.0,8,0.0,Dropout,0.74,HIGH
0,1,6,8,6,7.5,0,0,0.75,6,10,5,7.166666666666667,0,1,0.5,1,7.3333,Graduate,0.20400079999999998,MEDIUM
0,1,0,0,0,0.0,0,0,0.0,0,0,0,0.0,0,0,0.0,0,0.0,Graduate,1.0,HIGH
0,1,0,0,0,0.0,0,0,0.0,0,0,0,0.0,0,0,0.0,0,0.0,Graduate,1.0,HIGH
0,1,8,8,8,6.7175,0,0,1.0,8,8,8,6.7175,0,0,1.0,0,6.7175,Graduate,0.07877999999999999,LOW
0,1,5,8,4,6.75,2,1,0.5,5,9,0,0.0,3,5,0.0,6,3.375,Dropout,0.559,HIGH
0,1,0,0,0,0.0,0,0,0.0,0,0,0,0.0,0,0,0.0,0,0.0,Enrolled,1.0,HIGH
0,1,17,18,17,5.75,0,0,0.9444,17,17,17,6.088235294117646,0,0,1.0,0,5.9191,Graduate,0.1023896,LOW
0,1,6,10,2,5.25,0,4,0.2,6,6,3,5.5,0,3,0.5,7,5.375,Enrolled,0.42500000000000004,HIGH
0,1,6,13,4,6.0,0,2,0.3077,6,17,2,5.75,0,4,0.1176,6,5.875,Enrolled,0.442996,HIGH
1,0,6,7,5,6.1,0,1,0.7143,6,11,4,5.75,0,2,0.3636,3,5.925,Dropout,0.4317080000000001,HIGH
0,1,0,0,0,0.0,0,0,0.0,0,0,0,0.0,0,0,0.0,0,0.0,Graduate,1.0,HIGH
0,1,11,15,10,7.25,0,1,0.6667,9,15,8,7.0,0,1,0.5333,2,7.125,Graduate,0.21968,MEDIUM
1,1,6,7,6,6.666666666666667,0,0,0.8571,6,8,6,6.333333333333333,0,0,0.75,0,6.5,Graduate,0.236852,MEDIUM
0,1,11,29,9,6.0,6,2,0.3103,10,21,9,6.277777777777778,0,1,0.4286,3,6.1389,Graduate,0.2835544,MEDIUM
0,1,6,9,6,7.5625,0,0,0.6667,6,9,6,7.0,0,0,0.6667,0,7.2812,Graduate,0.11857920000000002,LOW
0,1,7,7,6,6.558333333333334,0,1,0.8571,7,7,6,6.558333333333334,0,1,0.8571,2,6.5583,Graduate,0.16546480000000002,LOW
0,1,6,7,6,6.416666666666667,0,0,0.8571,6,7,6,5.833333333333333,0,0,0.8571,0,6.125,Graduate,0.115864,LOW
0,1,6,6,6,6.666666666666667,0,0,1.0,6,6,6,7.083333333333333,0,0,1.0,0,6.875,Graduate,0.07500000000000001,LOW
0,1,7,7,7,6.938571428571428,0,0,1.0,8,8,8,7.83125,0,0,1.0,0,7.3849,Graduate,0.06276240000000001,LOW
0,1,8,8,7,6.472142857142857,0,1,0.875,8,8,7,6.472142857142857,0,1,0.875,2,6.4721,Graduate,0.16466959999999997,LOW
0,1,6,8,5,6.166666666666667,0,1,0.625,6,8,5,5.5,0,1,0.625,2,5.8333,Enrolled,0.22000080000000002,MEDIUM
0,1,7,7,6,7.133333333333333,0,1,0.8571,7,7,6,7.133333333333333,0,1,0.8571,2,7.1333,Graduate,0.1516648,LOW
0,1,6,8,5,6.5,0,1,0.625,6,8,5,7.0,0,1,0.625,2,6.75,Graduate,0.19799999999999998,MEDIUM
0,1,8,8,8,6.241875,0,0,1.0,8,8,8,6.241875,0,0,1.0,0,6.2419,Graduate,0.0901944,LOW
0,1,7,8,7,6.714285714285714,0,0,0.875,8,8,8,7.65625,0,0,1.0,0,7.1853,Graduate,0.0775528,LOW
1,0,6,9,3,5.333333333333333,0,3,0.3333,6,12,0,0.0,0,6,0.0,9,2.6667,Dropout,0.7459952,HIGH
0,1,6,8,5,7.7,0,1,0.625,6,7,5,6.1,0,1,0.7143,2,6.9,Graduate,0.187256,MEDIUM
0,1,7,7,6,6.725,0,1,0.8571,7,7,6,6.725,0,1,0.8571,2,6.725,Graduate,0.161464,LOW
0,1,7,7,6,6.3,0,1,0.8571,7,7,6,6.3,0,1,0.8571,2,6.3,Graduate,0.171664,MEDIUM
0,1,7,7,7,6.242857142857143,0,0,1.0,8,12,8,6.46875,0,0,0.6667,0,6.3558,Graduate,0.1807848,MEDIUM
0,1,6,10,5,5.4,0,1,0.5,6,7,5,6.4,0,1,0.7143,2,5.9,Graduate,0.22125599999999998,MEDIUM
1,1,6,12,5,6.1,0,1,0.4167,6,8,5,7.3,0,1,0.625,2,6.7,Enrolled,0.31586400000000003,MEDIUM
0,1,6,11,5,7.1,0,1,0.4545,6,12,2,6.75,0,4,0.1667,5,6.925,Enrolled,0.391664,HIGH
0,1,6,7,6,6.916666666666667,0,0,0.8571,6,6,6,7.0,0,0,1.0,0,6.9583,Graduate,0.0844328,LOW
0,1,6,8,5,6.4,0,1,0.625,6,14,3,5.0,0,3,0.2143,4,5.7,Enrolled,0.398196,HIGH
0,1,5,5,5,6.6,0,0,1.0,5,6,4,6.25,0,1,0.6667,1,6.425,Graduate,0.20912400000000003,MEDIUM
1,1,6,7,1,7.0,0,5,0.1429,6,6,0,0.0,0,6,0.0,11,3.5,Dropout,0.733148,HIGH
0,1,8,8,8,6.9375,0,0,1.0,6,8,5,7.0,0,1,0.625,1,6.9688,Graduate,0.20774880000000004,MEDIUM
0,1,5,7,5,6.25,0,0,0.7143,5,8,5,6.357142857142857,0,0,0.625,0,6.3036,Graduate,0.1594296,LOW
0,1,6,7,6,6.714285714285714,0,0,0.8571,6,6,6,6.25,0,0,1.0,0,6.4821,Graduate,0.09586160000000002,LOW
0,0,6,7,5,5.9,0,1,0.7143,6,7,5,6.5,0,1,0.7143,2,6.2,Enrolled,0.296912,MEDIUM
0,1,7,7,7,7.434285714285714,0,0,1.0,8,9,8,7.555555555555555,0,0,0.8889,0,7.4949,Graduate,0.09123039999999999,LOW
0,1,7,10,7,6.515,0,0,0.7,8,8,8,6.609375,0,0,1.0,0,6.5622,Graduate,0.10650720000000001,LOW
0,1,6,7,6,7.285714285714286,0,0,0.8571,6,7,6,6.166666666666667,0,0,0.8571,0,6.7262,Graduate,0.10143520000000002,LOW
0,1,6,9,5,5.5,0,1,0.5556,6,9,4,5.625,0,2,0.4444,3,5.5625,Graduate,0.29873999999999995,MEDIUM
0,1,8,8,8,6.68375,0,0,1.0,8,8,8,6.68375,0,0,1.0,0,6.6837,Graduate,0.0795912,LOW
0,1,7,7,6,6.404166666666666,0,1,0.8571,8,11,7,6.412857142857143,0,1,0.6364,2,6.4085,Graduate,0.23085600000000003,MEDIUM
0,1,7,7,7,6.959285714285714,0,0,1.0,8,9,8,6.94375,0,0,0.8889,0,6.9515,Graduate,0.10427199999999998,LOW
0,1,6,8,6,6.5,0,0,0.75,6,9,4,6.4,0,2,0.4444,2,6.45,Graduate,0.270768,MEDIUM
0,1,7,7,6,6.841666666666666,0,1,0.8571,7,7,6,6.841666666666666,0,1,0.8571,2,6.8417,Graduate,0.1586632,LOW
0,1,6,11,5,6.5,0,1,0.4545,6,12,1,6.0,0,5,0.0833,6,6.25,Dropout,0.461216,HIGH
0,1,6,8,5,6.4,0,1,0.625,6,7,5,5.6,0,1,0.7143,2,6.0,Graduate,0.20885599999999999,MEDIUM
0,1,6,9,6,6.785714285714286,0,0,0.6667,6,6,6,6.083333333333333,0,0,1.0,0,6.4345,Graduate,0.112236,LOW
0,1,6,6,6,6.583333333333333,0,0,1.0,6,6,6,6.583333333333333,0,0,1.0,0,6.5833,Graduate,0.08200079999999998,LOW
0,1,6,6,6,7.5,0,0,1.0,6,6,6,7.25,0,0,1.0,0,7.375,Graduate,0.06299999999999999,LOW
0,1,6,6,6,6.333333333333333,0,0,1.0,6,8,5,5.7,0,1,0.625,1,6.0167,Graduate,0.2305992,MEDIUM
0,1,6,7,6,6.928571428571429,0,0,0.8571,6,7,6,6.571428571428571,0,0,0.8571,0,6.75,Dropout,0.10086400000000001,LOW
0,1,7,7,7,7.346428571428572,0,0,1.0,8,8,8,7.48125,0,0,1.0,0,7.4138,Graduate,0.06206879999999999,LOW
0,1,8,8,8,7.0175,0,0,1.0,8,8,8,7.0175,0,0,1.0,0,7.0175,Graduate,0.07158,LOW
0,1,5,8,4,5.5,1,1,0.5,5,8,3,7.0,0,2,0.375,3,6.25,Graduate,0.29500000000000004,MEDIUM
0,1,6,6,6,6.666666666666667,0,0,1.0,6,6,6,6.666666666666667,0,0,1.0,0,6.6667,Graduate,0.0799992,LOW
0,1,7,13,6,5.88625,0,1,0.4615,8,9,7,6.165,0,1,0.7778,2,6.0256,Graduate,0.2162416,MEDIUM
0,1,6,0,0,0.0,0,6,0.0,6,0,0,0.0,0,6,0.0,12,0.0,Dropout,0.7,HIGH
0,1,6,0,0,0.0,0,6,0.0,6,12,0,0.0,0,6,0.0,12,0.0,Dropout,0.7,HIGH
0,0,0,0,0,0.0,0,0,0.0,0,0,0,0.0,0,0,0.0,0,0.0,Dropout,1.0,HIGH
0,1,6,7,6,6.142857142857143,0,0,0.8571,6,6,6,6.0,0,0,1.0,0,6.0714,Graduate,0.10571839999999999,LOW
0,1,8,14,5,6.23,0,3,0.3571,8,14,5,6.23,0,3,0.3571,6,6.23,Enrolled,0.373344,HIGH
0,1,7,10,6,6.083333333333333,0,1,0.6,7,9,6,6.583333333333333,0,1,0.6667,2,6.3333,Graduate,0.20666479999999998,MEDIUM
0,1,6,9,5,5.916666666666667,0,1,0.5556,6,8,2,5.75,0,4,0.25,5,5.8333,Enrolled,0.4066728,HIGH
0,1,8,8,7,7.402857142857143,0,1,0.875,8,8,7,7.402857142857143,0,1,0.875,2,7.4029,Graduate,0.14233040000000002,LOW
0,1,6,11,5,5.3,0,1,0.4545,6,10,6,5.857142857142857,0,0,0.6,1,5.5786,Dropout,0.21175360000000001,MEDIUM
1,0,9,9,8,6.5625,0,1,0.8889,9,13,6,6.5,0,3,0.4615,4,6.5312,Enrolled,0.44069919999999996,HIGH
1,1,6,6,6,6.416666666666667,0,0,1.0,6,6,6,6.333333333333333,0,0,1.0,0,6.375,Graduate,0.18700000000000003,MEDIUM
0,1,8,8,0,0.0,8,8,0.0,8,8,0,0.0,8,8,0.0,16,0.0,Enrolled,0.7,HIGH
0,1,6,9,5,6.5,0,1,0.5556,6,6,5,6.9,0,1,0.8333,2,6.7,Graduate,0.18808799999999998,MEDIUM
0,1,7,8,7,6.3625,0,0,0.875,8,8,8,6.85625,0,0,1.0,0,6.6094,Graduate,0.09137440000000001,LOW
0,1,5,10,4,5.625,1,1,0.4,5,10,3,5.166666666666667,0,2,0.3,3,5.3958,Graduate,0.32450080000000003,MEDIUM
0,1,12,12,11,6.909090909090909,0,1,0.9167,12,16,12,6.730769230769231,0,0,0.75,1,6.8199,Graduate,0.16632639999999999,LOW
0,1,5,12,3,6.166666666666667,2,2,0.25,5,8,3,6.5,1,2,0.375,4,6.3333,Graduate,0.3180008,MEDIUM
0,1,5,14,3,6.166666666666667,2,2,0.2143,5,8,5,5.8,0,0,0.625,2,5.9833,Enrolled,0.2492568,MEDIUM
1,1,6,8,4,6.625,0,2,0.5,6,10,3,5.333333333333333,0,3,0.3,5,5.9792,Enrolled,0.4824992,HIGH
0,1,6,7,6,6.833333333333333,0,0,0.8571,6,9,5,7.7,0,1,0.5556,1,7.2667,Graduate,0.20288319999999999,MEDIUM
1,1,11,18,8,6.3125,0,3,0.4444,10,10,3,5.5,0,7,0.3,10,5.9062,Enrolled,0.6275792,HIGH
0,1,6,6,6,7.416666666666667,0,0,1.0,6,8,6,6.071428571428571,0,0,0.75,0,6.744,Graduate,0.148144,LOW
0,1,6,7,5,5.6,0,1,0.7143,6,10,5,6.5625,0,1,0.5,2,6.0812,Dropout,0.2597672,MEDIUM
0,1,5,6,5,5.7,0,0,0.8333,5,6,5,6.1,0,0,0.8333,0,5.9,Graduate,0.125072,LOW
0,1,7,8,7,6.5675,0,0,0.875,8,9,8,6.622222222222222,0,0,0.8889,0,6.5949,Graduate,0.10061039999999999,LOW
0,1,10,10,10,6.5,0,0,1.0,11,11,10,5.7,0,1,0.9091,1,6.1,Dropout,0.149052,LOW
0,1,7,12,4,6.425,0,3,0.3333,7,7,7,6.310714285714285,0,0,1.0,3,6.3679,Enrolled,0.2305064,MEDIUM
0,1,6,6,6,6.75,0,0,1.0,6,9,5,6.25,0,1,0.5556,1,6.5,Graduate,0.238432,MEDIUM
0,1,6,7,6,7.142857142857143,0,0,0.8571,6,9,3,6.5,0,3,0.3333,3,6.8214,Enrolled,0.33581440000000007,MEDIUM
0,1,6,8,5,6.75,0,1,0.625,6,6,6,7.25,0,0,1.0,1,7.0,Graduate,0.132,LOW
0,1,5,8,4,5.375,0,1,0.5,5,5,5,6.5,0,0,1.0,1,5.9375,Graduate,0.1675,LOW
0,1,6,9,6,5.666666666666667,0,0,0.6667,6,9,6,5.916666666666667,0,0,0.6667,0,5.7917,Graduate,0.1543272,LOW
0,1,7,15,3,6.5,2,4,0.2,5,12,5,6.642857142857143,1,0,0.4167,4,6.5714,Graduate,0.3129504,MEDIUM
0,1,7,7,6,6.983333333333334,0,1,0.8571,7,7,6,6.983333333333334,0,1,0.8571,2,6.9833,Graduate,0.1552648,LOW
0,1,8,8,8,7.070625,0,0,1.0,8,8,8,7.070625,0,0,1.0,0,7.0706,Graduate,0.0703056,LOW
0,1,6,10,4,5.8,0,2,0.4,6,10,4,5.875,0,2,0.4,4,5.8375,Graduate,0.3159,MEDIUM
0,1,8,8,8,7.33125,0,0,1.0,8,8,8,7.33125,0,0,1.0,0,7.3312,Graduate,0.0640512,LOW
0,1,5,5,0,0.0,0,5,0.0,5,5,0,0.0,0,5,0.0,10,0.0,Enrolled,0.7,HIGH
0,1,7,8,6,6.496666666666667,0,1,0.75,8,9,8,6.334375,0,0,0.8889,1,6.4155,Graduate,0.144916,LOW
0,1,6,10,4,5.625,0,2,0.4,6,11,5,6.1,0,1,0.4545,3,5.8625,Enrolled,0.28094,MEDIUM
0,1,6,8,5,6.1,0,1,0.625,6,10,5,6.4,0,1,0.5,2,6.25,Graduate,0.24500000000000002,MEDIUM
0,1,0,0,0,0.0,0,0,0.0,0,0,0,0.0,0,0,0.0,0,0.0,Dropout,1.0,HIGH
1,1,6,6,6,5.666666666666667,0,0,1.0,6,6,4,5.875,0,2,0.6667,2,5.7708,Enrolled,0.35482480000000005,MEDIUM
0,1,5,7,5,6.1,0,0,0.7143,5,7,5,5.9,0,0,0.7143,0,6.0,Graduate,0.141712,LOW
0,1,6,12,0,0.0,0,6,0.0,6,12,0,0.0,0,6,0.0,12,0.0,Dropout,0.7,HIGH
0,1,6,8,6,5.666666666666667,0,0,0.75,6,6,6,5.833333333333333,0,0,1.0,0,5.75,Graduate,0.122,LOW
0,1,6,8,6,6.928571428571429,0,0,0.75,6,15,6,6.55,0,0,0.4,0,6.7393,Graduate,0.21625680000000003,MEDIUM
0,1,6,7,6,6.428571428571429,0,0,0.8571,6,6,6,6.666666666666667,0,0,1.0,0,6.5476,Graduate,0.0942896,LOW
0,1,6,10,1,5.0,0,5,0.1,6,12,0,0.0,0,6,0.0,11,2.5,Dropout,0.652,HIGH
1,0,15,17,14,5.107142857142857,0,1,0.8235,13,13,13,5.692307692307692,0,0,1.0,1,5.3997,Graduate,0.25452719999999995,MEDIUM
1,0,6,14,6,5.642857142857143,0,0,0.4286,6,16,3,5.166666666666667,0,3,0.1875,3,5.4048,Dropout,0.4592168,HIGH
0,1,6,6,6,6.916666666666667,0,0,1.0,6,7,0,0.0,0,6,0.0,6,3.4583,Dropout,0.6170008,HIGH
0,1,6,8,6,6.428571428571429,0,0,0.75,6,8,5,6.3,0,1,0.625,1,6.3643,Graduate,0.19225679999999998,MEDIUM
0,1,6,8,6,5.833333333333333,0,0,0.75,6,9,4,6.0,0,2,0.4444,2,5.9167,Dropout,0.2835672,MEDIUM
0,0,6,12,0,0.0,0,6,0.0,5,10,0,0.0,0,5,0.0,11,0.0,Dropout,0.7999999999999999,HIGH
0,1,5,7,5,7.2,0,0,0.7143,5,6,5,6.6,0,0,0.8333,0,6.9,Graduate,0.11059199999999998,LOW
0,1,6,6,6,7.416666666666667,0,0,1.0,6,6,6,7.083333333333333,0,0,1.0,0,7.25,Graduate,0.066,LOW
0,1,6,14,6,7.166666666666667,0,0,0.4286,6,9,6,6.0,0,0,0.6667,0,6.5833,Graduate,0.15437679999999998,LOW
0,1,0,0,0,0.0,0,0,0.0,0,0,0,0.0,0,0,0.0,0,0.0,Graduate,1.0,HIGH
0,1,6,0,0,0.0,0,6,0.0,6,0,0,0.0,0,6,0.0,12,0.0,Dropout,0.7,HIGH
0,1,7,9,6,6.166666666666667,0,1,0.6667,7,7,6,6.333333333333333,0,1,0.8571,2,6.25,Graduate,0.18809599999999999,MEDIUM
0,1,5,5,5,5.9,0,0,1.0,5,5,5,6.2,0,0,1.0,0,6.05,Graduate,0.0948,LOW
1,1,6,7,5,6.6,0,1,0.7143,6,7,5,5.3,0,1,0.7143,2,5.95,Dropout,0.302912,MEDIUM
1,0,6,6,0,0.0,0,6,0.0,5,10,0,0.0,0,5,0.0,11,0.0,Dropout,0.7999999999999999,HIGH
0,0,6,0,0,0.0,0,6,0.0,6,0,0,0.0,0,6,0.0,12,0.0,Dropout,0.7999999999999999,HIGH
0,1,6,6,6,5.75,0,0,1.0,6,7,6,6.642857142857143,0,0,0.8571,0,6.1964,Graduate,0.13129840000000004,LOW
0,1,6,8,5,6.3,0,1,0.625,6,7,5,6.1,0,1,0.7143,2,6.2,Graduate,0.204056,MEDIUM
0,1,7,7,7,6.771428571428572,0,0,1.0,8,9,8,7.11111111111111,0,0,0.8889,0,6.9413,Graduate,0.10451679999999999,LOW
0,1,6,8,5,5.8,0,1,0.625,6,6,5,6.5,0,1,0.8333,2,6.15,Enrolled,0.195736,MEDIUM
0,1,6,7,6,6.833333333333333,0,0,0.8571,6,6,6,6.916666666666667,0,0,1.0,0,6.875,Graduate,0.08643200000000001,LOW
0,0,6,10,0,0.0,0,6,0.0,6,8,0,0.0,0,6,0.0,12,0.0,Dropout,0.7999999999999999,HIGH
0,0,6,0,0,0.0,0,6,0.0,6,0,0,0.0,0,6,0.0,12,0.0,Dropout,0.7999999999999999,HIGH
0,1,0,0,0,0.0,0,0,0.0,0,0,0,0.0,0,0,0.0,0,0.0,Dropout,1.0,HIGH
0,1,6,6,6,5.75,0,0,1.0,6,8,6,6.142857142857143,0,0,0.75,0,5.9464,Graduate,0.1672864,LOW
0,1,5,12,2,5.75,0,3,0.1667,5,9,4,5.875,0,1,0.4444,4,5.8125,Enrolled,0.331612,MEDIUM
0,1,7,7,7,5.914285714285714,0,0,1.0,8,10,7,6.45625,0,1,0.7,1,6.1853,Graduate,0.20555279999999998,MEDIUM
0,1,0,0,0,0.0,0,0,0.0,0,0,0,0.0,0,0,0.0,0,0.0,Graduate,1.0,HIGH
0,1,0,0,0,0.0,0,0,0.0,0,0,0,0.0,0,0,0.0,0,0.0,Enrolled,1.0,HIGH
0,1,7,7,6,6.483333333333334,0,1,0.8571,7,7,6,6.483333333333334,0,1,0.8571,2,6.4833,Graduate,0.1672648,LOW
0,1,6,6,6,6.916666666666667,0,0,1.0,6,6,6,6.833333333333333,0,0,1.0,0,6.875,Graduate,0.07500000000000001,LOW
0,1,7,7,7,7.062857142857142,0,0,1.0,8,8,8,7.184375,0,0,1.0,0,7.1236,Graduate,0.0690336,LOW
1,1,10,12,5,6.083333333333333,4,5,0.4167,8,8,0,0.0,2,8,0.0,13,3.0417,Dropout,0.7770031999999999,HIGH
0,1,6,17,6,6.333333333333333,0,0,0.3529,6,21,4,6.125,0,2,0.1905,2,6.2292,Graduate,0.29950720000000003,MEDIUM
0,1,4,4,0,0.0,0,4,0.0,5,0,0,0.0,0,5,0.0,9,0.0,Dropout,0.67,HIGH
1,1,6,8,6,6.142857142857143,0,0,0.75,6,7,6,7.083333333333333,0,0,0.8571,0,6.6131,Graduate,0.2127176,MEDIUM
0,1,6,7,3,7.25,0,3,0.4286,7,8,4,7.1875,0,3,0.5,6,7.2188,Enrolled,0.3324608,MEDIUM
0,1,5,8,2,5.0,0,3,0.25,5,7,1,5.0,0,4,0.1429,7,5.0,Dropout,0.479988,HIGH
0,1,5,11,2,5.75,1,3,0.1818,5,8,2,6.0,0,3,0.25,6,5.875,Dropout,0.404456,HIGH
0,1,5,6,5,5.8,0,0,0.8333,5,6,4,5.75,0,1,0.6667,1,5.775,Graduate,0.20472000000000004,MEDIUM
0,1,6,6,6,6.25,0,0,1.0,6,6,6,5.833333333333333,0,0,1.0,0,6.0417,Graduate,0.0949992,LOW
1,0,6,9,3,5.833333333333333,0,3,0.3333,6,10,2,5.5,0,4,0.2,7,5.6667,Dropout,0.5579952,HIGH
0,1,10,11,7,6.714285714285714,0,3,0.6364,10,11,10,5.8,0,0,0.9091,3,6.2571,Graduate,0.21618959999999998,MEDIUM
0,1,6,6,6,6.833333333333333,0,0,1.0,6,6,6,6.75,0,0,1.0,0,6.7917,Graduate,0.07699920000000002,LOW
0,1,6,6,6,6.25,0,0,1.0,6,6,6,6.083333333333333,0,0,1.0,0,6.1667,Graduate,0.09199920000000002,LOW
0,1,6,7,6,6.5,0,0,0.8571,6,15,4,6.4,0,2,0.2667,2,6.45,Graduate,0.333376,MEDIUM
0,1,7,9,6,6.391666666666666,0,1,0.6667,8,9,7,6.421428571428572,0,1,0.7778,2,6.4065,Graduate,0.190684,MEDIUM
0,1,7,0,0,0.0,0,7,0.0,8,0,0,0.0,0,8,0.0,15,0.0,Dropout,0.7,HIGH
0,1,7,13,4,6.75,0,3,0.3077,7,11,4,5.6125,0,3,0.3636,6,6.1813,Dropout,0.37794479999999997,HIGH
0,1,7,7,7,6.728571428571428,0,0,1.0,8,8,8,7.5625,0,0,1.0,0,7.1455,Graduate,0.068508,LOW
0,1,8,8,7,6.72142857142857,0,1,0.875,8,8,7,6.72142857142857,0,1,0.875,2,6.7214,Graduate,0.1586864,LOW
0,1,6,13,4,5.5,0,2,0.3077,6,12,5,5.416666666666667,0,1,0.4167,3,5.4583,Graduate,0.3010488,MEDIUM
0,1,6,6,6,5.666666666666667,0,0,1.0,6,7,6,6.142857142857143,0,0,0.8571,0,5.9048,Graduate,0.1382968,LOW
0,1,5,7,2,5.0,0,3,0.2857,1,1,0,0.0,0,1,0.0,4,2.5,Dropout,0.494284,HIGH
0,1,7,10,5,6.72,0,2,0.5,7,8,6,6.533333333333334,0,1,0.75,3,6.6267,Enrolled,0.2309592,MEDIUM
0,1,7,8,7,6.107142857142857,0,0,0.875,8,8,8,7.03125,0,0,1.0,0,6.5692,Graduate,0.09233919999999998,LOW
0,1,6,6,6,7.083333333333333,0,0,1.0,6,6,6,6.75,0,0,1.0,0,6.9167,Graduate,0.0739992,LOW
1,1,12,13,12,6.423076923076924,0,0,0.9231,11,13,11,6.318181818181818,0,0,0.8462,0,6.3706,Graduate,0.22094160000000004,MEDIUM
0,1,6,8,6,6.5,0,0,0.75,6,18,2,6.0,0,4,0.1111,4,6.25,Enrolled,0.428892,HIGH
0,1,5,6,5,6.4,1,0,0.8333,5,7,4,5.625,0,1,0.5714,1,6.0125,Graduate,0.225704,MEDIUM
1,0,6,13,4,6.5,0,2,0.3077,6,11,5,6.0,0,1,0.4545,3,6.25,Dropout,0.379024,HIGH
0,1,7,7,7,6.685714285714286,0,0,1.0,8,9,8,6.833333333333333,0,0,0.8889,0,6.7595,Graduate,0.10887999999999998,LOW
0,1,7,8,7,6.692857142857143,0,0,0.875,8,8,8,6.69375,0,0,1.0,0,6.6933,Graduate,0.0893608,LOW
0,1,8,8,7,6.664285714285714,0,1,0.875,8,8,7,6.664285714285714,0,1,0.875,2,6.6643,Graduate,0.1600568,LOW
0,1,6,12,5,7.0,0,1,0.4167,6,14,5,5.5,0,1,0.3571,2,6.25,Graduate,0.260016,MEDIUM
0,1,5,5,5,6.3,0,0,1.0,5,5,5,6.6,0,0,1.0,0,6.45,Graduate,0.0852,LOW
0,1,6,7,6,7.0,0,0,0.8571,6,6,6,7.5,0,0,1.0,0,7.25,Graduate,0.07743200000000001,LOW
0,1,6,7,6,6.714285714285714,0,0,0.8571,6,6,6,6.333333333333333,0,0,1.0,0,6.5238,Graduate,0.09486080000000002,LOW
0,1,6,6,6,6.5,0,0,1.0,6,6,6,6.25,0,0,1.0,0,6.375,Graduate,0.08700000000000002,LOW
0,1,6,8,5,6.333333333333333,0,1,0.625,6,8,5,5.5,0,1,0.625,2,5.9167,Enrolled,0.21799920000000003,MEDIUM
0,0,5,9,3,5.0,1,2,0.3333,5,9,3,6.166666666666667,0,2,0.3333,4,5.5833,Dropout,0.43267279999999997,HIGH
0,1,6,7,6,6.416666666666667,0,0,0.8571,6,10,6,5.88888888888889,0,0,0.6,0,6.1528,Graduate,0.18718479999999998,MEDIUM
0,1,7,7,6,6.458333333333333,0,1,0.8571,7,7,6,6.458333333333333,0,1,0.8571,2,6.4583,Graduate,0.1678648,LOW
0,1,6,9,6,6.642857142857143,0,0,0.6667,6,8,5,6.9,0,1,0.625,1,6.7714,Graduate,0.1724904,MEDIUM
0,1,5,6,5,7.3,0,0,0.8333,5,5,5,6.9,0,0,1.0,0,7.1,Graduate,0.08293600000000001,LOW
0,1,6,6,6,7.0,0,0,1.0,6,6,6,6.833333333333333,0,0,1.0,0,6.9167,Graduate,0.0739992,LOW
0,1,6,7,6,7.071428571428571,0,0,0.8571,6,6,6,7.5,0,0,1.0,0,7.2857,Graduate,0.07657520000000001,LOW
0,1,6,8,6,5.833333333333333,0,0,0.75,6,6,6,6.166666666666667,0,0,1.0,0,6.0,Graduate,0.11599999999999999,LOW
0,1,8,9,8,7.18875,1,0,0.8889,8,9,8,7.18875,1,0,0.8889,0,7.1887,Graduate,0.0852472,LOW
0,1,7,8,7,6.25,0,0,0.875,8,9,7,6.521428571428572,0,1,0.7778,1,6.3857,Graduate,0.1639592,LOW
0,1,7,7,6,7.075,0,1,0.8571,7,7,6,7.075,0,1,0.8571,2,7.075,Graduate,0.153064,LOW
0,1,8,12,7,6.235714285714286,0,1,0.5833,8,12,7,6.235714285714286,0,1,0.5833,2,6.2357,Graduate,0.21701520000000002,MEDIUM
0,1,7,7,6,7.075,0,1,0.8571,7,7,6,7.075,0,1,0.8571,2,7.075,Graduate,0.153064,LOW
0,1,7,11,7,7.036111111111112,0,0,0.6364,8,8,8,7.02375,0,0,1.0,0,7.0299,Graduate,0.1003704,LOW
0,1,6,7,6,7.428571428571429,0,0,0.8571,6,6,6,7.333333333333333,0,0,1.0,0,7.381,Graduate,0.074288,LOW
0,1,6,7,6,7.142857142857143,0,0,0.8571,6,6,6,6.583333333333333,0,0,1.0,0,6.8631,Graduate,0.08671760000000002,LOW
0,0,4,4,0,0.0,0,4,0.0,4,4,0,0.0,0,4,0.0,8,0.0,Dropout,0.74,HIGH
0,1,6,0,0,0.0,0,6,0.0,6,0,0,0.0,0,6,0.0,12,0.0,Dropout,0.7,HIGH
0,1,6,8,6,7.5,0,0,0.75,6,8,5,7.583333333333333,0,1,0.625,1,7.5417,Dropout,0.1639992,LOW
0,1,7,7,6,6.316666666666666,0,1,0.8571,7,7,6,6.316666666666666,0,1,0.8571,2,6.3167,Graduate,0.1712632,MEDIUM
1,0,5,5,5,5.6,0,0,1.0,5,5,5,6.3,0,0,1.0,0,5.95,Dropout,0.19720000000000001,MEDIUM
0,1,7,7,6,7.116666666666667,0,1,0.8571,7,7,6,7.116666666666667,0,1,0.8571,2,7.1167,Graduate,0.1520632,LOW
0,1,5,13,5,6.1,2,0,0.3846,5,10,3,5.666666666666667,1,2,0.3,2,5.8833,Enrolled,0.28095279999999995,MEDIUM
0,1,8,8,7,7.85,0,1,0.875,8,8,7,7.85,0,1,0.875,2,7.85,Graduate,0.13160000000000002,LOW
0,1,7,7,6,7.6,0,1,0.8571,7,7,6,7.6,0,1,0.8571,2,7.6,Graduate,0.140464,LOW
0,0,6,9,6,8.166666666666666,0,0,0.6667,6,8,5,7.8,0,1,0.625,1,7.9833,Dropout,0.24340479999999998,MEDIUM
0,1,17,29,14,6.28125,4,3,0.4828,12,24,12,6.428571428571429,1,0,0.5,3,6.3549,Graduate,0.2588584,MEDIUM
0,1,7,0,0,0.0,0,7,0.0,8,0,0,0.0,0,8,0.0,15,0.0,Dropout,0.7,HIGH
0,1,6,8,5,6.2,0,1,0.625,6,6,6,6.0,0,0,1.0,1,6.1,Graduate,0.15360000000000001,LOW
0,1,8,9,8,6.890625,1,0,0.8889,8,9,8,6.890625,1,0,0.8889,0,6.8906,Graduate,0.0924016,LOW
1,1,6,10,6,6.083333333333333,0,0,0.6,6,8,5,5.833333333333333,0,1,0.625,1,5.9583,Dropout,0.28900079999999995,MEDIUM
0,1,6,8,5,5.9,0,1,0.625,6,8,5,5.916666666666667,0,1,0.625,2,5.9083,Enrolled,0.21820080000000003,MEDIUM
1,1,6,13,4,5.4,0,2,0.3077,6,15,4,6.0,0,2,0.2667,4,5.7,Graduate,0.44544799999999996,HIGH
0,1,7,8,7,6.63,0,0,0.875,8,8,8,7.143125,0,0,1.0,0,6.8866,Graduate,0.08472160000000001,LOW
0,0,6,10,4,6.0,0,2,0.4,6,15,3,5.333333333333333,0,3,0.2,5,5.6667,Dropout,0.5059992,HIGH
0,1,6,9,6,5.9375,0,0,0.6667,6,7,6,7.214285714285714,0,0,0.8571,0,6.5759,Graduate,0.1202744,LOW
0,1,7,11,5,6.08,0,2,0.4545,7,7,2,6.7,0,5,0.2857,7,6.39,Enrolled,0.431184,HIGH
0,1,6,6,1,7.5,0,5,0.1667,6,7,4,6.25,0,2,0.5714,7,6.875,Enrolled,0.38595199999999996,HIGH
0,1,6,6,6,6.666666666666667,0,0,1.0,6,9,5,6.6,0,1,0.5556,1,6.6333,Graduate,0.23523280000000002,MEDIUM
0,1,5,12,2,5.75,0,3,0.1667,5,12,3,5.9,2,2,0.25,5,5.825,Enrolled,0.376864,HIGH
0,1,6,7,6,7.214285714285714,0,0,0.8571,6,9,5,6.5,0,1,0.5556,1,6.8571,Graduate,0.21271359999999997,MEDIUM
0,1,5,10,1,6.5,1,4,0.1,5,8,3,7.666666666666667,0,2,0.375,6,7.0833,Enrolled,0.3720008,MEDIUM
0,1,6,7,6,7.5,0,0,0.8571,6,8,6,7.166666666666667,0,0,0.75,0,7.3333,Graduate,0.11685279999999999,LOW
0,1,7,9,7,7.577777777777778,0,0,0.7778,8,8,8,8.4,0,0,1.0,0,7.9889,Graduate,0.06604239999999999,LOW
1,1,6,8,6,5.333333333333333,0,0,0.75,6,7,6,5.928571428571429,0,0,0.8571,0,5.631,Graduate,0.23628800000000003,MEDIUM
0,1,6,9,5,5.5,0,1,0.5556,6,9,4,5.625,0,2,0.4444,3,5.5625,Dropout,0.29873999999999995,MEDIUM
0,1,6,0,0,0.0,0,6,0.0,6,0,0,0.0,0,6,0.0,12,0.0,Dropout,0.7,HIGH
0,1,6,7,6,6.142857142857143,0,0,0.8571,6,7,6,6.0,0,0,0.8571,0,6.0714,Graduate,0.11715040000000002,LOW
0,1,8,8,8,6.414375,0,0,1.0,8,8,8,6.414375,0,0,1.0,0,6.4144,Dropout,0.0860544,LOW
0,1,6,6,6,6.333333333333333,0,0,1.0,6,8,5,7.2,0,1,0.625,1,6.7667,Graduate,0.21259920000000002,MEDIUM
0,1,0,0,0,0.0,0,0,0.0,0,0,0,0.0,0,0,0.0,0,0.0,Enrolled,1.0,HIGH
1,0,6,16,2,6.5,0,4,0.125,6,8,0,0.0,0,6,0.0,10,3.25,Dropout,0.7370000000000001,HIGH
1,1,5,10,5,5.4375,0,0,0.5,5,8,4,6.2,0,1,0.5,1,5.8187,Graduate,0.31035120000000005,MEDIUM
0,1,5,5,5,6.4,0,0,1.0,5,8,5,5.8,0,0,0.625,0,6.1,Graduate,0.1986,MEDIUM
0,1,6,10,5,5.642857142857143,0,1,0.5,6,7,0,0.0,0,6,0.0,7,2.8214,Dropout,0.6022864,HIGH
0,1,0,0,0,0.0,0,0,0.0,0,0,0,0.0,0,0,0.0,0,0.0,Graduate,1.0,HIGH
0,1,6,0,0,0.0,0,6,0.0,6,11,1,5.0,0,5,0.0909,11,2.5,Dropout,0.632728,HIGH
0,1,7,9,6,6.883333333333333,0,1,0.6667,8,9,8,6.872222222222222,0,0,0.8889,1,6.8778,Dropout,0.14048480000000002,LOW
0,0,8,9,6,6.379166666666666,1,2,0.6667,8,9,6,6.379166666666666,1,2,0.6667,4,6.3792,Dropout,0.36022719999999997,MEDIUM
0,1,0,0,0,0.0,0,0,0.0,0,0,0,0.0,0,0,0.0,0,0.0,Dropout,1.0,HIGH
0,1,6,6,6,6.333333333333333,0,0,1.0,6,8,6,6.625,0,0,0.75,0,6.4792,Graduate,0.1544992,LOW
0,1,6,13,6,6.0,0,0,0.4615,6,16,4,6.375,0,2,0.25,2,6.1875,Enrolled,0.29688,MEDIUM
0,1,6,8,6,6.125,0,0,0.75,6,8,6,6.0,0,0,0.75,0,6.0625,Graduate,0.13450000000000004,LOW
0,1,5,8,3,5.666666666666667,0,2,0.375,5,8,5,6.1,0,0,0.625,2,5.8833,Graduate,0.2388008,MEDIUM
0,1,7,9,7,6.753571428571428,0,0,0.7778,8,12,8,6.525,0,0,0.6667,0,6.6393,Graduate,0.1473168,LOW
0,1,8,8,7,6.807142857142857,0,1,0.875,8,8,7,6.807142857142857,0,1,0.875,2,6.8071,Graduate,0.15662959999999998,LOW
1,1,6,6,0,0.0,0,6,0.0,6,6,0,0.0,0,6,0.0,12,0.0,Dropout,0.7999999999999999,HIGH
0,0,6,9,4,5.75,1,2,0.4444,6,6,6,6.083333333333333,0,0,1.0,2,5.9167,Graduate,0.3024472,MEDIUM
0,1,6,7,6,6.166666666666667,0,0,0.8571,6,7,6,6.25,0,0,0.8571,0,6.2083,Graduate,0.11386479999999999,LOW
0,1,7,7,7,5.985714285714286,0,0,1.0,8,8,8,7.21875,0,0,1.0,0,6.6022,Graduate,0.08154719999999999,LOW
1,0,5,12,2,6.5,1,3,0.1667,5,13,2,5.75,0,3,0.1538,6,6.125,Dropout,0.50994,HIGH
0,1,7,9,7,6.192857142857143,0,0,0.7778,8,9,7,6.364285714285714,0,1,0.7778,1,6.2786,Enrolled,0.1548656,LOW
0,1,5,12,2,6.75,0,3,0.1667,5,12,5,5.642857142857143,1,0,0.4167,3,6.1964,Graduate,0.2946144,MEDIUM
0,1,6,8,6,6.083333333333333,0,0,0.75,6,7,6,6.642857142857143,0,0,0.8571,0,6.3631,Graduate,0.1187176,LOW
0,1,0,0,0,0.0,0,0,0.0,0,0,0,0.0,0,0,0.0,0,0.0,Graduate,1.0,HIGH
0,1,6,6,6,5.833333333333333,0,0,1.0,6,6,6,6.833333333333333,0,0,1.0,0,6.3333,Graduate,0.08800079999999999,LOW
1,0,6,9,5,6.2,0,1,0.5556,6,12,5,7.083333333333333,0,1,0.4167,2,6.6417,Enrolled,0.3505952,MEDIUM
0,1,6,7,5,6.7,0,1,0.7143,6,6,6,6.416666666666667,0,0,1.0,1,6.5583,Graduate,0.1354568,LOW
0,1,6,11,6,6.0,0,0,0.5455,6,11,4,6.25,0,2,0.3636,2,6.125,Graduate,0.276652,MEDIUM
0,1,5,6,5,7.1,0,0,0.8333,5,5,5,7.4,0,0,1.0,0,7.25,Graduate,0.07933600000000002,LOW
0,1,6,8,6,6.0625,0,0,0.75,6,7,6,7.214285714285714,0,0,0.8571,0,6.6384,Graduate,0.11211040000000001,LOW
0,1,7,7,7,6.928571428571429,0,0,1.0,7,7,7,6.642857142857143,0,0,1.0,0,6.7857,Graduate,0.07714320000000001,LOW
0,1,6,13,3,5.875,0,3,0.2308,6,13,5,6.166666666666667,0,1,0.3846,4,6.0208,Enrolled,0.32626879999999997,MEDIUM
0,1,7,9,7,7.141666666666668,0,0,0.7778,8,9,8,6.562777777777778,0,0,0.8889,0,6.8522,Graduate,0.10221120000000002,LOW
0,1,13,21,11,6.636363636363636,0,2,0.5238,11,13,9,6.5,0,2,0.6923,4,6.5682,Graduate,0.2650752,MEDIUM
0,1,6,6,6,7.333333333333333,0,0,1.0,6,7,6,7.571428571428571,0,0,0.8571,0,7.4524,Graduate,0.1011544,LOW
0,1,7,10,7,7.557499999999999,0,0,0.7,8,10,8,7.546,0,0,0.8,0,7.5518,Graduate,0.09875680000000002,LOW
0,1,0,0,0,0.0,0,0,0.0,0,0,0,0.0,0,0,0.0,0,0.0,Enrolled,1.0,HIGH
0,1,6,13,6,7.5,0,0,0.4615,6,7,6,6.571428571428571,0,0,0.8571,0,7.0357,Graduate,0.12565520000000002,LOW
0,1,6,8,5,6.6,0,1,0.625,6,9,5,7.166666666666667,0,1,0.5556,2,6.8833,Graduate,0.21423280000000003,MEDIUM
0,1,6,14,2,5.5,0,4,0.1429,6,14,3,5.166666666666667,0,3,0.2143,7,5.3333,Dropout,0.45342479999999996,HIGH
0,1,8,8,7,7.282857142857144,0,1,0.875,8,8,7,7.282857142857144,0,1,0.875,2,7.2829,Graduate,0.14521040000000002,LOW
1,0,5,8,3,6.0,0,2,0.375,5,6,4,5.375,0,1,0.6667,3,5.6875,Dropout,0.37016399999999994,MEDIUM
0,1,6,6,0,0.0,0,6,0.0,5,5,0,0.0,0,5,0.0,11,0.0,Dropout,0.7,HIGH
0,1,7,7,6,6.898333333333334,0,1,0.8571,8,11,7,6.8875,0,1,0.6364,2,6.8929,Graduate,0.21923040000000005,MEDIUM
0,1,6,6,6,7.416666666666667,0,0,1.0,6,6,6,7.666666666666667,0,0,1.0,0,7.5417,Graduate,0.0589992,LOW
0,1,6,6,6,6.416666666666667,0,0,1.0,6,6,6,6.916666666666667,0,0,1.0,0,6.6667,Graduate,0.0799992,LOW
0,1,8,8,7,7.481428571428572,0,1,0.875,8,8,7,7.481428571428572,0,1,0.875,2,7.4814,Graduate,0.14044639999999997,LOW
0,1,5,8,4,6.0,0,1,0.5,5,8,5,5.6,0,0,0.625,1,5.8,Graduate,0.20080000000000003,MEDIUM
0,1,7,8,7,6.2,0,0,0.875,8,9,8,6.4,0,0,0.8889,0,6.3,Graduate,0.107688,LOW
0,1,6,7,6,7.785714285714286,0,0,0.8571,6,6,6,8.583333333333334,0,0,1.0,0,8.1845,Graduate,0.055004,LOW
0,1,8,8,7,6.857142857142857,0,1,0.875,8,8,7,6.857142857142857,0,1,0.875,2,6.8571,Graduate,0.1554296,LOW
0,1,6,9,6,6.571428571428571,0,0,0.6667,6,9,6,6.083333333333333,0,0,0.6667,0,6.3274,Graduate,0.14147040000000002,LOW
0,1,6,7,6,7.5,0,0,0.8571,6,8,3,5.5,0,3,0.375,3,6.5,Graduate,0.33185200000000004,MEDIUM
1,0,5,6,1,6.5,0,4,0.1667,5,5,0,0.0,0,5,0.0,9,3.25,Dropout,0.7120040000000001,HIGH
0,1,11,12,11,6.0,0,0,0.9167,11,14,11,6.375,0,0,0.7857,0,6.1875,Graduate,0.14150800000000002,LOW
0,1,0,0,0,0.0,0,0,0.0,0,0,0,0.0,0,0,0.0,0,0.0,Graduate,1.0,HIGH
0,1,6,6,6,7.583333333333333,0,0,1.0,6,6,6,7.083333333333333,0,0,1.0,0,7.3333,Graduate,0.0640008,LOW
1,1,6,9,4,6.0,0,2,0.4444,6,13,2,5.25,0,4,0.1538,6,5.625,Dropout,0.555264,HIGH
0,1,7,7,7,6.821428571428571,0,0,1.0,8,11,8,7.386363636363636,0,0,0.7273,0,7.1039,Graduate,0.1458624,LOW
0,1,6,8,6,6.333333333333333,0,0,0.75,6,7,6,6.357142857142857,0,0,0.8571,0,6.3452,Graduate,0.11914720000000001,LOW
0,1,0,0,0,0.0,0,0,0.0,0,0,0,0.0,0,0,0.0,0,0.0,Dropout,1.0,HIGH
0,1,6,8,5,5.4,0,1,0.625,6,9,6,5.25,0,0,0.6667,1,5.325,Graduate,0.198864,MEDIUM
0,1,7,9,6,7.125,0,1,0.6667,8,11,8,6.531818181818182,0,0,0.7273,1,6.8284,Graduate,0.1545984,LOW
0,1,14,22,12,6.076923076923076,0,2,0.5455,12,18,10,6.45,0,2,0.5556,4,6.2635,Dropout,0.28158800000000006,MEDIUM
0,1,6,14,1,5.75,0,5,0.0714,6,12,2,5.25,0,4,0.1667,9,5.5,Enrolled,0.518952,HIGH
0,1,6,10,4,6.125,0,2,0.4,6,9,3,6.166666666666667,0,3,0.3333,5,6.1458,Graduate,0.35717680000000007,MEDIUM
0,1,6,8,6,6.0,1,0,0.75,6,12,5,5.571428571428571,0,1,0.4167,1,5.7857,Enrolled,0.2644672,MEDIUM
0,1,8,8,8,6.701875,0,0,1.0,8,8,8,6.701875,0,0,1.0,0,6.7019,Graduate,0.07915439999999999,LOW
0,1,6,15,6,5.666666666666667,0,0,0.4,6,9,3,6.333333333333333,0,3,0.3333,3,6.0,Graduate,0.30067600000000005,MEDIUM
1,1,6,7,5,6.1,0,1,0.7143,6,6,6,6.166666666666667,0,0,1.0,1,6.1333,Dropout,0.24565679999999998,MEDIUM
0,1,0,0,0,0.0,0,0,0.0,0,0,0,0.0,0,0,0.0,0,0.0,Enrolled,1.0,HIGH
0,1,7,0,0,0.0,0,7,0.0,8,0,0,0.0,0,8,0.0,15,0.0,Dropout,0.7,HIGH
1,0,6,8,5,8.083333333333334,0,1,0.625,6,10,4,8.0,0,2,0.4,3,8.0417,Dropout,0.35999919999999996,MEDIUM
0,1,5,10,3,5.5,0,2,0.3,5,6,3,5.5,1,2,0.5,4,5.5,Enrolled,0.324,MEDIUM
0,1,0,0,0,0.0,0,0,0.0,0,0,0,0.0,0,0,0.0,0,0.0,Graduate,1.0,HIGH
0,1,6,8,4,6.0,0,2,0.5,6,8,6,6.142857142857143,0,0,0.75,2,6.0714,Enrolled,0.21428640000000002,MEDIUM
0,1,5,8,2,5.25,0,3,0.25,5,11,4,6.125,0,1,0.3636,4,5.6875,Enrolled,0.33441200000000004,MEDIUM
0,1,6,7,3,5.833333333333333,0,3,0.4286,6,13,4,5.166666666666667,0,2,0.3077,5,5.5,Enrolled,0.38327599999999995,HIGH
0,1,5,8,3,5.5,0,2,0.375,5,7,2,5.0,0,3,0.2857,5,5.25,Dropout,0.38900399999999996,HIGH
0,1,7,18,0,0.0,0,7,0.0,7,13,0,0.0,1,7,0.0,14,0.0,Dropout,0.7,HIGH
1,0,6,11,4,6.25,0,2,0.3636,6,7,0,0.0,0,6,0.0,8,3.125,Dropout,0.7086319999999999,HIGH
0,1,7,11,7,5.647222222222222,0,0,0.6364,8,22,2,6.3,0,6,0.0909,6,5.9736,Graduate,0.4875496,HIGH
0,1,6,8,5,5.6,0,1,0.625,6,11,4,6.25,0,2,0.3636,3,5.925,Graduate,0.32099199999999994,MEDIUM
0,1,0,0,0,0.0,0,0,0.0,0,0,0,0.0,0,0,0.0,0,0.0,Dropout,1.0,HIGH
0,1,6,7,5,6.6,0,1,0.7143,6,6,5,5.9,0,1,0.8333,2,6.25,Graduate,0.186192,MEDIUM
0,1,7,12,6,7.071428571428571,0,1,0.5,6,10,6,7.0625,0,0,0.6,1,7.067,Enrolled,0.172392,MEDIUM
0,0,5,0,0,0.0,0,5,0.0,5,0,0,0.0,0,5,0.0,10,0.0,Dropout,0.7999999999999999,HIGH
0,1,5,5,0,0.0,0,5,0.0,5,9,3,6.666666666666667,2,2,0.3333,7,3.3333,Enrolled,0.5033368,HIGH
0,1,5,7,3,6.166666666666667,0,2,0.4286,5,9,3,5.285714285714286,0,2,0.3333,4,5.7262,Enrolled,0.3406792,MEDIUM
1,0,6,6,0,0.0,0,6,0.0,6,0,0,0.0,0,6,0.0,12,0.0,Dropout,0.7999999999999999,HIGH
0,1,8,8,7,6.55,0,1,0.875,8,8,7,6.55,0,1,0.875,2,6.55,Graduate,0.1628,LOW
0,1,6,6,6,6.75,0,0,1.0,6,6,6,6.583333333333333,0,0,1.0,0,6.6667,Graduate,0.0799992,LOW
0,1,5,7,5,5.1,0,0,0.7143,5,8,3,6.0,0,2,0.375,2,5.55,Enrolled,0.307516,MEDIUM
0,1,6,10,5,5.785714285714286,0,1,0.5,6,10,3,6.5,0,3,0.3,4,6.1429,Dropout,0.34857040000000006,MEDIUM
1,1,6,7,6,7.642857142857143,0,0,0.8571,6,6,6,7.583333333333333,0,0,1.0,0,7.6131,Graduate,0.16871760000000002,LOW
0,1,6,9,5,6.3,0,1,0.5556,10,16,8,5.5,1,2,0.5,3,5.9,Enrolled,0.275072,MEDIUM
0,1,7,11,6,6.716666666666666,0,1,0.5455,7,10,4,6.8,0,3,0.4,4,6.7583,Graduate,0.3112608,MEDIUM
0,1,5,8,5,5.8,0,0,0.625,5,9,3,5.5,0,2,0.3333,2,5.65,Dropout,0.306076,MEDIUM
0,1,6,6,6,7.333333333333333,0,0,1.0,6,6,6,6.75,0,0,1.0,0,7.0417,Graduate,0.07099920000000001,LOW
0,1,6,9,6,7.333333333333333,0,0,0.6667,6,12,6,7.333333333333333,0,0,0.5,0,7.3333,Graduate,0.1640048,LOW
0,1,8,8,7,6.371428571428572,0,1,0.875,8,8,7,6.371428571428572,0,1,0.875,2,6.3714,Graduate,0.16708639999999997,LOW
0,1,7,9,7,5.9875,0,0,0.7778,8,9,7,6.564285714285715,0,1,0.7778,1,6.2759,Graduate,0.1549304,LOW
0,1,5,9,4,6.125,0,1,0.4444,5,11,3,5.833333333333333,0,2,0.2727,3,5.9792,Enrolled,0.32347119999999996,MEDIUM
0,0,0,0,0,0.0,0,0,0.0,0,0,0,0.0,0,0,0.0,0,0.0,Dropout,1.0,HIGH
0,1,8,8,7,7.467857142857142,0,1,0.875,8,8,7,7.467857142857142,0,1,0.875,2,7.4679,Graduate,0.14077039999999996,LOW
0,1,6,16,2,5.25,0,4,0.125,6,15,4,5.0,0,2,0.2667,6,5.125,Dropout,0.42566400000000004,HIGH
0,1,6,9,5,6.666666666666667,0,1,0.5556,6,6,5,6.5,0,1,0.8333,2,6.5833,Graduate,0.19088879999999997,MEDIUM
1,1,6,6,0,0.0,0,6,0.0,6,8,0,0.0,0,6,0.0,12,0.0,Dropout,0.7999999999999999,HIGH
0,1,6,12,5,6.9,0,1,0.4167,6,13,4,7.0,0,2,0.3077,3,6.95,Dropout,0.28704799999999997,MEDIUM
0,1,6,6,6,5.916666666666667,0,0,1.0,6,8,4,5.375,2,2,0.5,2,5.6458,Graduate,0.30450079999999996,MEDIUM
0,1,0,0,0,0.0,0,0,0.0,0,0,0,0.0,0,0,0.0,0,0.0,Graduate,1.0,HIGH
0,1,0,0,0,0.0,0,0,0.0,0,0,0,0.0,0,0,0.0,0,0.0,Dropout,1.0,HIGH
0,1,5,9,2,5.0,0,3,0.2222,5,9,0,0.0,0,5,0.0,8,2.5,Dropout,0.6066640000000001,HIGH
0,1,6,10,4,5.75,0,2,0.4,6,11,3,5.833333333333333,0,3,0.2727,5,5.7917,Dropout,0.38264319999999996,HIGH
0,1,6,12,3,5.333333333333333,0,3,0.25,6,9,4,6.0,0,2,0.4444,5,5.6667,Enrolled,0.35844719999999997,MEDIUM
0,1,0,0,0,0.0,0,0,0.0,0,0,0,0.0,0,0,0.0,0,0.0,Graduate,1.0,HIGH
0,1,6,10,4,6.375,0,2,0.4,6,12,2,6.5,0,4,0.1667,6,6.4375,Enrolled,0.426824,HIGH
1,0,6,7,0,0.0,0,6,0.0,6,7,0,0.0,0,6,0.0,12,0.0,Dropout,0.7999999999999999,HIGH
0,1,6,11,6,5.666666666666667,0,0,0.5455,6,12,3,5.666666666666667,0,3,0.25,3,5.6667,Enrolled,0.3494592,MEDIUM
1,0,6,6,0,0.0,0,6,0.0,6,6,0,0.0,0,6,0.0,12,0.0,Enrolled,0.7999999999999999,HIGH
0,1,6,10,6,6.5,0,0,0.6,6,8,5,6.1,0,1,0.625,1,6.3,Graduate,0.18080000000000002,MEDIUM
0,1,5,7,4,5.375,0,1,0.5714,5,7,3,5.666666666666667,0,2,0.4286,3,5.5208,Enrolled,0.3060608,MEDIUM
0,1,5,8,5,6.0,0,0,0.625,5,12,2,5.25,0,3,0.1667,3,5.625,Enrolled,0.383324,HIGH
0,1,7,7,7,6.731428571428572,0,0,1.0,8,8,8,6.953125,0,0,1.0,0,6.8423,Graduate,0.0757848,LOW
0,1,6,13,3,5.0,0,3,0.2308,6,15,1,5.0,0,5,0.0667,8,5.0,Dropout,0.52902,HIGH
0,1,6,6,6,6.166666666666667,0,0,1.0,6,7,6,6.833333333333333,0,0,0.8571,0,6.5,Graduate,0.12401200000000002,LOW
0,1,7,11,6,6.264285714285714,0,1,0.5455,7,10,6,6.208333333333333,0,1,0.6,2,6.2363,Enrolled,0.21868880000000002,MEDIUM
0,1,8,8,0,0.0,8,8,0.0,8,8,0,0.0,8,8,0.0,16,0.0,Enrolled,0.7,HIGH
1,0,5,6,0,0.0,0,5,0.0,5,7,0,0.0,0,5,0.0,10,0.0,Dropout,0.7999999999999999,HIGH
0,1,5,5,5,6.8,0,0,1.0,5,6,4,6.625,1,1,0.6667,1,6.7125,Graduate,0.20222400000000001,MEDIUM
0,1,6,7,6,6.166666666666667,0,0,0.8571,6,6,2,7.0,0,4,0.3333,4,6.5833,Dropout,0.37152880000000005,MEDIUM
0,1,13,16,10,5.727272727272728,0,3,0.625,11,13,7,6.125,0,4,0.5385,7,5.9261,Dropout,0.3919936,HIGH
1,1,13,13,8,6.75,2,5,0.6154,11,12,5,7.2,0,6,0.4167,11,6.975,Dropout,0.589772,HIGH
0,0,5,5,0,0.0,0,5,0.0,5,6,0,0.0,0,5,0.0,10,0.0,Dropout,0.7999999999999999,HIGH
0,0,5,5,2,5.5,0,3,0.4,5,0,0,0.0,0,5,0.0,8,2.75,Dropout,0.7220000000000001,HIGH
0,1,6,9,6,6.857142857142857,0,0,0.6667,6,13,5,7.166666666666667,0,1,0.3846,1,7.0119,Dropout,0.2340304,MEDIUM
1,0,21,26,21,6.181818181818182,0,0,0.8077,16,21,12,6.125,1,4,0.5714,4,6.1534,Dropout,0.4092504,HIGH
0,1,7,13,3,5.333333333333333,0,4,0.2308,6,14,2,5.75,0,4,0.1429,8,5.5417,Enrolled,0.49468320000000005,HIGH
0,1,6,9,2,6.0,0,4,0.2222,6,10,3,6.333333333333333,0,3,0.3,7,6.1667,Dropout,0.4202232,HIGH
0,1,7,7,7,6.428571428571429,0,0,1.0,6,6,6,6.583333333333333,0,0,1.0,0,6.506,Graduate,0.08385599999999999,LOW
0,1,6,10,6,6.5625,0,0,0.6,6,9,6,6.357142857142857,0,0,0.6667,0,6.4598,Enrolled,0.1436288,LOW
0,1,5,6,0,0.0,0,5,0.0,5,8,2,5.75,0,3,0.25,8,2.875,Dropout,0.551,HIGH
0,1,6,13,2,6.75,0,4,0.1538,6,6,0,0.0,0,6,0.0,10,3.375,Dropout,0.637456,HIGH
1,0,11,14,11,7.545454545454546,0,0,0.7857,10,11,10,7.5,0,0,0.9091,0,7.5227,Dropout,0.1838712,MEDIUM
0,1,6,9,5,6.2,0,1,0.5556,6,10,5,5.9,0,1,0.5,2,6.05,Enrolled,0.241472,MEDIUM
0,0,6,10,5,7.0,0,1,0.5,6,11,4,7.4,0,2,0.3636,3,7.2,Enrolled,0.37539200000000006,HIGH
0,1,6,8,2,6.75,0,4,0.25,6,9,1,6.5,0,5,0.1111,9,6.625,Dropout,0.5098920000000001,HIGH
0,1,5,5,0,0.0,0,5,0.0,5,5,0,0.0,0,5,0.0,10,0.0,Dropout,0.7,HIGH
0,1,7,12,4,6.325,0,3,0.3333,7,10,3,5.333333333333333,0,4,0.3,7,5.8292,Dropout,0.4260952,HIGH
0,1,5,7,0,0.0,0,5,0.0,5,7,0,0.0,0,5,0.0,10,0.0,Dropout,0.7,HIGH
0,0,5,5,0,0.0,0,5,0.0,5,5,0,0.0,0,5,0.0,10,0.0,Dropout,0.7999999999999999,HIGH
0,1,6,8,6,6.666666666666667,0,0,0.75,6,7,5,6.4,0,1,0.7143,1,6.5333,Graduate,0.16319679999999998,LOW
0,1,5,9,3,5.666666666666667,0,2,0.3333,5,8,5,5.571428571428571,0,0,0.625,2,5.619,Dropout,0.24848000000000003,MEDIUM
0,1,6,0,0,0.0,0,6,0.0,6,0,0,0.0,0,6,0.0,12,0.0,Dropout,0.7,HIGH
0,1,0,0,0,0.0,0,0,0.0,0,0,0,0.0,0,0,0.0,0,0.0,Dropout,1.0,HIGH
0,0,5,7,3,5.833333333333333,0,2,0.4286,5,8,2,5.25,2,3,0.25,5,5.5417,Dropout,0.49843119999999996,HIGH
0,1,6,8,6,6.083333333333333,0,0,0.75,6,8,6,7.214285714285714,0,0,0.75,0,6.6488,Graduate,0.12042880000000003,LOW
0,1,6,7,6,6.666666666666667,0,0,0.8571,6,6,4,6.375,0,2,0.6667,2,6.5208,Graduate,0.2196768,MEDIUM
0,1,6,7,5,5.7,0,1,0.7143,6,10,3,5.5,3,3,0.3,4,5.6,Enrolled,0.387316,HIGH
0,1,6,9,6,6.071428571428571,0,0,0.6667,6,6,0,0.0,0,6,0.0,6,3.0357,Dropout,0.5871472,HIGH
0,1,18,36,17,6.529411764705882,1,1,0.4722,12,15,12,6.153846153846154,0,0,0.8,1,6.3416,Graduate,0.17602560000000003,MEDIUM
0,1,6,13,4,5.875,0,2,0.3077,6,15,4,5.25,0,2,0.2667,4,5.5625,Enrolled,0.34874799999999995,MEDIUM
1,0,6,9,5,5.916666666666667,0,1,0.5556,6,8,5,5.0,0,1,0.625,2,5.4583,Dropout,0.3345528,MEDIUM
0,1,11,14,10,6.2,0,1,0.7143,10,13,10,5.9,0,0,0.7692,1,6.05,Graduate,0.16612,LOW
0,1,6,8,6,6.714285714285714,1,0,0.75,6,12,4,5.75,0,2,0.3333,2,6.2321,Enrolled,0.30710560000000003,MEDIUM
0,0,5,5,0,0.0,0,5,0.0,5,9,0,0.0,0,5,0.0,10,0.0,Dropout,0.7999999999999999,HIGH
0,1,5,5,5,5.5,0,0,1.0,5,5,5,6.7,0,0,1.0,0,6.1,Graduate,0.0936,LOW
0,1,6,8,6,6.8125,0,0,0.75,6,8,6,7.214285714285714,0,0,0.75,0,7.0134,Graduate,0.11167840000000001,LOW
0,1,5,6,4,5.9,0,1,0.6667,5,7,2,5.75,0,3,0.2857,4,5.825,Enrolled,0.38020800000000005,HIGH
0,1,5,5,0,0.0,0,5,0.0,5,7,0,0.0,0,5,0.0,10,0.0,Dropout,0.7,HIGH
0,1,6,9,2,7.5,0,4,0.2222,6,7,2,6.75,0,4,0.2857,8,7.125,Dropout,0.42836799999999997,HIGH
0,1,6,9,5,5.4,0,1,0.5556,6,11,5,5.5,0,1,0.4545,2,5.45,Graduate,0.268612,MEDIUM
0,1,5,11,3,6.833333333333333,0,2,0.2727,5,10,3,5.666666666666667,0,2,0.3,4,6.25,Dropout,0.32418399999999997,MEDIUM
0,1,6,8,6,6.416666666666667,0,0,0.75,6,8,6,6.666666666666667,0,0,0.75,0,6.5417,Graduate,0.12299920000000003,LOW
0,0,0,0,0,0.0,0,0,0.0,0,0,0,0.0,0,0,0.0,0,0.0,Dropout,1.0,HIGH
0,1,6,8,6,7.5625,0,0,0.75,6,7,6,6.714285714285714,0,0,0.8571,0,7.1384,Graduate,0.1001104,LOW
0,1,5,11,0,0.0,0,5,0.0,5,7,1,5.0,1,4,0.1429,9,2.5,Dropout,0.598568,HIGH
0,1,6,10,5,5.7,0,1,0.5,6,8,5,5.5,0,1,0.625,2,5.6,Graduate,0.23560000000000003,MEDIUM
0,1,6,12,4,6.125,0,2,0.3333,6,9,6,5.5,0,0,0.6667,2,5.8125,Graduate,0.2405,MEDIUM
0,0,6,0,0,0.0,0,6,0.0,6,0,0,0.0,0,6,0.0,12,0.0,Dropout,0.7999999999999999,HIGH
0,1,7,12,3,7.0,0,4,0.25,6,12,1,7.0,0,5,0.0833,9,7.0,Enrolled,0.508676,HIGH
0,1,6,7,6,6.166666666666667,0,0,0.8571,6,10,5,5.4,4,1,0.5,1,5.7833,Enrolled,0.2540528,MEDIUM
1,1,5,8,5,5.333333333333333,0,0,0.625,5,11,2,5.5,0,3,0.1818,3,5.4167,Enrolled,0.48409520000000006,HIGH
0,1,5,9,5,5.916666666666667,0,0,0.5556,5,9,5,7.357142857142857,0,0,0.5556,0,6.6369,Enrolled,0.15181840000000002,LOW
0,1,5,14,0,0.0,0,5,0.0,5,5,0,0.0,0,5,0.0,10,0.0,Dropout,0.7,HIGH
0,1,6,6,6,5.833333333333333,0,0,1.0,6,6,6,6.083333333333333,0,0,1.0,0,5.9583,Enrolled,0.09700079999999998,LOW
0,0,5,7,2,6.5,0,3,0.2857,5,5,0,0.0,0,5,0.0,8,3.25,Dropout,0.696284,HIGH
0,1,2,5,0,0.0,0,2,0.0,4,4,0,0.0,0,4,0.0,6,0.0,Dropout,0.5800000000000001,HIGH
0,1,8,8,0,0.0,3,8,0.0,8,8,0,0.0,3,8,0.0,16,0.0,Dropout,0.7,HIGH
0,1,5,5,5,6.5,0,0,1.0,5,5,5,7.1,0,0,1.0,0,6.8,Graduate,0.07680000000000002,LOW
0,1,6,7,6,6.928571428571429,0,0,0.8571,6,6,6,7.0,0,0,1.0,0,6.9643,Graduate,0.08428880000000001,LOW
0,1,7,7,6,6.695833333333333,0,1,0.8571,8,8,8,6.24375,0,0,1.0,1,6.4698,Graduate,0.1261568,LOW
0,1,5,7,4,6.375,0,1,0.5714,5,5,0,0.0,0,5,0.0,6,3.1875,Dropout,0.572068,HIGH
0,1,5,7,4,7.25,0,1,0.5714,5,5,5,7.3,0,0,1.0,1,7.275,Graduate,0.12968799999999997,LOW
0,1,6,7,6,6.083333333333333,0,0,0.8571,6,6,6,6.083333333333333,0,0,1.0,0,6.0833,Graduate,0.1054328,LOW
0,1,5,5,5,7.7,0,0,1.0,5,5,5,7.8,0,0,1.0,0,7.75,Dropout,0.05399999999999999,LOW
1,0,5,9,2,6.666666666666667,0,3,0.2222,5,9,2,8.0,4,3,0.2222,6,7.3333,Dropout,0.4684488,HIGH
0,1,5,5,0,0.0,0,5,0.0,5,5,0,0.0,0,5,0.0,10,0.0,Dropout,0.7,HIGH
0,1,6,0,0,0.0,0,6,0.0,6,0,0,0.0,0,6,0.0,12,0.0,Dropout,0.7,HIGH
0,1,6,7,6,6.857142857142857,0,0,0.8571,6,8,6,7.357142857142857,0,0,0.75,0,7.1071,Graduate,0.12228160000000002,LOW
0,1,6,7,4,6.125,0,2,0.5714,6,7,0,0.0,0,6,0.0,8,3.0625,Dropout,0.6350680000000001,HIGH
0,1,6,9,5,8.0,1,1,0.5556,6,11,4,8.25,0,2,0.3636,3,8.125,Enrolled,0.259864,MEDIUM
0,1,5,8,1,5.5,0,4,0.125,5,5,1,6.5,0,4,0.2,8,6.0,Dropout,0.47,HIGH
0,1,7,7,7,7.042857142857142,0,0,1.0,7,7,7,7.042857142857142,0,0,1.0,0,7.0429,Enrolled,0.07097039999999998,LOW
0,1,6,9,6,5.083333333333333,0,0,0.6667,6,10,6,5.25,0,0,0.6,0,5.1667,Graduate,0.1880032,MEDIUM
0,1,5,8,1,5.0,0,4,0.125,5,9,0,0.0,0,5,0.0,9,2.5,Dropout,0.6250000000000001,HIGH
0,1,5,10,0,0.0,0,5,0.0,5,7,1,5.0,0,4,0.1429,9,2.5,Enrolled,0.598568,HIGH
0,0,5,10,2,5.25,0,3,0.2,5,5,3,5.333333333333333,0,2,0.6,5,5.2917,Dropout,0.45899920000000005,HIGH
0,1,0,0,0,0.0,0,0,0.0,0,0,0,0.0,0,0,0.0,0,0.0,Graduate,1.0,HIGH
1,0,6,6,0,0.0,0,6,0.0,6,6,0,0.0,0,6,0.0,12,0.0,Dropout,0.7999999999999999,HIGH
0,1,6,12,0,0.0,0,6,0.0,5,10,0,0.0,0,5,0.0,11,0.0,Dropout,0.7,HIGH
0,1,6,8,0,0.0,0,6,0.0,6,10,0,0.0,0,6,0.0,12,0.0,Dropout,0.7,HIGH
0,1,6,15,5,6.666666666666667,0,1,0.3333,6,15,5,6.2,0,1,0.3333,2,6.4333,Graduate,0.2522728,MEDIUM
0,1,0,0,0,0.0,0,0,0.0,0,0,0,0.0,0,0,0.0,0,0.0,Dropout,1.0,HIGH
0,1,6,7,6,6.785714285714286,0,0,0.8571,6,6,6,7.166666666666667,0,0,1.0,0,6.9762,Graduate,0.0840032,LOW
0,1,6,6,6,6.416666666666667,0,0,1.0,6,7,6,5.583333333333333,0,0,0.8571,0,6.0,Graduate,0.13601200000000002,LOW
0,1,5,6,4,5.125,0,1,0.6667,8,18,5,5.6,5,3,0.2778,4,5.3625,Dropout,0.39352000000000004,HIGH
0,1,6,6,0,0.0,0,6,0.0,6,6,0,0.0,0,6,0.0,12,0.0,Dropout,0.7,HIGH
1,1,5,5,4,7.25,0,1,0.8,6,8,3,6.666666666666667,0,3,0.375,4,6.9583,Dropout,0.4440008000000001,HIGH
0,1,5,6,5,7.9,0,0,0.8333,5,8,5,6.857142857142857,0,0,0.625,0,7.3786,Enrolled,0.14790960000000003,LOW
0,0,6,0,0,0.0,0,6,0.0,6,0,0,0.0,0,6,0.0,12,0.0,Dropout,0.7999999999999999,HIGH
0,1,5,8,4,6.25,0,1,0.5,5,7,3,7.333333333333333,1,2,0.4286,3,6.7917,Enrolled,0.26699120000000004,MEDIUM
0,1,18,22,18,5.833333333333333,0,0,0.8182,13,13,12,5.75,1,1,0.9231,1,5.7917,Graduate,0.1516952,LOW
0,1,5,6,4,6.5,0,1,0.6667,5,5,5,6.5,0,0,1.0,1,6.5,Graduate,0.14066399999999998,LOW
0,1,7,8,7,6.060714285714285,0,0,0.875,9,12,8,5.753125,0,1,0.6667,1,5.9069,Graduate,0.20655839999999998,MEDIUM
0,1,11,15,9,7.11111111111111,0,2,0.6,9,15,7,6.875,0,2,0.4667,4,6.9931,Graduate,0.2934896,MEDIUM
0,1,6,17,4,6.25,0,2,0.2353,6,8,4,6.625,0,2,0.5,4,6.4375,Enrolled,0.30667599999999995,MEDIUM
0,1,5,7,5,6.083333333333333,0,0,0.7143,5,7,5,7.642857142857143,0,0,0.7143,0,6.8631,Graduate,0.12099760000000002,LOW
0,1,6,0,0,0.0,0,6,0.0,6,0,0,0.0,0,6,0.0,12,0.0,Dropout,0.7,HIGH
0,1,6,6,6,6.333333333333333,0,0,1.0,6,6,6,5.75,0,0,1.0,0,6.0417,Graduate,0.0949992,LOW
0,1,8,8,7,6.807142857142857,0,1,0.875,8,8,7,6.807142857142857,0,1,0.875,2,6.8071,Graduate,0.15662959999999998,LOW
0,1,18,32,12,6.428571428571429,1,6,0.375,12,15,10,7.15,0,2,0.6667,8,6.7893,Graduate,0.3937208,HIGH
0,1,5,7,4,7.0,0,1,0.5714,5,5,5,7.1,0,0,1.0,1,7.05,Graduate,0.135088,LOW
0,1,6,8,4,7.375,0,2,0.5,6,6,5,5.9,0,1,0.8333,3,6.6375,Graduate,0.224036,MEDIUM
0,1,6,0,0,0.0,0,6,0.0,6,0,0,0.0,0,6,0.0,12,0.0,Dropout,0.7,HIGH
0,1,6,8,6,6.8125,0,0,0.75,6,7,6,7.142857142857143,0,0,0.8571,0,6.9777,Graduate,0.1039672,LOW
0,1,0,0,0,0.0,0,0,0.0,0,0,0,0.0,0,0,0.0,0,0.0,Graduate,1.0,HIGH
0,1,6,12,4,5.9,0,2,0.3333,6,11,4,5.9375,0,2,0.3636,4,5.9188,Dropout,0.32219680000000006,MEDIUM
0,1,6,8,6,7.5625,0,0,0.75,6,10,6,7.3,0,0,0.6,0,7.4313,Graduate,0.1436488,LOW
0,1,6,10,4,5.75,0,2,0.4,6,10,2,5.25,0,4,0.2,6,5.5,Dropout,0.43999999999999995,HIGH
1,1,5,12,1,5.0,0,4,0.0833,5,11,1,5.5,0,4,0.0909,8,5.25,Enrolled,0.600064,HIGH
0,1,4,8,0,0.0,0,4,0.0,5,10,0,0.0,0,5,0.0,9,0.0,Dropout,0.67,HIGH
0,1,5,9,3,5.166666666666667,0,2,0.3333,5,6,5,6.4,0,0,0.8333,2,5.7833,Graduate,0.22787280000000001,MEDIUM
0,1,5,9,0,0.0,0,5,0.0,5,6,2,5.833333333333333,0,3,0.3333,8,2.9167,Enrolled,0.5433352,HIGH
0,1,6,9,4,6.0,2,2,0.4444,6,10,4,6.25,0,2,0.4,4,6.125,Enrolled,0.31432799999999994,MEDIUM
0,1,6,6,6,6.916666666666667,0,0,1.0,6,6,6,7.25,0,0,1.0,0,7.0833,Graduate,0.0700008,LOW
1,1,17,19,13,6.076923076923076,0,4,0.6842,17,28,11,5.954545454545454,1,6,0.3929,10,6.0157,Enrolled,0.6277151999999999,HIGH
0,1,6,7,6,7.0,0,0,0.8571,6,8,6,6.833333333333333,0,0,0.75,0,6.9167,Graduate,0.1268512,LOW
0,0,6,8,6,8.25,0,0,0.75,6,6,5,6.9,0,1,0.8333,1,7.575,Enrolled,0.221536,MEDIUM
0,1,5,11,1,9.0,2,4,0.0909,5,10,3,6.666666666666667,2,2,0.3,6,7.8333,Dropout,0.36072879999999996,MEDIUM
0,1,6,11,6,5.642857142857143,0,0,0.5455,6,12,5,5.88888888888889,0,1,0.4167,1,5.7659,Enrolled,0.2404024,MEDIUM
0,1,0,0,0,0.0,0,0,0.0,0,0,0,0.0,0,0,0.0,0,0.0,Graduate,1.0,HIGH
0,1,0,0,0,0.0,0,0,0.0,0,0,0,0.0,0,0,0.0,0,0.0,Enrolled,1.0,HIGH
0,1,6,10,5,7.0,0,1,0.5,6,10,6,6.0,0,0,0.6,1,6.5,Enrolled,0.18600000000000003,MEDIUM
0,1,5,13,4,6.875,1,1,0.3077,5,9,3,6.0,0,2,0.3333,3,6.4375,Enrolled,0.28422,MEDIUM
0,0,6,9,4,6.625,0,2,0.4444,6,6,5,5.5,0,1,0.8333,3,6.0625,Dropout,0.34228400000000003,MEDIUM
0,1,5,7,4,7.125,0,1,0.5714,5,7,4,7.375,0,1,0.5714,2,7.25,Graduate,0.194576,MEDIUM
0,0,5,9,0,0.0,1,5,0.0,5,5,0,0.0,0,5,0.0,10,0.0,Dropout,0.7999999999999999,HIGH
0,0,12,12,8,5.625,0,4,0.6667,8,8,3,5.666666666666667,0,5,0.375,9,5.6458,Dropout,0.6095048,HIGH
0,1,6,7,6,6.75,0,0,0.8571,6,8,6,6.25,0,0,0.75,0,6.5,Graduate,0.136852,LOW
0,1,6,8,5,6.333333333333333,0,1,0.625,6,10,6,6.428571428571429,0,0,0.6,1,6.381,Graduate,0.18385600000000002,MEDIUM
0,1,6,6,6,7.583333333333333,0,0,1.0,6,6,6,6.166666666666667,0,0,1.0,0,6.875,Graduate,0.07500000000000001,LOW
0,1,6,6,6,6.583333333333333,0,0,1.0,5,7,5,7.571428571428571,0,0,0.7143,0,7.0774,Dropout,0.15013839999999998,LOW
1,1,12,20,10,5.9,0,2,0.5,12,15,9,5.722222222222222,0,3,0.6,5,5.8111,Enrolled,0.42253359999999995,HIGH
0,1,5,10,4,5.75,0,1,0.4,5,11,0,0.0,0,5,0.0,6,2.875,Enrolled,0.559,HIGH
0,1,6,6,6,7.25,0,0,1.0,6,8,6,5.666666666666667,0,0,0.75,0,6.4583,Graduate,0.1550008,LOW
0,1,6,10,5,6.7,0,1,0.5,6,12,3,5.333333333333333,0,3,0.25,4,6.0167,Enrolled,0.36559919999999996,MEDIUM
1,0,0,0,0,0.0,0,0,0.0,0,0,0,0.0,0,0,0.0,0,0.0,Graduate,1.0,HIGH
0,1,5,8,4,5.4,0,1,0.5,5,10,2,6.25,0,3,0.2,4,5.825,Dropout,0.3842,HIGH
0,1,5,6,0,0.0,0,5,0.0,5,5,0,0.0,0,5,0.0,10,0.0,Dropout,0.7,HIGH
1,0,10,23,6,5.714285714285714,0,4,0.2609,7,15,4,6.0,1,3,0.2667,7,5.8571,Dropout,0.5272216,HIGH
0,1,14,24,8,6.25,2,6,0.3333,13,23,10,5.8,0,3,0.4348,9,6.025,Dropout,0.46395200000000003,HIGH
0,1,5,11,2,6.75,0,3,0.1818,5,11,3,6.166666666666667,0,2,0.2727,5,6.4583,Enrolled,0.3586408,MEDIUM
0,1,6,6,0,0.0,0,6,0.0,6,12,0,0.0,0,6,0.0,12,0.0,Dropout,0.7,HIGH
0,1,5,8,5,6.375,0,0,0.625,5,7,5,5.75,0,0,0.7143,0,6.0625,Graduate,0.14735600000000001,LOW
0,1,6,17,3,5.666666666666667,3,3,0.1765,6,14,3,6.166666666666667,0,3,0.2143,6,5.9167,Enrolled,0.4067352,HIGH
0,1,6,8,0,0.0,0,6,0.0,6,10,0,0.0,0,6,0.0,12,0.0,Dropout,0.7,HIGH
0,1,6,9,5,5.7,0,1,0.5556,6,13,5,6.2,0,1,0.3846,2,5.95,Enrolled,0.27618400000000004,MEDIUM
0,1,6,7,6,7.214285714285714,0,0,0.8571,6,7,6,7.285714285714286,0,0,0.8571,0,7.25,Graduate,0.08886400000000001,LOW
0,1,7,9,7,6.246428571428572,0,0,0.7778,8,10,8,5.85625,0,0,0.8,0,6.0513,Graduate,0.1285448,LOW
0,1,8,10,4,5.75,0,4,0.4,8,13,4,5.5,0,4,0.3077,8,5.625,Dropout,0.46684400000000004,HIGH
0,1,5,7,5,5.6,0,0,0.7143,5,6,5,6.4,1,0,0.8333,0,6.0,Graduate,0.132192,LOW
0,0,5,9,3,6.0,1,2,0.3333,5,7,3,5.5,0,2,0.4286,4,5.75,Dropout,0.421048,HIGH
0,1,8,8,7,7.942857142857143,0,1,0.875,8,8,7,7.942857142857143,0,1,0.875,2,7.9429,Graduate,0.1293704,LOW
1,0,7,12,4,6.47,0,3,0.3333,7,12,4,5.79,0,3,0.3333,6,6.13,Dropout,0.479552,HIGH
0,0,6,6,6,7.0,0,0,1.0,6,6,6,7.083333333333333,0,0,1.0,0,7.0417,Graduate,0.17099920000000002,MEDIUM
0,1,0,0,0,0.0,0,0,0.0,0,0,0,0.0,0,0,0.0,0,0.0,Graduate,1.0,HIGH
1,0,7,7,0,0.0,7,7,0.0,8,8,0,0.0,8,8,0.0,15,0.0,Dropout,0.7999999999999999,HIGH
0,1,5,0,0,0.0,0,5,0.0,5,0,0,0.0,0,5,0.0,10,0.0,Dropout,0.7,HIGH
0,1,5,8,4,5.625,0,1,0.5,5,8,3,5.5,1,2,0.375,3,5.5625,Dropout,0.3115,MEDIUM
0,1,5,5,0,0.0,0,5,0.0,5,6,0,0.0,0,5,0.0,10,0.0,Dropout,0.7,HIGH
0,0,6,13,4,5.625,0,2,0.3077,6,12,0,0.0,1,6,0.0,8,2.8125,Dropout,0.709424,HIGH
0,1,5,11,3,5.333333333333333,0,2,0.2727,5,10,4,6.25,0,1,0.4,3,5.7917,Enrolled,0.2971832,MEDIUM
0,1,6,9,5,5.9,0,1,0.5556,6,10,3,5.333333333333333,1,3,0.3,4,5.6167,Graduate,0.3678712,MEDIUM
0,1,10,19,8,5.8125,1,2,0.4211,10,16,10,5.590909090909091,3,0,0.625,2,5.7017,Graduate,0.23947120000000002,MEDIUM
0,1,6,11,0,0.0,0,6,0.0,5,10,0,0.0,0,5,0.0,11,0.0,Dropout,0.7,HIGH
0,1,6,8,4,5.125,0,2,0.5,6,6,4,5.625,0,2,0.6667,4,5.375,Dropout,0.29766400000000004,MEDIUM
0,1,15,16,15,5.4,0,0,0.9375,14,14,14,5.678571428571429,0,0,1.0,0,5.5393,Graduate,0.11205680000000001,LOW
0,0,12,15,11,6.272727272727272,0,1,0.7333,11,16,11,6.333333333333333,0,0,0.6875,1,6.303,Graduate,0.274224,MEDIUM
0,1,7,7,7,6.785714285714286,0,0,1.0,6,9,5,6.7,0,1,0.5556,1,6.7429,Enrolled,0.23260240000000001,MEDIUM
0,1,6,0,0,0.0,0,6,0.0,6,0,0,0.0,0,6,0.0,12,0.0,Dropout,0.7,HIGH
0,1,5,5,0,0.0,0,5,0.0,5,5,0,0.0,0,5,0.0,10,0.0,Dropout,0.7,HIGH
0,1,6,9,6,7.38888888888889,0,0,0.6667,6,11,5,6.1,0,1,0.4545,1,6.7444,Graduate,0.22087840000000003,MEDIUM
0,1,3,4,0,0.0,0,3,0.0,4,8,0,0.0,0,4,0.0,7,0.0,Dropout,0.61,HIGH
0,1,2,2,0,0.0,0,2,0.0,2,2,0,0.0,0,2,0.0,4,0.0,Dropout,0.52,HIGH
0,0,4,4,0,0.0,0,4,0.0,5,0,0,0.0,0,5,0.0,9,0.0,Dropout,0.77,HIGH
0,0,5,10,0,0.0,0,5,0.0,5,5,0,0.0,0,5,0.0,10,0.0,Dropout,0.7999999999999999,HIGH
0,1,5,5,5,5.7,0,0,1.0,5,7,5,5.8,0,0,0.7143,0,5.75,Graduate,0.181996,MEDIUM
0,1,9,13,6,5.833333333333333,0,3,0.4615,7,10,6,5.428571428571429,0,1,0.6,4,5.631,Dropout,0.299936,MEDIUM
0,1,10,12,7,5.642857142857143,0,3,0.5833,8,8,5,6.5,0,3,0.625,6,6.0714,Dropout,0.3376224,MEDIUM
0,1,6,12,4,5.75,0,2,0.3333,6,10,5,6.3,0,1,0.5,3,6.025,Graduate,0.278736,MEDIUM
0,1,5,5,5,8.0,0,0,1.0,5,5,5,8.0,0,0,1.0,0,8.0,Graduate,0.04799999999999999,LOW
0,1,6,6,6,6.25,0,0,1.0,6,7,6,6.333333333333333,0,0,0.8571,0,6.2917,Dropout,0.12901120000000002,LOW
0,1,5,7,4,6.0,0,1,0.5714,5,10,3,6.5,3,2,0.3,3,6.25,Enrolled,0.32456799999999997,MEDIUM
0,1,5,11,0,0.0,2,5,0.0,5,11,3,5.833333333333333,1,2,0.2727,7,2.9167,Enrolled,0.5181832000000001,HIGH
0,1,5,10,5,6.5,0,0,0.5,5,10,5,6.3,0,0,0.5,0,6.4,Graduate,0.16640000000000002,LOW
0,1,18,27,13,6.857142857142857,1,5,0.4815,12,18,12,6.041666666666667,0,0,0.6667,5,6.4494,Graduate,0.30335840000000003,MEDIUM
0,1,5,9,3,6.166666666666667,0,2,0.3333,6,14,3,6.25,0,3,0.2143,5,6.2083,Dropout,0.38099279999999996,HIGH
0,0,17,31,11,6.363636363636364,4,6,0.3548,12,24,10,6.35,1,2,0.4167,8,6.3568,Dropout,0.5257168,HIGH
0,1,5,5,1,7.0,0,4,0.2,5,5,0,0.0,0,5,0.0,9,3.5,Dropout,0.6100000000000001,HIGH
0,0,5,0,0,0.0,0,5,0.0,5,0,0,0.0,0,5,0.0,10,0.0,Dropout,0.7999999999999999,HIGH
0,1,6,8,5,5.7,0,1,0.625,6,12,3,5.5,1,3,0.25,4,5.6,Enrolled,0.3906,HIGH
0,1,5,5,0,0.0,0,5,0.0,5,5,1,5.0,0,4,0.2,9,2.5,Dropout,0.5940000000000001,HIGH
0,1,6,8,6,9.4375,0,0,0.75,12,14,12,8.846153846153847,0,0,0.8571,0,9.1418,Graduate,0.052028800000000014,LOW
0,1,6,12,0,0.0,0,6,0.0,6,12,0,0.0,0,6,0.0,12,0.0,Dropout,0.7,HIGH
0,1,7,15,6,5.666666666666667,0,1,0.4,7,16,4,6.3,0,3,0.25,4,5.9833,Enrolled,0.3544008,MEDIUM
0,1,7,9,7,6.75,0,0,0.7778,5,6,5,8.1,0,0,0.8333,0,7.425,Dropout,0.09291200000000002,LOW
0,1,11,12,2,7.5,7,9,0.1667,9,10,3,5.0,4,6,0.3,15,6.25,Graduate,0.512664,HIGH
1,0,5,10,0,0.0,0,5,0.0,5,7,0,0.0,0,5,0.0,10,0.0,Dropout,0.7999999999999999,HIGH
0,1,9,9,9,7.11111111111111,0,0,1.0,5,5,5,6.4,0,0,1.0,0,6.7556,Dropout,0.0778656,LOW
1,0,0,0,0,0.0,0,0,0.0,0,0,0,0.0,0,0,0.0,0,0.0,Enrolled,1.0,HIGH
1,0,7,14,4,6.0,2,3,0.2857,6,16,0,0.0,1,6,0.0,9,3.0,Dropout,0.732284,HIGH
0,1,5,9,5,6.3,1,0,0.5556,5,8,4,6.0,0,1,0.5,1,6.15,Graduate,0.20907199999999998,MEDIUM
0,1,12,12,12,7.541666666666667,0,0,1.0,11,15,11,6.541666666666667,0,0,0.7333,0,7.0417,Enrolled,0.14567520000000003,LOW
0,1,5,5,0,0.0,0,5,0.0,5,5,0,0.0,0,5,0.0,10,0.0,Dropout,0.7,HIGH
0,1,6,8,6,7.25,0,0,0.75,6,10,6,7.65,0,0,0.6,0,7.45,Graduate,0.1432,LOW
0,1,6,6,6,7.25,0,0,1.0,6,6,6,6.75,0,0,1.0,0,7.0,Graduate,0.07200000000000001,LOW
0,1,5,12,3,5.0,0,2,0.25,5,12,1,6.5,0,4,0.0833,6,5.75,Enrolled,0.448676,HIGH
0,1,5,0,0,0.0,0,5,0.0,5,0,0,0.0,0,5,0.0,10,0.0,Dropout,0.7,HIGH
0,1,5,5,5,5.8,0,0,1.0,5,5,5,6.6,0,0,1.0,0,6.2,Graduate,0.0912,LOW
0,1,6,10,4,5.875,0,2,0.4,6,7,0,0.0,0,6,0.0,8,2.9375,Dropout,0.6175000000000002,HIGH
0,1,6,0,0,0.0,0,6,0.0,6,0,0,0.0,0,6,0.0,12,0.0,Dropout,0.7,HIGH
0,1,0,0,0,0.0,0,0,0.0,0,0,0,0.0,0,0,0.0,0,0.0,Dropout,1.0,HIGH
1,1,6,7,0,0.0,0,6,0.0,6,6,0,0.0,0,6,0.0,12,0.0,Dropout,0.7999999999999999,HIGH
1,0,5,7,4,5.625,0,1,0.5714,5,8,4,5.9,0,1,0.5,2,5.7625,Dropout,0.350268,MEDIUM
1,1,6,9,5,5.785714285714286,0,1,0.5556,6,11,0,0.0,0,6,0.0,7,2.8929,Dropout,0.7072423999999999,HIGH
0,1,5,7,4,5.0,0,1,0.5714,5,8,1,8.0,0,4,0.125,5,6.5,Enrolled,0.42756800000000006,HIGH
0,1,6,11,5,6.916666666666667,0,1,0.4545,6,13,6,6.15,0,0,0.4615,1,6.5333,Enrolled,0.1999208,MEDIUM
0,1,6,6,4,6.375,0,2,0.6667,9,12,3,6.333333333333333,0,6,0.25,8,6.3542,Dropout,0.49750320000000003,HIGH
0,1,4,4,0,0.0,0,4,0.0,5,9,0,0.0,0,5,0.0,9,0.0,Dropout,0.67,HIGH
0,1,6,13,5,5.8,0,1,0.3846,6,12,2,5.5,0,4,0.1667,5,5.65,Enrolled,0.413876,HIGH
0,0,5,5,0,0.0,0,5,0.0,5,5,0,0.0,0,5,0.0,10,0.0,Dropout,0.7999999999999999,HIGH
0,1,6,6,4,5.625,0,2,0.6667,6,10,3,5.166666666666667,0,3,0.3,5,5.3958,Dropout,0.41650480000000006,HIGH
0,0,6,0,0,0.0,0,6,0.0,6,0,0,0.0,0,6,0.0,12,0.0,Dropout,0.7999999999999999,HIGH
0,1,6,6,6,7.166666666666667,0,0,1.0,6,7,6,7.5,0,0,0.8571,0,7.3333,Graduate,0.1040128,LOW
1,0,6,7,0,0.0,0,6,0.0,5,5,0,0.0,0,5,0.0,11,0.0,Dropout,0.7999999999999999,HIGH
0,1,23,23,20,6.75,3,3,0.8696,23,23,20,6.75,3,3,0.8696,6,6.75,Graduate,0.278864,MEDIUM
0,1,6,8,6,6.333333333333333,0,0,0.75,6,10,5,6.1,0,1,0.5,1,6.2167,Enrolled,0.23079919999999998,MEDIUM
0,1,7,7,7,6.222142857142857,0,0,1.0,8,11,7,5.673571428571429,0,1,0.6364,1,5.9479,Graduate,0.22905840000000002,MEDIUM
0,1,5,7,3,5.333333333333333,1,2,0.4286,5,7,3,5.666666666666667,0,2,0.4286,4,5.5,Dropout,0.31942400000000004,MEDIUM
0,1,0,0,0,0.0,0,0,0.0,0,0,0,0.0,0,0,0.0,0,0.0,Enrolled,1.0,HIGH
0,1,6,6,6,6.333333333333333,0,0,1.0,6,6,5,6.2,0,1,0.8333,1,6.2667,Graduate,0.16627519999999996,LOW
0,1,5,5,5,6.6,0,0,1.0,5,6,5,7.416666666666667,0,0,0.8333,0,7.0083,Graduate,0.1184768,LOW
0,1,12,20,10,6.35,0,2,0.5,12,14,11,6.090909090909091,0,1,0.7857,3,6.2205,Graduate,0.237852,MEDIUM
0,1,5,6,5,7.416666666666667,0,0,0.8333,5,5,5,7.4,0,0,1.0,0,7.4083,Graduate,0.07553680000000002,LOW
0,0,10,10,4,5.75,0,6,0.4,7,8,1,6.0,0,6,0.125,12,5.875,Dropout,0.672,HIGH
0,1,6,0,0,0.0,0,6,0.0,6,0,0,0.0,0,6,0.0,12,0.0,Dropout,0.7,HIGH
0,1,5,0,0,0.0,0,5,0.0,5,0,0,0.0,0,5,0.0,10,0.0,Dropout,0.7,HIGH
0,1,5,7,3,6.333333333333333,1,2,0.4286,5,12,2,6.25,0,3,0.1667,5,6.2917,Enrolled,0.4037552,HIGH
0,1,6,7,6,7.357142857142857,0,0,0.8571,6,6,6,6.25,0,0,1.0,0,6.8036,Graduate,0.08814559999999999,LOW
0,1,6,11,3,6.833333333333333,0,3,0.2727,6,13,4,5.125,0,2,0.3077,5,5.9792,Enrolled,0.36006720000000003,MEDIUM
0,1,5,9,5,5.4,0,0,0.5556,5,13,2,6.75,0,3,0.1538,3,6.075,Enrolled,0.36780799999999997,MEDIUM
1,0,8,13,4,5.25,0,4,0.3077,10,16,7,5.214285714285714,0,3,0.4375,7,5.2321,Dropout,0.5248136,HIGH
0,1,6,10,6,7.5,0,0,0.6,6,11,5,6.25,0,1,0.4545,1,6.875,Graduate,0.20974,MEDIUM
1,1,6,6,6,6.333333333333333,0,0,1.0,6,6,6,7.0,0,0,1.0,0,6.6667,Graduate,0.17999920000000003,MEDIUM
0,1,6,7,6,6.583333333333333,0,0,0.8571,6,6,6,6.833333333333333,0,0,1.0,0,6.7083,Graduate,0.09043280000000001,LOW
0,1,0,0,0,0.0,0,0,0.0,0,0,0,0.0,0,0,0.0,0,0.0,Graduate,1.0,HIGH
0,1,6,6,6,6.5,0,0,1.0,6,6,6,6.25,0,0,1.0,0,6.375,Graduate,0.08700000000000002,LOW
0,1,0,0,0,0.0,0,0,0.0,0,0,0,0.0,0,0,0.0,0,0.0,Dropout,1.0,HIGH
1,1,6,13,2,5.0,0,4,0.1538,6,10,1,7.5,0,5,0.1,9,6.25,Dropout,0.610456,HIGH
0,1,6,7,6,6.666666666666667,0,0,0.8571,6,16,5,6.6875,0,1,0.3125,1,6.6771,Graduate,0.2851016,MEDIUM
0,1,6,13,3,6.166666666666667,0,3,0.2308,6,6,6,6.666666666666667,0,0,1.0,3,6.4167,Graduate,0.23753520000000003,MEDIUM
0,1,21,23,20,6.590909090909091,0,1,0.8696,14,18,14,5.821428571428571,0,0,0.7778,1,6.2062,Graduate,0.16761919999999997,LOW
0,1,7,7,6,6.256666666666667,0,1,0.8571,8,9,7,6.535714285714286,0,1,0.7778,2,6.3962,Graduate,0.19155919999999999,MEDIUM
0,1,6,0,0,0.0,0,6,0.0,6,0,0,0.0,0,6,0.0,12,0.0,Dropout,0.7,HIGH
0,1,8,8,7,6.792857142857142,0,1,0.875,8,8,7,6.792857142857142,0,1,0.875,2,6.7929,Graduate,0.1569704,LOW
0,1,7,9,7,5.577777777777778,0,0,0.7778,8,10,8,5.7125,0,0,0.8,0,5.6451,Graduate,0.1382936,LOW
0,1,7,9,6,5.928571428571429,0,1,0.6667,6,7,5,6.0,0,1,0.7143,2,5.9643,Graduate,0.2063768,MEDIUM
0,1,0,0,0,0.0,0,0,0.0,0,0,0,0.0,0,0,0.0,0,0.0,Graduate,1.0,HIGH
0,1,14,14,14,7.0,0,0,1.0,13,13,13,6.807692307692308,0,0,1.0,0,6.9038,Graduate,0.0743088,LOW
0,0,6,8,5,6.0,0,1,0.625,6,0,0,0.0,0,6,0.0,7,3.0,Dropout,0.713,HIGH
0,1,7,15,4,5.7875,0,3,0.2667,7,10,5,6.209999999999999,0,2,0.5,5,5.9987,Enrolled,0.3446952,MEDIUM
0,1,7,8,7,6.599285714285714,0,0,0.875,8,8,8,6.53125,0,0,1.0,0,6.5653,Graduate,0.09243280000000001,LOW
0,1,6,10,6,6.75,0,0,0.6,6,12,6,6.0,0,0,0.5,0,6.375,Graduate,0.17900000000000002,MEDIUM
0,1,6,6,6,6.666666666666667,0,0,1.0,6,8,5,6.4,0,1,0.625,1,6.5333,Dropout,0.21820080000000003,MEDIUM
0,1,5,10,4,7.125,0,1,0.4,5,14,1,5.0,0,4,0.0714,5,6.0625,Enrolled,0.432508,HIGH
0,1,6,7,6,6.083333333333333,0,0,0.8571,6,9,4,6.0,0,2,0.4444,2,6.0417,Graduate,0.2934192,MEDIUM
0,1,8,8,7,6.107142857142857,0,1,0.875,8,8,7,6.107142857142857,0,1,0.875,2,6.1071,Graduate,0.17342960000000002,MEDIUM
0,1,6,8,6,6.333333333333333,0,0,0.75,6,6,6,6.5,0,0,1.0,0,6.4167,Graduate,0.10599920000000002,LOW
0,1,6,7,6,6.142857142857143,0,0,0.8571,6,6,6,6.75,0,0,1.0,0,6.4464,Graduate,0.09671840000000001,LOW
0,1,6,7,6,6.5,0,0,0.8571,6,6,6,6.5,0,0,1.0,0,6.5,Graduate,0.09543200000000002,LOW
0,1,6,8,6,6.071428571428571,0,0,0.75,6,6,6,5.583333333333333,0,0,1.0,0,5.8274,Graduate,0.12014239999999998,LOW
0,1,7,8,7,6.937857142857142,0,0,0.875,8,9,7,6.542857142857142,0,1,0.7778,1,6.7404,Graduate,0.15544639999999998,LOW
0,1,6,0,0,0.0,0,6,0.0,6,0,0,0.0,0,6,0.0,12,0.0,Dropout,0.7,HIGH
0,1,6,12,6,5.833333333333333,0,0,0.5,6,7,0,0.0,0,6,0.0,6,2.9167,Dropout,0.5699992,HIGH
0,1,6,13,6,6.576923076923076,0,0,0.4615,6,12,3,5.5,0,3,0.25,3,6.0385,Graduate,0.33045599999999997,MEDIUM
0,1,6,6,6,7.25,0,0,1.0,6,6,6,6.416666666666667,0,0,1.0,0,6.8333,Dropout,0.07600080000000001,LOW
0,1,7,7,7,7.220714285714285,0,0,1.0,8,8,8,6.828125,0,0,1.0,0,7.0244,Graduate,0.07141440000000002,LOW
0,1,6,6,6,7.583333333333333,0,0,1.0,6,7,6,7.142857142857143,0,0,0.8571,0,7.3631,Graduate,0.10329760000000002,LOW
0,1,5,5,5,5.8,0,0,1.0,5,12,4,6.3125,0,1,0.3333,1,6.0563,Graduate,0.3113248,MEDIUM
1,1,6,6,6,5.833333333333333,0,0,1.0,6,6,6,6.166666666666667,0,0,1.0,0,6.0,Graduate,0.196,MEDIUM
0,1,6,8,6,6.3125,0,0,0.75,6,10,6,6.6,0,0,0.6,0,6.4562,Graduate,0.1670512,LOW
0,1,6,14,3,6.333333333333333,0,3,0.2143,6,7,6,5.5,0,0,0.8571,3,5.9167,Graduate,0.26228720000000005,MEDIUM
0,1,6,7,6,6.416666666666667,1,0,0.8571,6,8,6,6.5,0,0,0.75,0,6.4583,Enrolled,0.1378528,LOW
0,1,6,7,6,5.928571428571429,0,0,0.8571,6,8,6,6.571428571428571,0,0,0.75,0,6.25,Graduate,0.14285199999999998,LOW
0,1,6,8,5,5.7,1,1,0.625,6,7,4,5.375,0,2,0.5714,3,5.5375,Enrolled,0.27210799999999996,MEDIUM
0,1,5,10,5,7.428571428571429,2,0,0.5,5,7,5,7.571428571428571,0,0,0.7143,0,7.5,Enrolled,0.12285599999999999,LOW
0,1,6,7,6,7.357142857142857,0,0,0.8571,6,6,6,7.916666666666667,0,0,1.0,0,7.6369,Graduate,0.06814640000000001,LOW
1,1,6,6,6,6.75,0,0,1.0,6,9,5,6.5,0,1,0.5556,1,6.625,Graduate,0.335432,MEDIUM
0,1,5,7,4,5.75,0,1,0.5714,5,5,5,6.2,0,0,1.0,1,5.975,Graduate,0.160888,LOW
0,1,5,9,2,7.0,0,3,0.2222,5,5,0,0.0,0,5,0.0,8,3.5,Dropout,0.5826640000000001,HIGH
0,1,7,8,6,6.416666666666667,0,1,0.75,6,6,0,0.0,0,6,0.0,7,3.2083,Dropout,0.6230008,HIGH
0,1,7,7,7,6.714285714285714,0,0,1.0,8,8,8,7.375,0,0,1.0,0,7.0446,Graduate,0.07092960000000001,LOW
0,1,6,0,0,0.0,0,6,0.0,6,0,0,0.0,0,6,0.0,12,0.0,Dropout,0.7,HIGH
0,1,6,18,3,5.833333333333333,0,3,0.1667,6,14,4,5.75,0,2,0.2857,5,5.7917,Enrolled,0.3748072,HIGH
0,1,6,6,6,8.0,0,0,1.0,6,7,6,7.166666666666667,0,0,0.8571,0,7.5833,Graduate,0.0980128,LOW
0,1,6,6,6,6.916666666666667,0,0,1.0,6,6,6,5.916666666666667,0,0,1.0,0,6.4167,Graduate,0.08599920000000001,LOW
0,1,8,9,8,6.61625,1,0,0.8889,8,9,8,6.61625,1,0,0.8889,0,6.6162,Graduate,0.09898720000000001,LOW
0,1,6,6,6,7.0,0,0,1.0,6,6,6,7.083333333333333,0,0,1.0,0,7.0417,Graduate,0.07099920000000001,LOW
1,1,6,14,2,5.0,0,4,0.1429,6,6,0,0.0,0,6,0.0,10,2.5,Dropout,0.757148,HIGH
0,1,16,16,15,6.666666666666667,0,1,0.9375,13,13,11,6.136363636363636,0,2,0.8462,3,6.4015,Graduate,0.211928,MEDIUM
0,1,6,6,6,6.25,0,0,1.0,6,6,6,7.166666666666667,0,0,1.0,0,6.7083,Enrolled,0.0790008,LOW
0,1,6,6,6,6.25,0,0,1.0,6,6,6,5.75,0,0,1.0,0,6.0,Graduate,0.096,LOW
1,1,5,8,2,5.25,0,3,0.25,5,5,0,0.0,0,5,0.0,8,2.625,Dropout,0.707,HIGH
1,1,5,11,3,5.333333333333333,0,2,0.2727,5,9,3,5.666666666666667,0,2,0.3333,4,5.5,Enrolled,0.43952,HIGH
0,1,5,9,4,5.25,0,1,0.4444,5,11,2,5.25,3,3,0.1818,4,5.25,Enrolled,0.396424,HIGH
0,1,5,10,4,6.0,0,1,0.4,5,6,5,5.7,0,0,0.8333,1,5.85,Graduate,0.19093600000000002,MEDIUM
0,1,0,0,0,0.0,0,0,0.0,0,0,0,0.0,0,0,0.0,0,0.0,Enrolled,1.0,HIGH
0,1,5,11,5,5.75,0,0,0.4545,5,9,2,5.333333333333333,0,3,0.2222,3,5.5417,Enrolled,0.3493232,MEDIUM
0,1,6,6,6,7.0,0,0,1.0,6,6,6,6.75,0,0,1.0,0,6.875,Dropout,0.07500000000000001,LOW
0,1,6,7,6,6.75,0,0,0.8571,6,8,5,6.3,0,1,0.625,1,6.525,Graduate,0.20125199999999996,MEDIUM
0,1,8,8,8,6.536875,0,0,1.0,8,8,8,6.536875,0,0,1.0,0,6.5369,Graduate,0.0831144,LOW
0,1,7,9,2,5.375,0,5,0.2222,7,9,0,0.0,0,7,0.0,12,2.6875,Dropout,0.6621640000000001,HIGH
0,1,6,11,1,6.0,0,5,0.0909,5,10,0,0.0,0,5,0.0,10,3.0,Enrolled,0.6389079999999999,HIGH
0,1,6,6,6,7.0,0,0,1.0,6,6,6,6.666666666666667,0,0,1.0,0,6.8333,Graduate,0.07600080000000001,LOW
0,1,6,7,6,6.166666666666667,0,0,0.8571,6,7,6,6.714285714285714,0,0,0.8571,0,6.4405,Graduate,0.10829200000000001,LOW
0,1,7,7,7,6.732142857142857,0,0,1.0,8,9,8,7.394444444444444,0,0,0.8889,0,7.0633,Graduate,0.1015888,LOW
0,1,6,14,3,5.333333333333333,1,3,0.2143,6,9,5,5.6,0,1,0.5556,4,5.4667,Enrolled,0.32720720000000003,MEDIUM
1,1,5,6,5,5.8,0,0,0.8333,5,8,5,6.1,0,0,0.625,0,5.95,Enrolled,0.282196,MEDIUM
0,1,6,6,6,6.833333333333333,0,0,1.0,6,6,6,7.333333333333333,0,0,1.0,0,7.0833,Graduate,0.0700008,LOW
1,1,8,9,8,7.20125,1,0,0.8889,8,9,8,7.20125,1,0,0.8889,0,7.2012,Graduate,0.1849472,MEDIUM
0,1,7,9,7,7.734375,0,0,0.7778,8,8,8,8.19375,0,0,1.0,0,7.9641,Graduate,0.06663759999999999,LOW
1,1,6,8,6,6.3125,0,0,0.75,6,6,6,7.083333333333333,0,0,1.0,0,6.6979,Graduate,0.19925040000000002,MEDIUM
0,1,7,7,6,7.491666666666667,0,1,0.8571,7,7,6,7.491666666666667,0,1,0.8571,2,7.4917,Graduate,0.1430632,LOW
0,1,6,6,6,7.5,0,0,1.0,6,6,6,6.5,0,0,1.0,0,7.0,Graduate,0.07200000000000001,LOW
0,1,9,9,9,7.944444444444445,0,0,1.0,7,7,7,7.071428571428571,0,0,1.0,0,7.5079,Graduate,0.059810399999999986,LOW
1,1,6,14,4,5.75,0,2,0.2857,6,14,3,5.5,0,3,0.2143,5,5.625,Dropout,0.48928000000000005,HIGH
0,1,6,14,2,5.25,0,4,0.1429,6,11,1,5.0,0,5,0.0909,9,5.125,Dropout,0.5386960000000001,HIGH
0,1,7,7,6,6.991666666666667,0,1,0.8571,7,7,6,6.991666666666667,0,1,0.8571,2,6.9917,Graduate,0.1550632,LOW
0,1,6,6,6,6.5,0,0,1.0,6,6,6,6.416666666666667,0,0,1.0,0,6.4583,Graduate,0.0850008,LOW
0,1,6,6,6,6.833333333333333,0,0,1.0,6,6,6,6.5,0,0,1.0,0,6.6667,Graduate,0.0799992,LOW
0,0,6,8,0,0.0,0,6,0.0,6,8,0,0.0,0,6,0.0,12,0.0,Dropout,0.7999999999999999,HIGH
0,1,5,5,5,7.2,0,0,1.0,5,5,5,7.7,0,0,1.0,0,7.45,Graduate,0.061200000000000004,LOW
0,1,5,10,4,6.0,0,1,0.4,5,9,4,5.625,0,1,0.4444,2,5.8125,Enrolled,0.252948,MEDIUM
0,1,6,6,6,7.083333333333333,0,0,1.0,6,7,6,6.833333333333333,0,0,0.8571,0,6.9583,Graduate,0.11301280000000001,LOW
0,1,6,8,5,6.1,0,1,0.625,6,7,6,6.0,0,0,0.8571,1,6.05,Graduate,0.166232,LOW
0,1,5,8,3,6.0,1,2,0.375,5,9,3,6.333333333333333,0,2,0.3333,4,6.1667,Enrolled,0.32367520000000005,MEDIUM
0,1,5,11,2,5.25,0,3,0.1818,5,14,1,5.5,0,4,0.0714,7,5.375,Enrolled,0.48282400000000003,HIGH
0,1,6,8,3,6.166666666666667,0,3,0.375,6,11,2,5.25,0,4,0.1818,7,5.7083,Dropout,0.4670968,HIGH
0,1,6,7,5,6.1,0,1,0.7143,6,7,5,6.1,0,1,0.7143,2,6.1,Enrolled,0.199312,MEDIUM
0,1,6,6,0,0.0,0,6,0.0,6,6,0,0.0,0,6,0.0,12,0.0,Dropout,0.7,HIGH
1,0,7,10,6,5.75,0,1,0.6,7,8,6,6.583333333333333,0,1,0.75,2,6.1667,Enrolled,0.3039992,MEDIUM
0,1,9,9,9,5.444444444444445,0,0,1.0,10,18,10,5.807692307692308,0,0,0.5556,0,5.6261,Graduate,0.2294056,MEDIUM
0,1,7,12,6,6.083333333333333,0,1,0.5,8,8,8,5.8375,0,0,1.0,1,5.9604,Dropout,0.1669504,LOW
0,1,5,7,2,5.0,1,3,0.2857,5,9,1,6.0,0,4,0.1111,7,5.5,Enrolled,0.481176,HIGH
0,1,6,6,6,6.333333333333333,0,0,1.0,6,6,6,6.083333333333333,0,0,1.0,0,6.2083,Graduate,0.09100079999999999,LOW
1,1,6,9,5,5.7,0,1,0.5556,6,8,5,6.1,0,1,0.625,2,5.9,Dropout,0.323952,MEDIUM
0,1,0,0,0,0.0,0,0,0.0,0,0,0,0.0,0,0,0.0,0,0.0,Dropout,1.0,HIGH
0,1,5,14,2,6.5,2,3,0.1429,5,8,4,6.0,1,1,0.5,4,6.25,Enrolled,0.31856799999999996,MEDIUM
0,1,6,8,5,6.7,0,1,0.625,6,7,5,6.0,0,1,0.7143,2,6.35,Enrolled,0.200456,MEDIUM
0,1,6,6,6,6.75,0,0,1.0,6,8,5,6.4,0,1,0.625,1,6.575,Dropout,0.21720000000000003,MEDIUM
0,1,6,14,4,6.125,0,2,0.2857,6,11,3,5.666666666666667,0,3,0.2727,5,5.8958,Enrolled,0.36642880000000005,MEDIUM
0,1,6,7,6,6.142857142857143,0,0,0.8571,6,7,6,6.416666666666667,0,0,0.8571,0,6.2798,Graduate,0.1121488,LOW
0,0,5,12,0,0.0,4,5,0.0,5,8,0,0.0,1,5,0.0,10,0.0,Dropout,0.7999999999999999,HIGH
0,1,6,10,2,5.25,0,4,0.2,6,11,1,6.5,0,5,0.0909,9,5.875,Dropout,0.5275479999999999,HIGH
0,1,5,12,3,7.0,2,2,0.25,5,8,5,6.0,1,0,0.625,2,6.5,Graduate,0.234,MEDIUM
0,1,5,7,5,7.1,0,0,0.7143,5,10,5,6.1,0,0,0.5,0,6.6,Graduate,0.187316,MEDIUM
0,1,6,8,5,6.5,0,1,0.625,6,7,6,6.571428571428571,0,0,0.8571,1,6.5357,Dropout,0.1545752,LOW
0,1,6,6,6,5.5,0,0,1.0,6,8,4,6.375,0,2,0.5,2,5.9375,Graduate,0.2975,MEDIUM
0,1,8,9,3,5.5,0,5,0.3333,7,7,2,5.0,0,5,0.2857,10,5.25,Dropout,0.5339999999999999,HIGH
0,1,7,9,6,6.192857142857143,0,1,0.6667,8,9,8,6.877777777777778,0,0,0.8889,1,6.5353,Graduate,0.1487048,LOW
0,1,6,12,4,7.375,0,2,0.3333,6,7,4,6.125,0,2,0.5714,4,6.75,Graduate,0.285624,MEDIUM
0,1,5,6,5,8.083333333333334,0,0,0.8333,5,6,5,7.916666666666667,0,0,0.8333,0,8.0,Graduate,0.07467199999999999,LOW
0,1,5,7,0,0.0,0,5,0.0,5,8,0,0.0,0,5,0.0,10,0.0,Dropout,0.7,HIGH
0,1,5,6,5,6.2,0,0,0.8333,5,9,3,6.5,0,2,0.3333,2,6.35,Dropout,0.314272,MEDIUM
0,0,6,8,5,5.8,0,1,0.625,6,11,4,6.5,0,2,0.3636,3,6.15,Dropout,0.41559199999999996,HIGH
0,1,6,8,5,6.1,0,1,0.625,6,13,0,0.0,0,6,0.0,7,3.05,Dropout,0.6118,HIGH
0,1,6,7,5,5.5,0,1,0.7143,6,7,5,6.4,0,1,0.7143,2,5.95,Graduate,0.202912,MEDIUM
0,1,6,8,6,6.166666666666667,0,0,0.75,6,7,5,6.2,0,1,0.7143,1,6.1833,Dropout,0.17159679999999997,MEDIUM
0,1,6,6,6,7.416666666666667,0,0,1.0,6,7,6,6.285714285714286,0,0,0.8571,0,6.8512,Graduate,0.11558320000000001,LOW
0,1,10,15,9,5.777777777777778,0,1,0.6,11,17,10,5.95,0,1,0.5882,2,5.8639,Enrolled,0.22657040000000003,MEDIUM
0,1,6,6,6,6.0,0,0,1.0,6,6,6,5.916666666666667,0,0,1.0,0,5.9583,Graduate,0.09700079999999998,LOW
1,1,13,13,11,6.363636363636364,0,2,0.8462,11,11,10,6.3,0,1,0.9091,3,6.3318,Graduate,0.2976128,MEDIUM
0,1,2,2,2,5.25,0,0,1.0,1,1,1,5.5,0,0,1.0,0,5.375,Dropout,0.11100000000000002,LOW
0,1,6,6,6,6.166666666666667,0,0,1.0,6,6,6,6.0,0,0,1.0,0,6.0833,Graduate,0.0940008,LOW
0,1,5,10,0,0.0,0,5,0.0,5,7,1,6.0,0,4,0.1429,9,3.0,Dropout,0.586568,HIGH
0,1,7,7,7,7.421428571428572,0,0,1.0,8,9,8,7.194444444444445,0,0,0.8889,0,7.3079,Graduate,0.09571839999999998,LOW
0,1,7,7,7,6.1,0,0,1.0,7,7,7,6.1,0,0,1.0,0,6.1,Enrolled,0.0936,LOW
0,1,5,10,4,5.4,0,1,0.4,5,10,4,5.875,0,1,0.4,2,5.6375,Enrolled,0.2607,MEDIUM
0,1,5,7,4,6.375,0,1,0.5714,5,7,5,7.166666666666667,0,0,0.7143,1,6.7708,Enrolled,0.16464479999999998,LOW
0,1,5,13,2,5.5,0,3,0.1538,5,12,1,6.0,0,4,0.0833,7,5.75,Dropout,0.467132,HIGH
0,1,6,9,4,5.375,0,2,0.4444,6,12,0,0.0,0,6,0.0,8,2.6875,Dropout,0.6288280000000002,HIGH
0,1,8,9,8,6.276875,1,0,0.8889,8,9,8,6.276875,1,0,0.8889,0,6.2769,Graduate,0.10713039999999999,LOW
0,1,8,8,7,6.332857142857142,0,1,0.875,8,8,7,6.332857142857142,0,1,0.875,2,6.3329,Graduate,0.1680104,LOW
0,1,6,10,6,6.357142857142857,0,0,0.6,6,8,4,6.5,0,2,0.5,2,6.4286,Enrolled,0.2377136,MEDIUM
0,1,7,7,2,5.875,0,5,0.2857,5,10,0,0.0,0,5,0.0,10,2.9375,Dropout,0.6637839999999999,HIGH
0,0,6,11,3,5.5,0,3,0.2727,6,14,0,0.0,0,6,0.0,9,2.75,Dropout,0.736724,HIGH
0,1,0,0,0,0.0,0,0,0.0,0,0,0,0.0,0,0,0.0,0,0.0,Graduate,1.0,HIGH
0,1,5,5,5,6.7,0,0,1.0,5,6,5,6.1,0,0,0.8333,0,6.4,Graduate,0.133076,LOW
0,1,17,21,17,6.289473684210526,0,0,0.8095,17,20,17,6.058823529411764,0,0,0.85,0,6.1741,Graduate,0.11906159999999999,LOW
0,1,5,0,0,0.0,0,5,0.0,5,0,0,0.0,0,5,0.0,10,0.0,Dropout,0.7,HIGH
0,1,6,8,6,6.0,0,0,0.75,6,8,6,5.75,0,0,0.75,0,5.875,Graduate,0.13899999999999998,LOW
0,1,6,6,3,6.166666666666667,0,3,0.5,6,9,0,0.0,0,6,0.0,9,3.0833,Dropout,0.6560008,HIGH
0,1,5,11,4,5.75,0,1,0.3636,5,11,3,6.75,0,2,0.2727,3,6.25,Dropout,0.307276,MEDIUM
0,1,6,7,5,6.4,0,1,0.7143,6,11,5,6.916666666666667,0,1,0.4545,2,6.6583,Graduate,0.2586568,MEDIUM
0,1,0,0,0,0.0,0,0,0.0,0,0,0,0.0,0,0,0.0,0,0.0,Dropout,1.0,HIGH
0,1,7,8,7,6.642857142857143,0,0,0.875,8,11,7,6.071428571428571,0,1,0.6364,1,6.3571,Enrolled,0.2042376,MEDIUM
1,0,6,16,4,5.9,0,2,0.25,6,15,2,6.0,0,4,0.1333,6,5.95,Dropout,0.529876,HIGH
0,1,13,13,6,5.666666666666667,0,7,0.4615,11,11,2,6.75,0,9,0.1818,16,6.2083,Dropout,0.5554768,HIGH
0,1,8,12,5,6.001,1,3,0.4167,8,12,5,6.001,1,3,0.4167,6,6.001,Dropout,0.36930399999999997,MEDIUM
0,1,7,10,5,6.988333333333334,0,2,0.5,8,9,8,6.61111111111111,0,0,0.8889,2,6.7997,Enrolled,0.1856952,MEDIUM
0,0,6,10,5,7.6,0,1,0.5,6,9,1,5.5,0,5,0.1111,6,6.55,Dropout,0.5516920000000001,HIGH
0,1,6,7,6,6.571428571428571,0,0,0.8571,6,8,6,7.083333333333333,0,0,0.75,0,6.8274,Graduate,0.1289944,LOW
0,1,5,14,0,0.0,1,5,0.0,5,5,0,0.0,0,5,0.0,10,0.0,Dropout,0.7,HIGH
0,1,8,11,7,6.933571428571428,0,1,0.6364,8,11,7,6.933571428571428,0,1,0.6364,2,6.9336,Graduate,0.1917696,MEDIUM
0,1,8,11,6,6.3375,0,2,0.5455,8,11,6,6.3375,0,2,0.5455,4,6.3375,Graduate,0.28062,MEDIUM
0,1,0,0,0,0.0,0,0,0.0,0,0,0,0.0,0,0,0.0,0,0.0,Graduate,1.0,HIGH
0,1,6,6,6,6.0,0,0,1.0,6,7,6,6.25,0,0,0.8571,0,6.125,Enrolled,0.13301200000000002,LOW
0,1,0,0,0,0.0,0,0,0.0,0,0,0,0.0,0,0,0.0,0,0.0,Dropout,1.0,HIGH
0,1,6,7,6,5.5,0,0,0.8571,6,6,5,6.1,0,1,0.8333,1,5.8,Dropout,0.160328,LOW
0,1,5,11,4,5.375,0,1,0.3636,5,11,4,5.666666666666667,0,1,0.3636,2,5.5208,Dropout,0.26932480000000003,MEDIUM
0,1,6,7,5,7.1,0,1,0.7143,6,6,6,7.083333333333333,0,0,1.0,1,7.0917,Graduate,0.12265519999999998,LOW
0,0,7,11,4,6.3,0,3,0.3636,7,7,4,5.7875,0,3,0.5714,6,6.0437,Dropout,0.4601512,HIGH
0,0,5,5,0,0.0,0,5,0.0,5,5,0,0.0,0,5,0.0,10,0.0,Dropout,0.7999999999999999,HIGH
0,1,5,6,5,7.0,0,0,0.8333,5,6,5,7.083333333333333,0,0,0.8333,0,7.0417,Graduate,0.09767120000000001,LOW
1,0,6,16,2,5.0,0,4,0.125,6,12,4,6.125,0,2,0.3333,6,5.5625,Dropout,0.5098360000000001,HIGH
0,1,6,6,6,6.916666666666667,0,0,1.0,6,8,6,6.5625,0,0,0.75,0,6.7396,Graduate,0.1482496,LOW
0,0,5,8,2,5.5,0,3,0.25,5,5,1,5.5,0,4,0.2,7,5.5,Dropout,0.552,HIGH
0,1,8,8,7,5.817857142857143,0,1,0.875,8,8,7,5.817857142857143,0,1,0.875,2,5.8179,Enrolled,0.1803704,MEDIUM
0,1,6,6,4,6.125,0,2,0.6667,5,5,0,0.0,0,5,0.0,7,3.0625,Dropout,0.6165039999999999,HIGH
1,1,5,9,4,6.25,0,1,0.4444,5,11,5,5.642857142857143,0,0,0.4545,1,5.9464,Enrolled,0.31537440000000005,MEDIUM
0,1,5,5,5,6.9,0,0,1.0,5,6,5,6.833333333333333,0,0,0.8333,0,6.8667,Graduate,0.1218752,LOW
0,1,6,8,3,6.0,0,3,0.375,6,9,1,5.5,0,5,0.1111,8,5.75,Dropout,0.515892,HIGH
0,1,5,9,3,5.5,0,2,0.3333,5,8,4,6.25,1,1,0.5,3,5.875,Enrolled,0.28233600000000003,MEDIUM
0,1,6,7,4,6.875,0,2,0.5714,6,10,6,5.777777777777778,0,0,0.6,2,6.3264,Graduate,0.21445440000000002,MEDIUM
0,1,6,6,6,5.333333333333333,0,0,1.0,6,8,4,5.625,0,2,0.5,2,5.4792,Enrolled,0.30849920000000003,MEDIUM
0,1,7,7,0,0.0,0,7,0.0,8,13,2,6.575,0,6,0.1538,13,3.2875,Dropout,0.608796,HIGH
0,1,5,6,5,6.916666666666667,0,0,0.8333,5,7,5,7.7,0,0,0.7143,0,7.3083,Graduate,0.1245928,LOW
1,1,6,6,0,0.0,0,6,0.0,6,7,0,0.0,0,6,0.0,12,0.0,Enrolled,0.7999999999999999,HIGH
0,1,5,5,5,7.9,0,0,1.0,5,5,5,8.4,0,0,1.0,0,8.15,Graduate,0.04439999999999999,LOW
0,1,14,26,12,6.26304347826087,1,2,0.4615,14,26,12,6.26304347826087,1,2,0.4615,4,6.263,Graduate,0.295848,MEDIUM
0,1,7,9,6,6.391666666666666,0,1,0.6667,8,11,0,0.0,0,8,0.0,9,3.1958,Dropout,0.6733048,HIGH
1,0,5,5,0,0.0,0,5,0.0,5,5,1,5.0,0,4,0.2,9,2.5,Dropout,0.6940000000000001,HIGH
0,1,5,8,3,6.5,0,2,0.375,5,8,3,5.333333333333333,0,2,0.375,4,5.9167,Graduate,0.31799920000000004,MEDIUM
0,1,6,8,0,0.0,0,6,0.0,6,10,0,0.0,0,6,0.0,12,0.0,Dropout,0.7,HIGH
0,1,5,7,5,5.4,0,0,0.7143,5,9,3,6.0,0,2,0.3333,2,5.7,Enrolled,0.315592,MEDIUM
0,1,5,7,5,5.5,0,0,0.7143,5,7,3,5.0,0,2,0.4286,2,5.25,Enrolled,0.29970800000000003,MEDIUM
1,0,4,4,0,0.0,0,4,0.0,5,5,0,0.0,0,5,0.0,9,0.0,Dropout,0.77,HIGH
1,1,5,7,0,0.0,0,5,0.0,5,5,0,0.0,0,5,0.0,10,0.0,Enrolled,0.7999999999999999,HIGH
0,0,6,10,2,6.0,0,4,0.2,6,0,0,0.0,0,6,0.0,10,3.0,Dropout,0.7520000000000001,HIGH
0,1,5,7,4,5.375,0,1,0.5714,5,10,2,5.5,3,3,0.2,4,5.4375,Dropout,0.402068,HIGH
0,1,5,8,5,5.8,0,0,0.625,5,10,4,6.75,3,1,0.4,1,6.275,Graduate,0.2424,MEDIUM
0,1,5,6,5,5.9,0,0,0.8333,5,8,4,5.8,0,1,0.5,1,5.85,Graduate,0.24959600000000004,MEDIUM
0,1,6,7,6,8.0,0,0,0.8571,6,6,6,7.583333333333333,0,0,1.0,0,7.7917,Graduate,0.06443120000000002,LOW
0,1,6,6,6,6.333333333333333,0,0,1.0,6,6,6,5.75,0,0,1.0,0,6.0417,Graduate,0.0949992,LOW
1,1,7,12,4,7.2,0,3,0.3333,7,9,6,6.75,0,1,0.6667,4,6.975,Enrolled,0.37260000000000004,HIGH
1,0,6,6,0,0.0,0,6,0.0,6,6,0,0.0,0,6,0.0,12,0.0,Dropout,0.7999999999999999,HIGH
1,0,6,11,4,6.125,0,2,0.3636,6,9,4,6.7,0,2,0.4444,4,6.4125,Enrolled,0.40146000000000004,HIGH
0,1,7,9,5,6.3,0,2,0.5556,9,10,8,6.375,1,1,0.8,3,6.3375,Dropout,0.229452,MEDIUM
0,1,8,8,7,6.7,0,1,0.875,8,8,7,6.7,0,1,0.875,2,6.7,Graduate,0.1592,LOW
1,1,0,0,0,0.0,0,0,0.0,0,0,0,0.0,0,0,0.0,0,0.0,Dropout,1.0,HIGH
0,1,6,9,1,5.0,0,5,0.1111,6,6,0,0.0,0,6,0.0,11,2.5,Dropout,0.653332,HIGH
1,1,5,5,0,0.0,0,5,0.0,5,5,0,0.0,5,5,0.0,10,0.0,Dropout,0.7999999999999999,HIGH
0,1,6,16,3,5.625,0,3,0.1875,6,14,4,5.6,0,2,0.2857,5,5.6125,Dropout,0.377444,HIGH
0,1,5,10,0,0.0,0,5,0.0,5,5,0,0.0,0,5,0.0,10,0.0,Enrolled,0.7,HIGH
0,1,5,8,3,5.333333333333333,1,2,0.375,5,5,1,7.0,0,4,0.2,6,6.1667,Dropout,0.4209992,HIGH
0,1,5,7,4,5.875,0,1,0.5714,5,5,5,6.7,0,0,1.0,1,6.2875,Graduate,0.15338800000000002,LOW
0,1,5,5,0,0.0,0,5,0.0,5,5,0,0.0,0,5,0.0,10,0.0,Dropout,0.7,HIGH
0,1,6,6,6,6.333333333333333,0,0,1.0,6,8,6,7.0625,0,0,0.75,0,6.6979,Graduate,0.1492504,LOW
0,1,7,14,7,5.975,0,0,0.5,8,15,7,6.021428571428572,0,1,0.4667,1,5.9982,Enrolled,0.21536720000000004,MEDIUM
0,1,6,7,5,7.0,0,1,0.7143,6,6,6,7.833333333333333,0,0,1.0,1,7.4167,Graduate,0.1148552,LOW
0,0,6,6,0,0.0,6,6,0.0,6,12,0,0.0,0,6,0.0,12,0.0,Dropout,0.7999999999999999,HIGH
1,1,5,11,2,5.75,0,3,0.1818,5,10,0,0.0,0,5,0.0,8,2.875,Dropout,0.692816,HIGH
0,1,6,10,6,6.0,0,0,0.6,6,12,5,6.4,0,1,0.4167,1,6.2,Graduate,0.236524,MEDIUM
1,1,6,7,6,8.214285714285714,0,0,0.8571,6,7,6,8.333333333333334,0,0,0.8571,0,8.2738,Dropout,0.16429280000000002,LOW
0,1,7,9,5,6.668000000000001,0,2,0.5556,8,9,7,6.603571428571428,0,1,0.7778,3,6.6358,Graduate,0.2240688,MEDIUM
0,1,7,7,0,0.0,0,7,0.0,8,8,0,0.0,6,8,0.0,15,0.0,Enrolled,0.7,HIGH
0,1,7,9,7,7.333333333333333,0,0,0.7778,6,8,6,7.0,0,0,0.75,0,7.1667,Graduate,0.11133520000000004,LOW
0,1,8,8,7,7.057857142857144,0,1,0.875,8,8,7,7.057857142857144,0,1,0.875,2,7.0579,Graduate,0.1506104,LOW
0,1,6,7,6,7.428571428571429,0,0,0.8571,6,10,6,6.555555555555555,0,0,0.6,0,6.9921,Graduate,0.16704159999999998,LOW
0,1,6,7,6,6.916666666666667,0,0,0.8571,6,10,6,6.857142857142857,0,0,0.6,0,6.8869,Graduate,0.16956639999999998,LOW
0,1,5,10,3,5.5,0,2,0.3,5,9,4,5.875,0,1,0.4444,3,5.6875,Enrolled,0.293948,MEDIUM
0,1,6,11,4,5.875,0,2,0.3636,6,12,3,6.833333333333333,0,3,0.25,5,6.3542,Enrolled,0.37113120000000005,MEDIUM
0,1,5,15,2,5.0,0,3,0.1333,5,14,2,6.0,0,3,0.1429,6,5.5,Dropout,0.425904,HIGH
0,1,8,15,6,6.2075,0,2,0.4,8,15,6,6.2075,0,2,0.4,4,6.2075,Graduate,0.30702,MEDIUM
0,1,5,12,1,5.5,0,4,0.0833,5,9,2,5.25,0,3,0.2222,7,5.375,Enrolled,0.45656,HIGH
0,1,6,14,5,7.214285714285714,0,1,0.3571,6,7,6,6.714285714285714,0,0,0.8571,1,6.9643,Graduate,0.1657208,LOW
0,1,8,8,7,7.156428571428571,0,1,0.875,8,8,7,7.156428571428571,0,1,0.875,2,7.1564,Graduate,0.1482464,LOW
0,0,6,8,6,7.714285714285714,0,0,0.75,6,7,5,7.25,0,1,0.7143,1,7.4821,Enrolled,0.24042559999999996,MEDIUM
0,1,5,9,4,6.0,1,1,0.4444,5,6,5,6.7,0,0,0.8333,1,6.35,Graduate,0.175384,MEDIUM
0,1,6,7,6,6.916666666666667,0,0,0.8571,6,7,6,6.857142857142857,0,0,0.8571,0,6.8869,Graduate,0.09757840000000001,LOW
0,1,6,6,6,6.083333333333333,0,0,1.0,6,7,6,6.071428571428571,0,0,0.8571,0,6.0774,Graduate,0.1341544,LOW
0,1,8,8,7,7.007142857142857,0,1,0.875,8,8,7,7.007142857142857,0,1,0.875,2,7.0071,Enrolled,0.15182959999999998,LOW
0,1,6,15,2,5.166666666666667,3,4,0.1333,6,13,3,6.666666666666667,0,3,0.2308,7,5.9167,Enrolled,0.4388712,HIGH
0,1,6,7,5,6.6,0,1,0.7143,6,7,5,6.8,0,1,0.7143,2,6.7,Graduate,0.18491200000000002,MEDIUM
1,1,7,7,6,7.7,0,1,0.8571,7,7,6,7.7,0,1,0.8571,2,7.7,Graduate,0.23806400000000003,MEDIUM
0,1,7,7,7,6.692857142857143,0,0,1.0,8,8,8,7.9625,0,0,1.0,0,7.3277,Graduate,0.06413519999999999,LOW
1,1,6,13,6,5.428571428571429,0,0,0.4615,6,10,4,5.5,0,2,0.4,2,5.4643,Dropout,0.37223680000000003,MEDIUM
0,1,5,11,5,5.666666666666667,0,0,0.4545,5,8,5,6.0,0,0,0.625,0,5.8333,Graduate,0.17364080000000004,MEDIUM
0,1,5,7,4,7.25,0,1,0.5714,5,5,5,6.8,0,0,1.0,1,7.025,Graduate,0.13568799999999998,LOW
0,1,6,6,6,7.083333333333333,0,0,1.0,6,8,6,6.1875,0,0,0.75,0,6.6354,Graduate,0.1507504,LOW
0,1,6,7,6,6.416666666666667,0,0,0.8571,6,8,6,6.0,0,0,0.75,0,6.2083,Graduate,0.1438528,LOW
0,1,6,7,6,6.666666666666667,0,0,0.8571,6,6,6,7.25,0,0,1.0,0,6.9583,Graduate,0.0844328,LOW
0,1,6,7,6,6.833333333333333,0,0,0.8571,6,7,6,7.285714285714286,0,0,0.8571,0,7.0595,Graduate,0.09343600000000002,LOW
1,0,6,6,6,5.416666666666667,0,0,1.0,6,7,5,5.5,0,1,0.7143,1,5.4583,Dropout,0.31899679999999997,MEDIUM
0,1,6,7,6,6.714285714285714,0,0,0.8571,6,8,6,6.571428571428571,0,0,0.75,0,6.6429,Graduate,0.1334224,LOW
1,1,7,7,7,6.200714285714286,0,0,1.0,8,10,6,5.904166666666666,0,2,0.6,2,6.0524,Enrolled,0.3667424,MEDIUM
0,0,6,8,0,0.0,0,6,0.0,6,10,0,0.0,0,6,0.0,12,0.0,Dropout,0.7999999999999999,HIGH
0,0,4,4,0,0.0,0,4,0.0,5,0,0,0.0,0,5,0.0,9,0.0,Dropout,0.77,HIGH
0,1,5,9,4,5.75,0,1,0.4444,5,6,5,5.8,1,0,0.8333,1,5.775,Dropout,0.189184,MEDIUM
0,0,5,8,0,0.0,0,5,0.0,5,5,0,0.0,0,5,0.0,10,0.0,Dropout,0.7999999999999999,HIGH
0,1,6,8,6,7.071428571428571,0,0,0.75,6,6,6,6.75,0,0,1.0,0,6.9107,Graduate,0.09414319999999998,LOW
0,1,6,6,0,0.0,0,6,0.0,5,6,0,0.0,0,5,0.0,11,0.0,Dropout,0.7,HIGH
0,1,10,12,10,6.9,0,0,0.8333,10,10,10,6.4,0,0,1.0,0,6.65,Graduate,0.093736,LOW
0,1,10,10,10,6.8,0,0,1.0,10,10,5,6.8,0,5,0.5,5,6.8,Dropout,0.3668,MEDIUM
0,1,16,23,15,5.866666666666666,0,1,0.6522,11,17,9,5.944444444444445,0,2,0.5294,3,5.9056,Graduate,0.27829760000000003,MEDIUM
0,0,5,8,1,5.0,0,4,0.125,5,9,1,5.0,0,4,0.1111,8,5.0,Dropout,0.603892,HIGH
0,1,6,19,0,0.0,0,6,0.0,6,6,0,0.0,0,6,0.0,12,0.0,Dropout,0.7,HIGH
0,1,6,6,0,0.0,0,6,0.0,6,8,0,0.0,0,6,0.0,12,0.0,Enrolled,0.7,HIGH
0,1,6,12,4,5.4,0,2,0.3333,6,13,4,6.0,0,2,0.3077,4,5.7,Enrolled,0.33704,MEDIUM
0,1,7,8,6,6.523333333333334,0,1,0.75,8,10,7,6.653125,0,1,0.7,2,6.5882,Dropout,0.19588320000000004,MEDIUM
0,1,9,13,8,5.5,0,1,0.6154,7,10,6,5.416666666666667,0,1,0.6,2,5.4583,Enrolled,0.23484880000000002,MEDIUM
0,1,6,10,3,6.166666666666667,0,3,0.3,6,14,3,5.833333333333333,0,3,0.2143,6,6.0,Enrolled,0.411996,HIGH
0,1,11,16,10,5.9,0,1,0.625,7,7,7,6.642857142857143,0,0,1.0,1,6.2714,Graduate,0.1494864,LOW
0,1,5,8,3,5.5,0,2,0.375,5,8,3,5.625,0,2,0.375,4,5.5625,Enrolled,0.3265,MEDIUM
0,1,8,8,8,6.555,0,0,1.0,8,8,8,6.555,0,0,1.0,0,6.555,Graduate,0.08268000000000002,LOW
0,1,8,8,7,7.207142857142858,0,1,0.875,8,8,7,7.207142857142858,0,1,0.875,2,7.2071,Graduate,0.14702960000000004,LOW
0,0,5,5,0,0.0,0,5,0.0,5,10,0,0.0,0,5,0.0,10,0.0,Dropout,0.7999999999999999,HIGH
0,1,5,8,5,6.166666666666667,0,0,0.625,5,7,5,6.1,0,0,0.7143,0,6.1333,Graduate,0.1456568,LOW
0,1,7,9,0,0.0,0,7,0.0,7,8,1,5.0,0,6,0.125,13,2.5,Dropout,0.63,HIGH
0,1,7,9,7,7.05,0,0,0.7778,8,8,8,6.65625,0,0,1.0,0,6.8531,Graduate,0.09330159999999998,LOW
0,1,8,8,8,6.5225,0,0,1.0,8,8,8,6.5225,0,0,1.0,0,6.5225,Graduate,0.08346,LOW
0,1,8,10,5,6.429,3,3,0.5,8,10,5,6.429,3,3,0.5,6,6.429,Enrolled,0.345704,MEDIUM
0,1,8,8,8,7.12625,0,0,1.0,8,8,8,7.12625,0,0,1.0,0,7.1262,Graduate,0.0689712,LOW
0,1,7,9,5,7.03,0,2,0.5556,7,9,7,5.621428571428571,0,0,0.7778,2,6.3257,Enrolled,0.20151119999999997,MEDIUM
0,1,8,8,7,7.537857142857143,0,1,0.875,8,8,7,7.537857142857143,0,1,0.875,2,7.5379,Graduate,0.1390904,LOW
0,1,0,0,0,0.0,0,0,0.0,0,0,0,0.0,0,0,0.0,0,0.0,Enrolled,1.0,HIGH
0,1,5,5,4,6.875,0,1,0.8,6,9,5,6.3,0,1,0.5556,2,6.5875,Enrolled,0.242332,MEDIUM
0,1,17,28,17,6.575,2,0,0.6071,12,22,12,6.607142857142857,0,0,0.5455,0,6.5911,Graduate,0.1619256,LOW
0,1,6,9,5,6.166666666666667,0,1,0.5556,6,7,5,5.9,0,1,0.7143,2,6.0333,Graduate,0.21360880000000004,MEDIUM
0,1,7,8,7,6.889285714285714,0,0,0.875,8,10,8,6.561111111111111,0,0,0.8,0,6.7252,Graduate,0.11959519999999998,LOW
1,0,6,12,3,5.166666666666667,0,3,0.25,6,14,1,5.5,0,5,0.0714,8,5.3333,Dropout,0.6220087999999999,HIGH
0,1,6,11,3,5.666666666666667,0,3,0.2727,6,7,2,5.5,0,4,0.2857,7,5.5833,Enrolled,0.43132880000000007,HIGH
0,1,6,7,5,6.6,0,1,0.7143,6,6,6,6.333333333333333,0,0,1.0,1,6.4667,Enrolled,0.13765519999999995,LOW
0,1,6,8,6,6.785714285714286,1,0,0.75,6,11,6,6.1875,0,0,0.5455,0,6.4866,Graduate,0.1815816,MEDIUM
0,1,11,14,11,6.375,0,0,0.7857,7,7,7,6.714285714285714,0,0,1.0,0,6.5446,Graduate,0.10007360000000001,LOW
0,1,6,11,3,6.5,0,3,0.2727,6,15,1,6.0,0,5,0.0667,8,6.25,Dropout,0.504048,HIGH
0,1,5,7,3,5.666666666666667,0,2,0.4286,5,7,4,5.5,0,1,0.5714,3,5.5833,Enrolled,0.27600080000000005,MEDIUM
1,0,6,12,0,0.0,0,6,0.0,6,9,0,0.0,0,6,0.0,12,0.0,Dropout,0.7999999999999999,HIGH
1,1,0,0,0,0.0,0,0,0.0,0,0,0,0.0,0,0,0.0,0,0.0,Dropout,1.0,HIGH
0,0,5,7,2,6.25,0,3,0.2857,5,13,1,5.5,0,4,0.0769,7,5.875,Dropout,0.5817519999999999,HIGH
0,1,6,7,6,7.428571428571429,0,0,0.8571,6,8,6,7.071428571428571,0,0,0.75,0,7.25,Graduate,0.11885200000000001,LOW
0,1,9,13,8,6.0,0,1,0.6154,7,8,7,5.785714285714286,0,0,0.875,1,5.8929,Graduate,0.16933840000000003,LOW
1,0,0,0,0,0.0,0,0,0.0,0,0,0,0.0,0,0,0.0,0,0.0,Graduate,1.0,HIGH
0,1,5,5,0,0.0,0,5,0.0,5,5,0,0.0,0,5,0.0,10,0.0,Enrolled,0.7,HIGH
0,1,7,8,7,6.414285714285714,0,0,0.875,8,8,8,6.34375,0,0,1.0,0,6.379,Graduate,0.09690400000000002,LOW
0,1,7,0,0,0.0,0,7,0.0,8,0,0,0.0,0,8,0.0,15,0.0,Dropout,0.7,HIGH
0,1,6,6,6,6.666666666666667,0,0,1.0,6,8,5,7.0,0,1,0.625,1,6.8333,Graduate,0.21100080000000002,MEDIUM
0,1,14,20,14,6.536428571428572,6,0,0.7,14,20,14,6.536428571428572,6,0,0.7,0,6.5364,Graduate,0.1311264,LOW
0,0,7,13,5,6.0,0,2,0.3846,7,7,3,5.5,0,4,0.4286,6,5.75,Dropout,0.47694400000000003,HIGH
0,1,6,6,6,7.75,0,0,1.0,6,6,6,8.0,0,0,1.0,0,7.875,Graduate,0.051000000000000004,LOW
0,1,6,6,0,0.0,0,6,0.0,6,6,0,0.0,0,6,0.0,12,0.0,Dropout,0.7,HIGH
0,1,6,7,6,7.357142857142857,0,0,0.8571,6,6,6,7.583333333333333,0,0,1.0,0,7.4702,Graduate,0.0721472,LOW
0,1,6,7,6,8.357142857142858,0,0,0.8571,6,6,6,7.666666666666667,0,0,1.0,0,8.0119,Graduate,0.05914639999999998,LOW
0,1,6,9,6,5.428571428571429,0,0,0.6667,6,7,6,5.833333333333333,0,0,0.8571,0,5.631,Graduate,0.142952,LOW
0,1,7,8,6,5.829166666666666,0,1,0.75,8,11,6,6.208333333333333,0,2,0.5455,3,6.0187,Graduate,0.2828112,MEDIUM
0,1,6,8,5,5.8,0,1,0.625,6,7,6,6.0,0,0,0.8571,1,5.9,Graduate,0.16983199999999998,LOW
0,1,6,8,6,7.3125,0,0,0.75,6,9,6,7.071428571428571,0,0,0.6667,0,7.192,Enrolled,0.130716,LOW
0,1,6,6,6,6.083333333333333,0,0,1.0,6,8,6,6.333333333333333,0,0,0.75,0,6.2083,Graduate,0.1610008,LOW
0,1,7,12,4,6.6875,0,3,0.3333,7,8,6,6.058333333333334,0,1,0.75,4,6.3729,Enrolled,0.28038640000000004,MEDIUM
0,1,6,6,6,6.25,0,0,1.0,6,6,6,6.416666666666667,0,0,1.0,0,6.3333,Graduate,0.08800079999999999,LOW
1,0,7,8,5,6.28,0,2,0.625,7,8,5,6.28,0,2,0.625,4,6.28,Dropout,0.36927999999999994,MEDIUM
0,1,7,7,7,6.595,0,0,1.0,8,8,8,7.115625,0,0,1.0,0,6.8553,Graduate,0.0754728,LOW
1,1,6,11,3,5.5,0,3,0.2727,6,9,4,5.625,0,2,0.4444,5,5.5625,Graduate,0.459132,HIGH
0,1,0,0,0,0.0,0,0,0.0,0,0,0,0.0,0,0,0.0,0,0.0,Graduate,1.0,HIGH
0,1,6,11,5,5.8,0,1,0.4545,6,10,6,5.857142857142857,0,0,0.6,1,5.8286,Graduate,0.2057536,MEDIUM
0,1,7,7,6,7.133333333333333,0,1,0.8571,7,7,6,7.133333333333333,0,1,0.8571,2,7.1333,Graduate,0.1516648,LOW
0,1,5,6,4,5.5,0,1,0.6667,5,9,4,6.928571428571429,0,1,0.4444,2,6.2143,Enrolled,0.2664288,MEDIUM
0,1,10,11,9,6.333333333333333,0,1,0.8182,7,7,7,6.214285714285714,1,0,1.0,1,6.2738,Graduate,0.1339728,LOW
0,1,6,6,0,0.0,0,6,0.0,6,10,3,5.5,0,3,0.3,9,2.75,Enrolled,0.5800000000000001,HIGH
0,1,8,11,7,6.385714285714286,0,1,0.6364,8,11,7,6.385714285714286,0,1,0.6364,2,6.3857,Graduate,0.2049192,MEDIUM
0,1,5,12,0,0.0,3,5,0.0,5,5,0,0.0,0,5,0.0,10,0.0,Dropout,0.7,HIGH
0,1,6,6,6,7.75,0,0,1.0,6,7,6,6.785714285714286,0,0,0.8571,0,7.2679,Graduate,0.10558239999999999,LOW
0,1,6,7,6,6.642857142857143,0,0,0.8571,6,9,5,7.3,0,1,0.5556,1,6.9714,Enrolled,0.2099704,MEDIUM
0,1,7,11,5,5.858333333333334,0,2,0.4545,7,8,5,6.85,0,2,0.625,4,6.3542,Enrolled,0.28113920000000003,MEDIUM
0,1,6,8,6,5.666666666666667,0,0,0.75,6,12,4,6.875,0,2,0.3333,2,6.2708,Dropout,0.3061768,MEDIUM
0,1,6,6,6,6.666666666666667,0,0,1.0,6,10,5,6.7,0,1,0.5,1,6.6833,Graduate,0.2496008,MEDIUM
0,1,5,13,4,6.166666666666667,0,1,0.3077,5,14,2,5.0,4,3,0.1429,4,5.5833,Graduate,0.3829128,HIGH
0,1,6,6,6,6.166666666666667,0,0,1.0,6,6,6,6.416666666666667,0,0,1.0,0,6.2917,Enrolled,0.0889992,LOW
0,1,0,0,0,0.0,0,0,0.0,0,0,0,0.0,0,0,0.0,0,0.0,Dropout,1.0,HIGH
0,1,5,8,5,6.3,0,0,0.625,5,9,4,5.8,0,1,0.4444,1,6.05,Graduate,0.23536800000000002,MEDIUM
0,1,5,5,5,6.3,0,0,1.0,5,5,4,5.5,0,1,0.8,1,5.9,Enrolled,0.18439999999999995,MEDIUM
1,0,6,10,6,7.166666666666667,0,0,0.6,6,9,6,6.416666666666667,0,0,0.6667,0,6.7917,Enrolled,0.23566320000000004,MEDIUM
0,1,5,8,3,6.0,0,2,0.375,5,9,2,5.5,1,3,0.2222,5,5.75,Enrolled,0.39478399999999997,HIGH
0,1,6,7,6,7.428571428571429,0,0,0.8571,6,10,5,6.8,0,1,0.5,1,7.1143,Graduate,0.2221088,MEDIUM
0,1,15,17,12,5.958333333333333,0,3,0.7059,13,13,11,6.590909090909091,0,2,0.8462,5,6.2746,Graduate,0.27524160000000003,MEDIUM
0,1,5,5,0,0.0,0,5,0.0,5,5,0,0.0,0,5,0.0,10,0.0,Dropout,0.7,HIGH
0,1,5,12,3,6.666666666666667,1,2,0.25,5,8,5,6.1,0,0,0.625,2,6.3833,Enrolled,0.23680079999999998,MEDIUM
0,0,5,5,0,0.0,0,5,0.0,5,5,0,0.0,0,5,0.0,10,0.0,Dropout,0.7999999999999999,HIGH
0,1,6,6,6,8.5,0,0,1.0,6,6,6,7.75,0,0,1.0,0,8.125,Graduate,0.045,LOW
0,1,6,13,3,5.833333333333333,0,3,0.2308,6,14,2,5.666666666666667,0,4,0.1429,7,5.75,Enrolled,0.459684,HIGH
0,1,19,24,19,6.105263157894737,0,0,0.7917,13,13,13,5.692307692307692,0,0,1.0,0,5.8988,Graduate,0.1150928,LOW
0,1,6,8,6,6.5,1,0,0.75,6,9,5,6.428571428571429,0,1,0.5556,1,6.4643,Graduate,0.2092888,MEDIUM
1,0,5,0,0,0.0,0,5,0.0,5,0,0,0.0,0,5,0.0,10,0.0,Dropout,0.7999999999999999,HIGH
0,1,5,9,2,5.25,0,3,0.2222,5,7,3,5.5,0,2,0.4286,5,5.375,Enrolled,0.36893600000000004,MEDIUM
0,1,6,7,6,6.785714285714286,0,0,0.8571,6,9,6,6.357142857142857,0,0,0.6667,0,6.5714,Graduate,0.1584624,LOW
0,1,3,7,1,7.0,0,2,0.1429,2,4,0,0.0,0,2,0.0,4,3.5,Dropout,0.453148,HIGH
0,0,5,5,0,0.0,0,5,0.0,4,5,0,0.0,0,4,0.0,9,0.0,Dropout,0.77,HIGH
0,1,15,20,13,6.230769230769231,1,2,0.65,13,13,10,5.55,1,3,0.7692,5,5.8904,Dropout,0.2950944,MEDIUM
0,1,6,8,4,7.2,0,2,0.5,6,6,5,6.5,0,1,0.8333,3,6.85,Graduate,0.21893600000000002,MEDIUM
0,0,6,6,0,0.0,0,6,0.0,6,0,0,0.0,0,6,0.0,12,0.0,Dropout,0.7999999999999999,HIGH
1,1,6,6,6,7.166666666666667,0,0,1.0,6,6,6,7.083333333333333,0,0,1.0,0,7.125,Graduate,0.16899999999999998,LOW
1,1,13,21,11,5.954545454545454,0,2,0.5238,11,14,11,5.363636363636364,0,0,0.7857,2,5.6591,Graduate,0.3194216000000001,MEDIUM
0,1,6,8,6,6.857142857142857,1,0,0.75,6,8,6,7.1875,0,0,0.75,0,7.0223,Graduate,0.11146479999999999,LOW
1,1,7,0,0,0.0,0,7,0.0,8,0,0,0.0,0,8,0.0,15,0.0,Dropout,0.7999999999999999,HIGH
0,1,7,10,5,6.73,0,2,0.5,7,8,7,6.11875,0,0,0.875,2,6.4244,Dropout,0.19581439999999997,MEDIUM
0,1,6,6,6,7.5,0,0,1.0,6,6,6,6.666666666666667,0,0,1.0,0,7.0833,Graduate,0.0700008,LOW
0,1,0,0,0,0.0,0,0,0.0,0,0,0,0.0,0,0,0.0,0,0.0,Dropout,1.0,HIGH
0,1,6,7,5,6.7,0,1,0.7143,6,6,5,6.4,0,1,0.8333,2,6.55,Graduate,0.17899199999999998,MEDIUM
0,1,6,9,5,6.5,0,1,0.5556,6,10,4,6.25,0,2,0.4,3,6.375,Enrolled,0.291672,MEDIUM
1,1,6,13,4,5.625,0,2,0.3077,6,8,4,6.875,0,2,0.5,4,6.25,Graduate,0.40538399999999997,HIGH
0,1,5,5,5,6.3,0,0,1.0,5,7,5,5.8,0,0,0.7143,0,6.05,Graduate,0.17479599999999998,MEDIUM
0,1,6,8,6,6.333333333333333,0,0,0.75,6,6,6,5.916666666666667,0,0,1.0,0,6.125,Graduate,0.11299999999999999,LOW
1,1,21,23,21,6.166666666666667,0,0,0.913,19,19,19,6.052631578947368,0,0,1.0,0,6.1096,Graduate,0.2003296,MEDIUM
0,1,6,11,5,6.0,0,1,0.4545,6,11,5,5.5,0,1,0.4545,2,5.75,Dropout,0.24928,MEDIUM
0,1,5,5,5,8.2,0,0,1.0,5,5,5,8.3,0,0,1.0,0,8.25,Graduate,0.04200000000000001,LOW
0,1,1,1,0,0.0,1,1,0.0,6,0,0,0.0,0,6,0.0,7,0.0,Dropout,0.61,HIGH
0,1,6,10,6,6.375,0,0,0.6,6,6,4,7.375,0,2,0.6667,2,6.875,Graduate,0.193664,MEDIUM
0,1,5,14,4,7.25,1,1,0.2857,5,12,5,6.5,0,0,0.4167,1,6.875,Enrolled,0.20880800000000002,MEDIUM
0,1,5,5,5,7.4,0,0,1.0,5,5,5,7.2,0,0,1.0,0,7.3,Graduate,0.06480000000000001,LOW
0,1,17,22,17,5.18421052631579,0,0,0.7727,17,18,17,5.75,0,0,0.9444,0,5.4671,Graduate,0.1314216,LOW
0,1,7,0,0,0.0,0,7,0.0,8,0,0,0.0,0,8,0.0,15,0.0,Dropout,0.7,HIGH
0,1,10,15,6,5.333333333333333,0,4,0.4,10,17,9,5.666666666666667,1,1,0.5294,5,5.5,Enrolled,0.343648,MEDIUM
0,1,15,21,13,6.346153846153846,0,2,0.619,15,22,13,6.192307692307692,0,2,0.5909,4,6.2692,Graduate,0.2783672000000001,MEDIUM
0,1,5,0,0,0.0,0,5,0.0,5,0,0,0.0,0,5,0.0,10,0.0,Dropout,0.7,HIGH
0,1,15,15,15,5.9,0,0,1.0,13,13,12,5.833333333333333,1,1,0.9231,1,5.8667,Enrolled,0.15073119999999998,LOW
1,0,7,7,0,0.0,0,7,0.0,5,10,0,0.0,0,5,0.0,12,0.0,Dropout,0.7999999999999999,HIGH
0,1,6,9,5,6.166666666666667,0,1,0.5556,6,12,4,5.75,0,2,0.3333,3,5.9583,Enrolled,0.3203488,MEDIUM
0,1,12,18,11,6.5,0,1,0.6111,13,22,8,5.9375,0,5,0.3636,6,6.2188,Dropout,0.4022728,HIGH
0,1,6,13,4,6.25,0,2,0.3077,6,8,3,5.833333333333333,0,3,0.375,5,6.0417,Dropout,0.3503832,MEDIUM
0,1,6,8,5,6.1,0,1,0.625,6,10,4,5.625,0,2,0.4,3,5.8625,Graduate,0.31229999999999997,MEDIUM
0,1,10,15,8,5.5,0,2,0.5333,7,16,5,5.6,0,2,0.3125,4,5.55,Enrolled,0.36329599999999995,MEDIUM
0,1,5,14,1,5.0,0,4,0.0714,5,13,2,6.0,0,3,0.1538,7,5.5,Dropout,0.45998399999999995,HIGH
0,1,6,7,6,6.166666666666667,0,0,0.8571,6,8,6,5.75,0,0,0.75,0,5.9583,Graduate,0.14985279999999998,LOW
0,1,13,13,13,7.153846153846154,0,0,1.0,12,15,12,7.615384615384615,0,0,0.8,0,7.3846,Graduate,0.11876959999999999,LOW
0,1,11,13,11,7.227272727272728,0,0,0.8462,8,8,8,6.75,0,0,1.0,0,6.9886,Graduate,0.08457759999999999,LOW
0,1,5,6,5,5.5,0,0,0.8333,5,5,5,6.6,0,0,1.0,0,6.05,Graduate,0.10813600000000001,LOW
0,1,6,8,6,6.571428571428571,0,0,0.75,6,6,6,6.416666666666667,0,0,1.0,0,6.494,Graduate,0.10414400000000001,LOW
0,1,6,8,6,6.875,0,0,0.75,6,7,6,5.928571428571429,0,0,0.8571,0,6.4018,Graduate,0.11778880000000001,LOW
0,1,6,6,6,7.0,0,0,1.0,6,9,5,6.9,0,1,0.5556,1,6.95,Graduate,0.227632,MEDIUM
0,1,8,13,8,6.875,0,0,0.6154,6,9,6,6.25,0,0,0.6667,0,6.5625,Graduate,0.13993200000000003,LOW
0,1,5,5,0,0.0,0,5,0.0,5,6,0,0.0,0,5,0.0,10,0.0,Dropout,0.7,HIGH
0,1,6,6,6,6.583333333333333,0,0,1.0,6,8,6,6.214285714285714,0,0,0.75,0,6.3988,Graduate,0.15642879999999998,LOW
0,1,12,12,9,6.222222222222222,3,3,0.75,7,8,6,6.0,0,1,0.75,4,6.1111,Dropout,0.2533336,MEDIUM
0,1,6,7,6,6.333333333333333,0,0,0.8571,6,7,5,6.5,0,1,0.7143,1,6.4167,Graduate,0.17884719999999998,MEDIUM
0,1,6,7,6,5.666666666666667,0,0,0.8571,6,7,6,5.25,0,0,0.8571,0,5.4583,Graduate,0.1318648,LOW
0,1,5,9,4,5.625,0,1,0.4444,5,6,5,6.0,0,0,0.8333,1,5.8125,Enrolled,0.188284,MEDIUM
0,1,7,8,7,6.80625,0,0,0.875,8,8,8,7.2875,0,0,1.0,0,7.0469,Graduate,0.0808744,LOW
0,1,8,8,7,6.207142857142858,0,1,0.875,8,8,7,6.207142857142858,0,1,0.875,2,6.2071,Graduate,0.1710296,MEDIUM
0,1,0,0,0,0.0,0,0,0.0,0,0,0,0.0,0,0,0.0,0,0.0,Graduate,1.0,HIGH
0,1,12,21,11,5.75,0,1,0.5238,12,22,12,5.71875,0,0,0.5455,1,5.7344,Enrolled,0.2068304,MEDIUM
0,1,5,5,0,0.0,0,5,0.0,6,0,0,0.0,0,6,0.0,11,0.0,Dropout,0.7,HIGH
0,1,7,10,7,5.5,0,0,0.7,8,8,8,6.5625,0,0,1.0,0,6.0312,Graduate,0.1192512,LOW
0,1,6,6,6,7.0,0,0,1.0,6,6,6,6.75,0,0,1.0,0,6.875,Graduate,0.07500000000000001,LOW
0,1,6,13,4,6.0,0,2,0.3077,6,10,3,6.0,0,3,0.3,5,6.0,Dropout,0.358924,MEDIUM
0,1,6,7,6,6.25,0,0,0.8571,6,7,6,6.25,0,0,0.8571,0,6.25,Graduate,0.11286399999999999,LOW
0,1,6,8,6,5.666666666666667,0,0,0.75,6,9,6,5.666666666666667,0,0,0.6667,0,5.6667,Graduate,0.1673232,LOW
0,1,7,7,6,7.033333333333334,0,1,0.8571,7,7,6,7.033333333333334,0,1,0.8571,2,7.0333,Graduate,0.1540648,LOW
0,1,9,14,8,6.777777777777778,0,1,0.5714,7,10,7,6.785714285714286,0,0,0.7,1,6.7817,Graduate,0.16552720000000004,LOW
1,0,6,13,5,5.8,0,1,0.3846,6,11,4,6.125,0,2,0.3636,3,5.9625,Dropout,0.3912439999999999,HIGH
0,1,6,0,0,0.0,0,6,0.0,6,0,0,0.0,0,6,0.0,12,0.0,Dropout,0.7,HIGH
0,1,8,8,8,6.638125,0,0,1.0,8,8,8,6.638125,0,0,1.0,0,6.6381,Graduate,0.0806856,LOW
0,1,6,0,0,0.0,0,6,0.0,6,0,0,0.0,0,6,0.0,12,0.0,Dropout,0.7,HIGH
0,1,6,8,6,7.1875,0,0,0.75,6,8,6,7.375,0,0,0.75,0,7.2812,Graduate,0.10525120000000002,LOW
0,1,5,0,0,0.0,0,5,0.0,5,0,0,0.0,0,5,0.0,10,0.0,Dropout,0.7,HIGH
0,1,6,7,6,5.333333333333333,0,0,0.8571,6,9,5,5.9,0,1,0.5556,1,5.6167,Enrolled,0.2424832,MEDIUM
0,1,13,19,12,6.708333333333333,0,1,0.6316,10,10,10,7.25,0,0,1.0,1,6.9792,Graduate,0.13197119999999998,LOW
0,1,7,9,6,6.485833333333335,0,1,0.6667,8,9,7,6.160714285714286,0,1,0.7778,2,6.3233,Graduate,0.1926808,MEDIUM
0,1,15,16,14,5.464285714285714,0,1,0.875,14,16,12,5.916666666666667,0,2,0.75,3,5.6905,Dropout,0.24842799999999998,MEDIUM
1,0,6,6,0,0.0,0,6,0.0,6,7,0,0.0,0,6,0.0,12,0.0,Dropout,0.7999999999999999,HIGH
0,1,0,0,0,0.0,0,0,0.0,0,0,0,0.0,0,0,0.0,0,0.0,Graduate,1.0,HIGH
0,1,6,6,4,6.625,0,2,0.6667,6,6,0,0.0,0,6,0.0,8,3.3125,Enrolled,0.640504,HIGH
0,1,6,14,6,5.666666666666667,0,0,0.4286,6,11,5,6.2,0,1,0.4545,1,5.9333,Dropout,0.2169528,MEDIUM
0,1,5,6,1,5.5,0,4,0.1667,5,5,0,0.0,0,5,0.0,9,2.75,Dropout,0.6240040000000001,HIGH
0,1,8,9,7,6.378571428571428,0,1,0.7778,8,9,7,6.378571428571428,0,1,0.7778,2,6.3786,Graduate,0.1824656,MEDIUM
0,1,6,6,6,7.25,0,0,1.0,6,6,6,7.333333333333333,0,0,1.0,0,7.2917,Graduate,0.06499920000000001,LOW
1,1,6,6,6,6.916666666666667,0,0,1.0,6,7,6,7.285714285714286,0,0,0.8571,0,7.1012,Graduate,0.20958320000000003,MEDIUM
0,1,5,8,4,5.625,0,1,0.5,5,7,5,5.2,0,0,0.7143,1,5.4125,Graduate,0.202956,MEDIUM
0,1,0,0,0,0.0,0,0,0.0,0,0,0,0.0,0,0,0.0,0,0.0,Dropout,1.0,HIGH
0,1,8,10,1,6.835,7,7,0.1,8,10,1,6.835,7,7,0.1,14,6.835,Enrolled,0.51996,HIGH
0,1,5,9,0,0.0,0,5,0.0,5,5,2,6.25,0,3,0.4,8,3.125,Dropout,0.533,HIGH
1,1,5,10,1,6.5,4,4,0.1,5,14,0,0.0,8,5,0.0,9,3.25,Dropout,0.7040000000000001,HIGH
1,1,5,5,0,0.0,0,5,0.0,5,5,0,0.0,0,5,0.0,10,0.0,Dropout,0.7999999999999999,HIGH
0,1,8,12,7,5.985714285714286,0,1,0.5833,8,12,7,5.985714285714286,0,1,0.5833,2,5.9857,Graduate,0.22301520000000002,MEDIUM
0,1,6,12,0,0.0,0,6,0.0,6,11,0,0.0,1,6,0.0,12,0.0,Dropout,0.7,HIGH
1,1,6,11,1,8.0,0,5,0.0909,6,8,4,6.125,0,2,0.5,7,7.0625,Dropout,0.493228,HIGH
0,1,6,0,0,0.0,0,6,0.0,6,0,0,0.0,0,6,0.0,12,0.0,Dropout,0.7,HIGH
0,0,6,9,4,6.375,1,2,0.4444,5,5,0,0.0,5,5,0.0,7,3.1875,Dropout,0.6868280000000001,HIGH
0,1,5,9,4,5.5,0,1,0.4444,5,10,4,5.375,1,1,0.4,2,5.4375,Enrolled,0.27082799999999996,MEDIUM
0,1,2,2,0,0.0,0,2,0.0,6,0,0,0.0,0,6,0.0,8,0.0,Dropout,0.64,HIGH
0,1,6,7,5,6.1,0,1,0.7143,6,6,6,6.166666666666667,0,0,1.0,1,6.1333,Graduate,0.14565679999999998,LOW
0,1,7,9,7,6.214285714285714,0,0,0.7778,8,8,8,6.15,0,0,1.0,0,6.1821,Enrolled,0.10940559999999999,LOW
0,1,12,12,12,7.25,0,0,1.0,11,15,11,6.791666666666667,0,0,0.7333,0,7.0208,Graduate,0.1461768,LOW
0,1,12,13,6,6.5,0,6,0.4615,12,14,11,6.916666666666667,0,1,0.7857,7,6.7083,Graduate,0.3492248,MEDIUM
0,1,7,7,7,5.857142857142857,0,0,1.0,8,8,8,6.375,0,0,1.0,0,6.1161,Graduate,0.09321360000000001,LOW
0,1,7,12,4,5.125,0,3,0.3333,7,10,3,6.5,0,4,0.3,7,5.8125,Dropout,0.426496,HIGH
0,1,6,0,0,0.0,0,6,0.0,6,0,0,0.0,0,6,0.0,12,0.0,Dropout,0.7,HIGH
0,1,6,9,6,6.1875,0,0,0.6667,6,7,6,6.571428571428571,0,0,0.8571,0,6.3795,Graduate,0.12498799999999999,LOW
0,1,6,6,6,6.333333333333333,0,0,1.0,6,6,6,6.0,0,0,1.0,0,6.1667,Graduate,0.09199920000000002,LOW
0,1,6,13,3,5.25,0,3,0.2308,6,19,1,6.0,0,5,0.0526,8,5.625,Dropout,0.517968,HIGH
0,1,6,11,6,7.0625,0,0,0.5455,6,10,5,6.3,0,1,0.5,1,6.6813,Graduate,0.1951088,MEDIUM
0,1,6,7,6,7.333333333333333,0,0,0.8571,6,12,6,6.916666666666667,0,0,0.5,0,7.125,Graduate,0.19185200000000002,MEDIUM
0,1,5,8,5,5.7,0,0,0.625,5,7,3,6.166666666666667,0,2,0.4286,2,5.9333,Enrolled,0.2725928,MEDIUM
0,1,0,0,0,0.0,0,0,0.0,0,0,0,0.0,0,0,0.0,0,0.0,Dropout,1.0,HIGH
0,1,6,7,6,7.0,0,0,0.8571,6,7,5,7.4,0,1,0.7143,1,7.2,Graduate,0.16004799999999997,LOW
0,1,0,0,0,0.0,0,0,0.0,0,0,0,0.0,0,0,0.0,0,0.0,Graduate,1.0,HIGH
0,1,7,7,0,0.0,7,7,0.0,7,7,0,0.0,7,7,0.0,14,0.0,Dropout,0.7,HIGH
0,1,11,11,11,6.318181818181818,0,0,1.0,8,8,8,5.5,0,0,1.0,0,5.9091,Graduate,0.09818160000000002,LOW
0,1,6,11,3,6.166666666666667,0,3,0.2727,6,13,2,5.5,0,4,0.1538,7,5.8333,Dropout,0.45966080000000004,HIGH
0,1,6,7,6,7.5,0,0,0.8571,6,10,6,6.416666666666667,0,0,0.6,0,6.9583,Graduate,0.1678528,LOW
0,1,6,8,4,5.875,0,2,0.5,6,10,6,6.333333333333333,0,0,0.6,2,6.1042,Graduate,0.2254992,MEDIUM
0,1,8,8,7,7.06857142857143,0,1,0.875,8,8,7,7.06857142857143,0,1,0.875,2,7.0686,Graduate,0.15035359999999998,LOW
0,1,6,6,2,6.0,0,4,0.3333,6,6,1,5.5,0,5,0.1667,9,5.75,Dropout,0.52532,HIGH
0,1,5,5,5,5.4,0,0,1.0,5,9,4,5.75,0,1,0.4444,1,5.575,Graduate,0.291768,MEDIUM
1,1,6,8,6,6.642857142857143,1,0,0.75,6,8,6,6.25,0,0,0.75,0,6.4464,Dropout,0.2252864,MEDIUM
1,1,5,7,5,6.8,0,0,0.7143,5,5,5,6.3,0,0,1.0,0,6.55,Graduate,0.20565599999999998,MEDIUM
0,1,7,8,7,6.775,0,0,0.875,8,8,8,7.09375,0,0,1.0,0,6.9344,Graduate,0.0835744,LOW
0,1,8,8,0,0.0,5,8,0.0,8,8,0,0.0,5,8,0.0,16,0.0,Enrolled,0.7,HIGH
0,1,6,10,4,6.75,0,2,0.4,6,7,6,5.583333333333333,0,0,0.8571,2,6.1667,Graduate,0.21143120000000004,MEDIUM
0,1,6,8,5,5.8,0,1,0.625,6,9,5,7.1,0,1,0.5556,2,6.45,Graduate,0.224632,MEDIUM
0,1,10,16,10,6.25,0,0,0.625,7,9,4,6.3,0,3,0.4444,3,6.275,Graduate,0.28996799999999995,MEDIUM
0,1,5,14,1,5.5,0,4,0.0714,5,11,2,6.333333333333333,4,3,0.1818,7,5.9167,Dropout,0.4477432,HIGH
0,1,5,9,3,6.0,1,2,0.3333,5,6,4,6.5,0,1,0.6667,3,6.25,Enrolled,0.26,MEDIUM
0,1,5,8,4,5.8,0,1,0.5,5,10,3,6.166666666666667,0,2,0.3,3,5.9833,Graduate,0.32240080000000004,MEDIUM
0,1,0,0,0,0.0,0,0,0.0,0,0,0,0.0,0,0,0.0,0,0.0,Dropout,1.0,HIGH
0,1,10,14,10,7.318181818181818,0,0,0.7143,10,13,10,7.3,0,0,0.7692,0,7.3091,Graduate,0.10590160000000003,LOW
0,1,6,8,6,6.5,0,0,0.75,6,6,6,6.083333333333333,0,0,1.0,0,6.2917,Graduate,0.10899920000000002,LOW
0,1,18,23,14,6.392857142857143,2,4,0.6087,17,18,16,6.9375,0,1,0.8889,5,6.6652,Dropout,0.2702272,MEDIUM
0,1,6,6,6,7.25,0,0,1.0,6,7,5,6.0,0,1,0.7143,1,6.625,Graduate,0.190996,MEDIUM
0,0,5,12,4,7.3,3,1,0.3333,5,5,4,6.375,1,1,0.8,2,6.8375,Dropout,0.305236,MEDIUM
0,0,6,7,6,6.25,0,0,0.8571,6,6,6,6.083333333333333,0,0,1.0,0,6.1667,Graduate,0.20343120000000003,MEDIUM
0,1,6,6,6,7.0,0,0,1.0,6,8,6,6.5625,0,0,0.75,0,6.7812,Graduate,0.14725119999999997,LOW
0,1,7,7,7,6.900714285714286,0,0,1.0,8,8,8,7.2875,0,0,1.0,0,7.0941,Graduate,0.0697416,LOW
1,0,6,7,6,7.214285714285714,0,0,0.8571,6,7,6,6.833333333333333,0,0,0.8571,0,7.0238,Graduate,0.19429280000000002,MEDIUM
0,1,7,7,6,7.175,0,1,0.8571,7,7,6,7.175,0,1,0.8571,2,7.175,Graduate,0.15066400000000002,LOW
0,1,6,6,6,7.166666666666667,0,0,1.0,6,6,6,6.75,0,0,1.0,0,6.9583,Graduate,0.07300079999999999,LOW
0,1,6,10,4,6.125,0,2,0.4,6,8,4,5.75,0,2,0.5,4,5.9375,Enrolled,0.3055,MEDIUM
0,1,6,9,6,6.666666666666667,0,0,0.6667,6,6,6,5.916666666666667,0,0,1.0,0,6.2917,Graduate,0.1156632,LOW
0,0,12,12,12,6.5,0,0,1.0,11,14,11,6.625,0,0,0.7857,0,6.5625,Graduate,0.24250400000000003,MEDIUM
0,1,6,10,4,5.875,0,2,0.4,6,9,5,5.6,0,1,0.5556,3,5.7375,Enrolled,0.275852,MEDIUM
0,1,6,8,6,7.25,0,0,0.75,6,11,4,6.5,0,2,0.3636,2,6.875,Graduate,0.283192,MEDIUM
0,1,8,8,7,5.91,0,1,0.875,8,8,7,5.91,0,1,0.875,2,5.91,Graduate,0.17815999999999999,MEDIUM
0,1,6,0,0,0.0,0,6,0.0,6,0,0,0.0,0,6,0.0,12,0.0,Dropout,0.7,HIGH
0,1,6,6,5,6.2,0,1,0.8333,6,7,6,6.333333333333333,0,0,0.8571,1,6.2667,Graduate,0.14436719999999997,LOW
0,1,6,7,6,6.285714285714286,0,0,0.8571,6,8,6,5.928571428571429,0,0,0.75,0,6.1071,Graduate,0.1462816,LOW
0,1,7,7,7,6.928571428571429,0,0,1.0,8,8,8,7.45,0,0,1.0,0,7.1893,Graduate,0.06745679999999998,LOW
0,1,6,9,5,5.916666666666667,0,1,0.5556,6,7,5,6.9,0,1,0.7143,2,6.4083,Graduate,0.2046088,MEDIUM
0,1,5,10,4,5.5,0,1,0.4,5,7,4,5.75,0,1,0.5714,2,5.625,Enrolled,0.247288,MEDIUM
0,1,6,6,6,7.333333333333333,0,0,1.0,6,8,6,6.833333333333333,0,0,0.75,0,7.0833,Graduate,0.14000079999999998,LOW
0,0,4,4,0,0.0,0,4,0.0,5,10,0,0.0,0,5,0.0,9,0.0,Dropout,0.77,HIGH
0,1,8,12,7,6.357142857142857,0,1,0.5833,8,12,7,6.357142857142857,0,1,0.5833,2,6.3571,Enrolled,0.2141016,MEDIUM
0,1,7,9,7,6.711111111111112,0,0,0.7778,8,11,7,6.094444444444445,0,1,0.6364,1,6.4028,Graduate,0.19147680000000003,MEDIUM
0,1,6,7,6,7.0,0,0,0.8571,6,8,5,6.1,0,1,0.625,1,6.55,Dropout,0.20065199999999997,MEDIUM
0,1,7,8,7,6.071428571428571,0,0,0.875,8,8,8,6.6875,0,0,1.0,0,6.3795,Dropout,0.09689199999999999,LOW
1,1,5,5,5,6.4,0,0,1.0,5,5,5,6.5,0,0,1.0,0,6.45,Graduate,0.1852,MEDIUM
0,1,7,7,7,7.286428571428571,0,0,1.0,8,9,8,7.477777777777778,0,0,0.8889,0,7.3821,Graduate,0.09393759999999998,LOW
0,1,5,9,4,5.625,0,1,0.4444,5,6,4,5.5,0,1,0.6667,2,5.5625,Graduate,0.23761200000000002,MEDIUM
0,1,5,12,2,5.0,0,3,0.1667,5,11,4,5.875,0,1,0.3636,4,5.4375,Enrolled,0.34707600000000005,MEDIUM
0,1,6,8,5,7.2,0,1,0.625,6,11,4,7.3,0,2,0.3636,3,7.25,Dropout,0.289192,MEDIUM
0,1,7,7,7,6.491428571428571,0,0,1.0,8,8,8,7.23125,0,0,1.0,0,6.8613,Graduate,0.0753288,LOW
0,1,6,14,6,7.875,0,0,0.4286,6,8,6,6.5,0,0,0.75,0,7.1875,Graduate,0.13321200000000002,LOW
0,1,6,11,5,6.142857142857143,0,1,0.4545,6,19,3,7.0,1,3,0.1579,4,6.5714,Dropout,0.37261439999999996,HIGH
0,1,7,7,6,6.8775,0,1,0.8571,8,9,7,6.785714285714286,0,1,0.7778,2,6.8316,Graduate,0.18110959999999998,MEDIUM
0,1,6,7,6,6.916666666666667,0,0,0.8571,6,11,6,6.75,0,0,0.5455,0,6.8333,Graduate,0.1861128,MEDIUM
0,1,7,0,0,0.0,0,7,0.0,8,0,0,0.0,0,8,0.0,15,0.0,Dropout,0.7,HIGH
0,1,7,9,7,7.355555555555556,0,0,0.7778,8,9,8,7.313888888888889,0,0,0.8889,0,7.3347,Graduate,0.09063120000000001,LOW
0,1,11,13,11,7.307692307692308,0,0,0.8462,9,11,9,6.85,0,0,0.8182,0,7.0788,Graduate,0.10255679999999996,LOW
0,1,7,7,7,6.838571428571429,0,0,1.0,8,9,8,7.266666666666666,0,0,0.8889,0,7.0526,Graduate,0.10184560000000001,LOW
0,1,5,8,5,6.583333333333333,2,0,0.625,5,5,5,6.4,0,0,1.0,0,6.4917,Graduate,0.11419920000000001,LOW
0,1,6,11,5,5.4,0,1,0.4545,6,12,5,5.666666666666667,0,1,0.4167,2,5.5333,Graduate,0.26506480000000004,MEDIUM
0,1,5,8,3,6.0,0,2,0.375,5,7,5,6.416666666666667,0,0,0.7143,2,6.2083,Graduate,0.2238568,MEDIUM
0,1,7,8,6,6.979166666666667,0,1,0.75,8,8,8,7.359375,0,0,1.0,1,7.1693,Graduate,0.11793680000000002,LOW
0,1,6,9,4,6.5,0,2,0.4444,6,9,4,6.125,0,2,0.4444,4,6.3125,Dropout,0.297396,MEDIUM
0,1,0,0,0,0.0,0,0,0.0,0,0,0,0.0,0,0,0.0,0,0.0,Graduate,1.0,HIGH
0,1,0,0,0,0.0,0,0,0.0,0,0,0,0.0,0,0,0.0,0,0.0,Graduate,1.0,HIGH
0,1,8,8,7,7.0,0,1,0.875,8,8,7,7.0,0,1,0.875,2,7.0,Graduate,0.15200000000000002,LOW
0,1,6,10,6,6.285714285714286,0,0,0.6,6,11,6,6.285714285714286,0,0,0.5455,0,6.2857,Enrolled,0.16840319999999998,LOW
0,1,6,6,4,6.0,0,2,0.6667,6,11,3,5.666666666666667,0,3,0.2727,5,5.8333,Dropout,0.41364880000000004,HIGH
0,1,8,8,8,6.8125,0,0,1.0,7,7,7,7.0,0,0,1.0,0,6.9062,Graduate,0.0742512,LOW
0,1,5,7,4,6.25,0,1,0.5714,5,8,4,5.0,1,1,0.5,2,5.625,Graduate,0.253568,MEDIUM
0,1,15,25,14,6.214285714285714,1,1,0.56,14,22,11,5.954545454545454,0,3,0.5,4,6.0844,Dropout,0.3011744,MEDIUM
0,1,7,8,7,6.69375,0,0,0.875,8,8,8,7.95,0,0,1.0,0,7.3219,Graduate,0.0742744,LOW
0,1,7,8,6,6.324166666666666,0,1,0.75,8,9,8,6.102777777777778,0,0,0.8889,1,6.2135,Graduate,0.149764,LOW
0,1,6,6,6,7.0,0,0,1.0,6,6,6,6.666666666666667,0,0,1.0,0,6.8333,Graduate,0.07600080000000001,LOW
0,1,5,12,5,6.4,2,0,0.4167,5,10,5,5.928571428571429,1,0,0.5,0,6.1643,Graduate,0.17872079999999999,MEDIUM
0,1,6,8,6,5.666666666666667,0,0,0.75,6,11,6,5.416666666666667,0,0,0.5455,0,5.5417,Graduate,0.20425920000000003,MEDIUM
0,0,7,0,0,0.0,0,7,0.0,8,0,0,0.0,0,8,0.0,15,0.0,Dropout,0.7999999999999999,HIGH
0,1,6,6,6,7.083333333333333,0,0,1.0,6,9,6,6.5,0,0,0.6667,0,6.7917,Graduate,0.1703232,MEDIUM
0,1,6,6,6,6.416666666666667,0,0,1.0,6,6,6,6.916666666666667,0,0,1.0,0,6.6667,Graduate,0.0799992,LOW
1,0,7,11,4,6.0,0,3,0.3636,7,9,6,5.916666666666667,0,1,0.6667,4,5.9583,Dropout,0.39457679999999995,HIGH
0,1,6,6,6,6.5,0,0,1.0,6,7,6,6.571428571428571,0,0,0.8571,0,6.5357,Dropout,0.12315520000000003,LOW
0,1,7,8,6,6.695,0,1,0.75,8,10,7,6.378571428571428,0,1,0.7,2,6.5368,Enrolled,0.1971168,MEDIUM
0,0,6,6,6,6.166666666666667,0,0,1.0,6,8,5,6.8,0,1,0.625,1,6.4833,Graduate,0.31940080000000004,MEDIUM
0,1,6,8,6,6.285714285714286,1,0,0.75,6,8,6,5.8125,0,0,0.75,0,6.0491,Graduate,0.13482159999999999,LOW
0,1,6,6,6,6.166666666666667,0,0,1.0,6,6,6,6.416666666666667,0,0,1.0,0,6.2917,Graduate,0.0889992,LOW
0,1,6,8,5,6.5,0,1,0.625,6,8,4,5.375,0,2,0.5,3,5.9375,Graduate,0.28250000000000003,MEDIUM
0,1,5,7,3,6.166666666666667,0,2,0.4286,5,7,4,5.125,0,1,0.5714,3,5.6458,Enrolled,0.2745008,MEDIUM
0,1,6,6,6,6.583333333333333,0,0,1.0,6,8,5,7.1,0,1,0.625,1,6.8417,Dropout,0.21079920000000002,MEDIUM
0,1,5,7,5,6.666666666666667,0,0,0.7143,5,6,5,6.8,0,0,0.8333,0,6.7333,Graduate,0.11459280000000001,LOW
0,1,5,9,4,6.5,0,1,0.4444,5,8,5,6.571428571428571,0,0,0.625,1,6.5357,Graduate,0.18759120000000004,MEDIUM
0,1,7,21,5,5.45,3,2,0.2381,8,21,3,5.85,1,5,0.1429,7,5.65,Dropout,0.46296,HIGH
0,1,5,8,2,5.75,0,3,0.25,5,10,3,5.428571428571429,0,2,0.3,5,5.5893,Enrolled,0.37185680000000004,MEDIUM
0,1,6,7,6,7.928571428571429,0,0,0.8571,6,6,6,8.0,0,0,1.0,0,7.9643,Graduate,0.06028880000000001,LOW
0,1,5,5,5,6.3,0,0,1.0,5,9,3,6.5,0,2,0.3333,2,6.4,Dropout,0.33307600000000004,MEDIUM
0,1,6,8,6,7.0,0,0,0.75,6,7,6,7.285714285714286,0,0,0.8571,0,7.1429,Graduate,0.1000024,LOW
0,0,5,8,3,7.333333333333333,2,2,0.375,5,7,2,6.5,2,3,0.2857,5,6.9167,Dropout,0.44900319999999994,HIGH
0,1,6,6,6,6.833333333333333,0,0,1.0,6,6,6,7.0,0,0,1.0,0,6.9167,Graduate,0.0739992,LOW
0,1,6,0,0,0.0,0,6,0.0,6,0,0,0.0,0,6,0.0,12,0.0,Dropout,0.7,HIGH
0,1,8,8,7,6.314285714285714,0,1,0.875,8,8,7,6.314285714285714,0,1,0.875,2,6.3143,Graduate,0.16845680000000002,LOW
0,1,8,8,7,7.116428571428571,0,1,0.875,8,8,7,7.116428571428571,0,1,0.875,2,7.1164,Graduate,0.14920640000000002,LOW
0,1,6,6,6,7.5,0,0,1.0,6,7,6,7.0,0,0,0.8571,0,7.25,Enrolled,0.10601200000000002,LOW
0,1,6,15,2,5.0,0,4,0.1333,6,12,0,0.0,0,6,0.0,10,2.5,Dropout,0.655996,HIGH
0,1,6,11,4,6.125,0,2,0.3636,6,10,4,5.5,0,2,0.4,4,5.8125,Dropout,0.31941200000000003,MEDIUM
1,0,6,6,6,6.75,0,0,1.0,6,6,6,6.5,0,0,1.0,0,6.625,Graduate,0.18100000000000002,MEDIUM
0,1,6,8,5,6.1,0,1,0.625,6,7,6,5.75,0,0,0.8571,1,5.925,Graduate,0.169232,LOW
1,1,6,0,0,0.0,0,6,0.0,6,0,0,0.0,0,6,0.0,12,0.0,Dropout,0.7999999999999999,HIGH
0,1,7,11,6,6.0,0,1,0.5455,9,9,8,6.375,0,1,0.8889,2,6.1875,Graduate,0.19674799999999998,MEDIUM
0,1,7,9,5,6.16,0,2,0.5556,7,9,5,5.95,0,2,0.5556,4,6.055,Enrolled,0.28578400000000004,MEDIUM
0,1,7,11,6,6.175,0,1,0.5455,7,12,5,6.25,0,2,0.4167,3,6.2125,Graduate,0.289684,MEDIUM
0,1,6,0,0,0.0,0,6,0.0,6,0,0,0.0,0,6,0.0,12,0.0,Dropout,0.7,HIGH
0,1,6,7,6,5.666666666666667,0,0,0.8571,6,10,4,5.285714285714286,0,2,0.4,2,5.4762,Enrolled,0.3194232,MEDIUM
1,0,6,6,0,0.0,0,6,0.0,5,5,0,0.0,0,5,0.0,11,0.0,Dropout,0.7999999999999999,HIGH
1,0,6,8,5,5.8,0,1,0.625,6,9,5,6.0,0,1,0.5556,2,5.9,Dropout,0.337832,MEDIUM
0,1,5,10,4,6.0,0,1,0.4,5,8,3,6.833333333333333,1,2,0.375,3,6.4167,Enrolled,0.2789992,MEDIUM
0,0,15,17,12,5.875,0,3,0.7059,14,16,9,6.11111111111111,0,5,0.5625,8,5.9931,Dropout,0.5233736,HIGH
0,1,6,8,5,6.4,0,1,0.625,6,10,5,5.8,0,1,0.5,2,6.1,Enrolled,0.24860000000000002,MEDIUM
0,1,5,7,3,5.666666666666667,0,2,0.4286,5,7,3,6.833333333333333,0,2,0.4286,4,6.25,Dropout,0.301424,MEDIUM
1,0,5,5,0,0.0,0,5,0.0,5,7,0,0.0,0,5,0.0,10,0.0,Enrolled,0.7999999999999999,HIGH
0,1,5,5,5,5.4,0,0,1.0,5,5,4,6.125,0,1,0.8,1,5.7625,Graduate,0.18769999999999998,MEDIUM
0,1,6,10,5,6.25,0,1,0.5,6,8,2,6.75,0,4,0.25,5,6.5,Dropout,0.38399999999999995,HIGH
0,1,5,5,5,7.6,0,0,1.0,5,6,5,7.083333333333333,0,0,0.8333,0,7.3417,Graduate,0.11047520000000001,LOW
1,1,7,7,7,6.657142857142858,0,0,1.0,8,8,8,6.2875,0,0,1.0,0,6.4723,Graduate,0.18466480000000002,MEDIUM
0,1,12,12,11,6.545454545454546,0,1,0.9167,11,12,11,6.041666666666667,0,0,0.9167,1,6.2936,Graduate,0.13228160000000003,LOW
1,0,6,0,0,0.0,0,6,0.0,6,0,0,0.0,0,6,0.0,12,0.0,Dropout,0.7999999999999999,HIGH
0,1,6,8,5,6.1,0,1,0.625,6,6,6,5.75,0,0,1.0,1,5.925,Graduate,0.1578,LOW
0,1,8,10,6,6.416666666666667,0,2,0.6,5,8,4,6.0,0,1,0.5,3,6.2083,Enrolled,0.27300080000000004,MEDIUM
0,1,15,17,15,5.6,0,0,0.8824,14,15,14,6.214285714285714,0,0,0.9333,0,5.9071,Graduate,0.11297360000000001,LOW
0,1,5,8,3,6.166666666666667,0,2,0.375,5,7,4,6.0,0,1,0.5714,3,6.0833,Graduate,0.2682888,MEDIUM
0,1,8,8,7,7.97142857142857,0,1,0.875,8,8,7,7.97142857142857,0,1,0.875,2,7.9714,Graduate,0.12868640000000003,LOW
0,1,5,0,0,0.0,0,5,0.0,5,0,0,0.0,0,5,0.0,10,0.0,Dropout,0.7,HIGH
0,1,6,10,4,5.125,0,2,0.4,6,8,6,5.357142857142857,0,0,0.75,2,5.2411,Graduate,0.2422136,MEDIUM
0,1,6,10,5,6.6,0,1,0.5,6,12,5,6.416666666666667,0,1,0.4167,2,6.5083,Enrolled,0.2471248,MEDIUM
0,1,6,6,6,7.083333333333333,0,0,1.0,6,6,6,6.25,0,0,1.0,0,6.6667,Graduate,0.0799992,LOW
0,1,23,23,20,7.2875,3,3,0.8696,23,23,20,7.2875,3,3,0.8696,6,7.2875,Graduate,0.265964,MEDIUM
0,1,6,9,1,5.0,1,5,0.1111,6,6,0,0.0,0,6,0.0,11,2.5,Dropout,0.653332,HIGH
0,1,6,7,6,6.142857142857143,0,0,0.8571,6,8,6,5.714285714285714,0,0,0.75,0,5.9286,Graduate,0.15056559999999997,LOW
0,1,6,6,6,7.0,0,0,1.0,6,6,6,6.166666666666667,0,0,1.0,0,6.5833,Graduate,0.08200079999999998,LOW
0,1,6,8,4,5.625,0,2,0.5,6,0,0,0.0,0,6,0.0,8,2.8125,Dropout,0.6325,HIGH
0,1,6,11,5,5.8,0,1,0.4545,6,11,6,5.833333333333333,0,0,0.5455,1,5.8167,Enrolled,0.2103992,MEDIUM
0,1,6,12,1,6.0,0,5,0.0833,6,12,0,0.0,0,6,0.0,11,3.0,Dropout,0.637996,HIGH
0,1,7,10,7,6.735,0,0,0.7,8,8,8,6.663125,0,0,1.0,0,6.6991,Graduate,0.10322160000000001,LOW
0,1,5,6,5,6.2,0,0,0.8333,5,5,5,6.4,0,0,1.0,0,6.3,Graduate,0.102136,LOW
0,0,6,9,3,5.875,0,3,0.3333,6,11,4,5.75,3,2,0.3636,5,5.8125,Dropout,0.45474800000000004,HIGH
1,0,0,0,0,0.0,0,0,0.0,0,0,0,0.0,0,0,0.0,0,0.0,Dropout,1.0,HIGH
0,1,6,7,6,6.0,0,0,0.8571,6,7,6,6.214285714285714,0,0,0.8571,0,6.1071,Graduate,0.11629360000000002,LOW
0,1,5,8,5,7.666666666666667,2,0,0.625,5,6,5,7.7,0,0,0.8333,0,7.6833,Dropout,0.09893680000000002,LOW
0,1,8,8,8,6.16,0,0,1.0,8,8,8,6.16,0,0,1.0,0,6.16,Graduate,0.09216,LOW
0,1,7,7,7,6.899285714285715,0,0,1.0,8,8,8,7.378125,0,0,1.0,0,7.1387,Graduate,0.0686712,LOW
0,1,6,6,6,6.583333333333333,0,0,1.0,6,6,6,6.25,0,0,1.0,0,6.4167,Enrolled,0.08599920000000001,LOW
0,1,5,6,5,8.166666666666666,0,0,0.8333,5,5,5,7.7,0,0,1.0,0,7.9333,Graduate,0.0629368,LOW
0,1,0,0,0,0.0,0,0,0.0,0,0,0,0.0,0,0,0.0,0,0.0,Dropout,1.0,HIGH
0,1,7,7,7,7.378571428571428,0,0,1.0,8,9,8,7.683333333333334,0,0,0.8889,0,7.531,Graduate,0.090364,LOW
0,1,6,7,6,5.833333333333333,0,0,0.8571,6,6,6,6.166666666666667,0,0,1.0,0,6.0,Dropout,0.107432,LOW
0,1,6,7,5,6.3,0,1,0.7143,6,10,5,6.1875,0,1,0.5,2,6.2438,Enrolled,0.2558648,MEDIUM
0,1,6,6,6,5.833333333333333,0,0,1.0,6,6,6,5.75,0,0,1.0,0,5.7917,Graduate,0.10099920000000001,LOW
0,1,6,6,6,7.5,0,0,1.0,6,6,6,6.666666666666667,0,0,1.0,0,7.0833,Graduate,0.0700008,LOW
1,0,7,0,0,0.0,0,7,0.0,8,0,0,0.0,0,8,0.0,15,0.0,Dropout,0.7999999999999999,HIGH
0,1,6,7,6,6.785714285714286,0,0,0.8571,6,6,6,6.666666666666667,0,0,1.0,0,6.7262,Graduate,0.0900032,LOW
0,1,6,8,5,5.4,0,1,0.625,6,9,4,5.75,0,2,0.4444,3,5.575,Graduate,0.306768,MEDIUM
0,1,5,8,3,5.666666666666667,1,2,0.375,5,8,3,6.666666666666667,0,2,0.375,4,6.1667,Enrolled,0.31199920000000003,MEDIUM
0,1,10,16,5,5.7,0,5,0.3125,10,10,6,6.416666666666667,0,4,0.6,9,6.0583,Dropout,0.4516008,HIGH
0,1,7,14,7,5.321428571428571,0,0,0.5,8,8,8,5.775,0,0,1.0,0,5.5482,Graduate,0.1468432,LOW
0,1,5,8,3,5.25,0,2,0.375,5,6,4,5.875,1,1,0.6667,3,5.5625,Enrolled,0.27316399999999996,MEDIUM
0,1,7,7,6,7.325,0,1,0.8571,7,7,6,7.325,0,1,0.8571,2,7.325,Graduate,0.147064,LOW
0,1,7,7,7,6.857142857142857,0,0,1.0,8,11,8,7.431818181818182,0,0,0.7273,0,7.1445,Graduate,0.144888,LOW
0,1,16,19,15,6.133333333333334,0,1,0.7895,13,14,13,6.035714285714286,0,0,0.9286,1,6.0845,Graduate,0.146524,LOW
0,1,6,11,6,5.1875,0,0,0.5455,6,12,3,5.833333333333333,0,3,0.25,3,5.5104,Enrolled,0.3532104,MEDIUM
0,1,5,8,5,5.5,0,0,0.625,5,6,5,7.7,0,0,0.8333,0,6.6,Graduate,0.12493600000000003,LOW
1,1,5,5,5,6.9,0,0,1.0,5,5,5,6.5,0,0,1.0,0,6.7,Graduate,0.1792,MEDIUM
0,1,6,6,6,6.333333333333333,0,0,1.0,6,6,6,6.416666666666667,0,0,1.0,0,6.375,Graduate,0.08700000000000002,LOW
0,1,6,8,6,5.875,0,0,0.75,6,10,5,6.0,0,1,0.5,1,5.9375,Graduate,0.23750000000000004,MEDIUM
0,1,8,8,7,6.392857142857143,0,1,0.875,8,8,7,6.392857142857143,0,1,0.875,2,6.3929,Graduate,0.1665704,LOW
0,1,6,11,6,7.222222222222222,0,0,0.5455,6,6,6,6.666666666666667,0,0,1.0,0,6.9444,Graduate,0.10969440000000003,LOW
0,1,7,8,6,6.625,0,1,0.75,8,8,8,6.91875,0,0,1.0,1,6.7719,Enrolled,0.12747440000000002,LOW
0,1,7,9,7,6.253125,0,0,0.7778,8,15,5,6.6,0,3,0.3333,3,6.4266,Enrolled,0.3357736,MEDIUM
0,1,0,0,0,0.0,0,0,0.0,0,0,0,0.0,0,0,0.0,0,0.0,Graduate,1.0,HIGH
0,1,5,8,4,6.375,1,1,0.5,5,10,4,5.875,0,1,0.4,2,6.125,Graduate,0.261,MEDIUM
0,1,6,7,6,8.428571428571429,0,0,0.8571,6,6,6,8.25,0,0,1.0,0,8.3393,Graduate,0.051288800000000016,LOW
0,1,6,6,6,6.583333333333333,0,0,1.0,6,6,6,7.5,0,0,1.0,0,7.0417,Graduate,0.07099920000000001,LOW
0,1,6,9,5,6.1,0,1,0.5556,6,10,4,5.75,0,2,0.4,3,5.925,Enrolled,0.302472,MEDIUM
0,1,6,7,6,8.25,0,0,0.8571,6,8,6,7.142857142857143,0,0,0.75,0,7.6964,Graduate,0.10813840000000001,LOW
0,1,5,10,4,5.875,0,1,0.4,5,6,5,5.8,0,0,0.8333,1,5.8375,Graduate,0.19123600000000002,MEDIUM
0,1,5,14,1,5.5,0,4,0.0714,5,6,0,0.0,0,5,0.0,9,2.75,Dropout,0.6125680000000001,HIGH
0,1,8,8,7,7.557142857142857,0,1,0.875,8,8,7,7.557142857142857,0,1,0.875,2,7.5571,Graduate,0.13862960000000002,LOW
0,1,6,8,6,7.75,0,0,0.75,6,7,6,7.142857142857143,0,0,0.8571,0,7.4464,Graduate,0.09271840000000002,LOW
0,1,10,12,7,5.571428571428571,0,3,0.5833,10,10,8,6.0,0,2,0.8,5,5.7857,Graduate,0.30047919999999995,MEDIUM
0,1,6,6,6,5.666666666666667,0,0,1.0,6,8,6,5.666666666666667,0,0,0.75,0,5.6667,Graduate,0.17399920000000002,MEDIUM
0,1,7,9,5,6.02,0,2,0.5556,7,9,6,5.885714285714285,0,1,0.6667,3,5.9529,Enrolled,0.2493464,MEDIUM
0,1,5,7,5,5.583333333333333,0,0,0.7143,5,9,4,5.375,0,1,0.4444,1,5.4792,Enrolled,0.25978320000000005,MEDIUM
1,1,5,6,5,5.3,0,0,0.8333,5,7,4,5.375,0,1,0.5714,1,5.3375,Graduate,0.341904,MEDIUM
0,1,5,10,4,6.25,0,1,0.4,5,12,2,6.5,0,3,0.1667,4,6.375,Enrolled,0.3683240000000001,MEDIUM
1,0,0,0,0,0.0,0,0,0.0,0,0,0,0.0,0,0,0.0,0,0.0,Dropout,1.0,HIGH
1,1,6,6,6,7.833333333333333,0,0,1.0,6,6,6,6.916666666666667,0,0,1.0,0,7.375,Graduate,0.16299999999999998,LOW
0,1,12,12,12,7.666666666666667,0,0,1.0,11,15,11,7.5,0,0,0.7333,0,7.5833,Graduate,0.1326768,LOW
0,1,7,9,6,6.091666666666666,0,1,0.6667,7,9,6,5.891666666666666,0,1,0.6667,2,5.9917,Enrolled,0.2095272,MEDIUM
0,1,5,8,2,5.0,0,3,0.25,5,9,3,5.666666666666667,0,2,0.3333,5,5.3333,Enrolled,0.3753368,HIGH
0,1,14,23,9,6.0,2,5,0.3913,12,21,8,5.625,0,4,0.381,9,5.8125,Graduate,0.47077600000000003,HIGH
0,1,5,8,3,5.166666666666667,0,2,0.375,5,11,2,5.0,0,3,0.1818,5,5.0833,Dropout,0.42209680000000005,HIGH
0,1,6,11,6,5.583333333333333,0,0,0.5455,6,14,3,7.333333333333333,0,3,0.2143,3,6.4583,Enrolled,0.34045680000000006,MEDIUM
0,1,6,8,3,5.5,0,3,0.375,6,8,2,5.666666666666667,0,4,0.25,7,5.5833,Enrolled,0.4510008000000001,HIGH
0,1,0,0,0,0.0,0,0,0.0,0,0,0,0.0,0,0,0.0,0,0.0,Graduate,1.0,HIGH
0,1,6,7,6,6.428571428571429,0,0,0.8571,6,8,5,5.9,0,1,0.625,1,6.1643,Graduate,0.20990879999999998,MEDIUM
0,1,8,8,7,7.164285714285714,0,1,0.875,8,8,7,7.164285714285714,0,1,0.875,2,7.1643,Graduate,0.1480568,LOW
0,1,6,7,6,7.5,0,0,0.8571,6,6,6,8.166666666666666,0,0,1.0,0,7.8333,Graduate,0.06343279999999998,LOW
0,1,5,9,5,6.8,1,0,0.5556,5,5,5,6.2,0,0,1.0,0,6.5,Graduate,0.11955199999999999,LOW
0,1,5,12,5,6.428571428571429,2,0,0.4167,5,8,4,6.625,0,1,0.5,1,6.5268,Graduate,0.20002080000000003,MEDIUM
0,1,6,7,2,7.25,0,4,0.2857,6,6,1,5.0,0,5,0.1667,9,6.125,Dropout,0.5106080000000001,HIGH
0,1,5,7,3,5.333333333333333,0,2,0.4286,5,7,3,5.25,0,2,0.4286,4,5.2917,Dropout,0.3244232,MEDIUM
1,0,6,7,6,6.714285714285714,0,0,0.8571,6,8,6,5.666666666666667,0,0,0.75,0,6.1905,Dropout,0.24428000000000002,MEDIUM
0,1,7,12,7,5.858333333333332,0,0,0.5833,8,13,4,5.434,0,4,0.3077,4,5.6462,Graduate,0.3683312,MEDIUM
0,1,5,11,4,6.0,0,1,0.3636,5,5,5,6.4,0,0,1.0,1,6.2,Graduate,0.17211200000000001,MEDIUM
1,0,6,11,5,6.6,0,1,0.4545,6,8,4,5.375,0,2,0.5,3,5.9875,Dropout,0.36994000000000005,MEDIUM
1,1,6,7,5,6.1,0,1,0.7143,6,10,4,6.125,0,2,0.4,3,6.1125,Dropout,0.41701600000000005,HIGH
0,1,7,11,5,6.29,0,2,0.4545,7,9,6,6.078571428571428,0,1,0.6667,3,6.1843,Graduate,0.2518808,MEDIUM
0,1,6,9,5,5.666666666666667,0,1,0.5556,6,6,6,5.416666666666667,0,0,1.0,1,5.5417,Enrolled,0.1725512,MEDIUM
1,1,7,9,0,0.0,0,7,0.0,7,8,0,0.0,0,7,0.0,14,0.0,Dropout,0.7999999999999999,HIGH
0,1,7,9,6,6.214285714285714,0,1,0.6667,8,8,8,7.0,0,0,1.0,1,6.6071,Graduate,0.13809359999999998,LOW
0,1,6,6,6,6.5,0,0,1.0,6,6,6,6.5,0,0,1.0,0,6.5,Dropout,0.084,LOW
0,1,8,8,7,7.267857142857143,0,1,0.875,8,8,7,7.267857142857143,0,1,0.875,2,7.2679,Graduate,0.1455704,LOW
0,1,7,8,5,5.6,0,2,0.625,7,8,5,5.6,0,2,0.625,4,5.6,Enrolled,0.2856,MEDIUM
0,1,6,6,6,8.0,0,0,1.0,6,6,6,6.833333333333333,0,0,1.0,0,7.4167,Graduate,0.06199920000000001,LOW
1,1,6,13,5,6.571428571428571,0,1,0.3846,6,15,3,6.333333333333333,0,3,0.2,4,6.4524,Dropout,0.4552944,HIGH
0,1,14,23,11,5.84375,0,3,0.4783,10,20,8,5.571428571428571,0,2,0.4,5,5.7076,Graduate,0.3584136,MEDIUM
0,1,5,11,4,5.25,0,1,0.3636,5,12,4,5.5,4,1,0.3333,2,5.375,Enrolled,0.28130800000000006,MEDIUM
0,1,6,9,6,6.916666666666667,0,0,0.6667,6,12,5,6.833333333333333,0,1,0.4167,1,6.875,Graduate,0.228328,MEDIUM
0,1,5,0,0,0.0,0,5,0.0,5,0,0,0.0,0,5,0.0,10,0.0,Dropout,0.7,HIGH
0,0,5,13,0,0.0,3,5,0.0,5,5,0,0.0,5,5,0.0,10,0.0,Dropout,0.7999999999999999,HIGH
0,1,7,9,0,0.0,0,7,0.0,7,8,0,0.0,0,7,0.0,14,0.0,Dropout,0.7,HIGH
0,1,5,10,1,5.0,0,4,0.1,5,5,0,0.0,0,5,0.0,9,2.5,Dropout,0.6220000000000001,HIGH
0,1,0,0,0,0.0,0,0,0.0,0,0,0,0.0,0,0,0.0,0,0.0,Dropout,1.0,HIGH
0,0,6,9,0,0.0,0,6,0.0,6,6,0,0.0,0,6,0.0,12,0.0,Dropout,0.7999999999999999,HIGH
0,1,6,7,4,6.3,0,2,0.5714,6,6,4,6.5,0,2,0.6667,4,6.4,Dropout,0.26735200000000003,MEDIUM
0,1,5,10,3,5.625,0,2,0.3,5,9,3,5.5,0,2,0.3333,4,5.5625,Enrolled,0.335836,MEDIUM
0,1,7,13,7,6.1875,0,0,0.5385,7,8,4,5.625,0,3,0.5,3,5.9062,Dropout,0.2728712,MEDIUM
1,1,10,15,7,5.357142857142857,0,3,0.4667,10,11,9,6.277777777777778,0,1,0.8182,4,5.8175,Enrolled,0.37758800000000003,HIGH
0,0,6,6,0,0.0,0,6,0.0,6,0,0,0.0,0,6,0.0,12,0.0,Dropout,0.7999999999999999,HIGH
0,1,6,14,5,6.0,0,1,0.3571,6,12,5,6.071428571428571,0,1,0.4167,2,6.0357,Enrolled,0.2532392,MEDIUM
0,1,5,6,5,6.3,0,0,0.8333,5,8,3,6.333333333333333,0,2,0.375,2,6.3167,Graduate,0.3033952000000001,MEDIUM
0,1,6,7,0,0.0,0,6,0.0,6,6,0,0.0,0,6,0.0,12,0.0,Dropout,0.7,HIGH
0,1,8,8,7,6.420714285714285,0,1,0.875,8,8,7,6.420714285714285,0,1,0.875,2,6.4207,Graduate,0.1659032,LOW
0,1,6,6,0,0.0,0,6,0.0,5,5,0,0.0,0,5,0.0,11,0.0,Dropout,0.7,HIGH
0,1,6,7,6,7.083333333333333,0,0,0.8571,6,6,6,6.416666666666667,0,0,1.0,0,6.75,Graduate,0.08943200000000001,LOW
0,1,6,7,6,6.083333333333333,0,0,0.8571,6,9,3,6.0,0,3,0.3333,3,6.0417,Enrolled,0.35452720000000004,MEDIUM
0,1,6,12,4,5.4,0,2,0.3333,6,14,3,5.5,0,3,0.2143,5,5.45,Dropout,0.399192,HIGH
0,1,6,6,6,6.5,0,0,1.0,6,12,0,0.0,0,6,0.0,6,3.25,Dropout,0.622,HIGH
0,0,5,0,0,0.0,0,5,0.0,5,0,0,0.0,0,5,0.0,10,0.0,Dropout,0.7999999999999999,HIGH
0,1,5,5,5,6.5,0,0,1.0,5,6,5,6.666666666666667,0,0,0.8333,0,6.5833,Graduate,0.12867679999999998,LOW
1,1,6,8,6,5.785714285714286,0,0,0.75,6,9,6,5.785714285714286,0,0,0.6667,0,5.7857,Dropout,0.2644672,MEDIUM
1,0,6,6,4,5.75,0,2,0.6667,6,6,5,5.5,0,1,0.8333,3,5.625,Dropout,0.335,MEDIUM
0,1,6,8,5,5.5,0,1,0.625,6,6,4,5.375,0,2,0.6667,3,5.4375,Graduate,0.25616399999999995,MEDIUM
0,1,6,10,6,8.555555555555555,0,0,0.6,6,9,6,7.785714285714286,0,0,0.6667,0,8.1706,Graduate,0.1025696,LOW
0,1,0,0,0,0.0,0,0,0.0,0,0,0,0.0,0,0,0.0,0,0.0,Enrolled,1.0,HIGH
0,1,6,9,6,6.285714285714286,0,0,0.6667,6,6,6,6.083333333333333,0,0,1.0,0,6.1845,Graduate,0.11823600000000001,LOW
0,1,6,6,0,0.0,0,6,0.0,6,8,0,0.0,0,6,0.0,12,0.0,Dropout,0.7,HIGH
0,1,6,7,6,7.25,0,0,0.8571,6,6,6,7.583333333333333,0,0,1.0,0,7.4167,Graduate,0.07343120000000002,LOW
0,1,6,6,6,6.75,0,0,1.0,6,6,6,6.166666666666667,0,0,1.0,0,6.4583,Graduate,0.0850008,LOW
0,0,6,9,5,5.6,0,1,0.5556,6,14,2,5.0,0,4,0.1429,5,5.3,Dropout,0.5494600000000001,HIGH
0,1,5,10,3,5.333333333333333,0,2,0.3,5,5,4,6.125,0,1,0.8,3,5.7292,Graduate,0.2644992,MEDIUM
0,1,13,15,9,5.5,0,4,0.6,11,12,7,5.785714285714286,0,4,0.5833,8,5.6429,Enrolled,0.4132464,HIGH
0,1,1,2,0,0.0,0,1,0.0,5,8,0,0.0,0,5,0.0,6,0.0,Dropout,0.5800000000000001,HIGH
1,1,5,5,1,5.0,0,4,0.2,5,5,0,0.0,0,5,0.0,9,2.5,Dropout,0.7340000000000001,HIGH
1,0,7,14,5,6.18,0,2,0.3571,8,15,5,6.0,0,3,0.3333,5,6.09,Dropout,0.453368,HIGH
0,1,6,8,6,7.625,0,0,0.75,6,7,6,7.357142857142857,0,0,0.8571,0,7.4911,Graduate,0.0916456,LOW
1,0,5,5,0,0.0,0,5,0.0,5,6,0,0.0,0,5,0.0,10,0.0,Dropout,0.7999999999999999,HIGH
0,1,5,8,1,6.5,2,4,0.125,5,9,4,6.125,0,1,0.4444,5,6.3125,Dropout,0.35294800000000004,MEDIUM
0,1,8,8,8,6.906875,0,0,1.0,8,8,8,6.906875,0,0,1.0,0,6.9069,Graduate,0.07423439999999999,LOW
1,1,6,8,6,6.642857142857143,0,0,0.75,6,13,6,6.4375,0,0,0.4615,0,6.5402,Graduate,0.30381520000000006,MEDIUM
0,1,6,11,4,5.75,0,2,0.3636,6,12,4,6.1,0,2,0.3333,4,5.925,Enrolled,0.328108,MEDIUM
0,1,7,8,7,5.98125,0,0,0.875,8,9,8,6.522222222222222,0,0,0.8889,0,6.2517,Graduate,0.10884719999999999,LOW
0,1,7,9,6,6.841666666666666,0,1,0.6667,8,11,6,6.558333333333334,0,2,0.5455,3,6.7,Graduate,0.25646399999999997,MEDIUM
0,1,8,8,7,7.492857142857143,0,1,0.875,8,8,7,7.492857142857143,0,1,0.875,2,7.4929,Graduate,0.1401704,LOW
0,1,5,8,4,5.625,0,1,0.5,5,8,4,5.75,0,1,0.5,2,5.6875,Enrolled,0.2435,MEDIUM
0,1,6,8,4,6.25,0,2,0.5,6,6,5,6.3,0,1,0.8333,3,6.275,Graduate,0.23273599999999997,MEDIUM
0,1,6,0,0,0.0,0,6,0.0,6,0,0,0.0,0,6,0.0,12,0.0,Dropout,0.7,HIGH
0,1,7,10,7,6.89,0,0,0.7,8,10,8,6.8305,0,0,0.8,0,6.8602,Graduate,0.11535520000000002,LOW
0,1,7,10,7,6.9025,0,0,0.7,8,8,8,7.13625,0,0,1.0,0,7.0194,Graduate,0.0955344,LOW
0,1,5,7,5,6.9,0,0,0.7143,5,5,5,6.3,0,0,1.0,0,6.6,Graduate,0.10445600000000002,LOW
0,1,5,7,3,6.333333333333333,0,2,0.4286,5,6,4,6.0,0,1,0.6667,3,6.1667,Enrolled,0.2543752,MEDIUM
0,1,7,7,7,7.212142857142857,0,0,1.0,8,8,8,6.96875,0,0,1.0,0,7.0904,Graduate,0.0698304,LOW
0,1,6,7,6,6.583333333333333,0,0,0.8571,6,6,6,6.25,0,0,1.0,0,6.4167,Graduate,0.09743120000000001,LOW
0,1,5,10,3,5.333333333333333,0,2,0.3,5,8,5,5.2,0,0,0.625,2,5.2667,Enrolled,0.25959920000000003,MEDIUM
0,1,16,20,14,6.035714285714286,1,2,0.7,13,13,11,6.136363636363636,0,2,0.8462,4,6.086,Graduate,0.25024,MEDIUM
0,1,6,10,3,5.125,0,3,0.3,6,7,1,6.0,0,5,0.1429,8,5.5625,Dropout,0.502488,HIGH
0,1,8,8,8,7.055,0,0,1.0,8,8,8,7.055,0,0,1.0,0,7.055,Graduate,0.07068,LOW
0,1,6,9,5,6.2,0,1,0.5556,6,10,3,5.333333333333333,0,3,0.3,4,5.7667,Dropout,0.3642712,MEDIUM
0,0,6,7,6,6.0,0,0,0.8571,6,6,6,6.0,0,0,1.0,0,6.0,Dropout,0.207432,MEDIUM
0,1,6,6,6,7.416666666666667,0,0,1.0,6,6,6,6.75,0,0,1.0,0,7.0833,Graduate,0.0700008,LOW
0,1,6,7,6,7.714285714285714,0,0,0.8571,6,7,6,6.75,0,0,0.8571,0,7.2321,Graduate,0.0892936,LOW
0,1,5,7,5,5.8,0,0,0.7143,5,11,5,5.7,4,0,0.4545,0,5.75,Graduate,0.220456,MEDIUM
0,1,6,6,6,7.083333333333333,0,0,1.0,6,6,6,7.0,0,0,1.0,0,7.0417,Graduate,0.07099920000000001,LOW
0,1,7,9,1,4.9,0,6,0.1111,7,7,0,0.0,0,7,0.0,13,2.45,Dropout,0.654532,HIGH
0,1,5,12,4,5.357142857142857,0,1,0.3333,5,9,4,5.5,0,1,0.4444,2,5.4286,Graduate,0.2674976,MEDIUM
0,1,5,7,0,0.0,0,5,0.0,5,5,0,0.0,0,5,0.0,10,0.0,Dropout,0.7,HIGH
1,1,6,13,3,6.166666666666667,0,3,0.2308,6,12,1,6.5,0,5,0.0833,8,6.3333,Dropout,0.5923728,HIGH
0,1,6,13,6,6.5,0,0,0.4615,6,15,6,6.125,0,0,0.4,0,6.3125,Graduate,0.19188000000000002,MEDIUM
0,1,5,7,4,5.7,0,1,0.5714,5,5,4,5.625,0,1,0.8,2,5.6625,Graduate,0.21438800000000002,MEDIUM
0,1,7,7,6,6.383333333333333,0,1,0.8571,7,7,6,6.383333333333333,0,1,0.8571,2,6.3833,Graduate,0.1696648,LOW
1,1,6,11,5,6.3,0,1,0.4545,6,6,6,6.333333333333333,0,0,1.0,1,6.3167,Graduate,0.2620392,MEDIUM
0,1,7,8,7,6.5,0,0,0.875,5,5,5,6.7,0,0,1.0,0,6.6,Graduate,0.09160000000000001,LOW
0,1,7,7,6,7.158333333333334,0,1,0.8571,7,7,6,7.158333333333334,0,1,0.8571,2,7.1583,Graduate,0.1510648,LOW
0,1,5,7,4,6.375,0,1,0.5714,5,5,5,6.0,0,0,1.0,1,6.1875,Graduate,0.15578799999999998,LOW
0,1,5,5,5,6.7,0,0,1.0,5,5,5,6.3,0,0,1.0,0,6.5,Graduate,0.084,LOW
1,0,6,6,0,0.0,0,6,0.0,5,5,0,0.0,0,5,0.0,11,0.0,Dropout,0.7999999999999999,HIGH
0,1,5,6,4,7.875,0,1,0.6667,5,5,5,6.9,0,0,1.0,1,7.3875,Graduate,0.11936399999999998,LOW
0,1,6,9,5,6.2,0,1,0.5556,6,11,1,5.5,0,5,0.0909,6,5.85,Dropout,0.48082,HIGH
0,1,6,8,6,5.75,0,0,0.75,6,7,6,6.166666666666667,0,0,0.8571,0,5.9583,Graduate,0.12843279999999999,LOW
0,1,5,5,5,6.7,0,0,1.0,5,5,5,7.0,0,0,1.0,0,6.85,Graduate,0.07560000000000001,LOW
0,1,5,9,3,5.833333333333333,0,2,0.3333,5,7,5,5.9,0,0,0.7143,2,5.8667,Enrolled,0.23539119999999997,MEDIUM
0,1,7,0,0,0.0,0,7,0.0,8,0,0,0.0,0,8,0.0,15,0.0,Dropout,0.7,HIGH
0,1,8,11,7,6.642857142857143,0,1,0.6364,7,13,5,5.8,0,2,0.3846,3,6.2214,Dropout,0.3093664,MEDIUM
0,1,6,10,4,5.75,0,2,0.4,6,16,2,5.25,0,4,0.125,6,5.5,Dropout,0.46099999999999997,HIGH
0,1,9,11,8,6.625,0,1,0.7273,7,8,7,5.857142857142857,0,0,0.875,1,6.2411,Graduate,0.1520296,LOW
0,1,14,24,11,6.125,3,3,0.4583,10,12,10,6.7,0,0,0.8333,3,6.4125,Graduate,0.23277199999999998,MEDIUM
0,1,7,8,6,6.0,0,1,0.75,7,8,6,6.0,0,1,0.75,2,6.0,Enrolled,0.19599999999999998,MEDIUM
0,1,6,10,1,6.0,0,5,0.1,6,6,0,0.0,0,6,0.0,11,3.0,Dropout,0.6400000000000001,HIGH
0,1,15,15,13,5.461538461538462,0,2,0.8667,10,10,7,5.571428571428571,0,3,0.7,5,5.5165,Graduate,0.32560800000000006,MEDIUM
0,1,12,12,10,6.0,0,2,0.8333,10,11,5,5.5,0,5,0.4545,7,5.75,Dropout,0.44473599999999996,HIGH
0,1,5,10,5,6.857142857142857,0,0,0.5,5,7,5,7.2,0,0,0.7143,0,7.0286,Graduate,0.13416959999999997,LOW
0,1,5,8,1,5.0,0,4,0.125,5,8,2,6.5,0,3,0.25,7,5.75,Dropout,0.44200000000000006,HIGH
0,1,6,18,2,5.166666666666667,0,4,0.1111,6,7,6,5.75,0,0,0.8571,4,5.4583,Graduate,0.3115448,MEDIUM
0,1,7,8,7,6.364285714285714,0,0,0.875,8,8,8,7.3125,0,0,1.0,0,6.8384,Graduate,0.08587840000000001,LOW
0,0,15,22,12,6.666666666666667,0,3,0.5455,8,8,8,6.4375,0,0,1.0,3,6.5521,Dropout,0.3091096,MEDIUM
0,1,11,20,9,6.11111111111111,0,2,0.45,9,16,9,5.8,0,0,0.5625,2,5.9556,Enrolled,0.23606560000000001,MEDIUM
0,1,6,7,6,5.666666666666667,0,0,0.8571,6,9,6,5.416666666666667,0,0,0.6667,0,5.5417,Graduate,0.1831752,MEDIUM
1,1,5,8,4,5.5,0,1,0.5,5,7,4,6.0,0,1,0.5714,2,5.75,Enrolled,0.33628800000000003,MEDIUM
0,1,5,5,5,6.9,0,0,1.0,5,6,5,6.9,0,0,0.8333,0,6.9,Graduate,0.12107599999999999,LOW
0,1,7,16,1,6.0,0,6,0.0625,7,13,0,0.0,1,7,0.0,13,3.0,Dropout,0.6355,HIGH
0,0,6,9,4,5.625,0,2,0.4444,6,11,3,5.083333333333333,0,3,0.2727,5,5.3542,Dropout,0.4984712,HIGH
0,1,5,6,4,5.25,0,1,0.6667,5,6,5,6.0,0,0,0.8333,1,5.625,Graduate,0.17500000000000002,MEDIUM
0,1,18,20,18,5.777777777777778,0,0,0.9,13,13,13,5.807692307692308,0,0,1.0,0,5.7927,Graduate,0.10897520000000001,LOW
0,1,6,13,1,7.0,0,5,0.0769,6,7,0,0.0,0,6,0.0,11,3.5,Dropout,0.625228,HIGH
0,0,6,17,1,6.5,0,5,0.0588,6,8,0,0.0,0,6,0.0,11,3.25,Dropout,0.729056,HIGH
0,1,6,13,2,5.5,0,4,0.1538,6,14,1,5.5,0,5,0.0714,9,5.5,Dropout,0.536464,HIGH
0,1,8,8,7,6.840714285714285,0,1,0.875,8,8,7,6.840714285714285,0,1,0.875,2,6.8407,Enrolled,0.15582320000000002,LOW
0,1,7,11,6,6.05,0,1,0.5455,7,7,6,6.308333333333334,0,1,0.8571,2,6.1792,Enrolled,0.1994912,MEDIUM
0,1,6,8,4,5.25,0,2,0.5,6,8,4,5.625,0,2,0.5,4,5.4375,Graduate,0.3095,MEDIUM
0,1,7,10,5,5.97,0,2,0.5,7,8,6,6.4,0,1,0.75,3,6.185,Enrolled,0.24156000000000002,MEDIUM
1,0,7,11,4,6.43,0,3,0.3636,7,10,5,5.783333333333334,0,2,0.5,5,6.1067,Dropout,0.43435120000000005,HIGH
0,1,6,10,6,7.125,0,0,0.6,6,7,6,7.0,0,0,0.8571,0,7.0625,Graduate,0.11393199999999999,LOW
0,0,7,0,0,0.0,0,7,0.0,8,0,0,0.0,0,8,0.0,15,0.0,Dropout,0.7999999999999999,HIGH
0,1,0,0,0,0.0,0,0,0.0,0,0,0,0.0,0,0,0.0,0,0.0,Dropout,1.0,HIGH
0,1,7,7,7,6.947142857142856,0,0,1.0,8,8,8,7.18125,0,0,1.0,0,7.0642,Graduate,0.07045920000000001,LOW
0,1,7,8,7,6.734375,0,0,0.875,8,8,8,6.656875,0,0,1.0,0,6.6956,Graduate,0.08930560000000001,LOW
0,1,5,5,5,6.8,0,0,1.0,5,5,5,7.3,0,0,1.0,0,7.05,Graduate,0.07080000000000002,LOW
0,1,6,6,6,7.333333333333333,0,0,1.0,6,6,6,6.916666666666667,0,0,1.0,0,7.125,Graduate,0.06899999999999999,LOW
0,1,6,6,6,6.833333333333333,0,0,1.0,6,7,6,6.5,0,0,0.8571,0,6.6667,Graduate,0.12001120000000001,LOW
0,1,12,22,10,6.65,0,2,0.4545,11,11,11,6.863636363636364,0,0,1.0,2,6.7568,Graduate,0.1814768,MEDIUM
0,1,11,13,11,6.727272727272728,0,0,0.8462,11,13,7,6.214285714285714,0,4,0.5385,4,6.4708,Graduate,0.3154648,MEDIUM
0,1,8,8,8,6.708125,0,0,1.0,8,8,8,6.708125,0,0,1.0,0,6.7081,Graduate,0.07900560000000001,LOW
0,1,7,0,0,0.0,0,7,0.0,8,0,0,0.0,0,8,0.0,15,0.0,Dropout,0.7,HIGH
0,1,6,6,6,5.666666666666667,0,0,1.0,6,8,5,6.5,0,1,0.625,1,6.0833,Graduate,0.2290008,MEDIUM
0,1,6,8,6,8.0,0,0,0.75,6,10,6,7.3125,0,0,0.6,0,7.6562,Dropout,0.1382512,LOW
1,1,6,8,5,5.5,0,1,0.625,6,12,6,5.083333333333333,0,0,0.5,1,5.2917,Enrolled,0.33799920000000006,MEDIUM
0,1,6,8,6,6.428571428571429,0,0,0.75,6,9,5,6.2,0,1,0.5556,1,6.3143,Enrolled,0.2128888,MEDIUM
0,0,5,5,0,0.0,0,5,0.0,5,6,0,0.0,0,5,0.0,10,0.0,Dropout,0.7999999999999999,HIGH
0,1,5,5,5,7.4,0,0,1.0,5,5,5,7.1,0,0,1.0,0,7.25,Graduate,0.066,LOW
0,0,5,7,1,6.5,0,4,0.1429,5,5,2,7.0,0,3,0.4,7,6.75,Dropout,0.504568,HIGH
0,1,0,0,0,0.0,0,0,0.0,0,0,0,0.0,0,0,0.0,0,0.0,Graduate,1.0,HIGH
1,0,9,14,4,5.0,0,5,0.2857,6,6,1,5.0,0,5,0.1667,10,5.0,Dropout,0.6676080000000001,HIGH
1,1,6,11,5,5.6,0,1,0.4545,6,7,6,6.0,0,0,0.8571,1,5.8,Graduate,0.285872,MEDIUM
0,1,6,8,6,5.916666666666667,0,0,0.75,6,11,3,6.5,0,3,0.2727,3,6.2083,Graduate,0.3546448,MEDIUM
0,1,5,0,0,0.0,0,5,0.0,5,0,0,0.0,0,5,0.0,10,0.0,Dropout,0.7,HIGH
0,1,5,8,2,5.25,0,3,0.25,5,10,0,0.0,0,5,0.0,8,2.625,Dropout,0.607,HIGH
0,0,5,8,5,6.25,0,0,0.625,5,7,5,6.785714285714286,0,0,0.7143,0,6.5179,Dropout,0.2364264,MEDIUM
0,1,0,0,0,0.0,0,0,0.0,0,0,0,0.0,0,0,0.0,0,0.0,Dropout,1.0,HIGH
0,1,10,10,5,5.5,0,5,0.5,7,8,2,5.0,0,5,0.25,10,5.25,Enrolled,0.5640000000000001,HIGH
0,1,10,14,9,6.166666666666667,0,1,0.6429,10,12,8,6.0,0,2,0.6667,3,6.0833,Graduate,0.23923279999999997,MEDIUM
0,1,6,9,0,0.0,0,6,0.0,6,8,1,5.0,1,5,0.125,11,2.5,Dropout,0.63,HIGH
1,1,5,14,1,8.5,0,4,0.0714,5,10,2,5.5,0,3,0.2,7,7.0,Enrolled,0.520288,HIGH
0,1,5,5,5,5.5,0,0,1.0,5,11,3,5.714285714285714,0,2,0.2727,2,5.6071,Enrolled,0.3690736,MEDIUM
0,1,6,11,5,5.571428571428571,0,1,0.4545,6,9,6,5.785714285714286,0,0,0.6667,1,5.6786,Graduate,0.2040176,MEDIUM
0,0,8,19,5,6.083333333333333,0,3,0.2632,7,12,5,6.0,0,2,0.4167,5,6.0417,Dropout,0.4506072,HIGH
1,0,5,9,2,5.5,0,3,0.2222,5,8,2,5.75,2,3,0.25,6,5.625,Dropout,0.507224,HIGH
0,0,5,8,1,5.5,0,4,0.125,5,6,3,5.333333333333333,1,2,0.5,6,5.4167,Dropout,0.4999992,HIGH
0,1,6,10,4,6.625,0,2,0.4,6,13,5,5.9,0,1,0.3846,3,6.2625,Graduate,0.28001200000000004,MEDIUM
0,1,6,7,0,0.0,0,6,0.0,6,11,1,5.0,0,5,0.0909,11,2.5,Enrolled,0.632728,HIGH
0,0,6,17,2,6.25,0,4,0.1176,6,10,0,0.0,0,6,0.0,10,3.125,Dropout,0.739112,HIGH
0,0,10,10,7,6.071428571428571,0,3,0.7,9,9,4,6.125,0,5,0.4444,8,6.0982,Dropout,0.5532112,HIGH
0,1,5,8,3,6.0,0,2,0.375,5,10,3,5.666666666666667,0,2,0.3,4,5.8333,Dropout,0.3410008,MEDIUM
0,1,6,6,4,5.625,0,2,0.6667,6,9,4,5.214285714285714,0,2,0.4444,4,5.4196,Enrolled,0.3455016,MEDIUM
0,0,4,8,0,0.0,1,4,0.0,6,0,0,0.0,0,6,0.0,10,0.0,Dropout,0.7999999999999999,HIGH
1,0,6,7,5,6.2,0,1,0.7143,6,8,4,6.5,0,2,0.5,3,6.35,Enrolled,0.383316,HIGH
0,1,6,6,6,6.416666666666667,0,0,1.0,6,8,6,6.333333333333333,2,0,0.75,0,6.375,Graduate,0.15700000000000003,LOW
0,1,5,7,1,6.5,0,4,0.1429,5,7,2,5.0,0,3,0.2857,7,5.75,Enrolled,0.437712,HIGH
1,0,7,7,5,6.0,0,2,0.7143,7,7,3,5.833333333333333,0,4,0.4286,6,5.9167,Dropout,0.5037072,HIGH
0,1,6,13,2,6.0,0,4,0.1538,6,12,1,6.5,0,5,0.0833,9,6.25,Dropout,0.515132,HIGH
0,1,7,18,0,0.0,0,7,0.0,7,7,0,0.0,0,7,0.0,14,0.0,Dropout,0.7,HIGH
0,1,5,0,0,0.0,0,5,0.0,5,0,0,0.0,0,5,0.0,10,0.0,Dropout,0.7,HIGH
0,1,6,10,6,5.6875,0,0,0.6,6,10,5,5.8,0,1,0.5,1,5.7438,Graduate,0.22414879999999998,MEDIUM
1,1,6,15,2,6.0,0,4,0.1333,6,7,0,0.0,0,6,0.0,10,3.0,Dropout,0.743996,HIGH
0,1,6,6,6,5.916666666666667,0,0,1.0,6,6,6,5.833333333333333,0,0,1.0,0,5.875,Enrolled,0.09899999999999999,LOW
0,1,6,17,1,6.0,0,5,0.0588,6,23,2,5.25,1,4,0.087,9,5.625,Dropout,0.523336,HIGH
0,1,6,7,3,6.0,0,3,0.4286,6,7,2,5.5,0,4,0.2857,7,5.75,Dropout,0.443436,HIGH
0,1,6,7,6,6.357142857142857,0,0,0.8571,6,8,5,5.916666666666667,0,1,0.625,1,6.1369,Graduate,0.21056640000000001,MEDIUM
0,1,8,8,8,7.65,0,0,1.0,8,8,8,7.65,0,0,1.0,0,7.65,Graduate,0.0564,LOW
0,0,8,12,2,5.75,2,6,0.1667,7,9,0,0.0,0,7,0.0,13,2.875,Dropout,0.751004,HIGH
0,1,5,12,1,6.5,0,4,0.0833,5,8,3,6.3,0,2,0.375,6,6.4,Enrolled,0.389736,HIGH
0,1,6,12,0,0.0,0,6,0.0,6,10,0,0.0,0,6,0.0,12,0.0,Dropout,0.7,HIGH
0,1,7,0,0,0.0,0,7,0.0,8,0,0,0.0,0,8,0.0,15,0.0,Dropout,0.7,HIGH
0,1,5,8,4,5.5,0,1,0.5,5,8,5,6.0,0,0,0.625,1,5.75,Enrolled,0.20200000000000004,MEDIUM
0,0,6,7,3,6.333333333333333,0,3,0.4286,6,10,5,6.5625,0,1,0.5,4,6.4479,Dropout,0.39096240000000004,HIGH
0,1,6,6,6,6.75,0,0,1.0,6,6,6,7.0,0,0,1.0,0,6.875,Graduate,0.07500000000000001,LOW
0,1,5,7,5,6.0,0,0,0.7143,5,10,5,5.7,0,0,0.5,0,5.85,Graduate,0.205316,MEDIUM
1,0,5,6,0,0.0,0,5,0.0,5,5,0,0.0,0,5,0.0,10,0.0,Dropout,0.7999999999999999,HIGH
0,1,6,8,5,5.9,0,1,0.625,6,8,4,5.25,0,2,0.5,3,5.575,Dropout,0.2912,MEDIUM
0,0,6,12,2,5.75,0,4,0.1667,6,13,1,6.5,0,5,0.0769,9,6.125,Dropout,0.6214719999999999,HIGH
0,1,5,11,2,5.75,0,3,0.1818,5,10,3,6.0,0,2,0.3,5,5.875,Enrolled,0.370456,MEDIUM
0,1,7,7,6,7.308333333333334,0,1,0.8571,7,7,6,7.308333333333334,0,1,0.8571,2,7.3083,Graduate,0.1474648,LOW
0,1,8,8,7,7.03,0,1,0.875,8,8,7,7.03,0,1,0.875,2,7.03,Enrolled,0.15127999999999997,LOW
1,1,6,9,4,5.5,0,2,0.4444,6,12,3,5.666666666666667,0,3,0.25,5,5.5833,Dropout,0.4993288,HIGH
0,1,5,0,0,0.0,0,5,0.0,5,0,0,0.0,0,5,0.0,10,0.0,Dropout,0.7,HIGH
0,1,14,22,7,6.096153846153846,5,7,0.3182,14,22,7,6.096153846153846,5,7,0.3182,14,6.0962,Graduate,0.5027792,HIGH
0,1,6,6,6,6.416666666666667,0,0,1.0,6,7,6,6.166666666666667,0,0,0.8571,0,6.2917,Graduate,0.12901120000000002,LOW
0,1,5,8,5,6.4375,0,0,0.625,5,6,5,5.916666666666667,0,0,0.8333,0,6.1771,Graduate,0.1350856,LOW
0,1,6,6,6,6.083333333333333,0,0,1.0,6,6,6,6.25,0,0,1.0,0,6.1667,Graduate,0.09199920000000002,LOW
0,1,6,11,6,6.714285714285714,0,0,0.5455,6,12,6,6.428571428571429,0,0,0.5,0,6.5714,Graduate,0.16774640000000002,LOW
0,1,6,6,6,7.25,0,0,1.0,6,8,6,7.333333333333333,0,0,0.75,0,7.2917,Graduate,0.1349992,LOW
0,1,7,7,7,6.071428571428571,0,0,1.0,7,7,7,6.428571428571429,0,0,1.0,0,6.25,Graduate,0.09,LOW
0,1,5,6,4,5.625,0,1,0.6667,5,10,3,5.857142857142857,0,2,0.3,3,5.7411,Enrolled,0.3482176,MEDIUM
0,1,7,7,6,6.95,0,1,0.8571,7,7,6,6.95,0,1,0.8571,2,6.95,Graduate,0.15606399999999998,LOW
0,1,7,12,3,6.883333333333333,0,4,0.25,7,11,3,6.033333333333334,0,4,0.2727,8,6.4583,Dropout,0.44318480000000005,HIGH
0,1,15,17,13,5.807692307692308,0,2,0.7647,14,14,11,6.272727272727272,0,3,0.7857,5,6.0402,Dropout,0.2810032,MEDIUM
0,1,6,6,6,7.583333333333333,0,0,1.0,6,7,6,7.071428571428571,0,0,0.8571,0,7.3274,Graduate,0.10415440000000004,LOW
0,1,5,5,0,0.0,0,5,0.0,5,5,0,0.0,0,5,0.0,10,0.0,Dropout,0.7,HIGH
0,1,5,10,2,7.25,1,3,0.2,5,9,3,5.666666666666667,0,2,0.3333,5,6.4583,Enrolled,0.3523368,MEDIUM
0,1,6,9,5,5.4,0,1,0.5556,6,8,6,5.357142857142857,0,0,0.75,1,5.3786,Graduate,0.1964656,MEDIUM
0,1,7,7,7,6.997857142857144,0,0,1.0,8,9,8,7.477777777777778,0,0,0.8889,0,7.2378,Graduate,0.09740080000000001,LOW
0,1,6,8,6,6.642857142857143,0,0,0.75,6,16,6,5.9,0,0,0.375,0,6.2714,Graduate,0.2344864,MEDIUM
0,1,12,12,12,6.375,0,0,1.0,11,16,11,6.625,0,0,0.6875,0,6.5,Graduate,0.17149999999999999,MEDIUM
0,1,6,15,2,5.25,0,4,0.1333,6,8,5,6.2,0,1,0.625,5,5.725,Enrolled,0.351936,MEDIUM
1,1,7,7,7,6.357142857142857,0,0,1.0,7,7,7,6.142857142857143,0,0,1.0,0,6.25,Graduate,0.19,MEDIUM
0,1,8,8,8,6.443125,0,0,1.0,8,8,8,6.443125,0,0,1.0,0,6.4431,Graduate,0.08536559999999999,LOW
0,1,6,7,5,6.5,0,1,0.7143,6,6,6,6.333333333333333,0,0,1.0,1,6.4167,Graduate,0.1388552,LOW
0,1,5,7,5,6.1,0,0,0.7143,5,6,5,5.6,0,0,0.8333,0,5.85,Graduate,0.135792,LOW
0,1,5,8,4,6.4,0,1,0.5,5,10,3,7.25,0,2,0.3,3,6.825,Enrolled,0.3022,MEDIUM
0,1,11,15,11,6.892857142857143,0,0,0.7333,9,9,9,6.944444444444445,0,0,1.0,0,6.9187,Graduate,0.09528720000000002,LOW
0,1,5,5,0,0.0,0,5,0.0,5,9,4,6.625,2,1,0.4444,6,3.3125,Enrolled,0.464948,HIGH
0,1,8,8,8,7.250625,0,0,1.0,8,8,8,7.250625,0,0,1.0,0,7.2506,Graduate,0.06598559999999999,LOW
0,1,7,7,6,7.175,0,1,0.8571,7,7,6,7.175,0,1,0.8571,2,7.175,Graduate,0.15066400000000002,LOW
0,1,6,6,6,5.75,0,0,1.0,6,6,6,6.166666666666667,0,0,1.0,0,5.9583,Graduate,0.09700079999999998,LOW
0,1,6,8,6,5.857142857142857,0,0,0.75,6,6,6,7.333333333333333,0,0,1.0,0,6.5952,Graduate,0.1017152,LOW
0,1,6,9,6,6.785714285714286,0,0,0.6667,6,10,5,6.8,0,1,0.5,1,6.7929,Enrolled,0.2069744,MEDIUM
0,1,6,6,5,6.5,0,1,0.8333,6,6,6,6.833333333333333,0,0,1.0,1,6.6667,Graduate,0.1233352,LOW
0,1,7,8,7,6.784375,0,0,0.875,8,8,8,7.013125,0,0,1.0,0,6.8987,Graduate,0.0844312,LOW
0,1,5,5,5,5.1,0,0,1.0,5,9,4,5.625,0,1,0.4444,1,5.3625,Enrolled,0.296868,MEDIUM
0,1,0,0,0,0.0,0,0,0.0,0,0,0,0.0,0,0,0.0,0,0.0,Graduate,1.0,HIGH
0,1,6,8,5,6.1,0,1,0.625,6,8,5,5.9,0,1,0.625,2,6.0,Enrolled,0.21600000000000003,MEDIUM
0,1,8,8,8,7.076875,0,0,1.0,8,8,8,7.076875,0,0,1.0,0,7.0769,Graduate,0.07015439999999999,LOW
0,0,8,8,0,0.0,8,8,0.0,8,8,0,0.0,8,8,0.0,16,0.0,Dropout,0.7999999999999999,HIGH
0,1,6,7,6,6.916666666666667,0,0,0.8571,6,6,6,6.416666666666667,0,0,1.0,0,6.6667,Graduate,0.0914312,LOW
0,1,6,7,6,6.714285714285714,0,0,0.8571,6,6,4,7.0,0,2,0.6667,2,6.8571,Enrolled,0.2116056,MEDIUM
0,1,8,8,7,6.227142857142858,0,1,0.875,8,8,7,6.227142857142858,0,1,0.875,2,6.2271,Graduate,0.17054960000000002,MEDIUM
0,1,5,9,1,5.5,1,4,0.1111,5,10,0,0.0,0,5,0.0,9,2.75,Enrolled,0.6173320000000001,HIGH
0,1,7,0,0,0.0,0,7,0.0,8,0,0,0.0,0,8,0.0,15,0.0,Dropout,0.7,HIGH
0,1,7,8,6,6.635833333333334,0,1,0.75,8,11,7,6.471875,0,1,0.6364,2,6.5539,Graduate,0.21451440000000005,MEDIUM
0,1,7,8,6,6.774166666666667,0,1,0.75,8,11,6,7.3875,0,2,0.5455,3,7.0808,Enrolled,0.2573208,MEDIUM
0,1,6,6,6,6.083333333333333,0,0,1.0,6,6,6,6.25,0,0,1.0,0,6.1667,Enrolled,0.09199920000000002,LOW
0,1,6,16,2,5.5,0,4,0.125,6,12,0,0.0,0,6,0.0,10,2.75,Dropout,0.6490000000000001,HIGH
0,1,7,7,7,6.642857142857143,0,0,1.0,7,7,7,7.214285714285714,0,0,1.0,0,6.9286,Graduate,0.07371359999999999,LOW
0,1,6,6,6,6.666666666666667,0,0,1.0,6,7,6,7.0,0,0,0.8571,0,6.8333,Graduate,0.11601280000000001,LOW
0,1,8,8,8,6.62875,0,0,1.0,8,8,8,6.62875,0,0,1.0,0,6.6288,Graduate,0.0809088,LOW
0,1,6,7,0,0.0,0,6,0.0,6,7,0,0.0,0,6,0.0,12,0.0,Dropout,0.7,HIGH
0,0,6,10,6,6.333333333333333,0,0,0.6,6,6,2,5.75,0,4,0.3333,4,6.0417,Dropout,0.45367520000000006,HIGH
0,1,5,5,5,7.3,0,0,1.0,5,5,5,7.7,0,0,1.0,0,7.5,Dropout,0.06,LOW
0,1,5,13,0,0.0,5,5,0.0,5,5,0,0.0,5,5,0.0,10,0.0,Dropout,0.7,HIGH
0,0,5,7,3,6.166666666666667,0,2,0.4286,5,8,0,0.0,0,5,0.0,7,3.0833,Dropout,0.6874328,HIGH
0,1,5,5,5,5.4,0,0,1.0,5,11,2,5.5,0,3,0.1818,3,5.45,Enrolled,0.428296,HIGH
0,1,6,7,6,5.833333333333333,0,0,0.8571,6,10,6,5.666666666666667,0,0,0.6,0,5.75,Graduate,0.196852,MEDIUM
0,1,6,6,4,6.25,0,2,0.6667,6,6,6,7.166666666666667,0,0,1.0,2,6.7083,Dropout,0.1656648,LOW
0,1,5,0,0,0.0,0,5,0.0,5,0,0,0.0,0,5,0.0,10,0.0,Dropout,0.7,HIGH
0,1,6,6,6,7.666666666666667,0,0,1.0,6,6,6,7.083333333333333,0,0,1.0,0,7.375,Graduate,0.06299999999999999,LOW
0,1,8,8,7,7.1,0,1,0.875,8,8,7,7.1,0,1,0.875,2,7.1,Graduate,0.1496,LOW
0,1,6,6,6,7.416666666666667,0,0,1.0,6,6,6,7.333333333333333,0,0,1.0,0,7.375,Graduate,0.06299999999999999,LOW
0,1,7,7,7,6.821428571428571,0,0,1.0,8,8,8,7.19375,0,0,1.0,0,7.0076,Dropout,0.07181759999999998,LOW
0,1,6,6,6,6.916666666666667,0,0,1.0,6,6,6,7.0,0,0,1.0,0,6.9583,Dropout,0.07300079999999999,LOW
0,1,6,6,6,5.916666666666667,0,0,1.0,6,7,6,6.5,0,0,0.8571,0,6.2083,Graduate,0.13101279999999998,LOW
0,1,6,7,6,6.714285714285714,0,0,0.8571,6,10,6,6.75,0,0,0.6,0,6.7321,Graduate,0.1732816,MEDIUM
0,1,13,16,8,5.25,0,5,0.5,12,19,9,5.166666666666667,0,3,0.4737,8,5.2083,Enrolled,0.44236479999999995,HIGH
0,1,7,10,6,5.708333333333333,0,1,0.6,8,9,8,5.98125,0,0,0.8889,1,5.8448,Graduate,0.17061279999999998,MEDIUM
0,1,7,16,2,6.375,0,5,0.125,7,12,2,5.5,0,5,0.1667,10,5.9375,Dropout,0.534164,HIGH
0,1,7,10,6,5.575,0,1,0.6,7,7,7,6.407142857142858,0,0,1.0,1,5.9911,Enrolled,0.1582136,LOW
0,1,6,8,3,5.833333333333333,0,3,0.375,6,11,5,6.8125,0,1,0.4545,4,6.3229,Enrolled,0.3018904,MEDIUM
0,1,6,7,6,5.75,0,0,0.8571,6,8,5,6.2,0,1,0.625,1,5.975,Graduate,0.214452,MEDIUM
0,1,6,6,6,6.916666666666667,0,0,1.0,6,6,6,6.333333333333333,0,0,1.0,0,6.625,Graduate,0.08100000000000002,LOW
0,0,6,8,6,5.857142857142857,1,0,0.75,6,11,4,5.666666666666667,0,2,0.3636,2,5.7619,Dropout,0.4099064,HIGH
0,1,7,8,7,5.839285714285714,0,0,0.875,8,10,7,6.51875,0,1,0.7,1,6.179,Graduate,0.190704,MEDIUM
0,1,6,7,6,7.857142857142857,0,0,0.8571,6,6,6,7.333333333333333,0,0,1.0,0,7.5952,Dropout,0.0691472,LOW
0,1,0,0,0,0.0,0,0,0.0,0,0,0,0.0,0,0,0.0,0,0.0,Graduate,1.0,HIGH
0,1,6,6,6,6.5,0,0,1.0,6,7,6,6.5,0,0,0.8571,0,6.5,Graduate,0.12401200000000002,LOW
0,1,7,7,7,7.242857142857143,0,0,1.0,8,9,8,7.294444444444445,0,0,0.8889,0,7.2687,Graduate,0.0966592,LOW
0,1,5,9,5,6.142857142857143,0,0,0.5556,5,8,5,6.0625,0,0,0.625,0,6.1027,Enrolled,0.1590872,LOW
1,1,7,12,4,6.6875,0,3,0.3333,7,7,5,6.75,0,2,0.7143,5,6.7188,Enrolled,0.4049408,HIGH
0,1,8,8,7,5.785714285714286,0,1,0.875,8,8,7,5.785714285714286,0,1,0.875,2,5.7857,Graduate,0.1811432,MEDIUM
0,1,8,8,7,6.328571428571428,0,1,0.875,8,8,7,6.328571428571428,0,1,0.875,2,6.3286,Graduate,0.16811360000000003,LOW
0,0,5,9,2,5.0,1,3,0.2222,5,11,1,5.0,0,4,0.0909,7,5.0,Dropout,0.5912120000000001,HIGH
0,1,6,7,6,6.857142857142857,0,0,0.8571,6,6,6,6.583333333333333,0,0,1.0,0,6.7202,Graduate,0.09014719999999998,LOW
0,1,14,21,13,6.535714285714286,0,1,0.619,11,16,11,6.5,0,0,0.6875,1,6.5179,Graduate,0.1690504,LOW
0,1,6,7,6,7.666666666666667,0,0,0.8571,6,9,6,7.0,0,0,0.6667,0,7.3333,Graduate,0.1401768,LOW
0,1,6,9,5,5.785714285714286,0,1,0.5556,6,8,6,6.071428571428571,0,0,0.75,1,5.9286,Graduate,0.1832656,MEDIUM
0,0,5,10,0,0.0,0,5,0.0,5,5,0,0.0,0,5,0.0,10,0.0,Dropout,0.7999999999999999,HIGH
0,1,7,7,6,6.45,0,1,0.8571,7,7,6,6.45,0,1,0.8571,2,6.45,Graduate,0.168064,LOW
0,1,8,12,5,6.563,1,3,0.4167,8,12,5,6.563,1,3,0.4167,6,6.563,Enrolled,0.35581599999999997,MEDIUM
0,1,10,20,4,5.75,2,6,0.2,9,13,3,5.833333333333333,2,6,0.2308,12,5.7917,Dropout,0.5265352,HIGH
0,1,6,11,3,5.166666666666667,0,3,0.2727,6,10,5,5.9,0,1,0.5,4,5.5333,Enrolled,0.32538480000000003,MEDIUM
0,1,6,6,6,6.75,0,0,1.0,6,7,6,6.714285714285714,0,0,0.8571,0,6.7321,Graduate,0.11844160000000002,LOW
0,1,1,1,0,0.0,1,1,0.0,5,0,0,0.0,0,5,0.0,6,0.0,Dropout,0.5800000000000001,HIGH
0,1,5,5,4,6.0,0,1,0.8,4,4,2,5.75,0,2,0.5,3,5.875,Enrolled,0.305,MEDIUM
0,1,8,10,7,5.571428571428571,0,1,0.7,8,11,8,5.6875,0,0,0.7273,1,5.6295,Graduate,0.180708,MEDIUM
0,1,5,11,5,5.7,0,0,0.4545,5,10,4,5.125,0,1,0.4,1,5.4125,Enrolled,0.24264,MEDIUM
0,1,8,8,7,6.385714285714286,1,1,0.875,8,8,7,6.385714285714286,1,1,0.875,2,6.3857,Enrolled,0.16674320000000004,LOW
0,1,8,8,7,6.899285714285715,0,1,0.875,8,8,7,6.899285714285715,0,1,0.875,2,6.8993,Graduate,0.1544168,LOW
1,0,6,7,6,6.666666666666667,0,0,0.8571,6,6,6,6.75,0,0,1.0,0,6.7083,Graduate,0.1904328,MEDIUM
1,0,6,11,0,0.0,0,6,0.0,5,6,0,0.0,0,5,0.0,11,0.0,Dropout,0.7999999999999999,HIGH
0,1,15,17,14,5.678571428571429,0,1,0.8235,14,15,13,6.423076923076924,0,1,0.8667,2,6.0508,Dropout,0.17956480000000002,MEDIUM
0,1,5,11,0,0.0,0,5,0.0,5,8,0,0.0,0,5,0.0,10,0.0,Dropout,0.7,HIGH
0,1,6,13,6,7.846153846153846,0,0,0.4615,6,13,5,7.214285714285714,0,1,0.3846,1,7.5302,Graduate,0.1969672,MEDIUM
1,1,18,19,18,7.526315789473684,0,0,0.9474,13,13,13,7.269230769230769,0,0,1.0,0,7.3978,Graduate,0.1666608,LOW
0,1,10,20,6,5.75,0,4,0.3,10,17,5,6.2,0,5,0.2941,9,5.975,Dropout,0.48025200000000007,HIGH
1,1,8,15,7,5.5,0,1,0.4667,6,17,1,5.0,0,5,0.0588,6,5.25,Enrolled,0.59354,HIGH
0,1,6,6,6,6.5,0,0,1.0,6,6,6,6.583333333333333,0,0,1.0,0,6.5417,Graduate,0.08299920000000002,LOW
0,1,8,8,8,6.469375,0,0,1.0,8,8,8,6.469375,0,0,1.0,0,6.4694,Graduate,0.08473439999999999,LOW
0,1,0,0,0,0.0,0,0,0.0,0,0,0,0.0,0,0,0.0,0,0.0,Graduate,1.0,HIGH
0,1,6,6,0,0.0,0,6,0.0,6,8,0,0.0,0,6,0.0,12,0.0,Dropout,0.7,HIGH
0,0,7,10,5,6.5,0,2,0.5,7,9,5,6.44,0,2,0.5556,4,6.47,Dropout,0.38027199999999994,HIGH
0,0,7,11,5,6.09,0,2,0.4545,7,11,4,5.90625,0,3,0.3636,5,5.9981,Dropout,0.4587776000000001,HIGH
0,1,6,13,3,5.666666666666667,0,3,0.2308,6,12,5,5.7,0,1,0.4167,4,5.6833,Dropout,0.3318008,MEDIUM
0,1,8,8,7,6.5,0,1,0.875,8,8,7,6.5,0,1,0.875,2,6.5,Graduate,0.164,LOW
0,0,5,5,0,0.0,0,5,0.0,6,0,0,0.0,0,6,0.0,11,0.0,Dropout,0.7999999999999999,HIGH
1,1,5,13,2,6.25,2,3,0.1538,5,8,3,6.166666666666667,0,2,0.375,5,6.2083,Dropout,0.4586968,HIGH
0,1,6,9,5,5.5,0,1,0.5556,6,9,5,6.083333333333333,0,1,0.5556,2,5.7917,Graduate,0.2321032,MEDIUM
0,1,0,0,0,0.0,0,0,0.0,0,0,0,0.0,0,0,0.0,0,0.0,Dropout,1.0,HIGH
0,1,5,5,0,0.0,0,5,0.0,5,5,0,0.0,0,5,0.0,10,0.0,Dropout,0.7,HIGH
0,1,5,9,0,0.0,0,5,0.0,5,5,1,5.0,0,4,0.2,9,2.5,Dropout,0.5940000000000001,HIGH
0,0,5,6,0,0.0,0,5,0.0,5,5,0,0.0,0,5,0.0,10,0.0,Dropout,0.7999999999999999,HIGH
0,1,5,5,5,6.2,0,0,1.0,5,5,4,5.375,0,1,0.8,1,5.7875,Graduate,0.1871,MEDIUM
0,1,6,8,6,7.75,0,0,0.75,6,10,6,7.05,0,0,0.6,0,7.4,Graduate,0.1444,LOW
0,0,5,13,2,5.75,0,3,0.1538,5,12,3,5.4,0,2,0.25,5,5.575,Dropout,0.483896,HIGH
0,1,5,7,4,6.666666666666667,0,1,0.5714,5,9,4,5.8,1,1,0.4444,2,6.2333,Dropout,0.2545368,MEDIUM
0,1,6,8,6,6.333333333333333,0,0,0.75,6,6,6,6.75,0,0,1.0,0,6.5417,Graduate,0.10299920000000003,LOW
0,1,6,6,0,0.0,0,6,0.0,6,6,0,0.0,0,6,0.0,12,0.0,Enrolled,0.7,HIGH
0,1,5,8,5,6.3,0,0,0.625,5,9,5,6.8,0,0,0.5556,0,6.55,Dropout,0.16223200000000002,LOW
1,1,6,6,6,6.75,0,0,1.0,6,6,0,0.0,0,6,0.0,6,3.375,Dropout,0.719,HIGH
0,0,6,6,6,6.5,0,0,1.0,6,8,6,6.5,0,0,0.75,0,6.5,Graduate,0.254,MEDIUM
0,1,6,15,6,5.857142857142857,0,0,0.4,6,8,4,5.875,0,2,0.5,2,5.8661,Graduate,0.24721359999999998,MEDIUM
0,1,6,8,6,6.083333333333333,0,0,0.75,6,7,5,6.5,0,1,0.7143,1,6.2917,Graduate,0.16899519999999998,LOW
0,1,5,10,0,0.0,1,5,0.0,5,13,0,0.0,0,5,0.0,10,0.0,Dropout,0.7,HIGH
0,0,6,12,0,0.0,0,6,0.0,6,6,0,0.0,6,6,0.0,12,0.0,Dropout,0.7999999999999999,HIGH
0,1,5,6,5,5.75,0,0,0.8333,5,5,5,5.8,0,0,1.0,0,5.775,Graduate,0.11473600000000002,LOW
0,1,5,7,4,5.625,0,1,0.5714,5,6,4,6.125,0,1,0.6667,2,5.875,Enrolled,0.219952,MEDIUM
0,1,7,7,7,6.142857142857143,0,0,1.0,9,10,8,6.1875,0,1,0.8,1,6.1652,Graduate,0.1780352,MEDIUM
0,1,7,7,7,6.359285714285714,0,0,1.0,8,11,8,6.402777777777778,0,0,0.7273,0,6.381,Dropout,0.163212,LOW
0,1,6,12,5,6.2,0,1,0.4167,6,11,2,7.5,0,4,0.1818,5,6.85,Enrolled,0.38470000000000004,HIGH
0,1,0,0,0,0.0,0,0,0.0,0,0,0,0.0,0,0,0.0,0,0.0,Dropout,1.0,HIGH
1,1,6,16,1,7.0,0,5,0.0625,6,7,0,0.0,0,6,0.0,11,3.5,Dropout,0.7234999999999999,HIGH
0,1,5,10,3,5.833333333333333,0,2,0.3,5,8,4,5.625,0,1,0.5,3,5.7292,Dropout,0.28849919999999996,MEDIUM
0,1,6,15,1,6.5,0,5,0.0667,6,8,4,5.625,0,2,0.5,7,6.0625,Enrolled,0.419164,HIGH
1,1,0,0,0,0.0,0,0,0.0,0,0,0,0.0,0,0,0.0,0,0.0,Dropout,1.0,HIGH
0,1,5,10,0,0.0,0,5,0.0,5,11,1,6.0,3,4,0.0909,9,3.0,Dropout,0.590728,HIGH
0,1,6,13,4,5.75,0,2,0.3077,6,12,2,6.25,0,4,0.1667,6,6.0,Dropout,0.426248,HIGH
1,1,10,10,7,5.857142857142857,0,3,0.7,10,10,6,5.75,0,4,0.6,7,5.8036,Dropout,0.48671359999999997,HIGH
0,1,5,7,5,6.3,0,0,0.7143,5,7,5,6.857142857142857,0,0,0.7143,0,6.5786,Graduate,0.12782559999999998,LOW
0,1,17,19,13,5.821428571428571,0,4,0.6842,17,25,12,5.625,0,5,0.48,9,5.7232,Dropout,0.4803472,HIGH
0,1,6,8,6,7.4375,0,0,0.75,6,8,6,6.714285714285714,0,0,0.75,0,7.0759,Graduate,0.11017840000000001,LOW
0,1,5,11,2,5.0,0,3,0.1818,5,10,3,5.166666666666667,0,2,0.3,5,5.0833,Enrolled,0.38945679999999994,HIGH
0,1,5,5,5,7.1,0,0,1.0,5,5,5,7.3,0,0,1.0,0,7.2,Enrolled,0.06720000000000001,LOW
0,1,6,8,6,6.357142857142857,0,0,0.75,6,9,6,6.75,0,0,0.6667,0,6.5536,Graduate,0.1460376,LOW
1,0,12,16,5,5.8,0,7,0.3125,7,7,5,5.6,0,2,0.7143,9,5.7,Dropout,0.551056,HIGH
0,1,7,14,5,5.97,0,2,0.3571,7,14,6,6.1,0,1,0.4286,3,6.035,Dropout,0.282304,MEDIUM
0,1,5,10,4,5.8,0,1,0.4,5,9,3,7.1,0,2,0.3333,3,6.45,Dropout,0.289876,MEDIUM
0,1,7,9,5,6.35,0,2,0.5556,8,9,7,6.7375,0,1,0.7778,3,6.5437,Enrolled,0.22627919999999999,MEDIUM
0,1,6,6,6,6.666666666666667,0,0,1.0,6,9,5,6.9,0,1,0.5556,1,6.7833,Graduate,0.2316328,MEDIUM
0,1,9,13,8,6.666666666666667,0,1,0.6154,10,12,9,6.555555555555555,0,1,0.75,2,6.6111,Enrolled,0.19210159999999998,MEDIUM
0,1,5,5,5,6.7,0,0,1.0,5,5,5,7.5,0,0,1.0,0,7.1,Graduate,0.06960000000000001,LOW
1,0,6,12,0,0.0,0,6,0.0,6,12,0,0.0,0,6,0.0,12,0.0,Dropout,0.7999999999999999,HIGH
0,1,5,5,2,5.5,0,3,0.4,5,5,0,0.0,0,5,0.0,8,2.75,Dropout,0.6220000000000001,HIGH
0,1,15,17,13,6.0,0,2,0.7647,13,13,9,5.666666666666667,0,4,0.6923,6,5.8333,Dropout,0.33792079999999997,MEDIUM
0,1,5,0,0,0.0,0,5,0.0,5,0,0,0.0,0,5,0.0,10,0.0,Dropout,0.7,HIGH
0,0,5,5,0,0.0,0,5,0.0,5,9,0,0.0,0,5,0.0,10,0.0,Dropout,0.7999999999999999,HIGH
0,1,6,12,4,6.25,0,2,0.3333,6,12,4,5.125,0,2,0.3333,4,5.6875,Dropout,0.330172,MEDIUM
0,1,6,7,6,6.833333333333333,0,0,0.8571,6,7,6,6.083333333333333,1,0,0.8571,0,6.4583,Graduate,0.10786480000000001,LOW
0,1,5,10,1,5.0,0,4,0.1,5,7,0,0.0,0,5,0.0,9,2.5,Dropout,0.6220000000000001,HIGH
0,0,6,6,6,5.75,0,0,1.0,6,9,2,6.5,0,4,0.2222,4,6.125,Dropout,0.530784,HIGH
0,1,5,7,4,6.125,0,1,0.5714,5,7,4,6.375,0,1,0.5714,2,6.25,Enrolled,0.21857600000000002,MEDIUM
0,0,6,11,5,6.8,0,1,0.4545,6,11,5,6.833333333333333,0,1,0.4545,2,6.8167,Enrolled,0.32367920000000006,MEDIUM
0,1,5,11,2,5.25,0,3,0.1818,5,9,3,5.666666666666667,1,2,0.3333,5,5.4583,Enrolled,0.37779280000000004,HIGH
0,1,7,7,6,6.633333333333333,0,1,0.8571,7,7,6,6.633333333333333,0,1,0.8571,2,6.6333,Graduate,0.1636648,LOW
0,1,7,8,7,6.25625,0,0,0.875,8,8,8,7.09375,0,0,1.0,0,6.675,Graduate,0.0898,LOW
0,1,5,9,0,0.0,0,5,0.0,5,5,0,0.0,0,5,0.0,10,0.0,Dropout,0.7,HIGH
0,0,6,14,0,0.0,0,6,0.0,6,6,0,0.0,0,6,0.0,12,0.0,Dropout,0.7999999999999999,HIGH
0,1,7,7,6,6.741666666666667,0,1,0.8571,7,7,6,6.741666666666667,0,1,0.8571,2,6.7417,Graduate,0.16106320000000002,LOW
0,1,7,9,6,6.2825,0,1,0.6667,8,12,5,6.08,0,3,0.4167,4,6.1813,Enrolled,0.3349768,MEDIUM
1,0,6,8,0,0.0,0,6,0.0,5,6,0,0.0,0,5,0.0,11,0.0,Dropout,0.7999999999999999,HIGH
0,1,5,9,3,6.5,0,2,0.3333,5,9,3,5.833333333333333,0,2,0.3333,4,6.1667,Dropout,0.31867120000000004,MEDIUM
1,1,5,6,5,8.25,0,0,0.8333,5,7,5,8.857142857142858,0,0,0.7143,0,8.5536,Dropout,0.19470560000000003,MEDIUM
1,1,6,7,6,6.583333333333333,0,0,0.8571,6,9,5,6.6,0,1,0.5556,1,6.5917,Enrolled,0.3190832,MEDIUM
0,1,6,11,6,6.9,0,0,0.5455,6,7,6,6.571428571428571,0,0,0.8571,0,6.7357,Graduate,0.1261352,LOW
0,1,6,7,6,5.583333333333333,0,0,0.8571,6,11,4,5.9,0,2,0.3636,2,5.7417,Enrolled,0.3232432,MEDIUM
0,0,6,0,0,0.0,0,6,0.0,6,0,0,0.0,0,6,0.0,12,0.0,Dropout,0.7999999999999999,HIGH
0,1,6,7,6,6.333333333333333,0,0,0.8571,6,8,6,6.071428571428571,0,0,0.75,0,6.2024,Enrolled,0.1439944,LOW
0,1,5,5,5,6.3,0,0,1.0,5,6,4,7.25,1,1,0.6667,1,6.775,Graduate,0.200724,MEDIUM
0,1,7,7,5,6.53,0,2,0.7143,7,9,0,0.0,0,7,0.0,9,3.265,Enrolled,0.6773560000000001,HIGH
0,1,6,7,6,6.916666666666667,0,0,0.8571,6,8,6,6.8125,0,0,0.75,0,6.8646,Graduate,0.12810159999999998,LOW
0,1,5,5,0,0.0,0,5,0.0,5,5,0,0.0,0,5,0.0,10,0.0,Dropout,0.7,HIGH
1,0,6,6,2,8.0,0,4,0.3333,7,7,2,8.0,0,5,0.2857,9,8.0,Dropout,0.538,HIGH
1,0,5,5,0,0.0,0,5,0.0,5,5,0,0.0,0,5,0.0,10,0.0,Dropout,0.7999999999999999,HIGH
0,0,5,12,3,5.333333333333333,0,2,0.25,5,11,3,5.333333333333333,0,2,0.2727,4,5.3333,Dropout,0.45018479999999994,HIGH
0,1,18,18,18,7.25,0,0,1.0,18,18,18,7.25,0,0,1.0,0,7.25,Graduate,0.066,LOW
0,1,5,6,5,7.0,0,0,0.8333,5,7,5,6.9,0,0,0.7143,0,6.95,Graduate,0.13319199999999998,LOW
0,1,5,10,3,6.666666666666667,0,2,0.3,5,11,5,6.785714285714286,0,0,0.4545,2,6.7262,Graduate,0.2382112,MEDIUM
0,1,6,0,0,0.0,0,6,0.0,6,0,0,0.0,0,6,0.0,12,0.0,Dropout,0.7,HIGH
0,1,6,9,5,6.0,0,1,0.5556,6,10,4,5.6,0,2,0.4,3,5.8,Graduate,0.305472,MEDIUM
0,1,5,6,5,8.1,0,0,0.8333,5,8,5,8.0,0,0,0.625,0,8.05,Graduate,0.131796,LOW
0,1,13,13,7,5.142857142857143,0,6,0.5385,11,13,5,5.3,0,6,0.3846,12,5.2214,Dropout,0.5316184,HIGH
0,1,5,5,0,0.0,0,5,0.0,5,5,0,0.0,0,5,0.0,10,0.0,Enrolled,0.7,HIGH
0,1,6,7,6,6.785714285714286,0,0,0.8571,6,8,6,6.583333333333333,0,0,0.75,0,6.6845,Graduate,0.13242400000000001,LOW
0,1,6,7,6,7.142857142857143,0,0,0.8571,6,9,6,7.428571428571429,0,0,0.6667,0,7.2857,Graduate,0.14131919999999998,LOW
0,1,5,7,5,5.1,0,0,0.7143,5,6,4,5.25,0,1,0.6667,1,5.175,Graduate,0.20484000000000005,MEDIUM
1,1,8,16,2,5.125,1,6,0.125,8,16,2,5.125,1,6,0.125,12,5.125,Dropout,0.657,HIGH
0,1,6,0,0,0.0,0,6,0.0,6,0,0,0.0,0,6,0.0,12,0.0,Dropout,0.7,HIGH
0,1,6,7,6,7.416666666666667,0,0,0.8571,6,6,6,7.416666666666667,0,0,1.0,0,7.4167,Graduate,0.07343120000000002,LOW
0,1,6,12,5,6.8125,0,1,0.4167,6,6,5,6.3,0,1,0.8333,2,6.5563,Graduate,0.2026488,MEDIUM
1,1,7,7,7,6.135714285714286,0,0,1.0,8,10,7,6.828571428571428,0,1,0.7,1,6.4821,Graduate,0.2984296000000001,MEDIUM
0,1,5,0,0,0.0,0,5,0.0,5,0,0,0.0,0,5,0.0,10,0.0,Dropout,0.7,HIGH
1,0,5,8,4,6.25,0,1,0.5,5,9,5,5.25,0,0,0.5556,1,5.75,Enrolled,0.30755200000000005,MEDIUM
0,1,9,10,9,6.61111111111111,0,0,0.9,7,8,7,6.571428571428571,0,0,0.875,0,6.5913,Graduate,0.10480880000000002,LOW
0,1,7,13,2,7.5,0,5,0.1538,7,12,2,5.75,0,5,0.1667,10,6.625,Dropout,0.51536,HIGH
0,0,0,0,0,0.0,0,0,0.0,0,0,0,0.0,0,0,0.0,0,0.0,Dropout,1.0,HIGH
0,1,12,12,12,6.583333333333333,0,0,1.0,12,12,12,6.5,0,0,1.0,0,6.5417,Graduate,0.08299920000000002,LOW
0,1,6,8,5,6.916666666666667,0,1,0.625,6,6,4,7.0,0,2,0.6667,3,6.9583,Graduate,0.2196648,MEDIUM
0,1,5,0,0,0.0,0,5,0.0,5,0,0,0.0,0,5,0.0,10,0.0,Dropout,0.7,HIGH
0,1,5,6,0,0.0,0,5,0.0,5,6,0,0.0,0,5,0.0,10,0.0,Enrolled,0.7,HIGH
0,1,8,8,7,6.577142857142858,0,1,0.875,8,8,7,6.577142857142858,0,1,0.875,2,6.5771,Enrolled,0.1621496,LOW
0,1,12,12,9,6.166666666666667,0,3,0.75,11,11,6,6.583333333333333,0,5,0.5455,8,6.375,Dropout,0.42426,HIGH
1,1,6,6,6,6.5,0,0,1.0,6,7,5,5.9,0,1,0.7143,1,6.2,Dropout,0.301196,MEDIUM
0,1,5,14,2,5.75,2,3,0.1429,5,8,5,5.7,3,0,0.625,3,5.725,Enrolled,0.291168,MEDIUM
0,1,6,15,3,6.625,0,3,0.2,6,9,1,6.0,0,5,0.1111,8,6.3125,Dropout,0.481392,HIGH
0,1,6,12,3,6.666666666666667,0,3,0.25,6,12,3,6.375,0,3,0.25,6,6.5208,Enrolled,0.38350080000000003,HIGH
0,1,6,6,6,6.75,0,0,1.0,6,6,6,6.083333333333333,0,0,1.0,0,6.4167,Graduate,0.08599920000000001,LOW
0,1,6,7,6,6.333333333333333,0,0,0.8571,6,8,5,6.4,0,1,0.625,1,6.3667,Graduate,0.20505120000000002,MEDIUM
0,1,11,18,11,7.545454545454546,1,0,0.6111,6,7,6,7.25,0,0,0.8571,0,7.3977,Dropout,0.10499920000000001,LOW
1,0,0,0,0,0.0,0,0,0.0,0,0,0,0.0,0,0,0.0,0,0.0,Dropout,1.0,HIGH
0,1,6,7,6,6.583333333333333,0,0,0.8571,6,7,6,6.333333333333333,0,0,0.8571,0,6.4583,Graduate,0.10786480000000001,LOW
0,1,6,6,6,6.416666666666667,0,0,1.0,6,8,6,6.416666666666667,0,0,0.75,0,6.4167,Graduate,0.1559992,LOW
0,1,5,7,5,5.9,0,0,0.7143,5,9,3,6.0,0,2,0.3333,2,5.95,Enrolled,0.309592,MEDIUM
0,1,6,6,6,5.916666666666667,0,0,1.0,6,6,6,6.083333333333333,0,0,1.0,0,6.0,Graduate,0.096,LOW
0,1,6,6,5,6.4,0,1,0.8333,6,11,3,6.375,0,3,0.2727,4,6.3875,Graduate,0.39034,HIGH
0,1,7,7,5,5.9,0,2,0.7143,9,9,5,5.5,0,4,0.5556,6,5.7,Dropout,0.37334799999999996,HIGH
0,1,0,0,0,0.0,0,0,0.0,0,0,0,0.0,0,0,0.0,0,0.0,Enrolled,1.0,HIGH
0,1,5,7,5,7.9,0,0,0.7143,5,7,5,7.285714285714286,0,0,0.7143,0,7.5929,Dropout,0.1034824,LOW
1,1,0,0,0,0.0,0,0,0.0,0,0,0,0.0,0,0,0.0,0,0.0,Enrolled,1.0,HIGH
0,1,5,9,2,6.25,0,3,0.2222,5,10,3,5.8,0,2,0.3,5,6.025,Enrolled,0.363624,MEDIUM
0,1,6,9,6,7.333333333333333,0,0,0.6667,6,7,6,6.928571428571429,0,0,0.8571,0,7.131,Graduate,0.10695199999999999,LOW
0,1,6,10,4,6.25,0,2,0.4,6,16,2,6.0,0,4,0.125,6,6.125,Dropout,0.446,HIGH
0,1,5,7,3,6.0,0,2,0.4286,6,10,2,5.25,0,4,0.2,6,5.625,Dropout,0.440432,HIGH
1,1,8,8,7,6.571428571428571,0,1,0.875,6,8,6,5.916666666666667,0,0,0.75,1,6.244,Enrolled,0.275144,MEDIUM
1,1,6,6,3,6.333333333333333,0,3,0.5,6,11,4,5.571428571428571,0,2,0.3636,5,5.9524,Dropout,0.46533440000000004,HIGH
0,0,5,6,5,7.5,0,0,0.8333,5,6,5,7.1,0,0,0.8333,0,7.3,Enrolled,0.191472,MEDIUM
1,1,6,7,5,6.8,0,1,0.7143,6,7,5,5.9,0,1,0.7143,2,6.35,Dropout,0.293312,MEDIUM
0,1,6,6,6,6.25,0,0,1.0,6,6,6,6.916666666666667,0,0,1.0,0,6.5833,Graduate,0.08200079999999998,LOW
0,1,6,7,6,6.666666666666667,0,0,0.8571,6,7,6,6.75,0,0,0.8571,0,6.7083,Graduate,0.1018648,LOW
0,1,6,13,4,6.125,0,2,0.3077,6,15,5,5.5,0,1,0.3333,3,5.8125,Dropout,0.29922000000000004,MEDIUM
0,1,7,7,7,7.550714285714286,0,0,1.0,8,8,8,8.046875,0,0,1.0,0,7.7988,Graduate,0.0528288,LOW
0,1,6,6,6,6.583333333333333,0,0,1.0,6,6,6,8.0,0,0,1.0,0,7.2917,Graduate,0.06499920000000001,LOW
0,1,6,8,4,5.5,0,2,0.5,6,6,0,0.0,0,6,0.0,8,2.75,Dropout,0.634,HIGH
0,1,5,9,3,5.833333333333333,0,2,0.3333,5,9,4,5.875,0,1,0.4444,3,5.8542,Graduate,0.2872832,MEDIUM
0,1,6,13,1,5.0,0,5,0.0769,6,13,1,6.5,0,5,0.0769,10,5.75,Enrolled,0.549696,HIGH
0,1,7,15,7,5.785714285714286,0,0,0.4667,6,14,2,5.5,0,4,0.1429,4,5.6429,Dropout,0.40056240000000004,HIGH
0,1,6,6,6,6.083333333333333,0,0,1.0,6,10,5,5.6,0,1,0.5,1,5.8417,Enrolled,0.2697992,MEDIUM
0,1,0,0,0,0.0,0,0,0.0,0,0,0,0.0,0,0,0.0,0,0.0,Dropout,1.0,HIGH
0,0,6,6,6,6.916666666666667,0,0,1.0,6,7,6,7.142857142857143,0,0,0.8571,0,7.0298,Graduate,0.21129680000000003,MEDIUM
0,1,7,10,6,6.178571428571429,0,1,0.6,8,9,7,6.5,0,1,0.7778,2,6.3393,Graduate,0.1976328,MEDIUM
1,0,6,7,6,6.083333333333333,0,0,0.8571,6,10,2,5.166666666666667,0,4,0.2,4,5.625,Dropout,0.531852,HIGH
1,1,6,8,3,6.0,0,3,0.375,6,6,2,6.25,0,4,0.3333,7,6.125,Enrolled,0.514676,HIGH
0,1,10,14,9,6.208333333333333,0,1,0.6429,9,14,7,6.5,0,2,0.5,3,6.3542,Graduate,0.27464720000000004,MEDIUM
0,1,5,7,4,6.375,0,1,0.5714,5,6,4,6.375,0,1,0.6667,2,6.375,Graduate,0.20795200000000003,MEDIUM
0,1,21,33,18,7.466666666666667,12,3,0.5455,21,33,18,7.466666666666667,12,3,0.5455,6,7.4667,Graduate,0.3135192,MEDIUM
0,1,6,6,6,6.5,0,0,1.0,6,7,6,5.833333333333333,0,0,0.8571,0,6.1667,Graduate,0.13201120000000002,LOW
1,0,7,7,7,6.428571428571429,0,0,1.0,7,8,6,6.333333333333333,0,1,0.75,1,6.381,Enrolled,0.286856,MEDIUM
0,1,7,10,7,7.227500000000001,0,0,0.7,8,8,8,6.955,0,0,1.0,0,7.0913,Graduate,0.09380880000000001,LOW
0,1,6,8,6,7.0,0,0,0.75,6,7,6,6.642857142857143,0,0,0.8571,0,6.8214,Graduate,0.10771840000000002,LOW
0,1,6,6,6,6.75,0,0,1.0,6,7,6,6.333333333333333,0,0,0.8571,0,6.5417,Graduate,0.12301120000000004,LOW
0,0,6,0,0,0.0,0,6,0.0,6,0,0,0.0,0,6,0.0,12,0.0,Dropout,0.7999999999999999,HIGH
0,1,6,6,6,5.833333333333333,0,0,1.0,6,12,5,7.0,0,1,0.4167,1,6.4167,Graduate,0.2793232,MEDIUM
0,1,5,6,4,6.0,0,1,0.6667,5,8,5,6.666666666666667,1,0,0.625,1,6.3333,Graduate,0.18300479999999997,MEDIUM
0,1,6,7,6,5.857142857142857,0,0,0.8571,6,6,6,5.916666666666667,0,0,1.0,0,5.8869,Graduate,0.11014640000000003,LOW
0,1,6,8,6,6.333333333333333,0,0,0.75,6,7,6,6.214285714285714,0,0,0.8571,0,6.2738,Graduate,0.12086080000000002,LOW
0,1,6,11,3,5.875,0,3,0.2727,6,19,4,6.4,0,2,0.2105,5,6.1375,Enrolled,0.37648400000000004,HIGH
0,1,6,0,0,0.0,0,6,0.0,6,0,0,0.0,0,6,0.0,12,0.0,Dropout,0.7,HIGH
0,1,8,8,7,6.164285714285714,0,1,0.875,8,8,7,6.164285714285714,0,1,0.875,2,6.1643,Graduate,0.17205679999999998,MEDIUM
0,1,7,14,6,5.833333333333333,0,1,0.4286,7,10,1,5.0,0,6,0.1,7,5.4167,Dropout,0.5034312000000001,HIGH
0,1,12,12,12,6.625,0,0,1.0,12,12,11,6.363636363636364,0,1,0.9167,1,6.4943,Graduate,0.13746080000000002,LOW
0,1,6,8,5,5.916666666666667,0,1,0.625,6,8,4,6.625,2,2,0.5,3,6.2708,Enrolled,0.2745008,MEDIUM
0,1,7,7,7,6.65,0,0,1.0,8,8,8,7.5625,0,0,1.0,0,7.1063,Graduate,0.0694488,LOW
0,1,6,13,6,6.277777777777778,0,0,0.4615,6,11,5,5.9,0,1,0.4545,1,6.0889,Enrolled,0.21198640000000005,MEDIUM
0,1,6,6,6,6.416666666666667,0,0,1.0,6,7,6,6.083333333333333,0,0,0.8571,0,6.25,Graduate,0.13001200000000002,LOW
0,1,6,6,6,6.416666666666667,0,0,1.0,6,6,6,6.416666666666667,0,0,1.0,0,6.4167,Graduate,0.08599920000000001,LOW
0,1,5,10,3,6.333333333333333,1,2,0.3,5,7,3,6.5,0,2,0.4286,4,6.4167,Graduate,0.3077112,MEDIUM
0,1,7,8,6,6.635714285714286,0,1,0.75,8,8,7,7.235714285714286,0,1,0.875,2,6.9357,Graduate,0.1635432,LOW
0,1,5,5,5,6.2,0,0,1.0,5,6,5,6.416666666666667,0,0,0.8333,0,6.3083,Graduate,0.1352768,LOW
0,1,5,10,2,7.25,1,3,0.2,5,7,4,5.625,0,1,0.5714,4,6.4375,Enrolled,0.30378799999999995,MEDIUM
1,1,6,7,0,0.0,0,6,0.0,5,5,0,0.0,0,5,0.0,11,0.0,Dropout,0.7999999999999999,HIGH
0,1,6,7,6,7.142857142857143,0,0,0.8571,6,8,6,6.625,0,0,0.75,0,6.8839,Graduate,0.12763840000000004,LOW
0,1,5,7,3,6.166666666666667,0,2,0.4286,5,9,5,6.3,0,0,0.5556,2,6.2333,Graduate,0.23166480000000003,MEDIUM
0,1,7,10,6,6.291666666666667,0,1,0.6,8,8,7,6.335714285714286,0,1,0.875,2,6.3137,Graduate,0.19047119999999998,MEDIUM
0,1,7,8,6,6.865833333333334,0,1,0.75,8,10,7,6.885714285714286,0,1,0.7,2,6.8758,Dropout,0.18898080000000003,MEDIUM
0,1,6,8,6,6.4375,0,0,0.75,6,14,5,6.071428571428571,0,1,0.3571,1,6.2545,Enrolled,0.26990400000000003,MEDIUM
0,1,10,14,8,7.3125,0,2,0.5714,7,7,5,6.7,0,2,0.7143,4,7.0062,Dropout,0.2489952,MEDIUM
0,0,3,3,0,0.0,0,3,0.0,2,2,0,0.0,0,2,0.0,5,0.0,Dropout,0.65,HIGH
1,1,6,8,6,6.333333333333333,0,0,0.75,6,7,6,6.333333333333333,0,0,0.8571,0,6.3333,Graduate,0.21943279999999998,MEDIUM
0,1,8,11,6,6.245833333333334,0,2,0.5455,8,11,6,6.245833333333334,0,2,0.5455,4,6.2458,Graduate,0.2828208,MEDIUM
0,1,12,12,12,6.833333333333333,0,0,1.0,11,12,11,7.083333333333333,0,0,0.9167,0,6.9583,Graduate,0.09632479999999999,LOW
0,1,6,13,6,8.0,0,0,0.4615,6,8,6,7.25,0,0,0.75,0,7.625,Graduate,0.12008000000000002,LOW
0,1,6,8,6,7.071428571428571,0,0,0.75,6,7,6,6.5,0,0,0.8571,0,6.7857,Graduate,0.10857520000000001,LOW
1,1,6,9,6,5.916666666666667,0,0,0.6667,6,9,4,6.875,0,2,0.4444,2,6.3958,Graduate,0.3620728,MEDIUM
0,1,6,6,6,6.333333333333333,0,0,1.0,6,8,6,6.5,0,0,0.75,0,6.4167,Graduate,0.1559992,LOW
0,1,6,6,6,6.25,0,0,1.0,6,6,6,6.333333333333333,0,0,1.0,0,6.2917,Graduate,0.0889992,LOW
1,0,11,16,9,5.444444444444445,0,2,0.5625,10,20,4,5.625,1,6,0.2,8,5.5347,Graduate,0.6186672,HIGH
0,1,6,11,1,6.5,0,5,0.0909,5,10,0,0.0,0,5,0.0,10,3.25,Dropout,0.632908,HIGH
0,1,6,6,6,7.583333333333333,0,0,1.0,6,6,6,8.0,0,0,1.0,0,7.7917,Graduate,0.05299920000000002,LOW
0,1,6,8,6,6.333333333333333,0,0,0.75,6,7,6,6.0,0,0,0.8571,0,6.1667,Graduate,0.12343120000000002,LOW
1,1,0,0,0,0.0,0,0,0.0,0,0,0,0.0,0,0,0.0,0,0.0,Dropout,1.0,HIGH
0,1,5,9,5,6.0,0,0,0.5556,5,5,5,5.1,0,0,1.0,0,5.55,Enrolled,0.142352,LOW
0,0,5,5,0,0.0,0,5,0.0,5,5,0,0.0,0,5,0.0,10,0.0,Dropout,0.7999999999999999,HIGH
1,1,0,0,0,0.0,0,0,0.0,0,0,0,0.0,0,0,0.0,0,0.0,Graduate,1.0,HIGH
0,1,5,8,2,5.5,0,3,0.25,5,6,4,5.75,0,1,0.6667,4,5.625,Dropout,0.31166400000000005,MEDIUM
0,1,6,7,6,7.857142857142857,0,0,0.8571,6,10,6,7.95,0,0,0.6,0,7.9036,Dropout,0.1451656,LOW
0,1,15,15,11,5.409090909090909,0,4,0.7333,14,15,11,5.818181818181818,1,3,0.7333,7,5.6136,Dropout,0.35794560000000003,MEDIUM
0,0,5,16,1,6.0,0,4,0.0625,5,6,0,0.0,0,5,0.0,9,3.0,Dropout,0.7054999999999999,HIGH
0,1,6,8,5,6.3,0,1,0.625,6,11,4,5.625,0,2,0.3636,3,5.9625,Graduate,0.320092,MEDIUM
0,1,5,12,1,6.5,2,4,0.0833,5,7,3,7.0,0,2,0.4286,6,6.75,Enrolled,0.377048,HIGH
0,1,5,8,5,5.8,1,0,0.625,5,10,4,5.375,0,1,0.4,1,5.5875,Graduate,0.2589,MEDIUM
1,0,5,11,1,5.0,0,4,0.0909,5,14,1,5.5,0,4,0.0714,8,5.25,Dropout,0.6049159999999999,HIGH
0,1,6,7,1,7.0,0,5,0.1429,6,6,0,0.0,0,6,0.0,11,3.5,Dropout,0.633148,HIGH
0,1,5,9,5,6.3,0,0,0.5556,5,8,2,6.25,0,3,0.25,3,6.275,Dropout,0.336072,MEDIUM
0,1,0,0,0,0.0,0,0,0.0,0,0,0,0.0,0,0,0.0,0,0.0,Dropout,1.0,HIGH
0,0,5,11,2,5.666666666666667,0,3,0.1818,5,9,1,6.0,0,4,0.1111,7,5.8333,Dropout,0.5607088,HIGH
0,1,6,6,6,6.333333333333333,0,0,1.0,6,7,5,5.7,0,1,0.7143,1,6.0167,Graduate,0.20559519999999995,MEDIUM
0,1,6,7,5,5.4,0,1,0.7143,6,10,2,5.25,0,4,0.2,5,5.325,Enrolled,0.45191600000000004,HIGH
0,1,7,14,5,6.439285714285715,0,2,0.3571,8,15,7,5.928125,0,1,0.4667,3,6.1837,Graduate,0.2756872,MEDIUM
0,1,5,5,0,0.0,0,5,0.0,5,5,0,0.0,0,5,0.0,10,0.0,Dropout,0.7,HIGH
0,1,6,6,6,6.416666666666667,0,0,1.0,6,8,5,5.7,0,1,0.625,1,6.0583,Enrolled,0.22960080000000002,MEDIUM
1,1,5,5,5,6.3,0,0,1.0,5,9,3,6.416666666666667,0,2,0.3333,2,6.3583,Enrolled,0.43407680000000004,HIGH
0,1,5,0,0,0.0,0,5,0.0,5,0,0,0.0,0,5,0.0,10,0.0,Dropout,0.7,HIGH
0,1,5,11,0,0.0,0,5,0.0,5,5,0,0.0,0,5,0.0,10,0.0,Dropout,0.7,HIGH
0,1,6,6,6,7.083333333333333,0,0,1.0,6,6,6,7.0,0,0,1.0,0,7.0417,Graduate,0.07099920000000001,LOW
0,1,5,7,5,6.7,0,0,0.7143,5,7,4,6.625,0,1,0.5714,1,6.6625,Dropout,0.195824,MEDIUM
0,1,5,8,5,5.6,0,0,0.625,5,13,4,5.625,0,1,0.3077,1,5.6125,Graduate,0.284144,MEDIUM
0,1,0,0,0,0.0,0,0,0.0,0,0,0,0.0,0,0,0.0,0,0.0,Graduate,1.0,HIGH
1,0,6,6,6,6.333333333333333,0,0,1.0,6,8,5,5.9,0,1,0.625,1,6.1167,Dropout,0.3281992,MEDIUM
0,1,5,7,3,6.166666666666667,0,2,0.4286,5,5,4,5.625,0,1,0.8,3,5.8958,Dropout,0.2502128,MEDIUM
0,1,5,7,4,6.125,0,1,0.5714,5,7,5,6.0,0,0,0.7143,1,6.0625,Graduate,0.181644,MEDIUM
1,1,0,0,0,0.0,0,0,0.0,0,0,0,0.0,0,0,0.0,0,0.0,Dropout,1.0,HIGH
0,1,5,13,3,5.375,0,2,0.2308,5,9,3,5.166666666666667,0,2,0.3333,4,5.2708,Dropout,0.34837280000000004,MEDIUM
0,1,7,7,0,0.0,0,7,0.0,7,8,0,0.0,0,7,0.0,14,0.0,Dropout,0.7,HIGH
1,0,6,13,0,0.0,0,6,0.0,6,6,0,0.0,0,6,0.0,12,0.0,Dropout,0.7999999999999999,HIGH
0,1,5,9,2,7.166666666666667,0,3,0.2222,5,10,2,6.25,0,3,0.2,6,6.7083,Enrolled,0.38966480000000003,HIGH
0,1,5,8,2,5.75,0,3,0.25,5,13,2,5.75,0,3,0.1538,6,5.75,Dropout,0.42893600000000004,HIGH
0,1,0,0,0,0.0,0,0,0.0,0,0,0,0.0,0,0,0.0,0,0.0,Graduate,1.0,HIGH
0,1,5,11,2,5.25,0,3,0.1818,5,13,0,0.0,0,5,0.0,8,2.625,Dropout,0.598816,HIGH
0,1,6,6,6,6.75,0,0,1.0,6,0,0,0.0,0,6,0.0,6,3.375,Dropout,0.619,HIGH
0,1,6,17,1,5.5,0,5,0.0588,6,19,0,0.0,0,6,0.0,11,2.75,Enrolled,0.6410560000000001,HIGH
0,0,6,6,1,5.0,0,5,0.1667,6,6,0,0.0,0,6,0.0,11,2.5,Dropout,0.760004,HIGH
0,1,6,17,0,0.0,2,6,0.0,6,8,0,0.0,0,6,0.0,12,0.0,Dropout,0.7,HIGH
1,1,5,10,1,6.0,0,4,0.1,5,7,3,5.333333333333333,2,2,0.4286,6,5.6667,Dropout,0.5017112,HIGH
0,1,5,6,4,6.125,0,1,0.6667,5,5,5,6.1,0,0,1.0,1,6.1125,Dropout,0.14996400000000001,LOW
0,1,10,21,5,5.7,1,5,0.2381,7,13,6,5.833333333333333,0,1,0.4615,6,5.7667,Dropout,0.3856312,HIGH
0,0,5,5,0,0.0,0,5,0.0,5,5,0,0.0,0,5,0.0,10,0.0,Dropout,0.7999999999999999,HIGH
0,1,6,8,4,7.125,0,2,0.5,6,10,5,7.0,0,1,0.5,3,7.0625,Graduate,0.2405,MEDIUM
0,1,12,12,11,7.227272727272728,0,1,0.9167,11,11,10,7.1,0,1,0.9091,2,7.1636,Graduate,0.1435296,LOW
1,1,12,13,12,7.269230769230769,0,0,0.9231,12,14,12,7.230769230769231,0,0,0.8571,0,7.25,Graduate,0.19678400000000001,MEDIUM
0,1,7,10,6,6.366666666666667,0,1,0.6,8,10,7,5.975,0,1,0.7,2,6.1708,Graduate,0.20790080000000002,MEDIUM
0,1,12,13,5,6.6,0,7,0.3846,12,12,4,6.75,0,8,0.3333,15,6.675,Dropout,0.492628,HIGH
0,1,0,0,0,0.0,0,0,0.0,0,0,0,0.0,0,0,0.0,0,0.0,Graduate,1.0,HIGH
0,1,6,7,6,6.166666666666667,0,0,0.8571,6,10,4,6.375,0,2,0.4,2,6.2708,Dropout,0.3003528,MEDIUM
0,1,9,9,5,5.6,0,4,0.5556,9,14,7,5.625,2,2,0.5,6,5.6125,Dropout,0.371972,MEDIUM
0,1,7,7,6,6.6,0,1,0.8571,7,7,6,6.6,0,1,0.8571,2,6.6,Graduate,0.16446400000000003,LOW
0,1,5,8,5,5.916666666666667,0,0,0.625,5,8,4,7.0,0,1,0.5,1,6.4583,Enrolled,0.21000080000000002,MEDIUM
0,1,6,10,5,5.666666666666667,0,1,0.5,6,14,2,5.75,0,4,0.1429,5,5.7083,Enrolled,0.43298879999999995,HIGH
0,1,5,5,5,6.8,0,0,1.0,5,6,5,7.3,0,0,0.8333,0,7.05,Graduate,0.11747600000000001,LOW
0,1,5,10,0,0.0,0,5,0.0,5,10,2,5.75,4,3,0.2,8,2.875,Dropout,0.555,HIGH
0,1,6,11,5,6.428571428571429,0,1,0.4545,6,12,5,6.833333333333333,0,1,0.4167,2,6.631,Dropout,0.23872000000000002,MEDIUM
0,1,5,16,3,7.166666666666667,0,2,0.1875,5,9,5,6.214285714285714,0,0,0.5556,2,6.6905,Enrolled,0.23998,MEDIUM
0,1,6,9,5,6.75,0,1,0.5556,6,6,6,7.0,0,0,1.0,1,6.875,Graduate,0.14055199999999998,LOW
0,1,6,8,6,7.214285714285714,0,0,0.75,6,12,4,7.8,0,2,0.3333,2,7.5071,Enrolled,0.2765056,MEDIUM
0,1,6,12,0,0.0,0,6,0.0,6,12,0,0.0,0,6,0.0,12,0.0,Dropout,0.7,HIGH
0,0,0,0,0,0.0,0,0,0.0,0,0,0,0.0,0,0,0.0,0,0.0,Graduate,1.0,HIGH
0,1,8,8,8,6.414375,0,0,1.0,8,8,8,6.414375,0,0,1.0,0,6.4144,Graduate,0.0860544,LOW
0,1,5,6,0,0.0,5,5,0.0,5,6,4,6.875,1,1,0.6667,6,3.4375,Graduate,0.444164,HIGH
1,1,7,0,0,0.0,0,7,0.0,8,0,0,0.0,0,8,0.0,15,0.0,Dropout,0.7999999999999999,HIGH
0,1,6,6,6,7.333333333333333,0,0,1.0,6,6,6,6.583333333333333,0,0,1.0,0,6.9583,Graduate,0.07300079999999999,LOW
0,1,8,8,7,6.968571428571429,0,1,0.875,8,8,7,6.968571428571429,0,1,0.875,2,6.9686,Graduate,0.1527536,LOW
0,1,12,12,10,7.35,0,2,0.8333,12,12,12,7.291666666666667,0,0,1.0,2,7.3208,Graduate,0.1376368,LOW
0,1,6,6,6,5.833333333333333,0,0,1.0,6,6,5,6.1,0,1,0.8333,1,5.9667,Graduate,0.1734752,MEDIUM
0,1,7,7,6,7.425,0,1,0.8571,7,7,6,7.425,0,1,0.8571,2,7.425,Graduate,0.14466400000000001,LOW
0,1,5,11,1,6.0,1,4,0.0909,5,12,0,0.0,4,5,0.0,9,3.0,Dropout,0.608908,HIGH
0,1,7,8,7,6.84375,0,0,0.875,8,9,8,7.811111111111111,0,0,0.8889,0,7.3274,Dropout,0.08303040000000002,LOW
0,1,6,14,5,6.2,0,1,0.3571,6,10,5,5.8,0,1,0.5,2,6.0,Graduate,0.247432,MEDIUM
0,1,7,10,7,6.699,0,0,0.7,8,8,8,6.77125,0,0,1.0,0,6.7351,Graduate,0.10235759999999999,LOW
0,1,6,13,5,5.9,0,1,0.3846,6,19,4,6.0,0,2,0.2105,3,5.95,Enrolled,0.334412,MEDIUM
0,1,5,0,0,0.0,0,5,0.0,5,0,0,0.0,0,5,0.0,10,0.0,Dropout,0.7,HIGH
0,1,15,19,13,5.884615384615385,0,2,0.6842,14,17,14,5.964285714285714,0,0,0.8235,2,5.9245,Graduate,0.19719599999999998,MEDIUM
1,0,6,8,0,0.0,0,6,0.0,5,6,0,0.0,0,5,0.0,11,0.0,Dropout,0.7999999999999999,HIGH
0,1,6,8,6,6.642857142857143,0,0,0.75,6,11,6,6.5,0,0,0.5455,0,6.5714,Graduate,0.17954640000000005,MEDIUM
0,1,6,6,6,5.833333333333333,0,0,1.0,6,8,6,5.583333333333333,0,0,0.75,0,5.7083,Graduate,0.17300079999999998,MEDIUM
0,1,6,13,6,5.75,0,0,0.4615,6,9,5,6.1,0,1,0.5556,1,5.925,Graduate,0.20643199999999998,MEDIUM
0,1,7,9,6,6.540833333333334,0,1,0.6667,8,12,6,6.575,0,2,0.5,3,6.5579,Graduate,0.2726144,MEDIUM
0,1,6,6,6,6.333333333333333,0,0,1.0,6,6,6,6.5,0,0,1.0,0,6.4167,Graduate,0.08599920000000001,LOW
1,0,6,6,3,5.666666666666667,0,3,0.5,6,6,0,0.0,0,6,0.0,9,2.8333,Dropout,0.7620008,HIGH
0,1,6,8,5,6.8,0,1,0.625,6,8,5,5.8,0,1,0.625,2,6.3,Enrolled,0.2088,MEDIUM
0,1,6,6,6,6.583333333333333,0,0,1.0,6,7,5,6.6,0,1,0.7143,1,6.5917,Dropout,0.19179519999999997,MEDIUM
0,1,6,0,0,0.0,0,6,0.0,6,0,0,0.0,0,6,0.0,12,0.0,Dropout,0.7,HIGH
0,1,6,10,5,5.833333333333333,0,1,0.5,6,7,5,6.3,0,1,0.7143,2,6.0667,Graduate,0.21725519999999998,MEDIUM
0,1,6,6,6,6.75,0,0,1.0,6,7,6,6.714285714285714,0,0,0.8571,0,6.7321,Graduate,0.11844160000000002,LOW
1,0,6,7,0,0.0,0,6,0.0,6,6,0,0.0,0,6,0.0,12,0.0,Dropout,0.7999999999999999,HIGH
0,1,6,6,6,6.583333333333333,0,0,1.0,6,7,6,7.071428571428571,0,0,0.8571,0,6.8274,Graduate,0.11615440000000002,LOW
1,1,5,11,4,6.25,2,1,0.3636,5,11,2,6.25,0,3,0.1818,4,6.25,Dropout,0.46272800000000003,HIGH
0,0,6,10,6,6.6875,0,0,0.6,6,10,6,6.5,0,0,0.6,0,6.5938,Graduate,0.24574880000000002,MEDIUM
0,1,6,6,6,6.583333333333333,0,0,1.0,6,6,6,6.333333333333333,0,0,1.0,0,6.4583,Graduate,0.0850008,LOW
0,1,6,12,4,6.7,0,2,0.3333,6,17,2,6.75,0,4,0.1176,6,6.725,Enrolled,0.42566800000000005,HIGH
0,1,7,10,3,6.5,0,4,0.3,8,10,3,5.833333333333333,4,5,0.3,9,6.1667,Enrolled,0.4739992,HIGH
0,1,8,8,7,6.577142857142858,0,1,0.875,8,8,7,6.577142857142858,0,1,0.875,2,6.5771,Graduate,0.1621496,LOW
0,1,6,6,6,6.416666666666667,0,0,1.0,6,6,6,6.416666666666667,0,0,1.0,0,6.4167,Graduate,0.08599920000000001,LOW
0,1,7,10,7,6.071428571428571,0,0,0.7,7,7,7,6.571428571428571,0,0,1.0,0,6.3214,Graduate,0.11228640000000004,LOW
0,1,7,9,5,6.67,0,2,0.5556,7,9,6,6.192857142857143,0,1,0.6667,3,6.4314,Enrolled,0.2378624,MEDIUM
0,1,10,15,4,6.5,0,6,0.2667,9,10,4,6.875,0,5,0.4,11,6.6875,Dropout,0.486164,HIGH
0,1,6,18,3,6.0,0,3,0.1667,6,17,3,5.833333333333333,0,3,0.1765,6,5.9167,Enrolled,0.41054320000000005,HIGH
0,1,0,0,0,0.0,0,0,0.0,0,0,0,0.0,0,0,0.0,0,0.0,Dropout,1.0,HIGH
0,1,6,9,5,5.5,0,1,0.5556,6,12,0,0.0,0,6,0.0,7,2.75,Dropout,0.610672,HIGH
0,1,6,8,5,5.75,0,1,0.625,6,11,6,5.666666666666667,0,0,0.5455,1,5.7083,Enrolled,0.21526079999999997,MEDIUM
1,0,9,9,3,6.666666666666667,0,6,0.3333,6,6,2,6.25,0,4,0.3333,10,6.4583,Dropout,0.5916728,HIGH
0,1,7,9,7,7.297222222222222,0,0,0.7778,8,10,8,6.736,0,0,0.8,0,7.0166,Graduate,0.10537759999999999,LOW
1,1,6,9,4,5.5,0,2,0.4444,6,13,3,5.333333333333333,0,3,0.2308,5,5.4167,Dropout,0.5087032,HIGH
1,0,5,8,0,0.0,0,5,0.0,5,5,0,0.0,0,5,0.0,10,0.0,Dropout,0.7999999999999999,HIGH
0,1,6,6,0,0.0,0,6,0.0,6,0,0,0.0,0,6,0.0,12,0.0,Dropout,0.7,HIGH
0,1,5,9,1,6.0,0,4,0.1111,5,10,2,6.0,3,3,0.2,7,6.0,Dropout,0.44111199999999995,HIGH
0,1,5,8,5,7.0,0,0,0.625,5,6,5,6.6,0,0,0.8333,0,6.8,Graduate,0.12013600000000002,LOW
0,1,6,8,6,6.785714285714286,0,0,0.75,6,7,5,5.9,0,1,0.7143,1,6.3429,Graduate,0.16776639999999998,LOW
0,1,6,12,0,0.0,0,6,0.0,6,6,0,0.0,0,6,0.0,12,0.0,Dropout,0.7,HIGH
0,1,6,8,6,7.125,0,0,0.75,6,7,6,6.928571428571429,0,0,0.8571,0,7.0268,Graduate,0.10278880000000001,LOW
1,0,6,7,0,0.0,0,6,0.0,6,6,0,0.0,0,6,0.0,12,0.0,Dropout,0.7999999999999999,HIGH
0,1,6,12,0,0.0,0,6,0.0,6,12,0,0.0,0,6,0.0,12,0.0,Dropout,0.7,HIGH
0,1,8,8,7,6.771428571428572,0,1,0.875,8,8,7,6.771428571428572,0,1,0.875,2,6.7714,Graduate,0.15748640000000003,LOW
0,1,9,9,9,6.555555555555555,0,0,1.0,7,10,7,5.857142857142857,0,0,0.7,0,6.2063,Graduate,0.1750488,MEDIUM
0,1,9,11,9,6.333333333333333,0,0,0.8182,7,7,7,6.071428571428571,0,0,1.0,0,6.2024,Graduate,0.10568639999999999,LOW
0,1,5,10,4,5.375,1,1,0.4,5,13,2,5.0,0,3,0.1538,4,5.1875,Dropout,0.400436,HIGH
0,1,10,14,4,5.375,0,6,0.2857,10,10,2,5.0,0,8,0.2,14,5.1875,Dropout,0.553784,HIGH
0,1,6,6,6,6.833333333333333,0,0,1.0,6,6,6,6.666666666666667,0,0,1.0,0,6.75,Graduate,0.078,LOW
0,1,6,6,6,6.916666666666667,0,0,1.0,6,6,6,6.416666666666667,0,0,1.0,0,6.6667,Graduate,0.0799992,LOW
0,1,18,18,17,6.588235294117646,0,1,0.9444,18,18,16,6.5,0,2,0.8889,3,6.5441,Dropout,0.1973776,MEDIUM
0,1,6,8,4,6.375,0,2,0.5,6,12,5,6.3,0,1,0.4167,3,6.3375,Dropout,0.28122400000000003,MEDIUM
0,1,7,8,5,6.43,0,2,0.625,7,8,5,6.43,0,2,0.625,4,6.43,Enrolled,0.26568,MEDIUM
1,0,8,12,4,6.0,2,4,0.3333,7,9,4,6.0,2,3,0.4444,7,6.0,Dropout,0.503784,HIGH
0,1,11,11,9,5.833333333333333,0,2,0.8182,11,13,9,6.277777777777778,0,2,0.6923,4,6.0556,Graduate,0.27900559999999996,MEDIUM
0,1,14,14,14,8.25,0,0,1.0,11,11,11,8.454545454545455,0,0,1.0,0,8.3523,Graduate,0.03954480000000002,LOW
0,1,10,14,9,6.166666666666667,0,1,0.6429,7,10,7,5.88888888888889,0,0,0.7,1,6.0278,Graduate,0.1779008,MEDIUM
0,1,7,8,7,6.295625,0,0,0.875,8,11,7,6.410000000000001,0,1,0.6364,1,6.3528,Enrolled,0.2043408,MEDIUM
0,1,6,9,4,5.75,0,2,0.4444,6,12,3,5.5,0,3,0.25,5,5.625,Dropout,0.398328,HIGH
0,1,18,19,18,5.947368421052632,0,0,0.9474,13,13,13,6.461538461538462,0,0,1.0,0,6.2045,Graduate,0.0953,LOW
0,1,6,0,0,0.0,0,6,0.0,6,0,0,0.0,0,6,0.0,12,0.0,Dropout,0.7,HIGH
0,0,6,0,0,0.0,0,6,0.0,6,0,0,0.0,0,6,0.0,12,0.0,Dropout,0.7999999999999999,HIGH
0,1,6,13,5,6.5,0,1,0.3846,6,13,2,5.75,0,4,0.1538,5,6.125,Enrolled,0.406088,HIGH
0,1,6,9,0,0.0,0,6,0.0,6,6,0,0.0,0,6,0.0,12,0.0,Dropout,0.7,HIGH
0,1,6,6,6,7.583333333333333,0,0,1.0,6,6,6,7.416666666666667,0,0,1.0,0,7.5,Graduate,0.06,LOW
0,1,6,8,4,5.875,0,2,0.5,6,8,2,6.75,0,4,0.25,6,6.3125,Dropout,0.4185,HIGH
0,1,5,5,0,0.0,0,5,0.0,5,6,1,7.5,0,4,0.1667,9,3.75,Enrolled,0.5666640000000001,HIGH
0,1,0,0,0,0.0,0,0,0.0,0,0,0,0.0,0,0,0.0,0,0.0,Dropout,1.0,HIGH
0,1,6,11,3,5.666666666666667,0,3,0.2727,6,10,3,7.375,0,3,0.3,6,6.5208,Dropout,0.3776848,HIGH
0,1,6,10,5,6.3,0,1,0.5,6,6,5,6.6,0,1,0.8333,2,6.45,Graduate,0.198536,MEDIUM
0,1,5,10,0,0.0,0,5,0.0,5,10,1,7.0,3,4,0.1,9,3.5,Dropout,0.5780000000000001,HIGH
0,1,6,8,6,7.75,0,0,0.75,6,9,4,7.75,0,2,0.4444,2,7.75,Dropout,0.23956800000000003,MEDIUM
0,1,8,8,7,6.182857142857144,0,1,0.875,8,8,7,6.182857142857144,0,1,0.875,2,6.1829,Graduate,0.1716104,MEDIUM
0,1,6,7,5,6.6,0,1,0.7143,6,10,5,6.625,0,1,0.5,2,6.6125,Enrolled,0.247016,MEDIUM
0,1,12,12,7,5.714285714285714,0,5,0.5833,12,12,7,5.928571428571429,0,5,0.5833,10,5.8214,Enrolled,0.4669584,HIGH
0,1,6,0,0,0.0,0,6,0.0,6,0,0,0.0,0,6,0.0,12,0.0,Dropout,0.7,HIGH
0,1,6,10,4,7.0,0,2,0.4,6,9,6,6.166666666666667,0,0,0.6667,2,6.5833,Graduate,0.2166648,MEDIUM
0,1,12,12,3,6.0,0,9,0.25,12,16,5,5.9,0,7,0.3125,16,5.95,Dropout,0.5122,HIGH
0,0,4,4,0,0.0,4,4,0.0,5,8,3,6.0,0,2,0.375,6,3.0,Dropout,0.578,HIGH
0,0,5,13,4,5.0,0,1,0.3077,5,7,3,5.666666666666667,0,2,0.4286,3,5.3333,Dropout,0.4030967999999999,HIGH
0,1,5,9,1,5.0,0,4,0.1111,5,10,1,5.0,0,4,0.1,8,5.0,Dropout,0.505332,HIGH
0,0,0,0,0,0.0,0,0,0.0,0,0,0,0.0,0,0,0.0,0,0.0,Dropout,1.0,HIGH
0,1,6,7,6,5.583333333333333,0,0,0.8571,6,12,3,5.833333333333333,0,3,0.25,3,5.7083,Enrolled,0.3858528,HIGH
0,1,6,12,4,5.875,0,2,0.3333,6,13,3,5.666666666666667,0,3,0.2308,5,5.7708,Enrolled,0.3868728,HIGH
0,1,6,13,3,5.875,0,3,0.2308,6,10,0,0.0,0,6,0.0,9,2.9375,Dropout,0.6271960000000001,HIGH
0,1,5,8,1,5.0,0,4,0.125,5,7,1,5.5,0,4,0.1429,8,5.25,Dropout,0.492568,HIGH
0,1,5,8,3,7.0,0,2,0.375,5,5,5,6.4,0,0,1.0,2,6.7,Graduate,0.18919999999999998,MEDIUM
1,0,5,5,0,0.0,0,5,0.0,5,5,0,0.0,0,5,0.0,10,0.0,Dropout,0.7999999999999999,HIGH
0,0,6,12,3,6.0,0,3,0.25,6,15,0,0.0,0,6,0.0,9,3.0,Dropout,0.7280000000000001,HIGH
0,0,6,10,0,0.0,0,6,0.0,5,10,0,0.0,0,5,0.0,11,0.0,Dropout,0.7999999999999999,HIGH
1,0,10,19,8,5.944444444444445,0,2,0.4211,8,17,5,5.8,1,3,0.2941,5,5.8722,Dropout,0.4772512,HIGH
0,1,6,6,6,6.916666666666667,0,0,1.0,6,6,6,6.833333333333333,0,0,1.0,0,6.875,Graduate,0.07500000000000001,LOW
0,0,5,5,0,0.0,0,5,0.0,5,5,0,0.0,0,5,0.0,10,0.0,Dropout,0.7999999999999999,HIGH
0,0,6,8,5,5.7,0,1,0.625,6,9,5,6.2,0,1,0.5556,2,5.95,Dropout,0.33663200000000004,MEDIUM
0,1,6,8,0,0.0,0,6,0.0,6,8,2,5.5,0,4,0.25,10,2.75,Dropout,0.6140000000000001,HIGH
1,1,17,17,14,5.321428571428571,1,3,0.8235,12,12,12,5.333333333333333,0,0,1.0,3,5.3274,Dropout,0.3162624,MEDIUM
0,0,6,10,2,5.5,0,4,0.2,6,12,0,0.0,0,6,0.0,10,2.75,Dropout,0.7580000000000001,HIGH
0,1,6,6,6,8.416666666666666,0,0,1.0,6,6,6,8.333333333333334,0,0,1.0,0,8.375,Graduate,0.039,LOW
0,1,6,8,6,6.785714285714286,0,0,0.75,6,9,5,6.6,0,1,0.5556,1,6.6929,Graduate,0.2038024,MEDIUM
1,1,5,11,5,7.357142857142857,0,0,0.4545,5,14,5,7.1875,5,0,0.3571,0,7.2723,Graduate,0.28001680000000007,MEDIUM
0,1,5,8,0,0.0,0,5,0.0,5,5,0,0.0,0,5,0.0,10,0.0,Dropout,0.7,HIGH
0,1,5,14,1,5.0,0,4,0.0714,5,14,1,5.5,0,4,0.0714,8,5.25,Dropout,0.5025759999999999,HIGH
0,1,6,15,1,5.5,0,5,0.0667,6,13,4,5.875,0,2,0.3077,7,5.6875,Dropout,0.443548,HIGH
0,1,6,6,1,5.5,0,5,0.1667,6,0,0,0.0,0,6,0.0,11,2.75,Dropout,0.6540040000000001,HIGH
0,1,6,6,5,6.0,0,1,0.8333,6,6,6,6.416666666666667,0,0,1.0,1,6.2083,Graduate,0.1343368,LOW
0,1,6,10,6,5.5625,0,0,0.6,6,7,6,5.928571428571429,0,0,0.8571,0,5.7455,Graduate,0.14554,LOW
1,0,6,13,3,5.666666666666667,0,3,0.2308,6,8,2,5.75,0,4,0.25,7,5.7083,Dropout,0.5345368,HIGH
0,1,6,15,2,6.0,0,4,0.1333,6,12,0,0.0,0,6,0.0,10,3.0,Dropout,0.643996,HIGH
0,1,7,8,0,0.0,1,7,0.0,7,7,0,0.0,0,7,0.0,14,0.0,Dropout,0.7,HIGH
0,1,8,8,7,7.27,0,1,0.875,8,8,7,7.27,0,1,0.875,2,7.27,Graduate,0.14551999999999998,LOW
0,1,6,9,6,6.083333333333333,0,0,0.6667,6,14,4,6.5,0,2,0.2857,2,6.2917,Graduate,0.30900720000000004,MEDIUM
1,0,5,13,4,6.75,1,1,0.3077,5,12,3,5.833333333333333,1,2,0.25,3,6.2917,Dropout,0.40592320000000004,HIGH
0,1,6,8,6,7.375,0,0,0.75,6,9,5,7.166666666666667,0,1,0.5556,1,7.2708,Graduate,0.18993279999999996,MEDIUM
0,1,5,8,5,6.1875,0,0,0.625,5,7,5,5.833333333333333,0,0,0.7143,0,6.0104,Graduate,0.1486064,LOW
0,1,7,7,6,6.366666666666667,0,1,0.8571,7,7,6,6.366666666666667,0,1,0.8571,2,6.3667,Graduate,0.17006320000000003,LOW
0,0,6,9,4,6.25,0,2,0.4444,6,6,0,0.0,0,6,0.0,8,3.125,Dropout,0.718328,HIGH
1,0,5,5,0,0.0,1,5,0.0,5,5,0,0.0,5,5,0.0,10,0.0,Dropout,0.7999999999999999,HIGH
0,1,7,7,0,0.0,6,7,0.0,7,7,0,0.0,6,7,0.0,14,0.0,Dropout,0.7,HIGH
0,1,7,7,7,6.72142857142857,0,0,1.0,8,8,7,6.885714285714286,0,1,0.875,1,6.8036,Dropout,0.1417136,LOW
0,1,8,8,8,7.1,0,0,1.0,8,8,8,7.1,0,0,1.0,0,7.1,Graduate,0.06960000000000001,LOW
0,1,7,7,6,6.775,0,1,0.8571,7,7,6,6.775,0,1,0.8571,2,6.775,Graduate,0.16026400000000002,LOW
0,1,5,5,5,5.8,0,0,1.0,5,6,5,5.583333333333333,0,0,0.8333,0,5.6917,Graduate,0.15007520000000002,LOW
0,1,6,7,6,6.785714285714286,0,0,0.8571,6,7,6,7.642857142857143,0,0,0.8571,0,7.2143,Graduate,0.0897208,LOW
0,1,6,6,6,6.916666666666667,0,0,1.0,6,6,6,7.5,0,0,1.0,0,7.2083,Graduate,0.06700079999999999,LOW
1,0,6,7,4,5.625,0,2,0.5714,6,9,4,5.428571428571429,0,2,0.4444,4,5.5268,Dropout,0.4314928,HIGH
0,1,6,7,5,5.1,0,1,0.7143,6,9,4,5.625,0,2,0.4444,3,5.3625,Graduate,0.322584,MEDIUM
0,1,8,8,7,7.837857142857142,0,1,0.875,8,8,7,7.837857142857142,0,1,0.875,2,7.8379,Graduate,0.13189040000000002,LOW
1,1,6,9,6,5.416666666666667,0,0,0.6667,6,8,6,6.0,0,0,0.75,0,5.7083,Graduate,0.2496648,MEDIUM
0,1,6,6,6,7.25,0,0,1.0,6,7,5,7.5,0,1,0.7143,1,7.375,Enrolled,0.17299599999999998,MEDIUM
0,1,6,12,4,5.2,0,2,0.3333,6,11,4,5.375,0,2,0.3636,4,5.2875,Enrolled,0.337348,MEDIUM
0,1,5,7,5,6.5,1,0,0.7143,5,7,5,6.666666666666667,0,0,0.7143,0,6.5833,Graduate,0.1277128,LOW
0,1,7,7,7,6.121428571428572,0,0,1.0,8,8,8,7.0625,0,0,1.0,0,6.592,Graduate,0.081792,LOW
1,1,7,7,7,6.5,0,0,1.0,7,8,6,6.25,0,1,0.75,1,6.375,Enrolled,0.28700000000000003,MEDIUM
0,1,6,6,6,7.083333333333333,0,0,1.0,6,7,6,6.714285714285714,0,0,0.8571,0,6.8988,Enrolled,0.11444080000000004,LOW
0,1,5,11,4,7.125,0,1,0.3636,5,7,4,6.25,0,1,0.5714,2,6.6875,Graduate,0.2247,MEDIUM
0,0,5,14,1,6.0,2,4,0.0714,5,11,2,5.25,1,3,0.1818,7,5.625,Dropout,0.554744,HIGH
0,1,7,11,4,6.625,0,3,0.3636,7,9,5,6.91,0,2,0.5556,5,6.7675,Enrolled,0.314044,MEDIUM
0,1,7,7,6,6.591666666666666,0,1,0.8571,7,7,6,6.591666666666666,0,1,0.8571,2,6.5917,Graduate,0.1646632,LOW
0,1,6,6,1,5.5,0,5,0.1667,6,6,0,0.0,0,6,0.0,11,2.75,Enrolled,0.6540040000000001,HIGH
0,1,7,8,7,5.98625,0,0,0.875,8,8,8,6.325625,0,0,1.0,0,6.1559,Graduate,0.10225840000000003,LOW
0,1,6,7,5,6.2,0,1,0.7143,6,8,5,6.4,0,1,0.625,2,6.3,Graduate,0.21951600000000002,MEDIUM
0,1,8,9,5,6.3,2,3,0.5556,7,13,5,5.625,0,2,0.3846,5,5.9625,Enrolled,0.365884,MEDIUM
0,1,7,7,6,6.95,0,1,0.8571,7,7,6,6.95,0,1,0.8571,2,6.95,Graduate,0.15606399999999998,LOW
0,1,6,11,4,5.75,0,2,0.3636,6,12,3,5.5,0,3,0.25,5,5.625,Enrolled,0.38863200000000003,HIGH
0,1,5,6,4,7.1,0,1,0.6667,5,10,4,5.928571428571429,0,1,0.4,2,6.5143,Enrolled,0.2716608,MEDIUM
0,0,5,12,3,5.333333333333333,2,2,0.25,5,15,3,5.333333333333333,0,2,0.2,4,5.3333,Dropout,0.4660008,HIGH
0,0,7,14,0,0.0,0,7,0.0,8,0,0,0.0,0,8,0.0,15,0.0,Dropout,0.7999999999999999,HIGH
0,1,6,10,6,5.5,0,0,0.6,6,14,3,5.666666666666667,0,3,0.2143,3,5.5833,Graduate,0.3679968,MEDIUM
0,1,8,8,7,6.978571428571428,0,1,0.875,8,8,7,6.978571428571428,0,1,0.875,2,6.9786,Graduate,0.1525136,LOW
0,1,6,11,4,6.25,1,2,0.3636,6,13,3,6.833333333333333,0,3,0.2308,5,6.5417,Enrolled,0.3720072,MEDIUM
1,1,6,8,6,6.666666666666667,0,0,0.75,6,7,6,7.642857142857143,0,0,0.8571,0,7.1548,Graduate,0.19971680000000003,MEDIUM
0,1,5,5,0,0.0,0,5,0.0,5,6,0,0.0,0,5,0.0,10,0.0,Dropout,0.7,HIGH
0,1,6,9,6,5.833333333333333,0,0,0.6667,6,8,5,5.8,0,1,0.625,1,5.8167,Enrolled,0.19540319999999997,MEDIUM
0,1,6,7,6,7.857142857142857,0,0,0.8571,6,7,6,7.75,0,0,0.8571,0,7.8036,Graduate,0.0755776,LOW
0,1,6,8,5,5.5,0,1,0.625,6,9,5,5.7,0,1,0.5556,2,5.6,Graduate,0.24503200000000003,MEDIUM
1,1,5,8,4,6.125,0,1,0.5,5,7,4,6.375,2,1,0.5714,2,6.25,Graduate,0.324288,MEDIUM
1,1,10,25,5,6.1,0,5,0.2,9,18,8,6.11111111111111,0,1,0.4444,6,6.1056,Dropout,0.48191359999999994,HIGH
0,1,5,6,5,6.5,0,0,0.8333,5,5,5,7.0,0,0,1.0,0,6.75,Graduate,0.091336,LOW
0,1,6,11,4,6.0,0,2,0.3636,6,7,6,6.5,0,0,0.8571,2,6.25,Graduate,0.212344,MEDIUM
0,1,6,6,6,6.666666666666667,0,0,1.0,6,7,6,6.166666666666667,0,0,0.8571,0,6.4167,Graduate,0.12601120000000002,LOW
0,1,5,6,3,6.5,0,2,0.5,5,7,3,6.5,1,2,0.4286,4,6.5,Enrolled,0.303992,MEDIUM
0,1,8,8,7,6.455,0,1,0.875,8,8,7,6.455,0,1,0.875,2,6.455,Graduate,0.16508,LOW
0,1,6,8,6,5.5,0,0,0.75,6,13,3,5.5,0,3,0.2308,3,5.5,Graduate,0.383376,HIGH
0,1,7,8,6,6.789999999999999,0,1,0.75,8,8,8,6.468125,0,0,1.0,1,6.6291,Graduate,0.1309016,LOW
0,1,6,10,4,6.2,0,2,0.4,6,8,6,6.25,0,0,0.75,2,6.225,Graduate,0.21860000000000004,MEDIUM
0,1,9,13,8,6.444444444444445,0,1,0.6154,7,9,7,6.5,0,0,0.7778,1,6.4722,Graduate,0.1632112,LOW
1,1,12,12,11,5.772727272727272,0,1,0.9167,11,18,9,5.85,1,2,0.5,3,5.8114,Enrolled,0.42053039999999997,HIGH
0,1,5,6,1,5.0,0,4,0.1667,5,5,0,0.0,0,5,0.0,9,2.5,Enrolled,0.6300040000000001,HIGH
0,1,8,8,8,7.170625,0,0,1.0,8,8,8,7.170625,0,0,1.0,0,7.1706,Graduate,0.0679056,LOW
1,0,6,8,6,7.071428571428571,0,0,0.75,6,6,5,6.0,0,1,0.8333,1,6.5357,Dropout,0.24647920000000004,MEDIUM
0,1,0,0,0,0.0,0,0,0.0,0,0,0,0.0,0,0,0.0,0,0.0,Graduate,1.0,HIGH
0,1,6,10,5,5.9,0,1,0.5,6,13,4,5.625,0,2,0.3077,3,5.7625,Enrolled,0.325544,MEDIUM
0,1,6,6,6,6.666666666666667,0,0,1.0,6,6,6,7.083333333333333,0,0,1.0,0,6.875,Graduate,0.07500000000000001,LOW
0,1,6,8,6,7.25,0,0,0.75,6,9,6,6.428571428571429,0,0,0.6667,0,6.8393,Graduate,0.13918080000000002,LOW
0,1,10,13,8,6.333333333333333,0,2,0.6154,10,12,10,6.7,0,0,0.8333,2,6.5167,Graduate,0.1877032,MEDIUM
1,1,5,13,1,5.0,0,4,0.0769,5,8,2,5.0,0,3,0.25,7,5.0,Enrolled,0.563848,HIGH
0,1,6,10,0,0.0,0,6,0.0,6,6,0,0.0,0,6,0.0,12,0.0,Dropout,0.7,HIGH
0,1,6,12,4,5.5,0,2,0.3333,6,6,4,6.25,0,2,0.6667,4,5.875,Enrolled,0.29900000000000004,MEDIUM
1,1,5,10,2,6.0,2,3,0.2,5,9,4,5.5,0,1,0.4444,4,5.75,Dropout,0.43044799999999994,HIGH
0,1,6,10,4,5.0,0,2,0.4,6,12,2,6.75,0,4,0.1667,6,5.875,Enrolled,0.44032400000000005,HIGH
0,1,7,7,7,7.104285714285715,0,0,1.0,8,9,8,7.563888888888889,0,0,0.8889,0,7.3341,Graduate,0.0950896,LOW
0,1,7,7,7,7.15357142857143,0,0,1.0,8,8,8,7.50625,0,0,1.0,0,7.3299,Graduate,0.0640824,LOW
0,1,5,8,3,5.5,0,2,0.375,5,12,4,6.6875,0,1,0.3333,3,6.0938,Enrolled,0.29542480000000004,MEDIUM
0,1,7,14,0,0.0,0,7,0.0,6,6,0,0.0,0,6,0.0,13,0.0,Dropout,0.7,HIGH
0,1,6,10,6,6.0,0,0,0.6,6,12,4,5.5,0,2,0.3333,2,5.75,Graduate,0.300676,MEDIUM
1,0,5,0,0,0.0,0,5,0.0,5,0,0,0.0,0,5,0.0,10,0.0,Dropout,0.7999999999999999,HIGH
1,0,6,6,0,0.0,0,6,0.0,6,7,0,0.0,0,6,0.0,12,0.0,Dropout,0.7999999999999999,HIGH
0,1,6,7,6,6.928571428571429,0,0,0.8571,6,7,6,7.142857142857143,0,0,0.8571,0,7.0357,Graduate,0.09400720000000001,LOW
0,1,0,0,0,0.0,0,0,0.0,0,0,0,0.0,0,0,0.0,0,0.0,Graduate,1.0,HIGH
0,1,7,0,0,0.0,0,7,0.0,7,0,0,0.0,0,7,0.0,14,0.0,Dropout,0.7,HIGH
0,1,6,8,5,5.5,0,1,0.625,6,9,5,6.5,0,1,0.5556,2,6.0,Graduate,0.23543200000000003,MEDIUM
0,1,5,9,5,6.6,0,0,0.5556,5,13,5,7.2,5,0,0.3846,0,6.9,Graduate,0.193384,MEDIUM
0,1,6,7,6,6.75,0,0,0.8571,6,6,3,7.666666666666667,0,3,0.5,3,7.2083,Dropout,0.27985279999999996,MEDIUM
0,1,5,5,0,0.0,0,5,0.0,5,0,0,0.0,0,5,0.0,10,0.0,Dropout,0.7,HIGH
0,1,8,8,7,7.107142857142857,0,1,0.875,8,8,7,7.107142857142857,0,1,0.875,2,7.1071,Graduate,0.14942960000000002,LOW
0,1,5,5,5,6.5,0,0,1.0,5,5,5,6.2,0,0,1.0,0,6.35,Graduate,0.08760000000000001,LOW
0,1,6,13,2,6.0,0,4,0.1538,6,14,1,5.0,0,5,0.0714,9,5.5,Dropout,0.536464,HIGH
0,1,7,0,0,0.0,0,7,0.0,8,0,0,0.0,0,8,0.0,15,0.0,Dropout,0.7,HIGH
0,1,5,6,5,6.4,1,0,0.8333,5,6,5,6.3,0,0,0.8333,0,6.35,Graduate,0.114272,LOW
0,1,5,11,4,6.8,2,1,0.3636,5,9,4,6.1,0,1,0.4444,2,6.45,Graduate,0.24056000000000002,MEDIUM
0,1,7,7,7,6.985714285714286,0,0,1.0,8,8,8,7.875,0,0,1.0,0,7.4304,Graduate,0.061670400000000014,LOW
0,1,6,8,6,7.5,0,0,0.75,6,9,6,7.428571428571429,0,0,0.6667,0,7.4643,Graduate,0.12418080000000001,LOW
0,0,6,0,0,0.0,0,6,0.0,6,0,0,0.0,0,6,0.0,12,0.0,Dropout,0.7999999999999999,HIGH
0,1,26,27,26,7.53888888888889,0,0,0.963,17,17,17,7.511764705882352,0,0,1.0,0,7.5253,Graduate,0.062352800000000014,LOW
0,1,7,7,6,6.691666666666666,0,1,0.8571,7,7,6,6.691666666666666,0,1,0.8571,2,6.6917,Graduate,0.1622632,LOW
1,1,12,12,12,6.625,0,0,1.0,11,16,10,6.545454545454546,0,1,0.625,1,6.5852,Graduate,0.3169552,MEDIUM
1,0,6,10,5,5.857142857142857,0,1,0.5,6,13,2,5.333333333333333,0,4,0.1538,5,5.5952,Dropout,0.5326512000000001,HIGH
0,1,8,8,8,6.505625,0,0,1.0,8,8,8,6.505625,0,0,1.0,0,6.5056,Graduate,0.0838656,LOW
0,1,6,12,3,5.333333333333333,2,3,0.25,6,12,4,6.0,0,2,0.3333,5,5.6667,Dropout,0.3673352000000001,MEDIUM
0,1,7,14,0,0.0,0,7,0.0,7,15,0,0.0,0,7,0.0,14,0.0,Enrolled,0.7,HIGH
0,1,6,9,6,6.5,0,0,0.6667,6,18,3,6.333333333333333,0,3,0.1667,3,6.4167,Graduate,0.36932719999999997,MEDIUM
0,1,5,5,5,6.0,0,0,1.0,5,7,5,5.7,0,0,0.7143,0,5.85,Graduate,0.17959599999999998,MEDIUM
0,1,6,6,6,6.083333333333333,0,0,1.0,6,7,5,6.9,0,1,0.7143,1,6.4917,Graduate,0.19419519999999998,MEDIUM
0,1,7,10,6,5.925,0,1,0.6,8,10,7,6.825,0,1,0.7,2,6.375,Graduate,0.203,MEDIUM
0,1,5,8,4,5.5,0,1,0.5,5,6,5,5.6,0,0,0.8333,1,5.55,Graduate,0.19013600000000003,MEDIUM
1,1,7,9,7,6.163888888888889,0,0,0.7778,8,10,8,5.868,0,0,0.8,0,6.0159,Graduate,0.2293944,MEDIUM
0,1,5,9,4,6.0,0,1,0.4444,5,10,5,6.714285714285714,1,0,0.5,1,6.3571,Graduate,0.20187760000000002,MEDIUM
0,1,7,7,7,7.214285714285714,0,0,1.0,8,9,8,7.255555555555556,0,0,0.8889,0,7.2349,Graduate,0.09747040000000001,LOW
0,1,7,7,7,6.89,0,0,1.0,8,8,8,6.30625,0,0,1.0,0,6.5981,Graduate,0.0816456,LOW
0,1,7,7,6,6.9,0,1,0.8571,7,7,6,6.9,0,1,0.8571,2,6.9,Graduate,0.15726400000000001,LOW
0,1,7,7,7,7.428571428571429,0,0,1.0,7,7,7,7.571428571428571,0,0,1.0,0,7.5,Graduate,0.06,LOW
0,1,6,8,5,6.5,0,1,0.625,6,7,5,6.3,0,1,0.7143,2,6.4,Enrolled,0.19925600000000002,MEDIUM
0,1,6,7,6,6.071428571428571,0,0,0.8571,6,6,6,6.666666666666667,0,0,1.0,0,6.369,Graduate,0.098576,LOW
0,1,6,7,6,7.833333333333333,0,0,0.8571,6,6,6,7.416666666666667,0,0,1.0,0,7.625,Graduate,0.068432,LOW
0,1,7,13,5,6.25,0,2,0.3846,8,14,7,6.083333333333333,0,1,0.5,3,6.1667,Graduate,0.2712312,MEDIUM
0,1,6,7,6,6.416666666666667,0,0,0.8571,6,6,6,6.583333333333333,0,0,1.0,0,6.5,Graduate,0.09543200000000002,LOW
1,0,6,6,0,0.0,0,6,0.0,6,7,0,0.0,0,6,0.0,12,0.0,Dropout,0.7999999999999999,HIGH
0,1,6,6,6,6.25,0,0,1.0,6,6,6,6.333333333333333,0,0,1.0,0,6.2917,Graduate,0.0889992,LOW
0,1,6,14,4,5.625,0,2,0.2857,6,9,5,6.5,0,1,0.5556,3,6.0625,Graduate,0.277196,MEDIUM
0,1,7,7,6,7.625,0,1,0.8571,7,7,6,7.625,0,1,0.8571,2,7.625,Graduate,0.13986400000000002,LOW
0,1,5,13,5,7.0,2,0,0.3846,5,10,3,6.0,1,2,0.3,2,6.5,Graduate,0.266152,MEDIUM
1,1,16,16,13,6.038461538461538,0,3,0.8125,13,13,11,6.045454545454546,0,2,0.8462,5,6.042,Graduate,0.37229599999999996,MEDIUM
0,1,16,17,16,7.3125,0,0,0.9412,10,12,9,7.444444444444445,0,1,0.75,1,7.3785,Graduate,0.15586,LOW
0,1,7,10,4,5.25,0,3,0.4,7,7,2,5.25,0,5,0.2857,8,5.25,Dropout,0.482004,HIGH
0,1,6,8,6,6.416666666666667,0,0,0.75,6,6,6,6.083333333333333,0,0,1.0,0,6.25,Graduate,0.10999999999999999,LOW
1,0,6,6,6,6.25,0,0,1.0,6,7,5,5.9,0,1,0.7143,1,6.075,Graduate,0.30419599999999997,MEDIUM
0,1,12,13,12,5.615384615384615,0,0,0.9231,11,18,9,6.38888888888889,0,2,0.5,2,6.0021,Graduate,0.2867216,MEDIUM
0,1,5,5,2,5.25,0,3,0.4,5,5,0,0.0,0,5,0.0,8,2.625,Dropout,0.625,HIGH
0,1,6,11,3,6.0,0,3,0.2727,6,13,2,6.0,0,4,0.1538,7,6.0,Dropout,0.45566,HIGH
0,1,7,10,7,5.492857142857143,0,0,0.7,8,11,8,6.15,0,0,0.7273,0,5.8214,Graduate,0.14610240000000002,LOW
0,0,7,10,5,6.31,0,2,0.5,7,11,3,7.083333333333333,0,4,0.2727,6,6.6967,Dropout,0.5029232,HIGH
0,1,7,9,6,6.5,0,1,0.6667,8,8,8,7.10625,0,0,1.0,1,6.8031,Dropout,0.1333896,LOW
0,0,5,5,0,0.0,0,5,0.0,5,5,0,0.0,0,5,0.0,10,0.0,Dropout,0.7999999999999999,HIGH
0,1,5,0,0,0.0,0,5,0.0,5,0,0,0.0,0,5,0.0,10,0.0,Dropout,0.7,HIGH
0,1,6,6,6,6.75,0,0,1.0,6,6,6,6.666666666666667,0,0,1.0,0,6.7083,Graduate,0.0790008,LOW
0,1,7,7,6,6.758333333333333,0,1,0.8571,7,7,6,6.758333333333333,0,1,0.8571,2,6.7583,Graduate,0.1606648,LOW
0,1,6,6,6,6.583333333333333,0,0,1.0,6,8,6,6.642857142857143,0,0,0.75,0,6.6131,Graduate,0.15128559999999996,LOW
0,1,6,0,0,0.0,0,6,0.0,6,0,0,0.0,0,6,0.0,12,0.0,Dropout,0.7,HIGH
0,1,6,8,6,6.5625,0,0,0.75,6,10,6,6.5,0,0,0.6,0,6.5312,Graduate,0.1652512,LOW
0,1,6,15,3,7.2,0,3,0.2,6,20,0,0.0,0,6,0.0,9,3.6,Dropout,0.6076000000000001,HIGH
0,0,6,10,4,6.0,0,2,0.4,6,12,0,0.0,0,6,0.0,8,3.0,Dropout,0.7160000000000001,HIGH
0,1,5,5,0,0.0,0,5,0.0,5,10,0,0.0,0,5,0.0,10,0.0,Dropout,0.7,HIGH
0,1,7,7,0,0.0,0,7,0.0,7,7,0,0.0,0,7,0.0,14,0.0,Dropout,0.7,HIGH
0,1,5,15,3,5.4,0,2,0.2,5,6,3,5.25,0,2,0.5,4,5.325,Enrolled,0.3362,MEDIUM
0,1,6,0,0,0.0,0,6,0.0,6,0,0,0.0,0,6,0.0,12,0.0,Dropout,0.7,HIGH
0,1,7,7,7,8.065714285714286,0,0,1.0,8,9,8,7.76111111111111,0,0,0.8889,0,7.9134,Graduate,0.08118639999999999,LOW
0,1,7,7,7,7.419285714285714,0,0,1.0,8,9,8,7.4,0,0,0.8889,0,7.4096,Graduate,0.09327759999999999,LOW
0,1,5,7,3,5.166666666666667,0,2,0.4286,5,6,3,6.0,0,2,0.5,4,5.5833,Dropout,0.3117128,MEDIUM
0,1,6,11,3,6.0,0,3,0.2727,6,11,4,5.625,0,2,0.3636,5,5.8125,Dropout,0.359596,MEDIUM
0,1,6,6,0,0.0,0,6,0.0,5,5,0,0.0,0,5,0.0,11,0.0,Dropout,0.7,HIGH
0,1,6,6,6,6.583333333333333,0,0,1.0,6,6,6,7.0,0,0,1.0,0,6.7917,Graduate,0.07699920000000002,LOW
0,1,8,8,8,6.97375,0,0,1.0,8,8,8,6.97375,0,0,1.0,0,6.9737,Graduate,0.07263119999999999,LOW
0,1,5,6,3,5.666666666666667,0,2,0.5,5,5,0,0.0,0,5,0.0,7,2.8333,Dropout,0.6020008,HIGH
0,1,8,11,7,6.375,0,1,0.6364,7,7,7,6.142857142857143,0,0,1.0,1,6.2589,Graduate,0.14887440000000002,LOW
0,1,5,6,5,6.3,0,0,0.8333,5,8,5,5.625,0,0,0.625,0,5.9625,Graduate,0.181896,MEDIUM
0,1,8,8,6,6.125,1,2,0.75,8,8,6,6.125,1,2,0.75,4,6.125,Dropout,0.253,MEDIUM
0,1,7,14,0,0.0,6,7,0.0,7,12,2,5.833333333333333,0,5,0.1667,12,2.9167,Enrolled,0.6166632000000001,HIGH
0,1,5,8,5,5.5,0,0,0.625,5,7,5,5.7,0,0,0.7143,0,5.6,Enrolled,0.158456,LOW
0,1,12,17,12,5.916666666666667,0,0,0.7059,12,22,9,6.35,0,3,0.4091,3,6.1333,Graduate,0.31296079999999993,MEDIUM
0,1,8,10,6,6.533333333333334,0,2,0.6,8,10,6,6.533333333333334,0,2,0.6,4,6.5333,Dropout,0.2672008,MEDIUM
1,1,6,6,6,6.916666666666667,0,0,1.0,6,8,6,6.9375,0,0,0.75,0,6.9271,Graduate,0.24374959999999998,MEDIUM
0,1,7,7,3,6.916666666666667,1,4,0.4286,7,7,0,0.0,0,7,0.0,11,3.4583,Dropout,0.6684328,HIGH
0,1,5,5,5,5.9,0,0,1.0,5,5,5,6.6,0,0,1.0,0,6.25,Graduate,0.09,LOW
0,1,12,12,12,6.666666666666667,0,0,1.0,11,15,10,6.409090909090909,0,1,0.6667,1,6.5379,Enrolled,0.2064144,MEDIUM
0,1,8,8,8,6.873125,0,0,1.0,8,8,8,6.873125,0,0,1.0,0,6.8731,Graduate,0.0750456,LOW
0,1,0,0,0,0.0,0,0,0.0,0,0,0,0.0,0,0,0.0,0,0.0,Dropout,1.0,HIGH
0,1,6,0,0,0.0,0,6,0.0,6,0,0,0.0,0,6,0.0,12,0.0,Dropout,0.7,HIGH
0,1,6,9,0,0.0,0,6,0.0,6,6,0,0.0,0,6,0.0,12,0.0,Dropout,0.7,HIGH
0,1,6,6,6,6.666666666666667,0,0,1.0,6,10,5,7.25,0,1,0.5,1,6.9583,Graduate,0.2430008,MEDIUM
0,1,6,8,1,5.0,0,5,0.125,6,13,5,5.7,0,1,0.3846,6,5.35,Enrolled,0.41083200000000003,HIGH
0,1,6,7,6,7.833333333333333,0,0,0.8571,6,8,6,7.642857142857143,0,0,0.75,0,7.7381,Graduate,0.1071376,LOW
0,1,7,9,7,5.928571428571429,0,0,0.7778,7,7,7,5.928571428571429,0,0,1.0,0,5.9286,Graduate,0.11548959999999997,LOW
0,1,5,12,5,7.25,2,0,0.4167,5,5,5,6.8,0,0,1.0,0,7.025,Graduate,0.118064,LOW
0,1,6,6,6,6.083333333333333,0,0,1.0,6,7,6,6.857142857142857,0,0,0.8571,0,6.4702,Graduate,0.1247272,LOW
0,1,6,6,5,6.3,0,1,0.8333,6,8,6,6.0,0,0,0.75,1,6.15,Graduate,0.17239600000000002,MEDIUM
0,1,8,12,7,6.142857142857143,0,1,0.5833,8,12,7,6.142857142857143,0,1,0.5833,2,6.1429,Enrolled,0.2192424,MEDIUM
1,1,6,6,6,6.333333333333333,0,0,1.0,6,7,6,6.5,0,0,0.8571,0,6.4167,Graduate,0.22601120000000002,MEDIUM
0,1,7,0,0,0.0,0,7,0.0,8,0,0,0.0,0,8,0.0,15,0.0,Dropout,0.7,HIGH
0,1,6,7,6,6.428571428571429,0,0,0.8571,6,10,4,6.5,0,2,0.4,2,6.4643,Graduate,0.2957088,MEDIUM
0,1,8,8,7,6.95,0,1,0.875,8,8,7,6.95,0,1,0.875,2,6.95,Graduate,0.1532,LOW
0,1,8,8,7,6.908571428571428,0,1,0.875,8,8,7,6.908571428571428,0,1,0.875,2,6.9086,Graduate,0.1541936,LOW
0,1,7,10,6,6.657142857142858,0,1,0.6,8,10,7,6.4375,0,1,0.7,2,6.5473,Graduate,0.1988648,MEDIUM
0,1,6,0,0,0.0,0,6,0.0,6,0,0,0.0,0,6,0.0,12,0.0,Dropout,0.7,HIGH
0,1,6,6,6,6.083333333333333,0,0,1.0,6,6,6,6.083333333333333,0,0,1.0,0,6.0833,Graduate,0.0940008,LOW
0,0,6,12,4,5.625,0,2,0.3333,6,12,3,5.666666666666667,0,3,0.25,5,5.6458,Dropout,0.48449679999999995,HIGH
0,1,6,6,5,6.2,0,1,0.8333,6,8,6,6.375,0,0,0.75,1,6.2875,Enrolled,0.16909600000000005,LOW
0,1,6,6,6,7.333333333333333,0,0,1.0,6,7,6,7.285714285714286,0,0,0.8571,0,7.3095,Graduate,0.10458400000000002,LOW
0,1,6,15,4,6.0,0,2,0.2667,6,14,4,6.0,0,2,0.2857,4,6.0,Dropout,0.331808,MEDIUM
0,1,6,8,6,7.0,0,0,0.75,6,18,3,6.333333333333333,0,3,0.1667,3,6.6667,Graduate,0.37332319999999997,HIGH
0,1,6,10,6,6.285714285714286,0,0,0.6,6,12,4,6.833333333333333,0,2,0.3333,2,6.5595,Enrolled,0.281248,MEDIUM
0,1,6,14,6,7.769230769230769,0,0,0.4286,6,9,6,6.3125,0,0,0.6667,0,7.0409,Graduate,0.1433944,LOW
0,0,6,0,0,0.0,0,6,0.0,6,0,0,0.0,0,6,0.0,12,0.0,Dropout,0.7999999999999999,HIGH
0,1,6,6,6,7.5,0,0,1.0,6,6,6,7.416666666666667,0,0,1.0,0,7.4583,Graduate,0.0610008,LOW
0,1,5,11,4,6.125,0,1,0.3636,5,9,5,6.642857142857143,0,0,0.5556,1,6.3839,Graduate,0.20325040000000003,MEDIUM
0,1,11,13,11,7.846153846153846,0,0,0.8462,9,9,9,7.777777777777778,0,0,1.0,0,7.812,Graduate,0.06481599999999998,LOW
0,1,5,7,5,6.142857142857143,0,0,0.7143,5,9,5,6.375,1,0,0.5556,0,6.2589,Graduate,0.17993440000000005,MEDIUM
1,1,17,19,12,5.916666666666667,0,5,0.6316,17,22,11,5.625,0,6,0.5,11,5.7708,Enrolled,0.5972928,HIGH
0,1,6,6,6,6.083333333333333,0,0,1.0,6,7,5,7.0,0,1,0.7143,1,6.5417,Enrolled,0.1929952,MEDIUM
0,1,7,10,7,5.944444444444445,0,0,0.7,8,10,8,5.978125,0,0,0.8,0,5.9613,Graduate,0.13692880000000002,LOW
0,0,6,0,0,0.0,0,6,0.0,6,0,0,0.0,0,6,0.0,12,0.0,Dropout,0.7999999999999999,HIGH
0,1,5,6,5,5.9,0,0,0.8333,5,5,5,6.3,0,0,1.0,0,6.1,Graduate,0.10693600000000002,LOW
0,1,6,7,6,5.583333333333333,0,0,0.8571,6,9,6,5.833333333333333,0,0,0.6667,0,5.7083,Graduate,0.1791768,MEDIUM
0,1,7,7,7,7.02857142857143,0,0,1.0,8,9,8,7.3,0,0,0.8889,0,7.1643,Graduate,0.0991648,LOW
0,1,6,10,4,5.875,0,2,0.4,6,13,4,5.0,0,2,0.3077,4,5.4375,Dropout,0.3513440000000001,MEDIUM
0,1,6,6,6,6.583333333333333,0,0,1.0,6,8,6,6.5,0,0,0.75,0,6.5417,Enrolled,0.15299920000000003,LOW
0,1,6,7,6,6.75,0,0,0.8571,6,7,6,7.0,0,0,0.8571,0,6.875,Graduate,0.097864,LOW
0,1,7,10,7,6.3125,0,0,0.7,8,8,8,6.53125,0,0,1.0,0,6.4219,Graduate,0.1098744,LOW
0,1,6,0,0,0.0,0,6,0.0,6,0,0,0.0,0,6,0.0,12,0.0,Dropout,0.7,HIGH
0,1,8,8,7,6.985714285714286,0,1,0.875,8,8,7,6.985714285714286,0,1,0.875,2,6.9857,Graduate,0.1523432,LOW
0,1,6,7,2,5.5,0,4,0.2857,6,0,0,0.0,0,6,0.0,10,2.75,Dropout,0.668284,HIGH
0,1,5,5,5,6.4,0,0,1.0,5,6,5,7.666666666666667,0,0,0.8333,0,7.0333,Graduate,0.1178768,LOW
0,1,6,8,6,6.785714285714286,0,0,0.75,6,6,5,6.4,0,1,0.8333,1,6.5929,Enrolled,0.1451064,LOW
0,0,0,0,0,0.0,0,0,0.0,0,0,0,0.0,0,0,0.0,0,0.0,Dropout,1.0,HIGH
1,1,5,9,2,5.75,0,3,0.2222,5,13,4,5.5,1,1,0.3077,4,5.625,Enrolled,0.442608,HIGH
0,1,6,8,4,5.625,0,2,0.5,6,8,4,6.0,0,2,0.5,4,5.8125,Enrolled,0.3005,MEDIUM
0,1,5,7,5,6.857142857142857,0,0,0.7143,5,7,5,6.571428571428571,0,0,0.7143,0,6.7143,Graduate,0.1245688,LOW
0,0,4,4,0,0.0,0,4,0.0,5,0,0,0.0,0,5,0.0,9,0.0,Dropout,0.77,HIGH
1,0,6,9,6,6.0,0,0,0.6667,6,8,3,7.333333333333333,0,3,0.375,3,6.6667,Dropout,0.4050032,HIGH
0,1,6,7,6,6.333333333333333,0,0,0.8571,6,7,6,6.666666666666667,0,0,0.8571,0,6.5,Graduate,0.10686400000000001,LOW
0,1,8,11,7,6.645,3,1,0.6364,8,11,7,6.645,3,1,0.6364,2,6.645,Enrolled,0.198696,MEDIUM
0,1,10,15,8,5.1875,0,2,0.5333,10,13,9,5.222222222222222,0,1,0.6923,3,5.2049,Enrolled,0.2670344,MEDIUM
0,0,7,13,3,6.0,0,4,0.2308,7,15,1,6.5,1,6,0.0667,10,6.25,Dropout,0.6590199999999999,HIGH
0,1,6,10,5,5.7,0,1,0.5,6,7,6,5.583333333333333,0,0,0.8571,1,5.6417,Graduate,0.18603119999999998,MEDIUM
1,0,5,15,2,6.625,0,3,0.1333,5,12,3,6.3,3,2,0.25,5,6.4625,Dropout,0.464236,HIGH
0,1,7,7,6,6.930833333333333,0,1,0.8571,8,16,0,0.0,1,8,0.0,9,3.4654,Dropout,0.6896824,HIGH
0,1,6,6,6,6.083333333333333,0,0,1.0,6,7,6,6.071428571428571,0,0,0.8571,0,6.0774,Graduate,0.1341544,LOW
0,1,6,17,4,6.875,0,2,0.2353,6,15,6,7.25,0,0,0.4,2,7.0625,Graduate,0.239676,MEDIUM
0,1,7,7,6,7.716666666666666,0,1,0.8571,7,7,6,7.716666666666666,0,1,0.8571,2,7.7167,Graduate,0.13766319999999999,LOW
0,1,6,6,6,6.916666666666667,0,0,1.0,6,6,6,7.75,0,0,1.0,0,7.3333,Graduate,0.0640008,LOW
0,1,14,21,12,5.916666666666667,0,2,0.5714,12,15,11,5.681818181818182,0,1,0.7333,3,5.7992,Graduate,0.2464432,MEDIUM
0,1,7,7,0,0.0,0,7,0.0,8,8,0,0.0,0,8,0.0,15,0.0,Dropout,0.7,HIGH
0,1,1,1,0,0.0,1,1,0.0,6,0,0,0.0,0,6,0.0,7,0.0,Dropout,0.61,HIGH
0,1,7,9,7,6.166666666666667,0,0,0.7778,8,8,8,6.3125,0,0,1.0,0,6.2396,Enrolled,0.10802559999999997,LOW
0,1,6,6,6,5.583333333333333,0,0,1.0,6,6,6,6.083333333333333,0,0,1.0,0,5.8333,Graduate,0.1000008,LOW
0,1,6,6,6,7.333333333333333,0,0,1.0,6,8,6,6.214285714285714,0,0,0.75,0,6.7738,Graduate,0.14742880000000003,LOW
0,1,5,5,5,5.6,0,0,1.0,5,11,4,5.875,0,1,0.3636,1,5.7375,Enrolled,0.31049200000000005,MEDIUM
0,1,6,9,6,6.857142857142857,0,0,0.6667,6,6,6,7.083333333333333,0,0,1.0,0,6.9702,Graduate,0.0993792,LOW
0,1,5,5,5,6.4,0,0,1.0,5,10,5,5.722222222222222,0,0,0.5,0,6.0611,Graduate,0.2345336,MEDIUM
0,1,6,9,4,6.625,0,2,0.4444,6,11,5,5.9,0,1,0.4545,3,6.2625,Graduate,0.267788,MEDIUM
0,1,8,10,6,6.89,1,2,0.6,8,10,6,6.89,1,2,0.6,4,6.89,Dropout,0.25864,MEDIUM
0,1,8,8,7,7.555,0,1,0.875,8,8,7,7.555,0,1,0.875,2,7.555,Graduate,0.13868000000000003,LOW
0,1,6,10,4,5.5,0,2,0.4,6,8,5,5.6,0,1,0.625,3,5.55,Graduate,0.27480000000000004,MEDIUM
0,1,8,8,7,7.899285714285713,0,1,0.875,8,8,7,7.899285714285713,0,1,0.875,2,7.8993,Graduate,0.1304168,LOW
0,1,7,7,7,6.887857142857144,0,0,1.0,8,8,8,7.799999999999999,0,0,1.0,0,7.3439,Graduate,0.06374640000000001,LOW
0,1,8,11,7,6.08,0,1,0.6364,8,11,7,6.08,0,1,0.6364,2,6.08,Graduate,0.212256,MEDIUM
0,1,7,0,0,0.0,0,7,0.0,7,0,0,0.0,0,7,0.0,14,0.0,Dropout,0.7,HIGH
0,1,6,6,6,7.166666666666667,0,0,1.0,6,6,6,7.75,0,0,1.0,0,7.4583,Graduate,0.0610008,LOW
0,1,6,6,6,5.916666666666667,0,0,1.0,6,6,3,6.666666666666667,0,3,0.5,3,6.2917,Enrolled,0.31899920000000004,MEDIUM
0,0,6,7,6,7.416666666666667,0,0,0.8571,6,8,6,6.25,0,0,0.75,0,6.8333,Enrolled,0.2288528,MEDIUM
0,1,8,8,7,7.1,0,1,0.875,8,8,7,7.1,0,1,0.875,2,7.1,Graduate,0.1496,LOW
0,1,5,6,5,6.1,0,0,0.8333,5,5,5,6.6,0,0,1.0,0,6.35,Graduate,0.10093600000000001,LOW
0,1,6,10,4,6.5,0,2,0.4,6,9,5,6.833333333333333,0,1,0.5556,3,6.6667,Graduate,0.2535512,MEDIUM
0,1,8,8,7,6.242857142857143,0,1,0.875,8,8,7,6.242857142857143,0,1,0.875,2,6.2429,Graduate,0.1701704,LOW
0,1,6,7,6,8.5,0,0,0.8571,6,7,6,8.142857142857142,0,0,0.8571,0,8.3214,Graduate,0.06315039999999998,LOW
0,1,6,7,5,5.4,0,1,0.7143,6,9,6,5.083333333333333,0,0,0.6667,1,5.2417,Graduate,0.20323920000000004,MEDIUM
0,1,7,7,6,7.358333333333334,0,1,0.8571,7,7,6,7.358333333333334,0,1,0.8571,2,7.3583,Graduate,0.14626480000000003,LOW
0,1,5,10,2,6.75,0,3,0.2,5,11,5,5.7,1,0,0.4545,3,6.225,Enrolled,0.28824000000000005,MEDIUM
0,1,8,8,7,5.985714285714286,0,1,0.875,8,8,7,5.985714285714286,0,1,0.875,2,5.9857,Enrolled,0.1763432,MEDIUM
0,1,5,7,3,6.0,0,2,0.4286,5,7,4,6.75,0,1,0.5714,3,6.375,Enrolled,0.257,MEDIUM
0,1,6,7,6,6.166666666666667,0,0,0.8571,6,6,6,5.833333333333333,0,0,1.0,0,6.0,Graduate,0.107432,LOW
0,1,12,22,6,7.653846153846154,0,6,0.2727,10,13,6,6.9375,0,4,0.4615,10,7.2957,Graduate,0.4661672,HIGH
0,1,7,7,6,6.333333333333333,0,1,0.8571,7,7,6,6.333333333333333,0,1,0.8571,2,6.3333,Graduate,0.17086479999999998,MEDIUM
0,1,7,10,7,7.184,0,0,0.7,8,8,8,7.224375,0,0,1.0,0,7.2042,Graduate,0.09109919999999999,LOW
0,1,8,8,7,6.042142857142858,0,1,0.875,8,8,7,6.042142857142858,0,1,0.875,2,6.0421,Graduate,0.17498960000000002,MEDIUM
0,1,12,18,8,6.125,0,4,0.4444,12,27,8,6.1,0,4,0.2963,8,6.1125,Enrolled,0.46366399999999997,HIGH
0,1,6,10,5,6.1,0,1,0.5,6,10,5,5.8,0,1,0.5,2,5.95,Enrolled,0.23720000000000002,MEDIUM
0,1,6,12,4,5.5,0,2,0.3333,6,9,6,5.75,0,0,0.6667,2,5.625,Graduate,0.24500000000000002,MEDIUM
0,1,6,8,5,6.4,0,1,0.625,6,8,5,5.5,0,1,0.625,2,5.95,Graduate,0.2172,MEDIUM
0,1,8,8,7,5.928571428571429,0,1,0.875,8,8,7,5.928571428571429,0,1,0.875,2,5.9286,Graduate,0.17771359999999997,MEDIUM
0,1,6,8,6,6.142857142857143,0,0,0.75,6,10,5,6.5,0,1,0.5,1,6.3214,Graduate,0.2282864,MEDIUM
0,1,6,11,3,6.166666666666667,0,3,0.2727,6,11,4,6.75,0,2,0.3636,5,6.4583,Dropout,0.34409680000000004,MEDIUM
0,1,6,11,4,5.625,0,2,0.3636,6,12,4,5.7,0,2,0.3333,4,5.6625,Graduate,0.33440800000000004,MEDIUM
1,1,6,0,0,0.0,0,6,0.0,6,0,0,0.0,0,6,0.0,12,0.0,Dropout,0.7999999999999999,HIGH
0,1,3,3,2,8.0,0,1,0.6667,3,3,1,8.0,0,2,0.3333,3,8.0,Dropout,0.28468,MEDIUM
0,1,6,10,6,5.833333333333333,0,0,0.6,6,7,6,5.5,0,0,0.8571,0,5.6667,Graduate,0.1474312,LOW
0,1,7,15,5,6.2,0,2,0.3333,8,14,7,6.075,0,1,0.5,3,6.1375,Enrolled,0.276036,MEDIUM
0,1,7,14,6,5.372222222222222,1,1,0.4286,8,10,8,5.91875,0,0,0.8,1,5.6455,Enrolled,0.19622,MEDIUM
0,1,6,0,0,0.0,0,6,0.0,6,0,0,0.0,0,6,0.0,12,0.0,Dropout,0.7,HIGH
0,1,7,12,4,6.0,0,3,0.3333,7,13,4,6.28125,0,3,0.3077,6,6.1406,Dropout,0.38646559999999996,HIGH
0,0,6,12,4,6.375,0,2,0.3333,6,15,2,5.0,0,4,0.1333,6,5.6875,Enrolled,0.546172,HIGH
0,1,5,9,2,5.0,0,3,0.2222,5,10,2,5.5,0,3,0.2,6,5.25,Enrolled,0.424664,HIGH
0,1,14,26,12,6.708695652173914,1,2,0.4615,14,26,12,6.708695652173914,1,2,0.4615,4,6.7087,Graduate,0.2851512,MEDIUM
0,1,6,6,6,7.583333333333333,0,0,1.0,6,7,6,7.428571428571429,0,0,0.8571,0,7.506,Graduate,0.09986800000000001,LOW
1,1,6,10,5,6.916666666666667,0,1,0.5,6,13,5,6.25,0,1,0.3846,2,6.5833,Graduate,0.3543128,MEDIUM
0,1,5,6,5,6.666666666666667,0,0,0.8333,5,7,4,7.4,0,1,0.5714,1,7.0333,Graduate,0.20120480000000002,MEDIUM
1,1,0,0,0,0.0,0,0,0.0,0,0,0,0.0,0,0,0.0,0,0.0,Enrolled,1.0,HIGH
0,1,6,11,3,5.833333333333333,0,3,0.2727,6,11,3,5.333333333333333,0,3,0.2727,6,5.5833,Dropout,0.4023688,HIGH
0,1,6,12,5,7.5,0,1,0.4167,6,9,6,6.714285714285714,0,0,0.6667,1,7.1071,Graduate,0.1727576,MEDIUM
0,1,8,8,7,6.621428571428572,0,1,0.875,8,8,7,6.621428571428572,0,1,0.875,2,6.6214,Enrolled,0.16108639999999996,LOW
0,1,5,13,1,6.5,0,4,0.0769,5,7,2,6.25,0,3,0.2857,7,6.375,Dropout,0.42799200000000004,HIGH
0,1,7,8,6,6.5375,0,1,0.75,8,10,7,6.025,0,1,0.7,2,6.2812,Graduate,0.2032512,MEDIUM
0,1,6,6,6,6.75,0,0,1.0,6,9,6,6.833333333333333,0,0,0.6667,0,6.7917,Graduate,0.1703232,MEDIUM
0,1,6,8,5,5.9,0,1,0.625,6,8,6,6.166666666666667,0,0,0.75,1,6.0333,Graduate,0.17520080000000002,MEDIUM
0,0,6,7,5,6.3,0,1,0.7143,6,6,5,5.9,0,1,0.8333,2,6.1,Enrolled,0.289792,MEDIUM
0,1,6,6,6,6.083333333333333,0,0,1.0,6,9,3,5.5,0,3,0.3333,3,5.7917,Dropout,0.3776752,HIGH
0,1,6,9,6,6.083333333333333,0,0,0.6667,6,9,6,5.5,0,0,0.6667,0,5.7917,Graduate,0.1543272,LOW
0,1,0,0,0,0.0,0,0,0.0,0,0,0,0.0,0,0,0.0,0,0.0,Dropout,1.0,HIGH
0,1,7,7,7,6.778571428571428,0,0,1.0,8,9,8,6.6,0,0,0.8889,0,6.6893,Graduate,0.11056479999999999,LOW
0,1,5,6,4,6.125,0,1,0.6667,5,8,4,5.9,0,1,0.5,2,6.0125,Enrolled,0.255704,MEDIUM
0,1,6,6,6,7.166666666666667,0,0,1.0,6,6,6,6.75,0,0,1.0,0,6.9583,Graduate,0.07300079999999999,LOW
0,1,6,10,4,5.25,0,2,0.4,6,8,4,5.875,0,2,0.5,4,5.5625,Graduate,0.3145,MEDIUM
0,1,4,8,0,0.0,0,4,0.0,4,8,0,0.0,0,4,0.0,8,0.0,Dropout,0.64,HIGH
0,1,6,10,4,6.375,0,2,0.4,6,14,3,5.666666666666667,0,3,0.2143,5,6.0208,Enrolled,0.39349680000000004,HIGH
0,1,6,14,0,0.0,0,6,0.0,6,9,4,5.5,0,2,0.4444,8,2.75,Enrolled,0.538448,HIGH
0,1,5,10,1,7.0,0,4,0.1,5,10,1,7.0,0,4,0.1,8,7.0,Enrolled,0.456,HIGH
0,1,7,9,7,7.046666666666666,0,0,0.7778,8,8,8,7.5,0,0,1.0,0,7.2733,Graduate,0.08321679999999998,LOW
0,1,6,6,6,6.666666666666667,0,0,1.0,6,8,6,6.583333333333333,0,0,0.75,0,6.625,Graduate,0.15100000000000002,LOW
0,1,8,12,7,6.035714285714286,0,1,0.5833,8,12,7,6.035714285714286,0,1,0.5833,2,6.0357,Graduate,0.2218152,MEDIUM
0,1,6,6,6,6.333333333333333,0,0,1.0,6,6,6,6.25,0,0,1.0,0,6.2917,Graduate,0.0889992,LOW
1,1,6,11,6,6.0625,0,0,0.5455,6,16,5,6.0,0,1,0.3125,1,6.0312,Enrolled,0.36321119999999996,MEDIUM
0,1,7,9,7,6.6,0,0,0.7778,8,9,7,6.62875,0,1,0.7778,1,6.6144,Graduate,0.14680639999999998,LOW
0,1,7,8,7,7.075,0,0,0.875,8,8,8,7.255625,0,0,1.0,0,7.1653,Graduate,0.0780328,LOW
1,1,6,12,4,6.75,0,2,0.3333,6,14,3,5.333333333333333,0,3,0.2143,5,6.0417,Enrolled,0.48499120000000007,HIGH
1,0,6,0,0,0.0,0,6,0.0,5,10,0,0.0,0,5,0.0,11,0.0,Dropout,0.7999999999999999,HIGH
0,1,7,13,5,6.1,0,2,0.3846,7,14,3,5.7,0,4,0.2143,6,5.9,Dropout,0.4245479999999999,HIGH
0,1,5,6,5,7.4,1,0,0.8333,5,6,5,7.0,0,0,0.8333,0,7.2,Graduate,0.09387200000000001,LOW
0,1,6,8,5,5.5,0,1,0.625,6,13,5,5.7,0,1,0.3846,2,5.6,Graduate,0.292912,MEDIUM
0,1,5,10,0,0.0,0,5,0.0,5,10,0,0.0,3,5,0.0,10,0.0,Enrolled,0.7,HIGH
0,1,5,15,3,7.0,3,2,0.2,5,10,4,5.875,1,1,0.4,3,6.4375,Enrolled,0.2875,MEDIUM
0,1,6,8,5,5.916666666666667,0,1,0.625,6,6,6,6.5,0,0,1.0,1,6.2083,Graduate,0.1510008,LOW
0,1,5,7,4,5.875,0,1,0.5714,5,7,5,5.9,1,0,0.7143,1,5.8875,Graduate,0.185844,MEDIUM
0,1,14,22,12,6.166666666666667,0,2,0.5455,12,20,8,6.0,0,4,0.4,6,6.0833,Graduate,0.3874608,HIGH
0,1,10,16,3,5.833333333333333,0,7,0.1875,10,24,6,5.916666666666667,0,4,0.25,11,5.875,Dropout,0.524,HIGH
0,1,6,9,6,6.333333333333333,0,0,0.6667,6,10,4,5.75,0,2,0.4,2,6.0417,Enrolled,0.2830032,MEDIUM
0,1,6,9,4,6.125,0,2,0.4444,6,8,5,5.8,0,1,0.625,3,5.9625,Enrolled,0.261348,MEDIUM
0,1,6,7,6,5.642857142857143,0,0,0.8571,6,9,4,6.75,0,2,0.4444,2,6.1964,Graduate,0.28970640000000003,MEDIUM
1,0,5,12,2,5.75,0,3,0.1667,5,12,0,0.0,0,5,0.0,8,2.875,Dropout,0.691004,HIGH
0,1,6,10,6,5.833333333333333,0,0,0.6,6,10,4,6.125,0,2,0.4,2,5.9792,Graduate,0.2764992,MEDIUM
0,1,8,8,7,6.757142857142857,0,1,0.875,8,8,7,6.757142857142857,0,1,0.875,2,6.7571,Graduate,0.1578296,LOW
0,1,6,7,6,6.5,0,0,0.8571,6,9,6,6.857142857142857,0,0,0.6667,0,6.6786,Graduate,0.15588960000000002,LOW
0,1,6,11,3,7.5,0,3,0.2727,6,11,4,5.125,0,2,0.3636,5,6.3125,Enrolled,0.347596,MEDIUM
0,1,8,8,7,6.372142857142858,0,1,0.875,8,8,7,6.372142857142858,0,1,0.875,2,6.3721,Graduate,0.1670696,LOW
0,1,5,10,4,5.875,0,1,0.4,5,8,5,5.9,0,0,0.625,1,5.8875,Graduate,0.20670000000000002,MEDIUM
1,1,6,6,6,6.083333333333333,0,0,1.0,6,7,6,5.833333333333333,0,0,0.8571,0,5.9583,Graduate,0.2370128,MEDIUM
0,1,0,0,0,0.0,0,0,0.0,0,0,0,0.0,0,0,0.0,0,0.0,Enrolled,1.0,HIGH
0,1,6,9,5,6.7,1,1,0.5556,6,9,6,6.1875,0,0,0.6667,1,6.4437,Graduate,0.17756719999999998,MEDIUM
0,1,6,9,5,5.9,0,1,0.5556,6,10,4,5.75,0,2,0.4,3,5.825,Dropout,0.304872,MEDIUM
0,1,7,7,6,6.766666666666666,0,1,0.8571,7,7,6,6.766666666666666,0,1,0.8571,2,6.7667,Graduate,0.1604632,LOW
0,1,6,7,6,7.083333333333333,0,0,0.8571,6,10,4,7.0,0,2,0.4,2,7.0417,Graduate,0.2818512,MEDIUM
0,1,7,7,7,7.326428571428571,0,0,1.0,8,9,8,7.377777777777778,0,0,0.8889,0,7.3521,Graduate,0.09465759999999998,LOW
0,0,0,0,0,0.0,0,0,0.0,0,0,0,0.0,0,0,0.0,0,0.0,Dropout,1.0,HIGH
0,1,5,5,5,6.8,0,0,1.0,5,7,5,6.5,0,0,0.7143,0,6.65,Graduate,0.16039599999999998,LOW
0,1,6,9,6,6.416666666666667,0,0,0.6667,6,6,4,6.625,0,2,0.6667,2,6.5208,Graduate,0.19682880000000003,MEDIUM
0,1,6,6,6,7.333333333333333,0,0,1.0,6,6,6,7.583333333333333,0,0,1.0,0,7.4583,Graduate,0.0610008,LOW
0,1,6,6,6,6.666666666666667,0,0,1.0,6,6,6,7.333333333333333,0,0,1.0,0,7.0,Graduate,0.07200000000000001,LOW
0,0,6,10,5,6.7,0,1,0.5,6,9,5,5.7,0,1,0.5556,2,6.2,Graduate,0.32675200000000004,MEDIUM
0,1,7,9,7,6.65625,0,0,0.7778,8,8,8,7.81875,0,0,1.0,0,7.2375,Graduate,0.084076,LOW
1,0,0,0,0,0.0,0,0,0.0,0,0,0,0.0,0,0,0.0,0,0.0,Dropout,1.0,HIGH
1,0,4,4,0,0.0,0,4,0.0,5,5,0,0.0,0,5,0.0,9,0.0,Dropout,0.77,HIGH
0,1,6,7,6,6.166666666666667,0,0,0.8571,6,6,6,6.75,0,0,1.0,0,6.4583,Graduate,0.09643280000000001,LOW
0,1,6,6,6,6.75,0,0,1.0,6,6,6,6.666666666666667,0,0,1.0,0,6.7083,Enrolled,0.0790008,LOW
0,1,6,8,5,6.5,0,1,0.625,6,7,6,5.916666666666667,0,0,0.8571,1,6.2083,Graduate,0.1624328,LOW
0,1,5,6,2,6.25,0,3,0.3333,5,5,0,0.0,0,5,0.0,8,3.125,Dropout,0.6049960000000001,HIGH
0,1,6,10,6,8.5,0,0,0.6,6,11,6,8.0,0,0,0.5455,0,8.25,Graduate,0.12126,LOW
0,1,6,7,6,6.75,0,0,0.8571,6,6,6,6.5,0,0,1.0,0,6.625,Graduate,0.09243200000000001,LOW
0,1,6,7,6,6.357142857142857,0,0,0.8571,6,6,6,5.916666666666667,0,0,1.0,0,6.1369,Graduate,0.10414640000000003,LOW
0,1,7,9,6,6.5,0,1,0.6667,8,11,8,6.963636363636363,0,0,0.7273,1,6.7318,Graduate,0.15691680000000002,LOW
0,1,6,7,6,6.285714285714286,0,0,0.8571,6,6,6,6.75,0,0,1.0,0,6.5179,Graduate,0.0950024,LOW
0,1,6,10,4,5.75,0,2,0.4,6,11,6,5.75,0,0,0.5455,2,5.75,Dropout,0.24636,MEDIUM
0,1,6,6,6,6.75,0,0,1.0,6,7,6,6.642857142857143,0,0,0.8571,0,6.6964,Graduate,0.11929840000000001,LOW
0,1,6,8,5,6.8,0,1,0.625,6,7,5,6.5,0,1,0.7143,2,6.65,Enrolled,0.193256,MEDIUM
0,0,5,14,1,6.0,3,4,0.0714,5,5,0,0.0,5,5,0.0,9,3.0,Dropout,0.706568,HIGH
0,1,7,8,7,7.475,0,0,0.875,8,8,8,7.36875,0,0,1.0,0,7.4219,Graduate,0.07187439999999999,LOW
1,1,5,10,4,5.625,0,1,0.4,5,9,4,6.0,0,1,0.4444,2,5.8125,Enrolled,0.35294800000000004,MEDIUM
1,0,6,13,3,5.333333333333333,0,3,0.2308,6,6,4,6.125,0,2,0.6667,5,5.7292,Dropout,0.44069919999999996,HIGH
0,1,8,8,7,7.496428571428571,0,1,0.875,8,8,7,7.496428571428571,0,1,0.875,2,7.4964,Graduate,0.1400864,LOW
0,1,5,12,3,5.25,0,2,0.25,5,10,4,5.625,0,1,0.4,3,5.4375,Enrolled,0.3075,MEDIUM
0,1,6,6,4,5.625,0,2,0.6667,6,7,3,5.5,0,3,0.4286,5,5.5625,Enrolled,0.376496,HIGH
0,1,6,6,6,6.166666666666667,0,0,1.0,6,7,6,7.0,0,0,0.8571,0,6.5833,Graduate,0.12201279999999999,LOW
0,1,7,7,6,6.508333333333333,0,1,0.8571,7,7,6,6.508333333333333,0,1,0.8571,2,6.5083,Enrolled,0.1666648,LOW
1,0,5,7,3,5.666666666666667,0,2,0.4286,5,8,2,5.75,0,3,0.25,5,5.7083,Dropout,0.4944328,HIGH
0,1,6,7,6,8.071428571428571,0,0,0.8571,6,7,6,7.333333333333333,0,0,0.8571,0,7.7024,Graduate,0.0780064,LOW
0,1,6,8,6,7.416666666666667,0,0,0.75,6,10,5,6.916666666666667,0,1,0.5,1,7.1667,Graduate,0.20799920000000005,MEDIUM
1,0,8,8,7,6.663571428571428,0,1,0.875,8,8,7,6.663571428571428,0,1,0.875,2,6.6636,Dropout,0.2600736,MEDIUM
0,0,6,13,4,5.5,0,2,0.3077,6,13,2,5.75,0,4,0.1538,6,5.625,Dropout,0.53886,HIGH
0,1,6,10,6,5.857142857142857,1,0,0.6,6,15,6,5.1875,0,0,0.4,0,5.5223,Enrolled,0.22746480000000002,MEDIUM
0,1,12,13,12,6.166666666666667,0,0,0.9231,11,12,10,6.363636363636364,0,1,0.8333,1,6.2652,Dropout,0.1570832,LOW
1,0,7,9,0,0.0,0,7,0.0,6,6,0,0.0,0,6,0.0,13,0.0,Dropout,0.7999999999999999,HIGH
0,0,15,15,12,5.958333333333333,0,3,0.8,13,14,8,5.625,0,5,0.5714,8,5.7917,Dropout,0.5370072,HIGH
1,1,6,9,6,5.916666666666667,0,0,0.6667,6,7,6,5.5,0,0,0.8571,0,5.7083,Graduate,0.2410968,MEDIUM
1,0,7,11,3,6.166666666666667,0,4,0.2727,7,9,3,5.833333333333333,0,4,0.3333,8,6.0,Dropout,0.54752,HIGH
0,1,10,11,10,7.15,0,0,0.9091,10,10,10,7.1,0,0,1.0,0,7.125,Graduate,0.076272,LOW
0,0,8,11,5,5.916,4,3,0.4545,8,11,5,5.916,4,3,0.4545,6,5.916,Dropout,0.46529600000000004,HIGH
0,1,5,13,2,5.0,1,3,0.1538,5,10,0,0.0,0,5,0.0,8,2.5,Dropout,0.598456,HIGH
0,1,5,5,5,6.0,0,0,1.0,5,6,5,5.8,0,0,0.8333,0,5.9,Graduate,0.14507599999999998,LOW
1,0,7,11,5,6.1,0,2,0.4545,7,13,0,0.0,0,7,0.0,9,3.05,Dropout,0.75134,HIGH
0,1,5,7,3,5.666666666666667,0,2,0.4286,5,5,4,5.625,0,1,0.8,3,5.6458,Dropout,0.25621279999999996,MEDIUM
0,1,16,24,13,6.923076923076924,0,3,0.5417,11,15,9,6.277777777777778,0,2,0.6,5,6.6004,Dropout,0.30025440000000003,MEDIUM
0,1,8,8,7,6.206428571428572,0,1,0.875,8,8,7,6.206428571428572,0,1,0.875,2,6.2064,Graduate,0.1710464,MEDIUM
0,1,5,7,3,6.333333333333333,0,2,0.4286,5,6,4,6.375,1,1,0.6667,3,6.3542,Enrolled,0.24987520000000002,MEDIUM
0,1,8,11,7,6.272857142857143,0,1,0.6364,8,11,7,6.272857142857143,0,1,0.6364,2,6.2729,Graduate,0.20762640000000002,MEDIUM
0,1,6,12,3,6.5,0,3,0.25,6,13,2,7.0,0,4,0.1538,7,6.75,Dropout,0.434936,HIGH
1,0,6,6,0,0.0,0,6,0.0,6,6,0,0.0,0,6,0.0,12,0.0,Dropout,0.7999999999999999,HIGH
0,0,12,12,9,6.11111111111111,2,3,0.75,12,12,9,6.5,0,3,0.75,6,6.3056,Dropout,0.40866559999999996,HIGH
0,1,5,10,5,6.642857142857143,0,0,0.5,5,8,5,6.5,0,0,0.625,0,6.5714,Graduate,0.15228640000000004,LOW
0,1,5,7,3,5.833333333333333,0,2,0.4286,5,8,1,5.5,0,4,0.125,6,5.6667,Dropout,0.46043120000000004,HIGH
0,1,6,9,6,6.777777777777778,0,0,0.6667,6,7,6,6.333333333333333,0,0,0.8571,0,6.5556,Graduate,0.12076159999999998,LOW
0,1,6,6,6,6.583333333333333,0,0,1.0,6,8,6,6.214285714285714,0,0,0.75,0,6.3988,Graduate,0.15642879999999998,LOW
0,1,0,0,0,0.0,0,0,0.0,0,0,0,0.0,0,0,0.0,0,0.0,Enrolled,1.0,HIGH
0,1,6,6,6,5.833333333333333,0,0,1.0,6,7,5,6.1,0,1,0.7143,1,5.9667,Graduate,0.20679519999999996,MEDIUM
0,1,5,11,4,5.5,0,1,0.3636,5,8,4,6.125,0,1,0.5,2,5.8125,Dropout,0.251412,MEDIUM
0,1,6,6,6,6.5,0,0,1.0,6,8,1,5.0,0,5,0.125,5,5.75,Enrolled,0.4970000000000001,HIGH
0,1,6,6,6,6.833333333333333,0,0,1.0,6,6,6,6.0,0,0,1.0,0,6.4167,Graduate,0.08599920000000001,LOW
0,1,5,6,5,7.3,0,0,0.8333,5,5,5,7.6,0,0,1.0,0,7.45,Dropout,0.074536,LOW
0,1,8,8,7,6.257142857142857,0,1,0.875,8,8,7,6.257142857142857,0,1,0.875,2,6.2571,Graduate,0.1698296,LOW
0,1,5,5,3,7.0,0,2,0.6,5,7,3,6.333333333333333,0,2,0.4286,4,6.6667,Enrolled,0.3119912,MEDIUM
0,1,6,8,6,6.583333333333333,0,0,0.75,6,8,5,6.3,0,1,0.625,1,6.4417,Enrolled,0.1903992,MEDIUM
0,1,5,10,4,6.5,0,1,0.4,5,10,3,6.166666666666667,3,2,0.3,3,6.3333,Enrolled,0.30200079999999996,MEDIUM
0,0,5,5,1,6.5,0,4,0.2,5,5,0,0.0,0,5,0.0,9,3.25,Dropout,0.7160000000000001,HIGH
0,1,5,10,1,5.0,0,4,0.1,5,8,3,6.833333333333333,3,2,0.375,6,5.9167,Dropout,0.3999992,HIGH
1,1,6,6,6,7.166666666666667,0,0,1.0,6,6,6,7.666666666666667,0,0,1.0,0,7.4167,Graduate,0.1619992,LOW
0,1,6,6,0,0.0,0,6,0.0,6,12,0,0.0,0,6,0.0,12,0.0,Dropout,0.7,HIGH
0,1,5,7,1,5.5,0,4,0.1429,5,7,0,0.0,0,5,0.0,9,2.75,Dropout,0.621148,HIGH
0,1,6,15,3,5.625,0,3,0.2,6,9,0,0.0,0,6,0.0,9,2.8125,Enrolled,0.6265000000000001,HIGH
0,1,5,7,4,5.375,0,1,0.5714,5,12,3,5.285714285714286,0,2,0.25,3,5.3304,Dropout,0.3606384,MEDIUM
1,0,5,7,1,5.5,0,4,0.1429,5,9,0,0.0,0,5,0.0,9,2.75,Dropout,0.721148,HIGH
0,1,7,13,6,5.428571428571429,0,1,0.4615,7,7,7,5.928571428571429,0,0,1.0,1,5.6786,Enrolled,0.1767936,MEDIUM
0,1,5,10,4,5.875,0,1,0.4,5,10,3,5.5,0,2,0.3,3,5.6875,Enrolled,0.3175,MEDIUM
0,1,5,8,5,6.4,0,0,0.625,5,9,4,6.833333333333333,1,1,0.4444,1,6.6167,Graduate,0.22176720000000005,MEDIUM
0,1,5,15,3,6.166666666666667,2,2,0.2,5,7,5,5.7,0,0,0.7143,2,5.9333,Graduate,0.24445679999999997,MEDIUM
1,0,6,12,2,5.666666666666667,0,4,0.1667,6,8,2,6.5,0,4,0.25,8,6.0833,Dropout,0.5606648,HIGH
0,1,6,10,5,5.8,0,1,0.5,6,6,6,5.583333333333333,0,0,1.0,1,5.6917,Graduate,0.1733992,MEDIUM
0,1,14,15,12,5.461538461538462,0,2,0.8,13,14,11,6.090909090909091,0,2,0.7857,4,5.7762,Graduate,0.2573752,MEDIUM
0,1,0,0,0,0.0,0,0,0.0,0,0,0,0.0,0,0,0.0,0,0.0,Graduate,1.0,HIGH
0,1,7,7,7,6.814285714285715,0,0,1.0,8,8,8,6.95625,0,0,1.0,0,6.8853,Graduate,0.07475280000000001,LOW
0,1,6,16,3,5.166666666666667,0,3,0.1875,6,16,1,5.5,0,5,0.0625,8,5.3333,Dropout,0.5170007999999999,HIGH
0,1,18,25,18,6.868421052631579,0,0,0.72,13,15,12,6.875,1,1,0.8,1,6.8717,Graduate,0.1434792,LOW
0,1,13,19,8,5.8125,0,5,0.4211,10,17,6,5.5,0,4,0.3529,9,5.6562,Enrolled,0.4859712,HIGH
0,1,7,7,4,5.75,0,3,0.5714,9,10,7,6.071428571428571,0,2,0.7,5,5.9107,Graduate,0.3064312,MEDIUM
0,1,6,8,5,7.0,0,1,0.625,6,8,6,6.5,0,0,0.75,1,6.75,Graduate,0.15799999999999997,LOW
0,1,5,7,3,5.666666666666667,0,2,0.4286,5,6,0,0.0,0,5,0.0,7,2.8333,Dropout,0.5934328000000001,HIGH
0,1,5,13,1,5.0,0,4,0.0769,5,5,1,5.0,0,4,0.2,8,5.0,Dropout,0.497848,HIGH
0,1,6,14,5,5.857142857142857,0,1,0.3571,6,15,5,6.0,0,1,0.3333,2,5.9286,Graduate,0.26724159999999997,MEDIUM
0,0,0,0,0,0.0,0,0,0.0,0,0,0,0.0,0,0,0.0,0,0.0,Dropout,1.0,HIGH
0,1,15,15,13,5.384615384615385,0,2,0.8667,14,15,12,5.916666666666667,0,2,0.8,4,5.6506,Dropout,0.2643896,MEDIUM
0,1,6,10,5,5.8,0,1,0.5,6,6,6,6.0,0,0,1.0,1,5.9,Dropout,0.1684,LOW
0,1,5,6,4,6.875,0,1,0.6667,5,5,0,0.0,0,5,0.0,6,3.4375,Dropout,0.577504,HIGH
0,1,5,14,4,5.5,0,1,0.2857,5,9,5,5.25,0,0,0.5556,1,5.375,Dropout,0.23369600000000001,MEDIUM
0,0,5,6,0,0.0,0,5,0.0,5,5,0,0.0,0,5,0.0,10,0.0,Dropout,0.7999999999999999,HIGH
0,1,0,0,0,0.0,0,0,0.0,0,0,0,0.0,0,0,0.0,0,0.0,Dropout,1.0,HIGH
0,1,0,0,0,0.0,0,0,0.0,0,0,0,0.0,0,0,0.0,0,0.0,Dropout,1.0,HIGH
0,1,6,7,6,6.166666666666667,0,0,0.8571,6,10,5,6.6,0,1,0.5,1,6.3833,Graduate,0.2396528,MEDIUM
0,1,6,9,6,6.714285714285714,0,0,0.6667,6,12,6,6.8125,0,0,0.5,0,6.7634,Graduate,0.17768240000000002,MEDIUM
0,1,5,10,0,0.0,0,5,0.0,5,10,1,5.0,3,4,0.1,9,2.5,Enrolled,0.6020000000000001,HIGH
0,0,5,12,4,7.375,0,1,0.3333,5,9,2,7.5,0,3,0.2222,4,7.4375,Dropout,0.41928,HIGH
0,1,21,21,21,6.238095238095238,0,0,1.0,19,19,19,6.105263157894737,0,0,1.0,0,6.1717,Graduate,0.0918792,LOW
0,1,5,8,0,0.0,0,5,0.0,5,5,0,0.0,0,5,0.0,10,0.0,Dropout,0.7,HIGH
0,1,6,15,3,5.833333333333333,0,3,0.2,6,14,2,6.25,0,4,0.1429,7,6.0417,Dropout,0.44898720000000003,HIGH
1,1,6,6,6,6.0,0,0,1.0,6,7,6,6.785714285714286,0,0,0.8571,0,6.3929,Graduate,0.22658240000000002,MEDIUM
0,1,6,7,6,6.0,0,0,0.8571,6,6,6,7.0,0,0,1.0,0,6.5,Graduate,0.09543200000000002,LOW
0,0,12,12,12,7.625,0,0,1.0,11,12,11,7.5,0,0,0.9167,0,7.5625,Graduate,0.181824,MEDIUM
0,1,6,9,5,6.2,0,1,0.5556,6,6,6,6.583333333333333,0,0,1.0,1,6.3917,Graduate,0.1521512,LOW
1,1,5,9,3,6.166666666666667,0,2,0.3333,5,8,4,5.625,0,1,0.5,3,5.8958,Enrolled,0.3818368,HIGH
0,1,5,8,4,5.75,0,1,0.5,5,7,4,6.0,0,1,0.5714,2,5.875,Enrolled,0.233288,MEDIUM
1,0,6,8,5,6.1,0,1,0.625,6,6,4,5.875,0,2,0.6667,3,5.9875,Dropout,0.342964,MEDIUM
1,1,5,14,2,5.25,0,3,0.1429,5,6,0,0.0,0,5,0.0,8,2.625,Dropout,0.6941480000000001,HIGH
0,1,8,8,7,7.2,0,1,0.875,8,8,7,7.2,0,1,0.875,2,7.2,Graduate,0.1472,LOW
0,1,14,18,13,6.423076923076924,0,1,0.7222,11,19,10,6.4,0,1,0.5263,2,6.4115,Graduate,0.245424,MEDIUM
1,0,6,13,4,6.0,0,2,0.3077,6,7,5,6.6,0,1,0.7143,3,6.3,Dropout,0.35704,MEDIUM
0,1,5,0,0,0.0,0,5,0.0,5,0,0,0.0,0,5,0.0,10,0.0,Dropout,0.7,HIGH
0,1,7,8,6,6.833333333333333,0,1,0.75,6,8,5,6.75,0,1,0.625,2,6.7917,Dropout,0.21199920000000003,MEDIUM
0,1,6,10,5,5.928571428571429,0,1,0.5,6,8,6,5.833333333333333,0,0,0.75,1,5.881,Graduate,0.188856,MEDIUM
0,1,6,0,0,0.0,0,6,0.0,6,0,0,0.0,0,6,0.0,12,0.0,Dropout,0.7,HIGH
0,1,0,0,0,0.0,0,0,0.0,0,0,0,0.0,0,0,0.0,0,0.0,Dropout,1.0,HIGH
0,1,6,8,5,6.6,0,1,0.625,6,6,6,5.666666666666667,0,0,1.0,1,6.1333,Graduate,0.15280080000000001,LOW
0,1,6,8,6,6.357142857142857,0,0,0.75,6,12,5,5.5,0,1,0.4167,1,5.9286,Dropout,0.2610376,MEDIUM
0,1,6,6,6,6.25,0,0,1.0,6,6,6,6.333333333333333,0,0,1.0,0,6.2917,Graduate,0.0889992,LOW
0,1,5,9,3,5.333333333333333,0,2,0.3333,5,13,2,6.25,0,3,0.1538,5,5.7917,Enrolled,0.4079312,HIGH
0,1,6,12,1,8.5,0,5,0.0833,6,12,1,8.5,0,5,0.0833,10,8.5,Enrolled,0.482672,HIGH
0,1,5,6,5,6.5,1,0,0.8333,5,9,4,6.625,0,1,0.4444,1,6.5625,Graduate,0.248064,MEDIUM
0,1,5,7,3,6.333333333333333,0,2,0.4286,5,5,4,6.25,0,1,0.8,3,6.2917,Enrolled,0.2407112,MEDIUM
0,1,14,14,12,6.645833333333333,1,2,0.8571,14,14,12,6.645833333333333,1,2,0.8571,4,6.6458,Graduate,0.22336479999999997,MEDIUM
0,1,5,12,3,5.833333333333333,2,2,0.25,5,11,4,5.75,1,1,0.3636,3,5.7917,Graduate,0.30191120000000005,MEDIUM
0,1,8,8,7,7.12,0,1,0.875,8,8,7,7.12,0,1,0.875,2,7.12,Graduate,0.14912,LOW
0,1,5,10,3,6.5,0,2,0.3,5,11,3,5.666666666666667,0,2,0.2727,4,6.0833,Dropout,0.3336448,MEDIUM
0,1,7,9,5,7.03,0,2,0.5556,7,9,6,6.285714285714286,0,1,0.6667,3,6.6579,Enrolled,0.2324264,MEDIUM
1,0,6,10,5,5.916666666666667,0,1,0.5,6,10,5,6.6,0,1,0.5,2,6.2583,Dropout,0.3298008,MEDIUM
0,1,6,6,6,6.416666666666667,0,0,1.0,6,6,6,6.666666666666667,0,0,1.0,0,6.5417,Graduate,0.08299920000000002,LOW
0,1,6,16,1,5.0,0,5,0.0625,6,12,0,0.0,0,6,0.0,11,2.5,Dropout,0.6475,HIGH
0,1,5,9,2,5.5,0,3,0.2222,5,12,2,5.0,0,3,0.1667,6,5.25,Dropout,0.433988,HIGH
0,1,7,7,7,7.052857142857144,0,0,1.0,8,8,8,6.83125,0,0,1.0,0,6.9421,Graduate,0.0733896,LOW
0,1,8,12,7,6.235714285714286,0,1,0.5833,8,12,7,6.235714285714286,0,1,0.5833,2,6.2357,Graduate,0.21701520000000002,MEDIUM
0,1,6,11,6,5.916666666666667,0,0,0.5455,6,17,5,5.928571428571429,0,1,0.2941,1,5.9226,Graduate,0.27096960000000003,MEDIUM
0,1,6,6,6,6.25,0,0,1.0,6,6,6,6.416666666666667,0,0,1.0,0,6.3333,Graduate,0.08800079999999999,LOW
0,1,6,7,6,5.833333333333333,0,0,0.8571,6,7,6,6.166666666666667,0,0,0.8571,0,6.0,Dropout,0.118864,LOW
0,1,0,0,0,0.0,0,0,0.0,0,0,0,0.0,0,0,0.0,0,0.0,Graduate,1.0,HIGH
0,1,5,11,3,5.166666666666667,0,2,0.2727,5,10,4,6.4,0,1,0.4,3,5.7833,Enrolled,0.2973848,MEDIUM
0,1,5,8,5,8.083333333333334,2,0,0.625,5,9,5,7.142857142857143,1,0,0.5556,0,7.6131,Graduate,0.1367176,LOW
0,1,6,11,3,6.333333333333333,0,3,0.2727,6,7,0,0.0,0,6,0.0,9,3.1667,Dropout,0.6267232,HIGH
1,0,6,14,2,5.25,0,4,0.1429,6,6,3,6.166666666666667,0,3,0.5,7,5.7083,Dropout,0.5215687999999999,HIGH
1,1,6,13,2,5.75,0,4,0.1538,6,13,1,5.5,0,5,0.0769,9,5.625,Dropout,0.6319239999999999,HIGH
0,1,6,6,6,6.5,0,0,1.0,6,8,5,6.7,0,1,0.625,1,6.6,Graduate,0.21660000000000001,MEDIUM
0,1,7,7,6,5.983333333333334,0,1,0.8571,7,7,6,5.983333333333334,0,1,0.8571,2,5.9833,Graduate,0.1792648,MEDIUM
0,1,8,8,8,6.67375,0,0,1.0,8,8,8,6.67375,0,0,1.0,0,6.6738,Graduate,0.0798288,LOW
0,1,5,7,5,6.0,0,0,0.7143,5,7,4,6.25,0,1,0.5714,1,6.125,Graduate,0.20872399999999997,MEDIUM
0,1,6,10,2,5.25,0,4,0.2,6,13,0,0.0,0,6,0.0,10,2.625,Dropout,0.661,HIGH
0,1,6,9,4,5.75,0,2,0.4444,6,10,4,5.375,0,2,0.4,4,5.5625,Enrolled,0.327828,MEDIUM
0,1,0,0,0,0.0,0,0,0.0,0,0,0,0.0,0,0,0.0,0,0.0,Graduate,1.0,HIGH
0,1,6,9,6,6.785714285714286,0,0,0.6667,6,11,4,7.0,0,2,0.3636,2,6.8929,Graduate,0.2727664,MEDIUM
0,1,6,10,6,7.35,0,0,0.6,6,10,6,6.0,0,0,0.6,0,6.675,Graduate,0.1438,LOW
0,0,5,5,0,0.0,0,5,0.0,5,5,0,0.0,0,5,0.0,10,0.0,Dropout,0.7999999999999999,HIGH
0,1,7,8,6,5.916666666666667,0,1,0.75,7,8,6,5.916666666666667,0,1,0.75,2,5.9167,Enrolled,0.19799920000000001,MEDIUM
0,1,0,0,0,0.0,0,0,0.0,0,0,0,0.0,0,0,0.0,0,0.0,Graduate,1.0,HIGH
0,1,7,7,7,6.587857142857144,0,0,1.0,8,8,8,7.4625,0,0,1.0,0,7.0252,Graduate,0.07139519999999999,LOW
0,1,6,7,0,0.0,0,6,0.0,6,10,0,0.0,0,6,0.0,12,0.0,Dropout,0.7,HIGH
0,1,6,12,2,6.5,0,4,0.1667,6,9,6,5.416666666666667,0,0,0.6667,4,5.9583,Enrolled,0.31032879999999996,MEDIUM
0,1,8,11,7,6.871428571428572,0,1,0.6364,8,11,7,6.871428571428572,0,1,0.6364,2,6.8714,Graduate,0.19326239999999997,MEDIUM
0,1,5,5,0,0.0,0,5,0.0,5,5,0,0.0,0,5,0.0,10,0.0,Dropout,0.7,HIGH
0,1,7,8,7,6.108571428571428,0,0,0.875,8,11,7,6.059375,0,1,0.6364,1,6.084,Graduate,0.21079200000000003,MEDIUM
0,1,15,15,14,5.535714285714286,0,1,0.9333,14,16,12,5.666666666666667,1,2,0.75,3,5.6012,Dropout,0.2575672,MEDIUM
0,1,7,10,7,6.714285714285714,0,0,0.7,8,8,8,6.625,0,0,1.0,0,6.6696,Graduate,0.10392960000000001,LOW
0,1,5,7,5,5.7,0,0,0.7143,5,6,5,6.833333333333333,0,0,0.8333,0,6.2667,Dropout,0.12579119999999996,LOW
0,1,8,14,4,5.6625,1,4,0.2857,8,14,4,5.6625,1,4,0.2857,8,5.6625,Dropout,0.458388,HIGH
0,1,6,13,0,0.0,0,6,0.0,5,11,0,0.0,0,5,0.0,11,0.0,Enrolled,0.7,HIGH
0,1,8,8,7,7.5,0,1,0.875,8,8,7,7.5,0,1,0.875,2,7.5,Graduate,0.14,LOW
0,1,6,7,6,6.583333333333333,0,0,0.8571,6,8,6,7.8125,0,0,0.75,0,7.1979,Graduate,0.12010240000000001,LOW
0,0,6,12,2,5.5,0,4,0.1667,6,14,4,5.25,0,2,0.2857,6,5.375,Dropout,0.514808,HIGH
0,1,6,0,0,0.0,0,6,0.0,6,0,0,0.0,0,6,0.0,12,0.0,Dropout,0.7,HIGH
0,1,5,7,3,6.166666666666667,0,2,0.4286,5,5,2,6.25,0,3,0.4,5,6.2083,Dropout,0.34043280000000004,MEDIUM
0,0,5,6,4,6.125,0,1,0.6667,5,6,5,5.083333333333333,0,0,0.8333,1,5.6042,Dropout,0.27549920000000006,MEDIUM
1,0,13,13,13,5.961538461538462,0,0,1.0,12,12,12,6.25,0,0,1.0,0,6.1058,Dropout,0.1934608,MEDIUM
0,1,6,6,6,7.166666666666667,0,0,1.0,6,7,6,7.071428571428571,0,0,0.8571,0,7.119,Graduate,0.10915600000000002,LOW
0,1,5,6,5,6.0,0,0,0.8333,5,5,5,6.5,0,0,1.0,0,6.25,Graduate,0.10333600000000001,LOW
0,1,7,9,7,6.880555555555556,0,0,0.7778,8,11,7,6.031875,0,1,0.6364,1,6.4562,Enrolled,0.1901952,MEDIUM
0,1,5,6,4,5.625,0,1,0.6667,5,8,5,5.5,0,0,0.625,1,5.5625,Enrolled,0.201504,MEDIUM
0,1,5,10,3,6.166666666666667,0,2,0.3,5,10,3,5.333333333333333,0,2,0.3,4,5.75,Graduate,0.33399999999999996,MEDIUM
0,1,8,8,8,7.444375,0,0,1.0,8,8,8,7.444375,0,0,1.0,0,7.4444,Graduate,0.061334400000000004,LOW
1,1,6,8,6,6.083333333333333,0,0,0.75,6,8,5,6.2,0,1,0.625,1,6.1417,Dropout,0.2975992,MEDIUM
0,1,6,7,6,6.333333333333333,0,0,0.8571,6,6,6,6.666666666666667,0,0,1.0,0,6.5,Graduate,0.09543200000000002,LOW
0,1,6,9,5,6.3,0,1,0.5556,6,9,3,5.833333333333333,0,3,0.3333,4,6.0667,Enrolled,0.3477472,MEDIUM
0,1,5,8,4,6.5,0,1,0.5,5,10,4,6.125,2,1,0.4,2,6.3125,Graduate,0.2565,MEDIUM
0,1,6,9,6,6.9375,0,0,0.6667,6,6,6,7.166666666666667,0,0,1.0,0,7.0521,Graduate,0.09741359999999999,LOW
1,1,5,10,4,5.375,0,1,0.4,5,12,3,6.666666666666667,0,2,0.25,3,6.0208,Dropout,0.4235008,HIGH
0,1,5,10,3,7.333333333333333,1,2,0.3,5,5,0,0.0,0,5,0.0,7,3.6667,Dropout,0.5579992,HIGH
0,1,6,7,5,6.3,0,1,0.7143,6,6,6,6.5,0,0,1.0,1,6.4,Enrolled,0.139256,LOW
0,1,7,11,6,6.20625,0,1,0.5455,8,12,7,5.63125,0,1,0.5833,2,5.9187,Graduate,0.2276472,MEDIUM
1,0,6,12,1,5.5,0,5,0.0833,6,9,2,5.25,0,4,0.2222,9,5.375,Dropout,0.61656,HIGH
0,1,8,8,7,7.157142857142858,0,1,0.875,8,8,7,7.157142857142858,0,1,0.875,2,7.1571,Graduate,0.14822960000000002,LOW
0,1,6,6,4,6.0,0,2,0.6667,6,8,2,5.666666666666667,0,4,0.25,6,5.8333,Enrolled,0.4500048,HIGH
0,1,6,6,6,6.416666666666667,0,0,1.0,6,7,6,6.642857142857143,0,0,0.8571,0,6.5298,Graduate,0.12329680000000001,LOW
0,1,6,8,5,5.7,0,1,0.625,6,10,6,5.833333333333333,0,0,0.6,1,5.7667,Dropout,0.1985992,MEDIUM
0,1,5,5,5,7.3,0,0,1.0,5,6,5,7.166666666666667,0,0,0.8333,0,7.2333,Graduate,0.11307679999999999,LOW
0,1,6,7,6,6.75,0,0,0.8571,6,9,5,6.25,0,1,0.5556,1,6.5,Graduate,0.22128399999999998,MEDIUM
0,1,6,8,6,6.25,0,0,0.75,6,11,3,6.666666666666667,0,3,0.2727,3,6.4583,Dropout,0.3486448,MEDIUM
0,1,6,6,4,6.5,0,2,0.6667,6,7,5,6.1,0,1,0.7143,3,6.3,Enrolled,0.22832,MEDIUM
0,1,10,13,5,5.8,0,5,0.3846,8,10,2,6.5,0,6,0.2,11,6.15,Enrolled,0.5425519999999999,HIGH
0,1,5,6,5,5.9,1,0,0.8333,5,8,5,5.8,0,0,0.625,0,5.85,Graduate,0.184596,MEDIUM
1,0,7,14,3,6.166666666666667,0,4,0.2143,7,12,3,5.541666666666667,0,4,0.25,8,5.8542,Dropout,0.5623552,HIGH
0,1,14,15,12,6.3125,1,2,0.8,14,15,12,6.3125,1,2,0.8,4,6.3125,Graduate,0.2405,MEDIUM
0,1,6,6,6,6.916666666666667,0,0,1.0,6,6,6,6.75,0,0,1.0,0,6.8333,Graduate,0.07600080000000001,LOW
0,1,7,7,6,6.25,0,1,0.8571,9,10,7,6.571428571428571,1,2,0.7,3,6.4107,Graduate,0.2429952,MEDIUM
0,1,6,7,5,6.8,0,1,0.7143,6,8,5,6.333333333333333,0,1,0.625,2,6.5667,Graduate,0.2131152,MEDIUM
1,0,6,6,6,6.0,0,0,1.0,6,6,2,5.5,0,4,0.3333,4,5.75,Dropout,0.508676,HIGH
0,1,7,8,7,7.45625,0,0,0.875,8,9,1,6.75,0,7,0.1111,7,7.1031,Dropout,0.5134176,HIGH
0,1,5,5,5,6.9,0,0,1.0,5,6,5,6.0,0,0,0.8333,0,6.45,Graduate,0.131876,LOW
0,1,6,8,6,5.833333333333333,0,0,0.75,6,6,6,6.5,0,0,1.0,0,6.1667,Graduate,0.11199920000000002,LOW
